controller_time_s,tcp_x,tcp_y,tcp_z,tcp_rx,tcp_ry,tcp_rz,gripper_state,gripper_event_counter,actual_q_0,actual_q_1,actual_q_2,actual_q_3,actual_q_4,actual_q_5,actual_qd_0,actual_qd_1,actual_qd_2,actual_qd_3,actual_qd_4,actual_qd_5,host_receive_time_s
2505.738,-0.4479460571391107,-0.4779571201019834,0.33976484494619646,1.1351266060116032,2.893852034564496,-0.02668969689364731,0,0,0.6091198921203613,-1.1708105963519593,1.4655211607562464,-1.8608876667418421,-1.5287569204913538,-0.21469289461244756,0.0,0.0,-0.0,0.0,-0.0,0.0,1788854024.364598
2505.8379999999997,-0.4479750165018068,-0.47797649853855,0.3396036783610445,1.135072122586533,2.8936542067113895,-0.026246414654352238,0,0,0.6091163158416748,-1.1705661875060578,1.4655049482928675,-1.8607641659178675,-1.5287416617022913,-0.21468955675234014,0.00013158834190107882,0.000720223062671721,-2.4464326997986063e-05,0.0004387155349832028,-0.0,0.0,1788854024.4519281
2505.938,-0.4479627382795564,-0.4779785549212062,0.3396039775235101,1.1349752033250924,2.893665724071426,-0.026219272883937755,0,0,0.6091282367706299,-1.1705782574466248,1.4655140081988733,-1.860732217828268,-1.5287306944476526,-0.21473914781679326,5.3445535741047934e-05,4.742330565932207e-05,-2.0740297259180807e-05,0.00010958385973935947,-0.0,0.0,1788854024.5521178
2506.038,-0.44795844540558416,-0.47798736910043405,0.339599099354686,1.1349798554560397,2.893664860129151,-0.026211611620754076,0,0,0.609143853187561,-1.1705661875060578,1.465508762990133,-1.8607360325255335,-1.52873403230776,-0.21472055116762334,0.0,1.1164871029350418e-35,-0.0,8.127091132337227e-05,-0.0,0.0,1788854024.6519458
2506.138,-0.4479676040253162,-0.4779815524896366,0.33961612108778727,1.1350079177945966,2.8936724869982786,-0.02625302238901332,0,0,0.6091282367706299,-1.1705782574466248,1.4654892126666468,-1.8607360325255335,-1.52873403230776,-0.21472055116762334,0.0,0.0,-0.0,1.9697831559819698e-22,-0.0,0.0,1788854024.751893
2506.238,-0.4479646791553682,-0.4779865537012728,0.33961846020324793,1.1350135912209756,2.893665484008834,-0.026276320642497616,0,0,0.6091353893280029,-1.1705782574466248,1.4654858748065394,-1.8607431850829066,-1.528722111378805,-0.21470815340151006,0.0,0.0,-0.0,7.61299304485874e-07,-0.0,0.0,1788854024.8519714
2506.3379999999997,-0.44797284721880926,-0.4779777515923335,0.33960310400136917,1.1350382210898753,2.893626844968686,-0.026221670321938582,0,0,0.6091163158416748,-1.1705627006343384,1.4654925505267542,-1.860720773736471,-1.5287187735186976,-0.21470433870424444,0.0,0.0,-0.0,0.0,-0.0,0.0,1788854024.9519167
2506.438,-0.4479646958197077,-0.4779818430581351,0.3396258462864844,1.1350182541402958,2.8936758298074046,-0.02625848516836964,0,0,0.6091318130493164,-1.1705899995616456,1.4654820601092737,-1.8607241115965785,-1.5287378470050257,-0.21471149126161748,0.0,0.0,-0.0,0.0,-0.0,0.0,1788854025.051729
2506.538,-0.4479487542774017,-0.4779931394969719,0.33957646754298676,1.1349894817546868,2.89364885297484,-0.02612838794079987,0,0,0.6091629266738892,-1.1705473226359864,1.4655283133136194,-1.8607241115965785,-1.5287535826312464,-0.21469289461244756,2.2699450652474695e-10,0.0,-0.0,0.0,-0.0,0.0,1788854025.151776
2506.638,-0.44797555032779446,-0.47797116132374523,0.33960644801296996,1.1350309991566572,2.893677859639024,-0.02619530619716748,0,0,0.6091127395629883,-1.1705713135055085,1.4654982725726526,-1.860727926293844,-1.5287655035602015,-0.21472388902773076,0.0,0.0,-0.0,0.0,-0.0,0.0,1788854025.251678
2506.738,-0.4479737882265399,-0.4779713770381013,0.3396071025774433,1.1350501391812535,2.893659516802505,-0.0262052241601802,0,0,0.6091127395629883,-1.170574740772583,1.46550161043276,-1.860727926293844,-1.5287535826312464,-0.21470815340151006,0.0,0.0,-0.0,0.0,-0.0,0.0,1788854025.3518057
2506.8379999999997,-0.44795976771781854,-0.47799574588330046,0.33962079972886056,1.1349477641836714,2.893697539267602,-0.026299739227794754,0,0,0.6091510057449341,-1.170574740772583,1.4654787222491663,-1.8607551060118617,-1.5287187735186976,-0.21473914781679326,0.0,0.0,-0.0,0.0,-0.0,0.0,1788854025.4517834
2506.938,-0.44797157573318236,-0.47796797370732513,0.3395991947449307,1.13502872083248,2.8936703620331556,-0.026167227258555643,0,0,0.6091127395629883,-1.170574740772583,1.4655173460589808,-1.8607241115965785,-1.5287688414203089,-0.21472388902773076,0.0,0.0,-0.0,0.0,-0.0,0.0,1788854025.5516982
2507.038,-0.4479645910540589,-0.4779868987795511,0.33960502090694644,1.134973132624396,2.893656349979679,-0.026230522181107316,0,0,0.6091353893280029,-1.1705627006343384,1.4654892126666468,-1.8607241115965785,-1.5287187735186976,-0.2147310415851038,0.0,0.0,-0.0,0.0,-0.0,0.0,1788854025.6516356
2507.138,-0.4479769806799132,-0.47797318895558505,0.33960373398927757,1.135068803168177,2.8936252166178953,-0.026201079204581236,0,0,0.6091091632843018,-1.1705627006343384,1.4654892126666468,-1.8607117138304652,-1.52873403230776,-0.21469289461244756,0.0,0.0,-0.0,0.0,-0.0,0.0,1788854025.752005
2507.238,-0.44795690768447133,-0.4779871620136597,0.33961025727994,1.1349632010562136,2.8936811543468197,-0.02618839576624837,0,0,0.6091474294662476,-1.170574740772583,1.4654892126666468,-1.8607002697386683,-1.5287497679339808,-0.2147310415851038,0.0,0.0,-0.0,0.0,-0.0,0.0,1788854025.8516746
2507.3379999999997,-0.44796125187933805,-0.47797942412440936,0.33962354097244,1.135034998430292,2.8936527714464404,-0.026221862885530186,0,0,0.6091318130493164,-1.1705935162356873,1.4654858748065394,-1.8606964550414027,-1.5287378470050257,-0.21469670930971319,0.0,0.0,-0.0,0.0,-0.0,0.0,1788854025.9517534
2507.438,-0.44796759739946496,-0.47797408737223385,0.3395929051930286,1.135049707552574,2.893619112893627,-0.026149145579654007,0,0,0.6091198921203613,-1.1705627006343384,1.465508762990133,-1.8606964550414027,-1.5287416617022913,-0.21469289461244756,0.0,0.0,-0.0,0.0,-0.0,0.0,1788854026.0517898
2507.538,-0.44795692537954657,-0.47798952391388716,0.3395981316928131,1.1349650177266353,2.893685702465539,-0.026189103096585675,0,0,0.6091510057449341,-1.1705627006343384,1.4655049482928675,-1.8607312641539515,-1.5287535826312464,-0.21472722688783819,0.0,-2.290935481141787e-05,-0.0,0.0,-0.0,0.0,1788854026.15176
2507.638,-0.4479676326723864,-0.477995658633588,0.3396002564656528,1.1349716739778288,2.893658822563251,-0.026234527990016077,0,0,0.609143853187561,-1.17054037869487,1.4654706160174769,-1.8607312641539515,-1.5287187735186976,-0.21472388902773076,0.0,0.0,-0.0,0.0,-0.0,0.0,1788854026.2516806
2507.738,-0.4479526820274445,-0.4779856539476363,0.3396047301675328,1.1350065388635446,2.8936439793411157,-0.02617751102537627,0,0,0.6091474294662476,-1.1705782276443024,1.4655049482928675,-1.860696931878561,-1.5287378470050257,-0.21469670930971319,0.0,0.0,-0.0,0.0,-0.0,0.0,1788854026.351655
2507.8379999999997,-0.44796140311641036,-0.4779841095014751,0.3395756601165473,1.1349753097998525,2.8936413479777308,-0.026120154292308052,0,0,0.6091389656066895,-1.1705404084971924,1.4655173460589808,-1.8607078991331996,-1.5287464300738733,-0.21472388902773076,0.0,0.0,-0.0,0.0,-0.0,0.0,1788854026.4516246
2507.938,-0.4479754706916759,-0.4779721831849283,0.33958526699416325,1.135021556092727,2.893619101984782,-0.02614660072329521,0,0,0.6091092228889465,-1.1705473226359864,1.4655049482928675,-1.8607002697386683,-1.52873403230776,-0.21472055116762334,0.0,0.0,-0.0,7.352159509873378e-31,-0.0,0.0,1788854026.5516098
2508.038,-0.44796724653422043,-0.47797196953510485,0.33958958905174724,1.1350337546539713,2.893610533799952,-0.02613813694605991,0,0,0.6091163158416748,-1.1705627006343384,1.4655140081988733,-1.860687871972555,-1.52873403230776,-0.21470433870424444,0.0,0.0,-0.0,0.0,-0.0,0.0,1788854026.6516795
2508.138,-0.44795614585217247,-0.4779866387917587,0.3395943916044696,1.134942458331362,2.8936776112116647,-0.02616257429342119,0,0,0.6091474294662476,-1.1705627006343384,1.465508762990133,-1.8607117138304652,-1.5287497679339808,-0.2147429625140589,0.0,0.0,-0.0,0.0,-0.0,0.0,1788854026.751599
2508.238,-0.44796191132170127,-0.4779794420586939,0.339590676067635,1.134984455768113,2.893650759293828,-0.0261627115423861,0,0,0.6091318130493164,-1.1705627006343384,1.4655173460589808,-1.8607150516905726,-1.5287416617022913,-0.21472722688783819,0.0,0.0,-0.0,0.0,-0.0,0.0,1788854026.85163
2508.3379999999997,-0.4479592354079274,-0.47798169330492646,0.33960624362739966,1.134980211314199,2.8936569007104134,-0.026203938462687197,0,0,0.6091353893280029,-1.1705782574466248,1.4655049482928675,-1.8607117138304652,-1.5287306944476526,-0.21472722688783819,0.0,0.0,-0.0,0.0,-7.767341457520782e-12,0.0,1788854026.9516785
2508.438,-0.4479666878698807,-0.4779832527949505,0.3395883068635859,1.1349881430964108,2.8936460794449133,-0.02616632960420477,0,0,0.6091318130493164,-1.1705473226359864,1.46550161043276,-1.8607150516905726,-1.5287378470050257,-0.21472388902773076,0.0,0.0,-0.0,0.0,-0.0,0.0,1788854027.0516288
2508.538,-0.447954622371362,-0.4779874866108051,0.33960203004102507,1.134969360623197,2.8936641462327732,-0.026135530251967132,0,0,0.6091510057449341,-1.1705661577037354,1.4654892126666468,-1.8606730900206507,-1.5287569204913538,-0.21472055116762334,0.0,0.0,-0.0,0.0,-0.0,0.0,1788854027.1516142
2508.638,-0.44795794135644396,-0.4779851945710723,0.3395951529284136,1.1349719255808695,2.893640000432716,-0.02617277904934272,0,0,0.6091402769088745,-1.1705627006343384,1.4655049482928675,-1.8607002697386683,-1.5287259260760706,-0.21472388902773076,0.0,0.0,-0.0,0.0,-0.0,0.0,1788854027.2515502
2508.738,-0.44795011414732533,-0.4779959860745144,0.3396155891779326,1.134918705447047,2.893700499442351,-0.026226610818417432,0,0,0.6091629266738892,-1.1705782276443024,1.4654858748065394,-1.8607150516905726,-1.5287378470050257,-0.2147463003741663,0.0,0.0,-0.0,0.0,-0.0,0.0,1788854027.351645
2508.8379999999997,-0.4479630811523343,-0.47797646611563865,0.3396053501427349,1.1349998253568128,2.893661670267738,-0.026177162989535263,0,0,0.6091282367706299,-1.1705782276443024,1.4655049482928675,-1.8607036075987757,-1.5287497679339808,-0.21472388902773076,0.0,0.0,-0.0,0.0,-0.0,0.0,1788854027.4515924
2508.938,-0.44796349510719397,-0.47797867077622175,0.33960224837505626,1.134976684669036,2.893652652121295,-0.02618200408093706,0,0,0.6091282367706299,-1.1705713433078309,1.46550161043276,-1.8607002697386683,-1.52873403230776,-0.21473580995668584,0.0,0.0,-0.0,0.0,-1.190716255410003e-18,0.0,1788854027.5516405
2509.038,-0.4479804311615836,-0.477966607301255,0.33958774355739285,1.1350753945410297,2.8936194392559766,-0.02613828501093795,0,0,0.6091006994247437,-1.1705507797053833,1.4655049482928675,-1.8607036075987757,-1.5287535826312464,-0.21469670930971319,0.0,0.0,-0.0,0.0,-0.0,0.0,1788854027.6515052
2509.138,-0.4479545357877025,-0.4779883059505111,0.339599180128162,1.1349604698754125,2.893671823827724,-0.02616528388455014,0,0,0.6091510057449341,-1.170566127901413,1.46550161043276,-1.8607036075987757,-1.5287497679339808,-0.21472722688783819,0.0,0.0,-0.0,0.0,-0.0,0.0,1788854027.7515156
2509.238,-0.4479625929772069,-0.4779840959389434,0.33960318225271174,1.1349796746650989,2.893675088220869,-0.02615523273073312,0,0,0.6091402769088745,-1.1705627006343384,1.4654858748065394,-1.8606912098326625,-1.5287616888629358,-0.21472722688783819,0.0,0.0,-0.0,0.0,-0.0,0.0,1788854027.8515143
2509.3379999999997,-0.44795859007196387,-0.47798699770697795,0.3395960454124683,1.1349935979500494,2.89364394570519,-0.02616620420416922,0,0,0.609143853187561,-1.170559213762619,1.4654982725726526,-1.8607002697386683,-1.5287378470050257,-0.21470815340151006,0.0,0.0,-0.0,0.0,-0.0,0.0,1788854027.9515204
2509.438,-0.4479590869177498,-0.47798543639410557,0.33958305283980356,1.1349492069736702,2.8936607705156656,-0.026120179771415692,0,0,0.609143853187561,-1.1705473226359864,1.465508762990133,-1.860696931878561,-1.5287535826312464,-0.21473914781679326,0.0,0.0,-0.0,0.0,-0.0,0.0,1788854028.0515292
2509.538,-0.44797991731592973,-0.4779652604503513,0.3395990865515393,1.135093348476421,2.893637547437833,-0.02617090355148468,0,0,0.6091006994247437,-1.1705661577037354,1.4655049482928675,-1.8607188663878382,-1.5287616888629358,-0.21468955675234014,0.0,0.0,-0.0,0.0,-0.0,0.0,1788854028.151596
2509.638,-0.44797025818864594,-0.47797688044510367,0.33959943100096546,1.1350069535605545,2.893644350873734,-0.026189859649379477,0,0,0.6091198921203613,-1.1705627006343384,1.4654982725726526,-1.8607117138304652,-1.52873403230776,-0.21472388902773076,0.0,0.0,-0.0,0.0,-0.0,0.0,1788854028.2516186
2509.738,-0.44842007810697077,-0.4776182599194572,0.33925209512764604,1.1361125904287928,2.8927588451767243,-0.025228577156747197,0,0,0.6082574129104614,-1.1700956386378785,1.4655469099627894,-1.8604608974852503,-1.528722111378805,-0.2147310415851038,-0.016446631401777267,0.00759247737005353,0.00016436143778264523,0.004570240620523691,-0.0,0.0,1788854028.3515341
2509.8379999999997,-0.448084489054204,-0.4779839519734867,0.3389225997435039,1.1348895451966072,2.892906934650072,-0.024431421395304395,0,0,0.609027624130249,-1.1696885389140625,1.4656818548785608,-1.8604165516295375,-1.5287416617022913,-0.21473914781679326,0.013949401676654816,-0.0012332129990682006,0.0006269083824008703,0.00013368653890211135,-0.0,0.0,1788854028.4515345
2509.938,-0.44779381247860395,-0.4780566542657099,0.33858537152851387,1.1343023976787208,2.8927371295077218,-0.023466865654531405,0,0,0.6093846559524536,-1.1696766179851075,1.4663727919207972,-1.8604008160033167,-1.5287688414203089,-0.21470815340151006,8.093195356195793e-05,-0.0,0.0265798456966877,8.468315354548395e-05,-0.0,0.0,1788854028.5515032
2510.038,-0.445989965935131,-0.47807141294535577,0.3358326471788478,1.1309674918130836,2.8906174858706977,-0.015907169732593162,0,0,0.6110197901725769,-1.1696491998485108,1.472142521535055,-1.860392232934469,-1.5287664572345179,-0.21468955675234014,0.03922688961029053,0.00029123990680091083,0.09978900849819183,0.00010850185208255425,-0.0002650949463713914,0.0,1788854028.651575
2510.138,-0.44228883616725384,-0.47833491252798693,0.33078333103572244,1.1238087604380456,2.8871214302647465,-0.0019803701764436153,0,0,0.6147008538246155,-1.1696850520423432,1.4828961531268519,-1.8604403934874476,-1.5287979284869593,-0.2147000471698206,0.03287860006093979,-7.10461608832702e-05,0.09638196974992752,2.4151036532872766e-35,-8.540346607333049e-05,0.0,1788854028.751624
2510.238,-0.43978290692300703,-0.47940771422755957,0.3291761247425737,1.1179089982570627,2.8873503944719032,0.002594228992603859,0,0,0.6183508038520813,-1.1700442296317597,1.4868205229388636,-1.8605486355223597,-1.5287860075580042,-0.21472388902773076,0.04093952476978302,-0.0051737502217292786,0.0005403113318607211,8.978399520621968e-40,-2.802596928649634e-44,0.0,1788854028.8514972
2510.3379999999997,-0.43730187018793626,-0.48160450058298987,0.32911060513455,1.1105242018854447,2.8901333133222136,0.0030027539006746303,0,0,0.6234322190284729,-1.1700837177089234,1.4870112578021448,-1.8605395756163539,-1.52881366411318,-0.2147429625140589,0.09281770139932632,-0.002051485935226083,0.0005145047907717526,0.0,-0.0,0.0,1788854028.9516134
2510.438,-0.43132247476282415,-0.4868056375739814,0.3289786371897334,1.0929305910573317,2.8966271755253143,0.0038006873769100336,0,0,0.6355689167976379,-1.170215443973877,1.4874747435199183,-1.8605596027769984,-1.528773609791891,-0.21472722688783819,0.1458216905593872,-0.0051052263006567955,0.0017928322777152061,-2.050654784868655e-12,-0.0,0.0,1788854029.0515544
2510.538,-0.425284519076742,-0.4914975851730128,0.3307157333034861,1.0766170342894799,2.9043240936191927,0.0006222807068624529,0,0,0.6471646428108215,-1.1729523700526734,1.4874871412860315,-1.860584398309225,-1.5287697950946253,-0.21469289461244756,0.0885998085141182,-0.035632386803627014,-1.4111129345611938e-37,-9.856835822574794e-05,-0.0,0.0,1788854029.1515033
2510.638,-0.4208874645713327,-0.4947903999578041,0.3320438335352942,1.0648551912837303,2.9098401824000613,-0.0017717673837705497,0,0,0.6554846167564392,-1.175080106859543,1.4875324408160608,-1.860556264916891,-1.5287821928607386,-0.21469289461244756,0.08576637506484985,-0.0032875959295779467,0.00016172800678759813,-1.7914700972676556e-11,-0.0,0.0,1788854029.2514987
2510.738,-0.41620858962854945,-0.49861398211411934,0.3323171652474377,1.0513654271746267,2.914982699612991,-0.001977720694717243,0,0,0.6647599935531616,-1.1755506557277222,1.4875834623919886,-1.8605410061278285,-1.5288026968585413,-0.21472722688783819,0.10651078820228577,-0.00018484795873519033,0.0006143233040347695,-0.0,-8.070817614225234e-08,0.0,1788854029.3515916
2510.8379999999997,-0.4102707569596386,-0.503464547310903,0.3321810359454267,1.034117792565303,2.921102402596924,-0.0010702254788511351,0,0,0.6765761375427246,-1.1754803222468873,1.4877665678607386,-1.8604933224120082,-1.5289486090289515,-0.21472722688783819,0.1400049924850464,0.00012633971346076578,0.00435576681047678,-1.401298464324817e-45,-0.0007100822404026985,0.0,1788854029.4515047
2510.938,-0.4036852166406134,-0.5085438828560178,0.3327213311473594,1.01557889403932,2.928037122348657,-0.001800893645509487,0,0,0.6893211603164673,-1.1763973993114014,1.4878628889666956,-1.8605252705016078,-1.5289176146136683,-0.21473914781679326,0.1159173920750618,-0.030838852748274803,0.00016453242278657854,1.2218504699024748e-36,-0.00010933693556580693,0.0,1788854029.55155
2511.038,-0.39846413323960184,-0.5123033025466707,0.3337061123287069,1.0014312973813262,2.933765427766108,-0.003498420773107637,0,0,0.6991405487060547,-1.1779709917357941,1.487891976033346,-1.8605205021300257,-1.5289467016803187,-0.21472722688783819,0.09721635282039642,-0.001929169287905097,0.000244987866608426,0.0,-1.7892684675471088e-13,0.0,1788854029.6515722
2511.138,-0.3921717890006901,-0.5170693001506054,0.3338523793794676,0.9836065831712967,2.939955841208339,-0.0034215470629539975,0,0,0.711292564868927,-1.178237871532776,1.4879520575152796,-1.860575338403219,-1.528989617024557,-0.2147429625140589,0.13088054955005646,-0.017593292519450188,0.0002988912456203252,0.0,-0.0001473189622629434,0.0,1788854029.7515287
2511.238,-0.3855353966471455,-0.5211541906593498,0.33360628821903937,0.9662923887071053,2.945159304082183,-0.0016885392092577697,0,0,0.723028302192688,-1.1795293551734467,1.4902012983905237,-1.8605290851988734,-1.529008690510885,-0.21468955675234014,0.09686955064535141,-0.02593635395169258,0.04998502507805824,0.0,-6.0064579884056e-05,0.0,1788854029.851464
2511.3379999999997,-0.38056468265688853,-0.5212818805557649,0.3317365860561248,0.9576309104721671,2.9451141671717522,0.0057776953887808055,0,0,0.7284079790115356,-1.1838193398765107,1.4999349753009241,-1.8605324230589808,-1.5290454069720667,-0.2147310415851038,0.06086147576570511,-0.03596465289592743,0.1663108468055725,0.0,-0.00048282285570167005,0.0,1788854029.9514892
2511.438,-0.3736228997556552,-0.5188617806491107,0.3263112957824972,0.949172799643766,2.9402898706122564,0.024758354929257355,0,0,0.7329293489456177,-1.1913046401790162,1.5215418974505823,-1.8605381451048792,-1.5290525595294397,-0.2147429625140589,0.023093029856681824,-0.10853120684623718,0.2573390007019043,0.0,-8.824404358165339e-05,0.0,1788854030.0514903
2511.538,-0.36655273394146726,-0.5132488201332075,0.32190494393040536,0.9460726791841014,2.9336169682597695,0.04336325358215137,0,0,0.7338491082191467,-1.205377922659256,1.5498083273517054,-1.8607150516905726,-1.529013458882467,-0.21471149126161748,0.0022599920630455017,-0.1922263354063034,0.2664690911769867,-0.0020105037838220596,-1.529222230080769e-29,0.0,1788854030.1514008
2511.638,-0.35990967337010565,-0.5070877274000087,0.3269840685597698,0.9468135646589818,2.9350571768069402,0.03919536518392154,0,0,0.7336702942848206,-1.2300070387176056,1.571313206349508,-1.8607102833189906,-1.5290325323687952,-0.21470815340151006,-0.0012533186236396432,-0.27602994441986084,0.14868584275245667,-0.00014639274741057307,-0.0,0.0,1788854030.2524574
2511.738,-0.35547369194170675,-0.5026616015531851,0.3416827391443095,0.9505668665071927,2.94615545333853,0.008575298643015187,0,0,0.7331667542457581,-1.2589136225036164,1.577193562184469,-1.8606249294676722,-1.5290182272540491,-0.2147148291217249,-0.0064474232494831085,-0.27895402908325195,0.00040264223935082555,0.000748480437323451,-0.0,0.0,1788854030.3514304
2511.8379999999997,-0.35240013719991253,-0.4996349929797363,0.3555150444177664,0.9539462004968221,2.957145147514009,-0.022137393256129075,0,0,0.7328779101371765,-1.2821172040751954,1.577261749898092,-1.8604041538634242,-1.5290926138507288,-0.21470433870424444,-0.002859292086213827,-0.1771971583366394,0.003872167319059372,0.004780600778758526,-0.0,0.0,1788854030.4515035
2511.938,-0.3511151344294875,-0.49821320270654634,0.36102408864718216,0.9555194234767279,2.9612889625746814,-0.03445948489520418,0,0,0.732548177242279,-1.29166795433078,1.5776127020465296,-1.8603083095946253,-1.5290525595294397,-0.2147310415851038,-0.010916794650256634,-0.03191734850406647,0.004165296442806721,0.00018260598881170154,-9.42939004744403e-05,0.0,1788854030.5515208
2512.038,-0.3522416345358723,-0.4967279876566499,0.36026123105540087,0.9599709266282874,2.958999222435629,-0.03217199315556622,0,0,0.7294237017631531,-1.2921844583800812,1.5798528830157679,-1.8602897129454554,-1.5290687719928187,-0.2147148291217249,-0.05053737759590149,0.00019995454931631684,0.05540551617741585,8.051020267885178e-05,-1.271913753790252e-13,0.0,1788854030.6514668
2512.138,-0.35369340299177415,-0.4937570643743712,0.35663724895853177,0.9669675995460203,2.9527860028289212,-0.022177551872549568,0,0,0.7240437865257263,-1.2921810311130066,1.587482754384176,-1.8603598080077113,-1.5290182272540491,-0.21472388902773076,-0.035875529050827026,-2.04408606805373e-05,0.10415694862604141,0.0,-0.0,0.0,1788854030.7515042
2512.238,-0.35159855983137994,-0.49115921585797273,0.3492028356214661,0.9663429640229378,2.944681940776632,-0.0011224660905702626,0,0,0.7230991125106812,-1.2921365064433594,1.6031301657306116,-1.8603102169432582,-1.5290334860431116,-0.2147310415851038,0.004805881064385176,0.0007543353131040931,0.21556393802165985,0.0,-0.0,0.0,1788854030.851418
2512.3379999999997,-0.3474058733246215,-0.48773552849048674,0.3381428828375059,0.9627196883320426,2.9331229220426893,0.030211773839778244,0,0,0.7234538793563843,-1.2921056312373658,1.6266959349261683,-1.8603531322874964,-1.5290215651141565,-0.2147310415851038,0.004204305820167065,0.00024961979943327606,0.2610322833061218,-0.0,-0.0,0.0,1788854030.9514785
2512.438,-0.34313776903225035,-0.48388115176300506,0.32700476801977857,0.9596490222378411,2.9207904018181012,0.06192329374892852,0,0,0.7233425378799438,-1.2921484273723145,1.65080434480776,-1.8603888950743617,-1.529013458882467,-0.21470767656435186,-0.0002470683248247951,-6.314533675322309e-05,0.20227017998695374,-0.0,-0.0,0.0,1788854031.0514622
2512.538,-0.3406447619992402,-0.4813894912332865,0.3204109552825453,0.9581725082230985,2.9130840133787625,0.0807365316152219,0,0,0.7229552268981934,-1.2921604377082367,1.6652010122882288,-1.8603888950743617,-1.5289695898639124,-0.21472388902773076,-0.007923097349703312,-7.135263149393722e-05,0.07456115633249283,-1.1667895392040238e-18,-0.0,0.0,1788854031.1513598
2512.638,-0.34149194421534257,-0.48033031999693054,0.3197205483545905,0.9613742724905345,2.911110549619561,0.0826269627938077,0,0,0.7205979228019714,-1.292163924579956,1.6667121092425745,-1.860361715356344,-1.5289934317218226,-0.21472388902773076,-0.03414500504732132,2.617580953816289e-17,-0.000164366138051264,-0.0,-0.0,0.0,1788854031.2514112
2512.738,-0.34319341266369635,-0.47913831565302506,0.3196318768011397,0.9664346724811703,2.9092505034809353,0.08270811086429945,0,0,0.7170851230621338,-1.2920132142356415,1.6667054335223597,-1.860304971734518,-1.5290215651141565,-0.21472388902773076,-0.026017092168331146,0.0003184944798704237,0.00015114960842765868,0.00015792273916304111,-0.0,0.0,1788854031.3514001
2512.8379999999997,-0.3435320723715403,-0.47891641169475246,0.3193626254655074,0.9673591203884895,2.9085964245557436,0.08341889755034723,0,0,0.7164052724838257,-1.2916508179954072,1.6668208281146448,-1.860209127465719,-1.5290215651141565,-0.21470767656435186,-0.00022900111798662692,0.0007428551325574517,0.000899766047950834,0.00103748741094023,-3.517259145455291e-43,0.0,1788854031.4514227
2512.938,-0.3434982209710231,-0.4789317089539526,0.3192957108396001,0.9672606914489221,2.90855392695776,0.08365337960594774,0,0,0.7164674997329712,-1.2915822726539155,1.6668723265277308,-1.8601647816100062,-1.5290411154376429,-0.2147000471698206,-2.1996354512023885e-23,0.0045007565058767796,0.0001383626804454252,0.0003121303452644497,-0.0,0.0,1788854031.5513728
2513.038,-0.3433925368806598,-0.47905978145262984,0.319223688945888,0.96679100187148,2.908673856356795,0.08382241313732709,0,0,0.7167600393295288,-1.291406200533249,1.6668103376971644,-1.8601733646788539,-1.529060188923971,-0.21472388902773076,0.0010943609522655606,0.0002443152479827404,1.0691113857319579e-05,9.786367445485666e-05,-0.0,0.0,1788854031.6512983
2513.138,-0.3434333717819889,-0.47920482526688846,0.31861099890722533,0.9664153982971356,2.908141171929846,0.08535205560980016,0,0,0.7169039249420166,-1.2903700035861512,1.6668289343463343,-1.8600670299925746,-1.5290654341327112,-0.21472388902773076,0.0017585562309250236,0.020757213234901428,-0.0,0.0007819176535122097,-0.0,0.0,1788854031.7514436
2513.238,-0.34393005406975174,-0.47964876678406165,0.31609295091382283,0.9657886927340739,2.9057975482855114,0.09111407627965656,0,0,0.7169123888015747,-1.2860019666007538,1.6668437162982386,-1.8600298366942347,-1.529053036366598,-0.2147000471698206,7.556012860732153e-05,0.07179254293441772,-0.0,0.0006380611448548734,-0.0,0.0,1788854031.8513892
2513.3379999999997,-0.3448181875246078,-0.4803777477871646,0.31175699779373983,0.9647305061445539,2.901742807604619,0.10092790123815103,0,0,0.7168405652046204,-1.2784603995135804,1.6668370405780237,-1.8600059948363246,-1.5290182272540491,-0.2147277037249964,-0.00019014228018932045,0.06731117516756058,-0.0,0.0002062271669274196,-0.0,0.0,1788854031.9513903
2513.438,-0.34538252136838465,-0.4808621475148298,0.30888751603220227,0.9640671569455884,2.8991019403028133,0.10735574164576818,0,0,0.716828465461731,-1.2734703582576294,1.6668370405780237,-1.860060831109518,-1.5290301481830042,-0.21469289461244756,-3.0022269129403867e-05,0.019540609791874886,2.1394780560513027e-05,8.479251118842512e-05,-0.0,0.0,1788854032.0513444
2513.538,-0.3453957846760618,-0.4809225361378017,0.3086282834664215,0.9638308704778811,2.8988751398717185,0.10798008615296868,0,0,0.716888427734375,-1.2730308336070557,1.6668403784381312,-1.8600107632079066,-1.5290096441852015,-0.2147429625140589,0.0,3.140521948807873e-05,-0.0,0.0,-0.0,0.0,1788854032.1513636
2513.638,-0.3454535004243694,-0.4809673136179181,0.30839870089815047,0.9638345171864646,2.8986629173147365,0.10849747144437373,0,0,0.7168835401535034,-1.2726033490947266,1.6668036619769495,-1.8600145779051722,-1.5290253798114222,-0.21470767656435186,1.658025757933501e-05,0.005873325280845165,-0.0,0.00012322395923547447,-0.0,0.0,1788854032.251381
2513.738,-0.3455094575271465,-0.48099109812995927,0.3079548653870871,0.9637635577081268,2.898143563847725,0.10973351470149173,0,0,0.7168524265289307,-1.271932916050293,1.666894261037008,-1.8598300419249476,-1.5290373007403772,-0.21469289461244756,0.0,0.010417581535875797,0.0007350813830271363,0.0052227419801056385,-0.0,0.0,1788854032.3513324
2513.8379999999997,-0.34575449764262506,-0.48120658184877624,0.30645790244131543,0.9632928499149517,2.896683950339908,0.11334329521616697,0,0,0.7168548703193665,-1.2694136959365387,1.666952912007467,-1.859631677667135,-1.5290492216693323,-0.2147310415851038,0.0,0.039535801857709885,0.0001375413703499362,0.0007273607770912349,-0.0,0.0,1788854032.4512653
2513.938,-0.3463469042383989,-0.4817064775953172,0.30336218777102825,0.96258845680961,2.893806146312839,0.12026371299661107,0,0,0.7168320417404175,-1.264035241012909,1.6669400374041956,-1.8596707783141078,-1.5290687719928187,-0.21468955675234014,-1.6068528885943012e-12,0.061478350311517715,5.238577796262689e-05,0.00010620468674460426,-0.0,0.0,1788854032.5513127
2514.038,-0.3469169308692549,-0.48217119518505697,0.3003243710204427,0.9617926241287288,2.890945037279771,0.127051524460525,0,0,0.716782808303833,-1.2587836545756836,1.6669438521014612,-1.859664102593893,-1.5290525595294397,-0.21473580995668584,-0.001180560328066349,0.04461706429719925,-0.0,3.538825236906397e-17,-0.0,0.0,1788854032.6513145
2514.138,-0.34800074597372743,-0.48223022518374703,0.2973913529767529,0.9626976554267166,2.887575999076738,0.13348229470597017,0,0,0.7156223058700562,-1.2536969643882294,1.6669209639178675,-1.8596707783141078,-1.5290334860431116,-0.21472388902773076,-0.013206498697400093,0.05815570056438446,-0.0,0.0,-0.0,0.0,1788854032.751264
2514.238,-0.34937301767586393,-0.48225271859264307,0.29366751138386693,0.9638829892714743,2.883284616941278,0.14169324254609927,0,0,0.714098334312439,-1.2472863060287018,1.6669366995440882,-1.8596517048277796,-1.5290616194354456,-0.2147277037249964,-0.009231152012944221,0.07711067795753479,3.364049182066395e-27,0.0,-0.0,0.0,1788854032.8513536
2514.3379999999997,-0.35043692648835667,-0.48241580509306076,0.2897522485369903,0.9642927613070598,2.879030149467954,0.15035850266377687,0,0,0.7131080031394958,-1.240732656126358,1.6671927610980433,-1.8596707783141078,-1.5290802160846155,-0.21469289461244756,-0.010038222186267376,0.05087100714445114,0.00921242032200098,5.863023870033182e-21,-0.0,0.0,1788854032.951315
2514.438,-0.3510799529286597,-0.48222586608910106,0.28743815576017373,0.9650341926552023,2.8761736204296535,0.1555629579959143,0,0,0.7121249437332153,-1.2373059850982209,1.667927090321676,-1.8596779308714808,-1.5290301481830042,-0.21469289461244756,-0.008562135510146618,0.03192200884222984,0.0007048715488053858,0.0,-0.0,0.0,1788854033.0512881
2514.538,-0.35145422563432216,-0.4824058109907089,0.28566135400115417,0.9647767156587346,2.8743988239909655,0.1594930949381789,0,0,0.7119390964508057,-1.2342519921115418,1.6679285208331507,-1.85966219524526,-1.5290492216693323,-0.21472055116762334,-0.00017372809816151857,0.030072038993239403,0.00012721880921162665,0.0,-0.0,0.0,1788854033.1513236
2514.638,-0.35192456582505355,-0.48276824112872024,0.28275910722938635,0.9640831518826287,2.8715697078519757,0.16593214079442417,0,0,0.7118803262710571,-1.2293001276305695,1.6679719130145472,-1.8596259556212367,-1.5290616194354456,-0.21470767656435186,-7.393803389277309e-05,0.06657912582159042,0.00023856418556533754,0.00016616052016615868,-0.0,0.0,1788854033.2513015
2514.738,-0.3526785374346332,-0.48344172533865754,0.2775964413341439,0.9625939821855362,2.8666113833103632,0.17730005354326187,0,0,0.7119042873382568,-1.2204854947379609,1.6680319944964808,-1.8595954380431117,-1.5290730635272425,-0.2147310415851038,0.0,0.10628766566514969,0.0014895345084369183,9.24890919122845e-05,-0.0,0.0,1788854033.3512962
2514.8379999999997,-0.35357678630627964,-0.48427216475400703,0.2710981537116427,0.9606896263707069,2.8603575158959917,0.1914250619500961,0,0,0.7119642496109009,-1.2093766790679474,1.6680753866778772,-1.859631677667135,-1.5290616194354456,-0.2147463003741663,3.061430106754415e-05,0.09408195316791534,0.00014938491221982986,1.2718532161670737e-05,-0.0,0.0,1788854033.4512172
2514.938,-0.3539616319321578,-0.4846122745449851,0.2679524967475789,0.9598819019225212,2.8572382575864785,0.19829401073627778,0,0,0.7119678258895874,-1.2041152876666565,1.6682398954974573,-1.8596350155272425,-1.5290492216693323,-0.21468955675234014,-0.00015998026356101036,0.011519845575094223,0.009458884596824646,0.0,-0.0,0.0,1788854033.5512502
2515.038,-0.3532958358965189,-0.48417708447209806,0.26683713337789733,0.9592052685984509,2.855883846718631,0.20157874078022617,0,0,0.7121524810791016,-1.20413430154834,1.6708553473102015,-1.85966219524526,-1.5290725866900843,-0.21469289461244756,0.0018392270430922508,-0.00014316455053631216,0.05294874310493469,0.0,-0.0,0.0,1788854033.6512923
2515.138,-0.35093837965103425,-0.4821312893374721,0.26229634823688597,0.9574633572271608,2.849794021491626,0.21486736800117312,0,0,0.7121356725692749,-1.2041463416865845,1.6814482847796839,-1.859694620172018,-1.52905780473818,-0.2147277037249964,6.908088107593358e-05,-0.0001599741808604449,0.16467596590518951,0.0,-0.0,0.0,1788854033.751244
2515.238,-0.34607684445546094,-0.47792888517065824,0.2532713822502757,0.954010206286376,2.8373922977495702,0.24142169563443502,0,0,0.7121238112449646,-1.204185650949814,1.7027643362628382,-1.8597938023009242,-1.5290411154376429,-0.21470767656435186,7.893172076121406e-22,-0.00024036118702497333,0.21249543130397797,-0.00019519658235367388,-0.0,0.0,1788854033.851192
2515.3379999999997,-0.3431440631401349,-0.4753575029981158,0.2479501861334389,0.9519313525707681,2.8298372703167174,0.2571311133171699,0,0,0.7120600938796997,-1.2041703027537842,1.7154315153705042,-1.8598348102965296,-1.5289858023272913,-0.21473485628236944,-0.0003060000017285347,-4.355555574875325e-05,0.025844236835837364,-0.0003331186599098146,-0.0,0.0,1788854033.9512107
2515.438,-0.34344228953390665,-0.47517511811986074,0.24831533890332935,0.9529370974487655,2.8301619207230875,0.2557349868259425,0,0,0.711478590965271,-1.2047088009170075,1.7153804937945765,-1.8603207073607386,-1.52899676958193,-0.21472388902773076,-0.008366100490093231,-0.00023119502293411642,-0.0002721413620747626,-0.00028343996382318437,-0.0,0.0,1788854034.0512516
2515.538,-0.34407811425499296,-0.47470867418345963,0.2482966824082931,0.9548231810050729,2.8293341561572305,0.255669216026966,0,0,0.7101261615753174,-1.2046848100474854,1.7153804937945765,-1.860253473321432,-1.5289657751666468,-0.21470767656435186,-0.01179055217653513,0.00015126855578273535,-3.6829605960519984e-05,-2.5555053071002476e-05,-0.0,0.0,1788854034.1512806
2515.638,-0.34453330641850916,-0.4743694381059329,0.24823212413669127,0.9561472204276302,2.828689809451915,0.25578660996394564,0,0,0.7091549634933472,-1.2045959395221253,1.7154000441180628,-1.860178133050436,-1.5289657751666468,-0.21470433870424444,-0.021889185532927513,0.00019258051179349422,0.00010243152064504102,-0.0,-0.0,0.0,1788854034.2512677
2515.738,-0.3457886000582539,-0.47346729180806946,0.24812015580619218,0.9597121254169739,2.8271307254193516,0.2557918734596846,0,0,0.7065256834030151,-1.2044060987285157,1.7154000441180628,-1.8601304493346156,-1.5289858023272913,-0.21473914781679326,-0.020729852840304375,0.001583885750733316,6.525580770189165e-11,0.00011659158917609602,-0.0,0.0,1788854034.351266
2515.8379999999997,-0.3464977899500543,-0.47293435773680187,0.2480608664559506,0.9618703485160762,2.8261882987381486,0.2557760790304179,0,0,0.7050065994262695,-1.204341248875,1.7154510656939905,-1.860117097894186,-1.5289776960956019,-0.21468955675234014,-0.0158701092004776,0.0017667643260210752,0.0006833673105575144,0.0005515721859410405,-0.0,0.0,1788854034.451264
2515.938,-0.3469942643506785,-0.47256832188569803,0.24801823964454445,0.9632684476528096,2.8255646162641925,0.25578721654943576,0,0,0.703955352306366,-1.2042779487422486,1.7154610792743128,-1.860086580316061,-1.5289862791644495,-0.21472055116762334,-0.00021534385450650007,0.0025424850173294544,0.00010639476386131719,8.933038043323904e-05,-3.6043694695564454e-09,0.0,1788854034.5512314
2516.038,-0.34698931444012393,-0.47260783135787876,0.24760836565823793,0.9630152734879285,2.825091570472464,0.25688888647326635,0,0,0.7040152549743652,-1.2035991710475464,1.7154839674579065,-1.8599134884276332,-1.5289977232562464,-0.21473437944521123,0.00019587721908465028,0.015306968241930008,0.00014446221757680178,0.00025057647144421935,-0.0,0.0,1788854034.6512353
2516.138,-0.34701772343676,-0.47290224286642374,0.24580018660743302,0.9619503365398073,2.8234376035249986,0.26094202780238723,0,0,0.7043830752372742,-1.2004343134215851,1.7154839674579065,-1.8598858318724574,-1.5290525595294397,-0.21473580995668584,0.01003547478467226,0.05343902111053467,1.679014705047166e-10,0.00015528762014582753,-0.0,0.0,1788854034.7514641
2516.238,-0.3468677010671691,-0.473898022625719,0.24074946394925476,0.958350309143658,2.818989698415643,0.27197576283365466,0,0,0.705868661403656,-1.1915578109076996,1.7154510656939905,-1.859953065911764,-1.5290253798114222,-0.21473580995668584,0.009262659586966038,0.10400494188070297,4.1690463333093416e-36,9.116232831729576e-05,-0.0,0.0,1788854034.8512208
2516.3379999999997,-0.34726474304841626,-0.47429644998843923,0.23649294737309484,0.9570107143764962,2.814539605316546,0.28110721258321814,0,0,0.7059370279312134,-1.1841100019267579,1.7154577414142054,-1.8600145779051722,-1.5289977232562464,-0.21469289461244756,4.3403149902587757e-05,0.025469716638326645,-0.0,-0.0001637258828850463,-0.0,0.0,1788854034.9511814
2516.438,-0.34727552254526667,-0.4743111534448943,0.23638902567727438,0.9569071395728483,2.8144697042510396,0.2812916572760903,0,0,0.7059441804885864,-1.1839219194701691,1.715454403554098,-1.8600460491576136,-1.5289977232562464,-0.21473914781679326,0.0,-0.0002000269159907475,-4.213593638269231e-05,-6.530893733724952e-05,-0.0,0.0,1788854035.051182
2516.538,-0.34729135427586294,-0.4742874415422014,0.23638730297015087,0.9569595001604906,2.8144291989325154,0.28135641984486487,0,0,0.7058974504470825,-1.1839322310737153,1.7154644171344202,-1.8599988422789515,-1.529013458882467,-0.2147429625140589,0.0,6.93870460963808e-05,2.7011086785933003e-05,-8.33085950025747e-39,-0.0,0.0,1788854035.1511977
2516.638,-0.34730557768517384,-0.47428691275699447,0.23638358001892873,0.957001490475768,2.814431685842824,0.2813412131574014,1,1,0.7058818340301514,-1.183913306598999,1.7154510656939905,-1.860021253625387,-1.5290206114398401,-0.2147310415851038,0.0,4.403654836073433e-15,0.0,-0.0,-0.0,0.0,1788854035.2511678
2516.738,-0.3472995790540496,-0.47428762996604873,0.2363552797224221,0.9569889456712527,2.8143861774758396,0.28142989895079235,1,1,0.7058889865875244,-1.1838739973357697,1.7154610792743128,-1.859997888604635,-1.5290172735797327,-0.21472388902773076,0.0,6.079671210912352e-10,-0.0,-0.0,-0.0,0.0,1788854035.3511121
2516.8379999999997,-0.34730297755231393,-0.4742840918444491,0.23634308747323446,0.9569596087314791,2.8143705035635898,0.2814882282374001,1,1,0.7058818340301514,-1.1838535827449341,1.7154572645770472,-1.8599697552123011,-1.5290253798114222,-0.2147463003741663,0.0,0.00012492298264987767,-0.0,-0.0,-0.0,0.0,1788854035.4511142
2516.938,-0.34728197779395154,-0.47429914023318404,0.23632858825852254,0.9569719724976875,2.8143553746198515,0.2815272337330687,1,1,0.7059249877929688,-1.1838329297355195,1.7154644171344202,-1.8599730930724085,-1.5290215651141565,-0.21469289461244756,0.0,0.00010399296297691762,-0.0,-0.0,-0.0,0.0,1788854035.5510895
2517.038,-0.3472696203455537,-0.4743035676749826,0.23631919875334192,0.9569116535004708,2.8143647530996887,0.28160458878311456,1,1,0.7059488892555237,-1.1838210386088868,1.7154644171344202,-1.859938760797018,-1.5290444532977503,-0.21470767656435186,-2.445288157037841e-23,0.0003610157291404903,-0.0,-0.0,-0.0,0.0,1788854035.6511395
2517.138,-0.34727818819371314,-0.4743006678567036,0.23629975606460885,0.9569086634841101,2.814324370171187,0.28159818844012624,1,1,0.7059298753738403,-1.1837901932052155,1.7154725233661097,-1.8599583111205042,-1.529013458882467,-0.21472388902773076,0.0,0.00010191151523031294,-0.0,-0.0,-0.0,0.0,1788854035.751133
2517.238,-0.3472802714448447,-0.47427760407901126,0.23626658252532842,0.9569322103698954,2.814274036326799,0.2817419294914602,1,1,0.7059022188186646,-1.1837696594050904,1.7155187765704554,-1.8599268398680628,-1.5290444532977503,-0.21472388902773076,0.0,1.9438256559922706e-11,-0.0,-0.0,-0.0,0.0,1788854035.8511767
2517.3379999999997,-0.3472733230180374,-0.47429240548702645,0.2362869567203665,0.9568810427718049,2.8143154524473126,0.2816836786235242,1,1,0.7059285640716553,-1.18378500760112,1.7154906431781214,-1.8599268398680628,-1.5290373007403772,-0.21473914781679326,0.0,0.0,-0.0,-0.0,-0.0,0.0,1788854035.9511347
2517.438,-0.34726372020618806,-0.4742968871069943,0.2362678990906783,0.9568714088918342,2.814271157758221,0.28171457200779226,1,2,0.7059406638145447,-1.1837610465339203,1.7155030409442347,-1.8599220714964808,-1.5290101210223597,-0.2147277037249964,0.0,7.96082749729976e-05,-0.0,-0.0,-0.0,0.0,1788854036.0511363
2517.538,-0.3472527824006355,-0.4743030352661837,0.23625720159028846,0.9568402208242162,2.8142801416866083,0.28177060197872106,1,2,0.7059645652770996,-1.1837456983378907,1.7155054251300257,-1.8599101505675257,-1.5290291945086878,-0.21472388902773076,0.0,0.0001417591265635565,9.04485714272596e-05,0.0,-0.0,0.0,1788854036.1511831
2517.638,-0.347288580368033,-0.47428942394767243,0.23623260408425462,0.9569171449919911,2.8142337736622904,0.28179140844357825,1,2,0.7059057950973511,-1.1836910110763093,1.7154925505267542,-1.8599292240538539,-1.5290291945086878,-0.21472388902773076,0.0,0.00021021270367782563,3.399489651201293e-05,0.0,-0.0,0.0,1788854036.251131
2517.738,-0.34726350239127113,-0.4742871234518387,0.23622876216994104,0.9569270798381149,2.8142079210730757,0.28183170474311736,1,2,0.7059298753738403,-1.1837167006782074,1.7155349890338343,-1.8599139652647914,-1.5290215651141565,-0.21468955675234014,0.0,0.00023836808395572007,2.3537919332738966e-05,0.0,-0.0,0.0,1788854036.3511467
2517.8379999999997,-0.34725835549011175,-0.47428290566564374,0.23618562896261708,0.9568611090911325,2.8141937019712815,0.2819370828172725,1,2,0.7059334516525269,-1.183665321474411,1.7155702749835413,-1.8599254093565882,-1.5290411154376429,-0.21472388902773076,0.0,0.0002587505441624671,-0.0,0.0,-0.0,0.0,1788854036.451073
2517.938,-0.3472561981782861,-0.4742932208837188,0.2361820970514446,0.9568609329479925,2.81418679132383,0.281950219691904,1,2,0.7059489488601685,-1.1836448174766083,1.715548340474264,-1.8599139652647914,-1.5290373007403772,-0.21470767656435186,0.0,0.00047317950520664454,-0.0,0.0,-0.0,0.0,1788854036.5510802
2518.038,-0.34726501220577,-0.47429758937185074,0.23615603085793554,0.956837571147382,2.8141766258274243,0.2819873030262299,1,2,0.7059453725814819,-1.183590130215027,1.7155383268939417,-1.8599292240538539,-1.5290411154376429,-0.21472388902773076,0.0,0.0004318794817663729,-0.0,0.0,-0.0,0.0,1788854036.651051
2518.138,-0.34726418654932256,-0.4742921469529591,0.23614713799191242,0.9568405596422254,2.8141570185424034,0.28205774137700357,1,2,0.7059417366981506,-1.1835815173438569,1.7155416647540491,-1.859894414941305,-1.5290563742267054,-0.21472055116762334,5.9162852267036214e-05,0.00018124407506547868,-0.0,0.0,-0.0,0.0,1788854036.7510502
2518.238,-0.34726808361756795,-0.47430700904027234,0.2361620885911584,0.9568736631574433,2.814137403991504,0.2819730553139527,1,2,0.7059489488601685,-1.1835780900767823,1.71550161043276,-1.8598982296385707,-1.5290096441852015,-0.21469289461244756,0.0,9.140557813225314e-05,-0.0,0.0,-0.0,0.0,1788854036.8510687
2518.3379999999997,-0.3472762245944615,-0.4742879801337413,0.23612873979942353,0.9568387958662947,2.814108806184188,0.28207200708367763,1,2,0.7059177756309509,-1.1835472148707886,1.7155383268939417,-1.8598910770811976,-1.5290291945086878,-0.21473914781679326,0.0,0.0001308733189944178,-0.0,0.0,-0.0,0.0,1788854036.9510765
2518.438,-0.3472910409931389,-0.4742866773903482,0.23615575730191962,0.9569012016152386,2.814139070094333,0.2819663299732759,1,2,0.7058985829353333,-1.1835769575885315,1.71552020708193,-1.8599258861937464,-1.5290253798114222,-0.21472388902773076,0.0,8.345209062099457e-05,-0.0,0.0,-0.0,0.0,1788854037.051115
2518.538,-0.34729480724673245,-0.47429040328848854,0.23615087446674382,0.9569019684780754,2.8141401961584576,0.28195480910961795,1,2,0.7058985829353333,-1.183561311369278,1.715513054524557,-1.859941144982809,-1.5290215651141565,-0.21472388902773076,0.0,8.134782547131181e-05,-0.0,0.0,-0.0,0.0,1788854037.1511154
2518.638,-0.3472886329364425,-0.47428259175330617,0.2361179966631728,0.9568651420438333,2.814104374833485,0.28208628690686116,1,2,0.7058985829353333,-1.183526561861374,1.7155383268939417,-1.85990633587026,-1.5290411154376429,-0.21473914781679326,0.0,8.049108146224171e-05,-0.0,0.0,-0.0,0.0,1788854037.25103
2518.738,-0.3472712067869749,-0.4742958012886429,0.23612819827077636,0.9568439063310888,2.8140975131822494,0.2820435877886425,1,2,0.7059298753738403,-1.1835422080806275,1.7155349890338343,-1.8599029980101527,-1.529006306325094,-0.21472388902773076,0.0,1.387345891653815e-33,-0.0,0.0,-0.0,0.0,1788854037.3509927
2518.8379999999997,-0.34727418146216005,-0.4743112570642728,0.23613187406100483,0.9568292470232932,2.814137067560799,0.2820119095672572,1,2,0.7059489488601685,-1.1835218530944367,1.71550161043276,-1.8599254093565882,-1.5290172735797327,-0.21472055116762334,0.0,0.0001797705772332847,-0.0,0.0,-0.0,0.0,1788854037.451031
2518.938,-0.3472573327495196,-0.4743058419455026,0.23613049751434623,0.956781212191444,2.81413493805603,0.28204640562850014,1,2,0.7059610486030579,-1.1835458141616364,1.7155349890338343,-1.8599068127074183,-1.5290182272540491,-0.21473914781679326,0.0,8.632488606963307e-05,-0.0,0.0,-0.0,0.0,1788854037.551027
2519.038,-0.34727603115241396,-0.4743006397444851,0.23610917006369556,0.9568824496187389,2.81409266615041,0.2820743297940289,1,2,0.7059334516525269,-1.1835025709918519,1.7155302206622522,-1.8599268398680628,-1.5290215651141565,-0.21469289461244756,1.0080615000654997e-25,7.143750553950667e-05,-0.0,0.0,-0.0,0.0,1788854037.6510918
2519.138,-0.34727191322178447,-0.47431714783612133,0.236105752829811,0.9568154357751693,2.814098186182086,0.28207106897312867,1,2,0.7059574127197266,-1.183475063448288,1.7154982725726526,-1.8599149189391078,-1.529006306325094,-0.2147148291217249,0.0,0.0,-0.0,0.0,-0.0,0.0,1788854037.7510178
2519.238,-0.3472663608292139,-0.4743153257693541,0.23611920813334492,0.9568050882510796,2.8141416416357146,0.2820423172758021,1,2,0.7059646248817444,-1.1835062068751832,1.7155121008502405,-1.859933992425436,-1.5290253798114222,-0.21472055116762334,0.0,0.0,-0.0,0.0,-0.0,0.0,1788854037.85107
2519.3379999999997,-0.34727482483236033,-0.4743074104833492,0.2361083303610872,0.9568279301929161,2.8141085177362757,0.2820446867331544,1,3,0.7059417366981506,-1.183494285946228,1.7155235449420374,-1.8599420986571253,-1.5290096441852015,-0.21472388902773076,0.0,0.0,-0.0,0.0,-0.0,0.0,1788854037.951079
2519.438,-0.3472763939260378,-0.47430450436219623,0.2360994370203961,0.9568297058075071,2.8141017739271557,0.2820832118101667,1,3,0.7059381604194641,-1.1834822458079834,1.7155268828021448,-1.859933992425436,-1.5290215651141565,-0.21472388902773076,6.441184391414723e-12,1.680703770601255e-10,-0.0,0.0,-0.0,0.0,1788854038.0510845
2519.538,-0.3472732646576678,-0.4743153284326952,0.23608340025741878,0.9568026681539206,2.8140971231159373,0.28213353490712706,1,3,0.7059574127197266,-1.1834427577308197,1.715508762990133,-1.8599220714964808,-1.5290291945086878,-0.21472055116762334,0.0,0.0002874115598388016,-0.0,0.0,-0.0,0.0,1788854038.1510189
2519.638,-0.3472977401303235,-0.47429765888473513,0.23604466036680916,0.9568666455654852,2.814009657965336,0.2821857498922893,1,3,0.705902099609375,-1.1833865207484742,1.7155268828021448,-1.8599330387511195,-1.529006306325094,-0.21472007433046514,0.0,0.001195708173327148,-0.0,0.0,-0.0,0.0,1788854038.2510614
2519.738,-0.3472654790332392,-0.4743369956550944,0.23597686113760874,0.9567502085709391,2.8139844624981563,0.2823548049656533,1,3,0.7059921622276306,-1.1832584005645295,1.7155121008502405,-1.8599254093565882,-1.529013458882467,-0.2147000471698206,0.0,0.0018483365420252085,-0.0,0.0,-0.0,0.0,1788854038.3510237
2519.8379999999997,-0.3472948226093538,-0.4743327907367098,0.2359131629616389,0.956755043148033,2.81391785175636,0.28244950555454196,1,3,0.7059525847434998,-1.1831387144378205,1.7155054251300257,-1.859953065911764,-1.5290101210223597,-0.21472388902773076,0.0,0.0008103383588604629,-0.0,0.0,-0.0,0.0,1788854038.4509602
2519.938,-0.34728708074762926,-0.47432213815398494,0.23588781711145987,0.9567396346309017,2.8139009713016976,0.2825625193717344,1,3,0.7059525847434998,-1.183123068218567,1.7155416647540491,-1.859933992425436,-1.5290411154376429,-0.2147277037249964,0.0,0.0001471147988922894,-0.0,0.0,-0.0,0.0,1788854038.5509446
2520.038,-0.3473026324065273,-0.4743372172612177,0.23591467607253452,0.9567593306472596,2.8139111384321964,0.2824493090175756,1,3,0.7059489488601685,-1.183123068218567,1.7154772917376917,-1.8599378071227015,-1.529006306325094,-0.21472388902773076,0.0,6.550519174197689e-05,-0.0,0.0,-0.0,0.0,1788854038.65092
2520.138,-0.34730477305986446,-0.4743285273041778,0.23589430053379754,0.9567757908944701,2.813862945141871,0.28250455927431806,1,3,0.7059334516525269,-1.1831026834300538,1.7154963652240198,-1.8599254093565882,-1.5289977232562464,-0.21472055116762334,0.0,5.3154111810727045e-05,-0.0,0.0,-0.0,0.0,1788854038.750926
2520.238,-0.34730720883488597,-0.4743165514983208,0.23590200035724063,0.9568160733963498,2.813849004123826,0.2824940890657817,1,3,0.7059141993522644,-1.1831302505782624,1.715515438710348,-1.8599220714964808,-1.528994385396139,-0.21471149126161748,0.0,0.0,-0.0,0.0,-0.0,0.0,1788854038.8509607
2520.3379999999997,-0.347298881424155,-0.4743198882283074,0.23587706460392396,0.9567654072478912,2.813859336384681,0.2825820427665573,1,3,0.7059334516525269,-1.1830955010703583,1.7155268828021448,-1.8599187336363734,-1.5290253798114222,-0.21472388902773076,0.0,5.4293308494379744e-05,-0.0,0.0,-0.0,0.0,1788854038.9509733
2520.438,-0.34730956113097433,-0.47432265586584493,0.2358739066735841,0.9567790815043671,2.813872634509937,0.282563648284831,1,3,0.705926239490509,-1.1830764275840302,1.7155121008502405,-1.8599420986571253,-1.5290325323687952,-0.21472388902773076,0.0,4.190874929608773e-22,-0.0,0.0,-0.0,0.0,1788854039.05096
2520.538,-0.34731389936774265,-0.4743306243076449,0.23592091017206274,0.9567953053414356,2.8139423245036337,0.28239700854991295,1,3,0.7059298753738403,-1.1831351083568116,1.715487305318014,-1.85998596767568,-1.5290206114398401,-0.21472388902773076,0.0,0.0,-1.2998570671938792e-39,1.1157804635786306e-07,-0.0,0.0,1788854039.1509502
2520.638,-0.34730479084861104,-0.47439532598183215,0.23603257394749633,0.9567273815656059,2.814198294252081,0.2819858355234042,1,3,0.7060257196426392,-1.1832259160331269,1.7153647581683558,-1.8601137600340785,-1.5290172735797327,-0.21472007433046514,0.0020861888770014048,-0.0005612110835500062,-0.0020975114312022924,-0.0009642149670980871,-0.0,0.0,1788854039.2509515
2520.738,-0.34724016084424614,-0.47466359238852407,0.23649557195777926,0.9563443514312545,2.8152490777680046,0.28034675051280444,1,3,0.706452488899231,-1.1836259228042145,1.714879337941305,-1.860584398309225,-1.5289977232562464,-0.21473914781679326,0.0012104085180908442,-0.005620746407657862,-0.007193900644779205,-0.0012303285766392946,-0.0,0.0,1788854039.3509564
2520.8379999999997,-0.34729878320289187,-0.47478280708689957,0.23676691297363794,0.9563420024550865,2.8157712674285227,0.27945886962537775,1,3,0.7065485119819641,-1.1837948125651856,1.714487377797262,-1.8607679806151332,-1.5290206114398401,-0.21473962465395147,0.0020549476612359285,-0.00025270655169151723,-0.0004596901126205921,-0.0002648242807481438,-0.0,0.0,1788854039.4509375
2520.938,-0.34731327324152217,-0.47483565513138243,0.2369441047318632,0.9563804896202779,2.8160965048468016,0.2787127465820665,1,3,0.7065927982330322,-1.1839936834624787,1.714381519948141,-1.861035009423727,-1.5289657751666468,-0.21473580995668584,0.00032220693537965417,-0.001755971577949822,-0.00041455449536442757,-0.008006920106709003,-0.0,0.0,1788854039.550941
2521.038,-0.34726662166472766,-0.47518274632513574,0.23773778246706687,0.9561882955346378,2.8180568985369363,0.2753687149945505,1,3,0.7071094512939453,-1.18485443413768,1.713907543812887,-1.8624712429442347,-1.5289815107928675,-0.21470433870424444,0.013743112795054913,-0.014759638346731663,-0.013690667226910591,-0.012592586688697338,-0.0,0.0,1788854039.650921
2521.138,-0.3463715193164078,-0.47675323076278925,0.23974583795428575,0.9527098102990766,2.8226679516186084,0.26968379850837,1,3,0.7102005481719971,-1.1864636701396485,1.7114160696612757,-1.8632337055602015,-1.5289395491229456,-0.2147277037249964,0.04562056064605713,-0.015328558161854744,-0.038907796144485474,-0.002322293119505048,-0.0,0.0,1788854039.750908
2521.238,-0.34561763952559327,-0.47867945844113513,0.24141823337489,0.9486302918573926,2.8269242512976414,0.2652521800844664,1,3,0.7136055827140808,-1.186706857090332,1.7077119986163538,-1.8632055721678675,-1.5289738813983362,-0.2147467772113245,0.013416611589491367,-0.00012525590136647224,-0.035128604620695114,-0.00010398729500593618,-0.0,0.0,1788854039.8509443
2521.3379999999997,-0.34594967530346094,-0.48001204023468413,0.24313895043996706,0.9474523552277223,2.8301920183850333,0.26030988862154797,1,3,0.7149881720542908,-1.1866900485805054,1.7035487333880823,-1.8632055721678675,-1.5290325323687952,-0.21472007433046514,0.017371630296111107,2.1781615942018107e-05,-0.05981631204485893,-1.4029422628599768e-18,-0.0,0.0,1788854039.9508517
2521.438,-0.3476233953914897,-0.4825704833328629,0.24729880556849404,0.9471041907939471,2.8368466105655883,0.2480418405595701,1,3,0.7164243459701538,-1.1866193574718018,1.693488899861471,-1.8631612263121546,-1.5289977232562464,-0.21472388902773076,0.0038069882430136204,0.000466552417492494,-0.14078812301158905,-0.0,-0.0,0.0,1788854040.0508916
2521.538,-0.35140106686721817,-0.48600781843411517,0.25429300213985573,0.9495755970991661,2.8466908674188813,0.2273632848337018,1,3,0.7166234850883484,-1.1864925187877198,1.676722828541891,-1.8630701504149378,-1.5290420691119593,-0.21470767656435186,0.0027133096009492874,0.0016392689431086183,-0.1662953495979309,0.000442477990873158,-0.0,0.0,1788854040.1509116
2521.638,-0.353162394136938,-0.4895039862496162,0.25965744204816993,0.9480249065990352,2.8554291140891483,0.2117336787172734,1,3,0.719148576259613,-1.186092571621277,1.6635726133929651,-1.8629609547057093,-1.5290973822223108,-0.2147429625140589,0.051371145993471146,0.0036360432859510183,-0.09342122077941895,0.0005558269331231713,-0.00013563850370701402,0.0,1788854040.2509012
2521.738,-0.35093773678354756,-0.4934379390047353,0.26239056158523083,0.9384637334801997,2.8630479931839234,0.20435560834967584,1,3,0.7266491651535034,-1.1859523814967652,1.657006565724508,-1.8629223308958949,-1.5290692488299769,-0.21473580995668584,0.09238165616989136,0.0018621201161295176,-0.05932755395770073,9.500228043179959e-05,-7.574202754767612e-05,0.0,1788854040.3509078
2521.8379999999997,-0.3477386651438511,-0.49768094887589975,0.2644777949146498,0.9265668758355384,2.8705846060817475,0.1988586954033217,1,3,0.7356094121932983,-1.185458020572998,1.651478115712301,-1.8628832302489222,-1.52907640138735,-0.2147277037249964,0.0707966759800911,0.006083470303565264,-0.0416266955435276,0.00011138423724332824,-0.0,0.0,1788854040.4509041
2521.938,-0.3460507224161853,-0.4997623592664528,0.2654816454801312,0.9205118983007557,2.87429375110032,0.19618658039566825,1,3,0.7401268482208252,-1.1852916044047852,1.6489346663104456,-1.8629261455931605,-1.5290730635272425,-0.21473580995668584,0.035267967730760574,0.00020470513845793903,-0.02818148024380207,8.674454931051375e-24,-0.0,0.0,1788854040.5510974
2522.038,-0.3447382290760037,-0.5027452567326917,0.26737150210757554,0.9138468507236464,2.8796031177299266,0.19072062529148281,1,3,0.7453292012214661,-1.1843049389174958,1.643203083668844,-1.8628436527647914,-1.5291021505938929,-0.21471149126161748,0.06511273235082626,0.01863303780555725,-0.09534338116645813,0.0004203946446068585,-0.00011851710587507114,0.0,1788854040.6508784
2522.138,-0.3443728228316308,-0.5084407826422532,0.272567295289435,0.9051024511225229,2.8904589472480686,0.1749336942825547,1,3,0.7527332305908203,-1.1818981629661103,1.6279681364642542,-1.8627873859801234,-1.5290935675250452,-0.21472388902773076,0.08578042685985565,0.03448192775249481,-0.2263827621936798,0.0007117482018657029,-7.161543908296153e-05,0.0,1788854040.7508242
2522.238,-0.34620791260078265,-0.5172849010565568,0.28230002134206483,0.8960299025618835,2.907630366277808,0.14493095697643213,1,3,0.7612984776496887,-1.1769758623889466,1.5990961233722132,-1.8625074825682582,-1.5291174093829554,-0.2147467772113245,0.09008853137493134,0.07403258234262466,-0.35043105483055115,0.0032996393274515867,-1.5265103367452873e-16,0.0,1788854040.850869
2522.3379999999997,-0.35122654127941977,-0.5271288012979044,0.2933368557678218,0.8911852730912418,2.925302745124122,0.10850060384975758,1,3,0.7672039866447449,-1.1674579244903107,1.5614026228534144,-1.8624149761595667,-1.5290783087359827,-0.21470433870424444,0.002816819818690419,0.10474693030118942,-0.38652944564819336,0.0004677714314311743,-0.0,0.0,1788854040.950807
2522.438,-0.35934207975252647,-0.534932095567579,0.3022823335279653,0.8942528729513152,2.9379299044822362,0.07613668060117185,1,3,0.7671643495559692,-1.1545995634845276,1.5240753332721155,-1.8624307117857875,-1.5291131178485315,-0.21472007433046514,-5.457281076814979e-05,0.15251900255680084,-0.341957688331604,0.00016240263357758522,-0.0,0.0,1788854041.0508647
2522.538,-0.365843658832562,-0.5416052112038051,0.3069569622080424,0.8955045089510926,2.9459919335274907,0.05544566644553126,1,3,0.7675992250442505,-1.1403101247600098,1.494169060383932,-1.8623830280699671,-1.5291174093829554,-0.21469623247255498,0.014264368452131748,0.14375294744968414,-0.27091625332832336,0.00019707447791006416,-1.2062919133159632e-15,0.0,1788854041.150816
2522.638,-0.3713087846226611,-0.5488310888014243,0.30879464372768595,0.8935418720661291,2.9523323419714456,0.041181549657353815,1,3,0.7697368264198303,-1.1229836505702515,1.4660924116717737,-1.8623706303038539,-1.5290935675250452,-0.21472388902773076,0.007030182052403688,0.19559229910373688,-0.29633909463882446,0.00015467069169972092,-0.0,0.0,1788854041.2508445
2522.738,-0.37809848395919227,-0.5554424033250652,0.3094080091324243,0.8945081012237661,2.9568236592040686,0.029000453626571165,1,3,0.7697404623031616,-1.1037392181209107,1.4377458731280726,-1.862352033654684,-1.5290783087359827,-0.2147429625140589,0.0,0.19238442182540894,-0.2843448519706726,8.138720295391977e-05,-0.0,0.0,1788854041.3508453
2522.8379999999997,-0.3843602048885428,-0.5615516159394939,0.3099523074305215,0.8954367156802252,2.961065089995829,0.017360279698556323,1,3,0.7697561383247375,-1.0858605963042756,1.4112451712237757,-1.8623916111388148,-1.5290730635272425,-0.21473580995668584,0.0,0.1584908664226532,-0.23706628382205963,1.8115157157466558e-35,-0.0,0.0,1788854041.4507895
2522.938,-0.3884379888007169,-0.5654428690062769,0.311300515568243,0.8964000738576363,2.964583082370977,0.007423741715442901,1,3,0.7696734070777893,-1.0753281277469178,1.3933375517474573,-1.8623877964415492,-1.5290730635272425,-0.21471149126161748,-0.00013742719602305442,0.07005076855421066,-0.12643887102603912,0.0,-0.0,0.0,1788854041.5508137
2523.038,-0.38999668137723303,-0.5670044841677309,0.3129246759047782,0.8968354401174758,2.9669041977782467,0.0010289004072887523,1,3,0.76972496509552,-1.0722661477378388,1.385495964680807,-1.8623553715147914,-1.5290973822223108,-0.21472388902773076,-3.0237355531426147e-05,0.005408444441854954,-0.03554693982005119,0.0,-4.345545676187612e-06,0.0,1788854041.6508129
2523.138,-0.39019187625549817,-0.5672373308106707,0.31240897238533294,0.8966575154894829,2.9666588631239788,0.001966048793276995,1,3,0.769776463508606,-1.0710746806911011,1.3848603407489222,-1.86224426845693,-1.5291402975665491,-0.2147467772113245,0.0003629215934779495,0.036633264273405075,-2.886591391870752e-05,0.0007946366677060723,-0.0,0.0,1788854041.7508152
2523.238,-0.39099738531968997,-0.5679551494140147,0.30759115359161054,0.8959744516866,2.9632109583392734,0.011592415079820248,1,3,0.7697010040283203,-1.063902811413147,1.384798828755514,-1.862227579156393,-1.5291250387774866,-0.21472388902773076,5.5494183470727876e-05,0.11602789908647537,-0.00030720385257154703,0.00020732622942887247,-0.0,0.0,1788854041.8508148
2523.3379999999997,-0.39236541964607474,-0.5692290770073781,0.2986675633216926,0.894529354019073,2.9568048360469037,0.029324530858266484,1,3,0.7696291208267212,-1.0507015150836487,1.3847678343402308,-1.8622247181334437,-1.5290892759906214,-0.21472007433046514,-0.00027676468016579747,0.13013701140880585,-8.068606985034421e-05,6.27547997282818e-05,-0.0,0.0,1788854041.950753
2523.438,-0.39342573476015513,-0.5702650847883797,0.2910991963541647,0.8931725573248223,2.9513471377792198,0.04419704488494271,1,3,0.7696206569671631,-1.039538936024048,1.3847625891314905,-1.8622800312437953,-1.5290373007403772,-0.21473962465395147,-0.0003638518101070076,0.09189535677433014,-0.0002730728010646999,4.5850485752708015e-42,-0.0,0.0,1788854042.050761
2523.538,-0.3941000314811538,-0.5708060107137143,0.28674541333649906,0.8925981840685219,2.9481563383195803,0.052698975093443685,1,3,0.7694961428642273,-1.033062295322754,1.384660545979635,-1.8623043499388636,-1.5290373007403772,-0.2147310415851038,-0.0005044754943810403,0.03512214496731758,-0.0021738342475146055,0.0,-0.0,0.0,1788854042.1507926
2523.638,-0.3942726527105051,-0.5709563642295633,0.28592102485595156,0.8925149682237127,2.9475726245034615,0.05423201033253376,1,3,0.7694770097732544,-1.0316898387721558,1.384421173726217,-1.8622919521727503,-1.5290373007403772,-0.21471149126161748,-7.858860772103071e-05,0.0016274654772132635,-0.004842783324420452,0.0,-0.0,0.0,1788854042.2508025
2523.738,-0.39450529798334244,-0.5710873685995844,0.28630244617236794,0.8927433253243036,2.9479453842493437,0.05310313380920112,1,3,0.7693763375282288,-1.031590299015381,1.3834403196917933,-1.862249036828512,-1.5290334860431116,-0.21472388902773076,-0.004729852080345154,0.003078045789152384,-0.010664507746696472,0.0,-0.0,0.0,1788854042.3507943
2523.8379999999997,-0.39517445133168827,-0.5707463537977042,0.28639378541621463,0.8943316985850526,2.9475793526317697,0.052697110120422545,1,3,0.7683313488960266,-1.031478838329651,1.3830817381488245,-1.8622647724547328,-1.5290253798114222,-0.21470767656435186,-0.02063584141433239,0.0016533366870135069,-0.000395944167394191,0.0,-0.0,0.0,1788854042.4507968
2523.938,-0.39634120334686557,-0.5699576868660186,0.28632793382836114,0.897281840927044,2.9466387180170432,0.052746221599010074,1,3,0.7663135528564453,-1.031369761829712,1.3830645720111292,-1.8622714481749476,-1.5290654341327112,-0.2147153059588831,-0.010350555181503296,0.002175617264583707,-0.00010340712469769642,0.0,-0.0,0.0,1788854042.550694
2524.038,-0.39700591476434327,-0.5695006626358521,0.2862900980115286,0.8990173570719243,2.9460421205565273,0.052764226755666145,1,3,0.7651505470275879,-1.031318263416626,1.3830693403827112,-1.8622647724547328,-1.5290492216693323,-0.21468907991518194,-0.011170019395649433,0.00011597426055232063,-1.440660507556757e-10,0.0,-0.0,0.0,1788854042.6507835
2524.138,-0.39829172593744006,-0.5686103610099469,0.2862170396065977,0.9022294639491594,2.9449619111414305,0.05286131044431336,1,3,0.7629024982452393,-1.0312188428691407,1.3830726782428187,-1.8622247181334437,-1.5290687719928187,-0.21473962465395147,-0.03911371901631355,0.0019696010276675224,-0.0,0.0,-0.0,0.0,1788854042.7506616
2524.238,-0.40082944770761986,-0.566963287280652,0.28558971994635274,0.908528142765999,2.9424804571427154,0.05393645996656361,1,3,0.7585850358009338,-1.030288652782776,1.3830540815936487,-1.862199445764059,-1.5291045347796839,-0.21468907991518194,-0.03344207629561424,0.02216270938515663,-0.0,0.00036148735671304166,-0.0,0.0,1788854042.850764
2524.3379999999997,-0.4019251793632623,-0.566920175593832,0.2821618852759328,0.9095714649588351,2.9393650405984832,0.060582060610959394,1,3,0.7574220299720764,-1.0252551597407837,1.3830440680133265,-1.8621651134886683,-1.52905780473818,-0.21469623247255498,-0.0004003465874120593,0.07621894031763077,-0.0,0.00011334367445670068,-0.0,0.0,1788854042.9507554
2524.438,-0.4027795258387262,-0.56759638217305,0.2758429402633965,0.9085690159480334,2.9346183047587386,0.0728327080330666,1,3,0.7572696805000305,-1.016021506195404,1.3830974737750452,-1.8622118435301722,-1.5290301481830042,-0.21472007433046514,-0.005907166283577681,0.10574722290039062,-0.0,3.517526710444113e-13,-0.0,0.0,1788854043.050783
2524.538,-0.4037406198468554,-0.5683789965706685,0.268207590566717,0.9073672037998214,2.928842582460933,0.08761732173186444,1,3,0.7571258544921875,-1.0048571986011048,1.383115593587057,-1.8622285328307093,-1.5290291945086878,-0.21469289461244756,-0.0001867105602286756,0.1158541664481163,-0.0,1.177351247836978e-21,-0.0,0.0,1788854043.1506953
2524.638,-0.4047971556882832,-0.5688358876720316,0.2614780418133472,0.9068541667538204,2.923500955191971,0.10050210753396785,1,3,0.7565383911132812,-0.995031551723816,1.3831341902362269,-1.8622681103148402,-1.529001537953512,-0.21473962465395147,-0.01187322661280632,0.08166796714067459,6.178429434733346e-10,0.0,-0.0,0.0,1788854043.2507339
2524.738,-0.40618181064925885,-0.5683434167990209,0.2587956686591741,0.9091365630643157,2.92057690124135,0.10549191187837696,1,3,0.7546284198760986,-0.9910583061030884,1.3830507437335413,-1.862290998498434,-1.5290215651141565,-0.21472388902773076,-0.021331489086151123,0.002076889155432582,-0.0,0.0,-0.0,0.0,1788854043.350634
2524.8379999999997,-0.4069115774846539,-0.5678075351170077,0.2587975971834458,0.9109973781684946,2.9199457626067487,0.10548106102440552,1,3,0.7533321976661682,-0.9910773795894166,1.3830660025226038,-1.86224426845693,-1.5290411154376429,-0.21473580995668584,-0.006732150912284851,-2.371865629368432e-17,-0.0,0.0,-0.0,0.0,1788854043.4506612
2524.938,-0.40697010798321814,-0.5677588917286832,0.25871326473721296,0.9111185474977629,2.9198246306465285,0.10570580983619977,1,3,0.7532243728637695,-0.9909850519946595,1.3831055800067347,-1.8622094593443812,-1.52905780473818,-0.2147467772113245,-5.260607213131152e-05,0.0012157541932538152,9.498877625446767e-05,0.0,-0.0,0.0,1788854043.550724
2525.038,-0.4070031302318657,-0.5677513805974714,0.25849641436805,0.9111636252134679,2.919617756427761,0.10618408567073603,1,3,0.7531847953796387,-0.9906990093043824,1.3831451574908655,-1.8621770344176234,-1.5290687719928187,-0.21472388902773076,-3.206041219527833e-05,0.004058345686644316,9.519448212813586e-05,0.0,-0.0,0.0,1788854043.6507318
2525.138,-0.40711397314376296,-0.5678628573112189,0.25725711330214235,0.9109490001861785,2.9186468194308057,0.10857488531044959,1,3,0.7531896829605103,-0.9889195126346131,1.383188549672262,-1.862176080743307,-1.52905780473818,-0.21469623247255498,0.0,0.034809958189725876,9.49559616856277e-05,0.00018226768588647246,-0.0,0.0,1788854043.7506983
2525.238,-0.40744592110633243,-0.5681870516447083,0.25394043195614246,0.9102420622015336,2.9161269507076715,0.11488225453538732,1,3,0.7531968355178833,-0.9840507668307801,1.383141819630758,-1.8621841869749964,-1.5290420691119593,-0.21472388902773076,0.0,0.05980565398931503,-0.0,9.490420779911801e-05,-0.0,0.0,1788854043.8506892
2525.3379999999997,-0.4077618471391102,-0.5685359217163118,0.2502469404296642,0.9094086617934343,2.913343448869063,0.12190651843867831,1,3,0.7532485127449036,-0.978682355289795,1.383172337208883,-1.8622285328307093,-1.5290454069720667,-0.2147429625140589,0.0,0.052295949310064316,-9.86039449494172e-25,1.3878139999170592e-24,-0.0,0.0,1788854043.9506304
2525.438,-0.4081116154870006,-0.5688501918527031,0.24664247788521337,0.9087267635643336,2.910580419913201,0.1287075941184845,1,3,0.7532290816307068,-0.9734016817859192,1.3831327597247522,-1.8622714481749476,-1.5290444532977503,-0.21473962465395147,0.0,0.04605107381939888,-0.0,0.0,-0.0,0.0,1788854044.0506423
2525.538,-0.40830941756600597,-0.5690827997051267,0.2439916057472327,0.9081719815927917,2.9085083059814814,0.13376110522694917,1,3,0.7532724142074585,-0.9695601028255005,1.3831566015826624,-1.8622600040831507,-1.5290215651141565,-0.21470767656435186,2.3141827841081253e-27,0.03498059883713722,-0.0,7.435523388291329e-38,-0.0,0.0,1788854044.1506102
2525.638,-0.40838849464134325,-0.5691019580833219,0.24347589692518162,0.9081832135981941,2.908112663858095,0.1347177674944974,1,3,0.7532172203063965,-0.9688092035106202,1.3831632773028772,-1.8622991047301234,-1.529048267995016,-0.21468907991518194,0.0,-0.0010258968686684966,-0.0,0.0,-0.0,0.0,1788854044.2506585
2525.738,-0.40838131332958416,-0.5691151144835274,0.2434767105561862,0.9081039001325424,2.908103694036292,0.13468405237813574,1,3,0.7532327175140381,-0.9687972825816651,1.383141819630758,-1.862290998498434,-1.5290096441852015,-0.21472388902773076,0.0,7.45020734029822e-05,-0.0,0.0,-0.0,0.0,1788854044.3506203
2525.8379999999997,-0.4083956779734365,-0.5690908581140764,0.24346043707822657,0.9081525992073396,2.9080517309654508,0.13477100893772517,1,3,0.7531932592391968,-0.9687960904887696,1.3831689993487757,-1.8622528515257777,-1.529013458882467,-0.21472388902773076,0.0,4.854339567827992e-05,-0.0,0.0,-0.0,0.0,1788854044.4506364
2525.938,-0.40839756256785004,-0.5690931709772964,0.24344031405681626,0.9081712884152358,2.908024502084475,0.13481165766895045,1,3,0.7531932592391968,-0.9687649768641968,1.38316518465151,-1.8622476063170375,-1.5290096441852015,-0.21470767656435186,0.0,4.0014435307056636e-17,-0.0,0.0,-0.0,0.0,1788854044.550657
2526.038,-0.4084048159090374,-0.5690785986350995,0.24343241408170116,0.9081933216446356,2.9080117447806915,0.13486431792282658,1,3,0.7531728744506836,-0.9687685531428833,1.3831852118121546,-1.8622318706908167,-1.5290253798114222,-0.21471149126161748,-6.198712799232453e-05,-3.7792848161188886e-05,-0.0,0.0,-0.0,0.0,1788854044.6506622
2526.138,-0.4084216694524399,-0.5690662197728401,0.24340728196554923,0.9082117319615378,2.9079937527769193,0.13492877679320486,1,3,0.7531452178955078,-0.9687374395183106,1.3831928412066858,-1.8622285328307093,-1.5290411154376429,-0.21472388902773076,-0.00011462745897006243,-3.931069106236693e-33,-0.0,0.0,-0.0,0.0,1788854044.7506435
2526.238,-0.40853144946283193,-0.5689865377308798,0.24340836678220548,0.9085376227291546,2.9078770722438265,0.13490421916111797,1,3,0.7529497742652893,-0.9687410157969971,1.3831966559039515,-1.8622318706908167,-1.5290301481830042,-0.21469289461244756,-0.0039399839006364346,0.0,-0.0,0.0,-0.0,0.0,1788854044.8506272
2526.3379999999997,-0.4089056837129832,-0.5687295460964102,0.24326978328978305,0.9094169034333974,2.9074415277090235,0.13518689461244407,1,3,0.7523059844970703,-0.9685458701900025,1.3831966559039515,-1.862180849114889,-1.5290411154376429,-0.21470433870424444,-0.0074165575206279755,0.00466481177136302,-0.0,0.0,-0.0,0.0,1788854044.9505758
2526.438,-0.40936569150099966,-0.568438532751413,0.24319805370150238,0.910496356148264,2.9070588127088857,0.13514518575484583,1,3,0.7515386939048767,-0.9684021037868042,1.3831527868853968,-1.8622671566405238,-1.5290373007403772,-0.21472007433046514,-0.011743283830583096,0.0001376462896587327,1.0946012964772308e-31,0.0,-0.0,0.0,1788854045.0506167
2526.538,-0.40966421962577937,-0.5682198417578453,0.24321432035465743,0.911260862129976,2.9067782820746486,0.13508148235272993,1,3,0.7510061860084534,-0.968426064854004,1.3831489721881312,-1.86224426845693,-1.529013458882467,-0.21472007433046514,-0.0027738786302506924,-7.264588202815503e-05,-0.0,0.0,-0.0,0.0,1788854045.1505802
2526.638,-0.4099904913598573,-0.5679851689870835,0.24324709843818462,0.9120696129421398,2.9065413226904733,0.13493265239378588,1,3,0.7504320740699768,-0.9684692186168213,1.3831489721881312,-1.8622800312437953,-1.5290096441852015,-0.21473962465395147,-0.011439260095357895,-0.00012842484284192324,-4.989207809558138e-05,0.0,-0.0,0.0,1788854045.2505364
2526.738,-0.41115236039861136,-0.5671615491065441,0.2432685408928437,0.9150106713474931,2.905572296965529,0.13474548363600833,1,3,0.7484057545661926,-0.9684656423381348,1.3830936590777796,-1.8622719250121058,-1.5290291945086878,-0.2147310415851038,-0.01878957450389862,-3.932650724891573e-05,-0.00017098564421758056,0.0,-0.0,0.0,1788854045.3505487
2526.8379999999997,-0.4116334383356621,-0.566820501845759,0.24329458636551424,0.916238256634064,2.9051761166768792,0.1346151362320357,1,3,0.7475652694702148,-0.9684847158244629,1.3830655256854456,-1.8622762165465296,-1.5290253798114222,-0.21472388902773076,-0.0005588579224422574,0.0,-7.722291047684848e-05,0.0,-0.0,0.0,1788854045.4505308
2526.938,-0.4116438162092283,-0.5668088565137478,0.24326354709424652,0.9163089050644739,2.9051231566427753,0.13468546635176806,1,3,0.7475425601005554,-0.9684536021998902,1.3830869833575647,-1.8622752628722132,-1.5290253798114222,-0.21469289461244756,-8.958383841672912e-05,3.774614742724225e-05,-0.0,-2.6916338949356522e-11,-0.0,0.0,1788854045.5505602
2527.038,-0.41193364708222613,-0.5666005229367816,0.2432448402961782,0.9169943764900237,2.9048635341522475,0.13472538187933092,1,3,0.7470352649688721,-0.9684224885753174,1.3830741087542933,-1.8622404537596644,-1.5290373007403772,-0.21472007433046514,-0.011945178732275963,5.7292567362310365e-05,-0.0,-0.0,-0.0,0.0,1788854045.6505067
2527.138,-0.41276626184001314,-0.5659770344268105,0.243261485253492,0.9191073317093651,2.9041299593430994,0.1345843238354266,1,3,0.7455449104309082,-0.9684727948955079,1.3831160704242151,-1.862249036828512,-1.5290253798114222,-0.2147429625140589,-0.02452371083199978,0.0,-0.0,-0.0,-0.0,0.0,1788854045.7505605
2527.238,-0.4150371304434869,-0.5643257028021348,0.24326553436067316,0.9249014133643928,2.902124797229656,0.13428174756053865,1,3,0.7415393590927124,-0.9684571784785767,1.3830812613116663,-1.8622404537596644,-1.5290253798114222,-0.21472388902773076,-0.056021809577941895,0.0,-0.0,-0.0,-0.0,0.0,1788854045.8505387
2527.3379999999997,-0.4169048603409675,-0.5629608579750984,0.24302601253167294,0.9295894380306036,2.900329234101436,0.13458764621517602,1,3,0.7382504343986511,-0.9681385916522522,1.3831241766559046,-1.8622271023192347,-1.5290973822223108,-0.21472388902773076,0.003136826679110527,0.013481881469488144,-4.286331503449557e-26,-0.0,-0.0,0.0,1788854045.950517
2527.438,-0.41649902691452784,-0.5635416651969593,0.24109119851140082,0.9277059306418046,2.89931603396671,0.13831777411675564,1,3,0.7392684817314148,-0.9653090399554749,1.3830974737750452,-1.8622080288329066,-1.5290854612933558,-0.2147310415851038,0.008164112456142902,0.049919478595256805,-0.0,9.514753764960915e-05,-0.0,0.0,1788854046.050531
2527.538,-0.41651783914001045,-0.564246788675296,0.23563417448435386,0.925490922752333,2.895377176758501,0.148718514902899,1,3,0.7400009632110596,-0.9573923510364075,1.3831160704242151,-1.862168928185934,-1.5290892759906214,-0.21473580995668584,0.004109336528927088,0.1104847714304924,-0.0,7.373348489636555e-05,-0.0,0.0,1788854046.1505547
2527.638,-0.4171583847425298,-0.5653836000338255,0.23063912789557095,0.9237437106994383,2.892217777795857,0.15699075713052468,1,3,0.7405836582183838,-0.9485241931727906,1.3805983702289026,-1.862168928185934,-1.5290935675250452,-0.21472007433046514,0.0020427359268069267,-0.007907014340162277,-0.10298465192317963,9.10844001811131e-44,-0.0,0.0,1788854046.2504957
2527.738,-0.41988981199681896,-0.5678802228909037,0.23661556871538741,0.9256583992297454,2.899598654183575,0.13952883626014778,1,3,0.7405800223350525,-0.9485324186137696,1.3671301046954554,-1.8621961079039515,-1.529121224080221,-0.2147310415851038,-2.5248904015866705e-38,9.863590094028041e-05,-0.12050537765026093,1.8102254844228211e-34,-1.401298464324817e-45,0.0,1788854046.3505416
2527.8379999999997,-0.42169436795299625,-0.5696378550046711,0.24065376550079257,0.926787260738838,2.904591068612942,0.12767537404182777,1,3,0.7406915426254272,-0.9483397167972107,1.3577759901629847,-1.8621722660460414,-1.5291369597064417,-0.2147277037249964,0.001085901167243719,0.0011567908804863691,-0.05095851421356201,0.0,-6.504562770714983e-05,0.0,1788854046.450576
2527.938,-0.42187993268144636,-0.5698351565333505,0.24095002398592083,0.9268744407316866,2.904979013136606,0.1267525479835876,1,3,0.7407201528549194,-0.9481336039355774,1.3567779699908655,-1.8620921574034632,-1.5291369597064417,-0.21470767656435186,0.0005396328633651137,0.008815671317279339,-0.0,0.0025267961900681257,-0.0,0.0,1788854046.550521
2528.038,-0.4220221916059484,-0.5699914643388159,0.2389697029116188,0.926445249007646,2.9034149086276355,0.13053291120687383,1,3,0.7407432198524475,-0.9452910584262391,1.3567665258990687,-1.8620130024352015,-1.529121224080221,-0.21469289461244756,8.998542762128636e-05,0.046433694660663605,0.00011840999650303274,0.0002895676589105278,-0.0,0.0,1788854046.6505437
2528.138,-0.4224132897391611,-0.5704499618711889,0.23308279424804565,0.9250472930111252,2.898914671718526,0.14152153680192212,1,3,0.7408403158187866,-0.9368543189815064,1.3567917982684534,-1.862016340295309,-1.5291054884540003,-0.21472007433046514,0.006238659843802452,0.11519339680671692,0.00020809740817639977,0.00012760443496517837,-0.0,0.0,1788854046.750516
2528.238,-0.4224141290270719,-0.5709059910617339,0.22998999017424748,0.9237419312491904,2.896851631583922,0.14709795762462116,1,3,0.7413185834884644,-0.9322937291911622,1.3566225210772913,-1.8621398411192835,-1.529109303151266,-0.21472007433046514,0.0002547949552536011,-0.0233978983014822,-0.003382789669558406,-0.0010819695889949799,-1.4992223248723531e-22,0.0,1788854046.8505359
2528.3379999999997,-0.4218416870701886,-0.5712343772190371,0.2307401249267742,0.9225867987072613,2.897869121600117,0.1457483138501311,1,3,0.7422177791595459,-0.9333813947490235,1.3566425482379358,-1.862147947350973,-1.5290816465960901,-0.2147310415851038,0.017391474917531013,5.21326468981226e-40,0.00031134209712035954,-5.50699514860753e-05,-0.0,0.0,1788854046.9504516
2528.438,-0.42125447882774397,-0.5716681778846378,0.2307799440255294,0.9211048234935594,2.898431136527244,0.14571645337079045,1,3,0.7432453632354736,-0.9334328931621094,1.3566387335406702,-1.862173696557516,-1.529076878224508,-0.2147429625140589,0.0021412414498627186,0.0,0.00012928855721838772,-2.5173048392415805e-15,-0.0,0.0,1788854047.050504
2528.538,-0.4212767984959355,-0.5716463535823977,0.23078627403405522,0.9212242544924014,2.898419743700224,0.1456847566465655,1,3,0.7432021498680115,-0.9334532779506226,1.3566630522357386,-1.8622080288329066,-1.5290873686419886,-0.21470767656435186,6.707265856675804e-05,-0.00023020326625555754,7.288824752133179e-20,-0.0,-0.0,0.0,1788854047.150512
2528.638,-0.42127142392801037,-0.5716408196221542,0.23084037821374898,0.9212160787109003,2.898410234087391,0.1454655573248239,1,3,0.7431889772415161,-0.9335455459407349,1.3566973845111292,-1.8622628651061,-1.528999153767721,-0.2147277037249964,-0.00017252266115974635,-0.0001655629457673058,3.030470219385754e-27,-0.0,-0.0,0.0,1788854047.250501
2528.738,-0.42125789266482233,-0.5716553897555645,0.2310223719167526,0.921199201934019,2.898616314591725,0.14509649310708628,1,3,0.7432214021682739,-0.9337647718242188,1.3566353956805628,-1.8622833691039027,-1.5290253798114222,-0.21473962465395147,-1.0358200597693212e-05,-0.002199536422267556,2.9178178010624833e-05,-4.9775189836509526e-05,-0.0,0.0,1788854047.3504696
2528.8379999999997,-0.4212202939926856,-0.5715818046921477,0.23185443957953839,0.92145449795737,2.899250151771125,0.14351821980257745,1,3,0.7431817650794983,-0.9349642556956788,1.3566506544696253,-1.8623157940306605,-1.5290291945086878,-0.21472388902773076,0.0,-0.026471050456166267,4.203895392974451e-45,-0.00019210534810554236,-0.0,0.0,1788854047.4504263
2528.938,-0.4209170094929398,-0.5713628274937295,0.23544232651555386,0.9220813587047071,2.9020101144236814,0.1367706268646816,1,3,0.7432405352592468,-0.9401116532138367,1.356650177632467,-1.8623243770995082,-1.5289667288409632,-0.21473580995668584,0.0,-0.06773877143859863,-0.0,-9.217581828124821e-05,-0.0,0.0,1788854047.5504756
2529.038,-0.42052877377835113,-0.5709616568775314,0.2405894640010642,0.9231775380547725,2.9059518754271076,0.12722463887200686,1,3,0.743204653263092,-0.9475101989558716,1.3566506544696253,-1.8622733555235804,-1.5289977232562464,-0.21473962465395147,0.0,-0.06645325571298599,-0.0,-1.9732734650005993e-38,-0.0,0.0,1788854047.6504529
2529.138,-0.4202372801096376,-0.5706879653386311,0.2440381895287445,0.9239013848275959,2.908597045372717,0.12077917871045928,1,3,0.743205726146698,-0.9524782460979004,1.3566697279559534,-1.8622766933836878,-1.5290172735797327,-0.21472388902773076,0.0,-0.031996048986911774,-0.0,-0.0,-0.0,0.0,1788854047.7504122
2529.238,-0.4201866542476691,-0.5706357760373583,0.24448730812383626,0.9239945196140187,2.908927337406217,0.1199946546880365,1,3,0.7432020902633667,-0.9531631630710145,1.3567264715777796,-1.862256189385885,-1.5290291945086878,-0.21472388902773076,0.0,0.0007143784896470606,0.0008194065885618329,-0.0,-0.0,0.0,1788854047.8504076
2529.3379999999997,-0.4201699745167672,-0.5706415609895772,0.24452302282404736,0.9239608689439399,2.908958787478165,0.11995973720042861,1,3,0.7432249784469604,-0.9532134097865601,1.3567193190204065,-1.8622285328307093,-1.5290325323687952,-0.2147277037249964,-3.3142928338049414e-37,-1.8797934899339452e-05,0.00011804073437815532,-0.0,-0.0,0.0,1788854047.950473
2529.438,-0.4201676241078663,-0.5706307090169613,0.24445966849975603,0.9240047703564247,2.908869955432377,0.1201022491944528,1,3,0.7432141900062561,-0.9531582754901429,1.3567741552936,-1.8622237644591273,-1.5290215651141565,-0.21469623247255498,0.0,8.585549221606925e-05,0.00019262100977357477,1.288035780802805e-15,-0.0,0.0,1788854048.0504673
2529.538,-0.420082114628205,-0.5706882808274006,0.24441845132514428,0.9237489298606272,2.9089181537924533,0.12024003847182269,1,3,0.7433605790138245,-0.9531139892390748,1.3567917982684534,-1.8621961079039515,-1.5290373007403772,-0.21472007433046514,0.0017548645846545696,3.8511027099115996e-19,0.0002254304417874664,9.50649191509001e-05,-0.0,0.0,1788854048.150445
2529.638,-0.41996401787670745,-0.5707607057013533,0.24431641512234462,0.9234333370264355,2.9088924623207295,0.1205100605371235,1,3,0.7435498833656311,-0.9530110520175477,1.3568509260760706,-1.8621512852110804,-1.5290215651141565,-0.2147277037249964,0.0005618026480078697,0.00013311448856256902,0.0003252378955949098,0.000170373052242212,-0.0,0.0,1788854048.2504334
2529.738,-0.4198941659811101,-0.5707816397421406,0.2442706034572328,0.9232914207560786,2.908900551815974,0.12069653817907015,1,3,0.7436445951461792,-0.9530025881579895,1.3569343725787562,-1.862124582330221,-1.529053036366598,-0.21472388902773076,0.0001688294141786173,0.0003533366252668202,0.0001835418224800378,0.00010932789882645011,-0.0,0.0,1788854048.3504434
2529.8379999999997,-0.41989898239229334,-0.5707667304539848,0.24423912937299483,0.9233058981618114,2.908838943050513,0.12077787948785923,1,3,0.7436218857765198,-0.9529822629741211,1.3569696585284632,-1.8621069393553675,-1.5290373007403772,-0.2147277037249964,7.556438504252583e-05,0.0004449621483217925,0.00018265240942128003,9.159447654383257e-05,-0.0,0.0,1788854048.4504023
2529.938,-0.41978886970962126,-0.5708514105643495,0.24405189271108177,0.9230020992809093,2.9087790786965773,0.12120977623492674,1,3,0.7438207864761353,-0.9527476590922852,1.3570178190814417,-1.86207975963735,-1.529053036366598,-0.21471149126161748,0.00418365653604269,0.0012510111555457115,0.00024000718258321285,0.0002500662230886519,-0.0,0.0,1788854048.550432
2530.038,-0.4197438699977143,-0.5709001053591876,0.24406384830898714,0.9228961313773574,2.908814988368639,0.12116773857589784,1,3,0.7439132928848267,-0.9527356785586854,1.3569710890399378,-1.8620711765685023,-1.5290334860431116,-0.21469289461244756,0.000953192007727921,0.00010870894766412675,0.00010461264901096001,8.698800229467452e-05,-0.0,0.0,1788854048.6503565
2530.138,-0.4196872429947676,-0.5709290270385752,0.2440318119234508,0.9227092700070505,2.9088290068425384,0.12128897119543128,1,3,0.7439996004104614,-0.9527141016772767,1.357002083455221,-1.8620358906187953,-1.5290373007403772,-0.2147277037249964,0.00042553903767839074,0.0007208547904156148,7.302985696479175e-20,0.0003742871922440827,-0.0,0.0,1788854048.7504218
2530.238,-0.41970470926900927,-0.5709135448020839,0.24382266236135017,0.9226813173172784,2.9086151658342354,0.1218550655366307,1,3,0.7439695596694946,-0.9524519008449097,1.357037369404928,-1.8619123897948207,-1.5290616194354456,-0.21473962465395147,0.00012727748253382742,0.0014192401431500912,0.00048159726429730654,0.0010761816520243883,-0.0,0.0,1788854048.8504157
2530.3379999999997,-0.41967581296910567,-0.5709123727258505,0.2436511549108114,0.9226372986296938,2.9083831731996788,0.12234280463313005,1,3,0.7439923882484436,-0.9522686165622254,1.357109848652975,-1.8617803059019984,-1.5290334860431116,-0.21470767656435186,5.2721210522577167e-05,0.003245085244998336,0.0004909811541438103,0.0016173558542504907,-0.0,0.0,1788854048.9504051
2530.438,-0.4196669283827712,-0.570917674883457,0.2431832428913395,0.9224287412156633,2.9079202682144127,0.12359176957557454,1,3,0.7440091371536255,-0.9516734045794983,1.3571737448321741,-1.86149324993276,-1.529053036366598,-0.2147467772113245,0.0001864053774625063,0.009152510203421116,0.0005901483818888664,0.005350882653146982,-0.0,0.0,1788854049.050413
2530.538,-0.4197179854927399,-0.5709834336650434,0.2419380145544513,0.9221384896124107,2.906763372065231,0.12643214943893885,1,3,0.7440282106399536,-0.9499501150897522,1.3571937719928187,-1.8610640964903773,-1.5290563742267054,-0.21472007433046514,8.073487697402015e-05,0.028112607076764107,0.0015230238204821944,0.00695693027228117,-0.0,0.0,1788854049.1504123
2530.638,-0.41988816247134686,-0.5711688467249872,0.23923514526205228,0.9215049467836642,2.904521035394291,0.1318745767218267,1,3,0.7440521717071533,-0.9461225432208558,1.3572176138507288,-1.860727449456686,-1.5290334860431116,-0.21472388902773076,0.0003341233532410115,0.05518784373998642,0.0003380983544047922,0.0011309237452223897,-0.0,0.0,1788854049.2503846
2530.738,-0.42011216149387814,-0.5715070781438679,0.23533083139323707,0.9204884233130737,2.9015884593473893,0.13920099512042575,1,3,0.7441878318786621,-0.9405238193324585,1.3572333494769495,-1.8607241115965785,-1.5290411154376429,-0.21473962465395147,0.001405404764227569,0.06384259462356567,1.545898885524366e-05,8.473069465253502e-05,-0.0,0.0,1788854049.3503737
2530.8379999999997,-0.42009306241310457,-0.5720081576642797,0.23122039928718646,0.9189042375782656,2.8986526448860146,0.14697550264164178,1,3,0.744732141494751,-0.934651331310608,1.3572734037982386,-1.8606931171812953,-1.529053036366598,-0.21470767656435186,0.009740873239934444,0.047887060791254044,0.00011697286390699446,1.0665730149274387e-19,-0.0,0.0,1788854049.4503229
2530.938,-0.41957884909953314,-0.5725117102122247,0.2304671372727317,0.9172467300391628,2.898651422088861,0.14839817713025102,1,3,0.7457667589187622,-0.9335130614093323,1.3571904341327112,-1.8607288799681605,-1.5290802160846155,-0.2147277037249964,0.013152053579688072,-0.0015703041572123766,4.716430371999644e-20,0.0,0.0,0.0,1788854049.5503736
2531.038,-0.4187105133093346,-0.5731397902279988,0.23044432982225757,0.9151354267955868,2.899375783524688,0.14853239209123864,1,3,0.7472739219665527,-0.933501200085022,1.357230011616842,-1.8607636890807093,-1.5290730635272425,-0.21468907991518194,0.015972154214978218,-7.13661138433963e-05,-0.0,0.0,0.0,0.0,1788854049.6503563
2531.138,-0.41847838986129926,-0.5733076608117643,0.2304512324336706,0.9145275791346787,2.899547862756537,0.14856987744355046,1,3,0.7476732134819031,-0.9335083526423951,1.3572176138507288,-1.860720773736471,-1.5290454069720667,-0.21470767656435186,0.00011936492228414863,6.400544225471094e-05,-0.0,2.833092684461633e-34,0.0,0.0,1788854049.7503002
2531.238,-0.41848605859556204,-0.5732960891732227,0.2304744779299504,0.9145365140970703,2.899592369728611,0.14853437198660996,1,3,0.7476575374603271,-0.9335478705218812,1.357230011616842,-1.8607360325255335,-1.5290730635272425,-0.21472388902773076,-3.98942174797412e-05,0.0,-0.0,0.0,0.0,0.0,1788854049.8503616
2531.3379999999997,-0.4184911505296724,-0.5732838621754254,0.23046498461381065,0.9146128673372214,2.8995211780179844,0.1485239011716684,1,3,0.7476335763931274,-0.933552698498108,1.3572610060321253,-1.8607446155943812,-1.5290301481830042,-0.21468907991518194,-7.454163696886396e-14,-0.001642283285036683,-0.0,0.0,0.0,0.0,1788854049.9503539
2531.438,-0.41854968795968295,-0.5732368311357163,0.23062027341201236,0.9147728385597107,2.8996294646756504,0.14814575793856224,1,3,0.7475269436836243,-0.9337598842433472,1.357248608266012,-1.8608080349364222,-1.5290291945086878,-0.21471149126161748,-0.00019782822346314788,-0.006422289647161961,-0.0,1.632984760495317e-16,0.0,0.0,1788854050.0502868
2531.538,-0.41851771612885014,-0.5732282343382675,0.2310970282055961,0.9148558583456033,2.9000333316279328,0.14713023077314502,1,3,0.7475461959838867,-0.9344140452197571,1.3572176138507288,-1.8608914814391078,-1.5290053526507776,-0.21470767656435186,-5.481453990796581e-05,-0.01629197783768177,-0.0,-0.00021971776732243598,0.0,0.0,1788854050.1503296
2531.638,-0.4184919735734459,-0.5731850919997401,0.23160608906646518,0.9149590650164477,2.900392269640645,0.14616623541805776,1,3,0.7475220561027527,-0.9351460498622437,1.3572176138507288,-1.8608795605101527,-1.5289738813983362,-0.2147277037249964,-0.00012884200259577483,-0.00043977753375656903,-0.0,-3.1615825288754124e-20,0.0,0.0,1788854050.250283
2531.738,-0.41849234238687333,-0.5731196280222298,0.23215111066436034,0.9151652744551255,2.900759933473173,0.14512496238064237,1,3,0.747450053691864,-0.9359283012202759,1.3572176138507288,-1.8608795605101527,-1.528950039540426,-0.2147310415851038,-0.0019529052078723907,-0.014369020238518715,-0.0,-0.0,0.0,0.0,1788854050.3503234
2531.8379999999997,-0.4192028577017871,-0.5724209704048931,0.23360447050182997,0.9175775568576604,2.9011957480639503,0.1422947153343554,1,3,0.7460269927978516,-0.938020185833313,1.3572333494769495,-1.8609191379942835,-1.5289800802813929,-0.21468907991518194,-0.015413910150527954,-0.027236349880695343,-0.0,-0.0,0.0,0.0,1788854050.4502773
2531.938,-0.41966661992282167,-0.5719368092678115,0.23470509598647263,0.9191102910018917,2.9015089680237907,0.14014561793901434,1,3,0.7450557947158813,-0.9396110338023682,1.3572447935687464,-1.8608914814391078,-1.5289104620562952,-0.21473962465395147,-0.00045900934492237866,-0.018913015723228455,-0.0,-0.0,0.0,0.0,1788854050.5503206
2532.038,-0.41964488807132866,-0.57193951900459,0.23493295401309827,0.919124798711078,2.9017333711007667,0.13970238804864293,1,3,0.7450833320617676,-0.9399140638164063,1.3572104612933558,-1.860910554925436,-1.528933350239889,-0.21473962465395147,-1.378657685036721e-39,-0.002410287270322442,-0.0,-0.0,0.0,0.0,1788854050.650311
2532.138,-0.4196523647298109,-0.571879536450309,0.23529553855770147,0.9193339460691435,2.9019492553725112,0.1390316690760793,1,3,0.7450115084648132,-0.9404483598521729,1.357230011616842,-1.86090149501943,-1.5289214293109339,-0.2147153059588831,-0.0008712882990948856,-0.015581399202346802,-0.0,-0.00011075346264988184,3.9264215424217645e-25,0.0,1788854050.7503016
2532.238,-0.4195325026401472,-0.5717683999101836,0.23701183832861902,0.9196833562617203,2.9032945330027706,0.13567549237514495,1,3,0.7450078725814819,-0.9428911370090027,1.3572142759906214,-1.8609997234740199,-1.5288856665240687,-0.21472388902773076,-8.156189869623631e-05,-0.04174672067165375,-0.0,-0.0003426893672440201,9.515882265986875e-05,0.0,1788854050.8502874
2532.3379999999997,-0.4191521563460307,-0.5713437899462802,0.2422332980078588,0.9208692294251936,2.9072543208850843,0.12589631486267236,1,3,0.7449359893798828,-0.9503959578326722,1.3572142759906214,-1.8609925709166468,-1.528881851826803,-0.21470767656435186,-0.0036321040242910385,-0.10900123417377472,-1.049462935043266e-05,-0.0002766858378890902,6.658053462160751e-05,0.0,1788854050.9502974
2532.438,-0.4184857557894372,-0.5705336478642284,0.250878697142321,0.922898578975754,2.9137126727048916,0.10975287741344475,1,3,0.744744062423706,-0.9628735345653077,1.3572576681720179,-1.8609124622740687,-1.5289095083819788,-0.21469289461244756,-0.0030441987328231335,-0.12704740464687347,6.055998892406933e-05,-3.825958729579589e-21,4.983268900239365e-37,0.0,1788854051.050257
2532.538,-0.4180247779802132,-0.5696695004282273,0.25818497630788295,0.9249791659003219,2.9189705383729168,0.09600511351625,1,3,0.744288444519043,-0.9734364908984681,1.3572981993304651,-1.8608466587462367,-1.5289137999164026,-0.21470767656435186,-0.0008355789468623698,-0.07102569192647934,0.00047091508167795837,0.0003435105027165264,0.0,0.0,1788854051.15027
2532.638,-0.41785957619288167,-0.569490964872719,0.25888878048519987,0.9251378737903919,2.9194101005260515,0.09500775192912074,1,3,0.7442693710327148,-0.9747451704791565,1.3577283064471644,-1.8607570133604945,-1.5289657751666468,-0.2147000471698206,-0.0001228225592058152,0.007771154399961233,0.023482730612158775,0.00040701046236790717,0.0,0.0,1788854051.2502663
2532.738,-0.41721186720419057,-0.5688915750922947,0.2572697791073673,0.9246739327981945,2.917576675169461,0.09962552305570127,1,3,0.7442693114280701,-0.974681631927826,1.3612044493304651,-1.860784193078512,-1.5289738813983362,-0.21469623247255498,-5.165746188140474e-05,-0.00014908761659171432,0.01926099695265293,0.00011520729458425194,0.0,0.0,1788854051.3502707
2532.8379999999997,-0.41676118862325917,-0.5685672581809019,0.2561860109120061,0.9241652076283184,2.9164241029826443,0.10285235112033683,1,3,0.744376003742218,-0.9744997781566163,1.3632882277118128,-1.860631605187887,-1.5290373007403772,-0.21472388902773076,0.00017827819101512432,0.001625188859179616,0.033313605934381485,0.0046478863805532455,0.0,0.0,1788854051.4502385
2532.938,-0.4156887300031932,-0.5675808346455264,0.25291295153295235,0.9232473184586725,2.912786248907319,0.11189180496219543,1,3,0.7443805932998657,-0.9736110132983704,1.3691418806659144,-1.8604756794371546,-1.5290411154376429,-0.21470767656435186,7.846557127777487e-05,0.0009066893835552037,0.07225316762924194,0.0001390145334880799,0.0,0.0,1788854051.550203
2533.038,-0.4141592985820447,-0.5661872004412264,0.2493422458951669,0.9221372734430862,2.9085633689807113,0.12220958444206163,1,3,0.744396448135376,-0.9735668462565918,1.3770101706134241,-1.8604723415770472,-1.5290096441852015,-0.21470767656435186,0.00015522795729339123,0.0014858791837468743,0.08175241947174072,6.555637082783505e-05,0.0,0.0,1788854051.650242
2533.138,-0.41309123789003555,-0.5651837115672268,0.24684369823756167,0.9213873391767033,2.9056070678573604,0.12944864273166318,1,3,0.7443805932998657,-0.9735356730273743,1.3825410048114222,-1.8604895077147425,-1.5290253798114222,-0.2147153059588831,5.098992187413387e-05,5.855116978636943e-05,0.0063513354398310184,0.0,0.0,0.0,1788854051.750227
2533.238,-0.4131330749670486,-0.5652122844517233,0.24696259981406826,0.921412899877985,2.905774154053003,0.12900515354269793,1,3,0.7443675398826599,-0.9735955160907288,1.38239032426943,-1.860607763329977,-1.5290096441852015,-0.21473962465395147,-0.00015878882550168782,1.9272923964308575e-05,-0.00036226955126039684,-0.00015009842172730714,0.0,0.0,1788854051.8502305
2533.3379999999997,-0.41314084850054644,-0.5652026335840028,0.2469916642280468,0.9214421629862588,2.905768444738761,0.12897155783846528,1,3,0.744348406791687,-0.9736339014819642,1.382378403340475,-1.860577245751852,-1.529001537953512,-0.21473962465395147,-7.025396917015314e-05,7.082653610268608e-05,-0.0003801095299422741,-5.626283018500544e-05,0.0,0.0,1788854051.9501834
2533.438,-0.4131667528750804,-0.5652512107609204,0.24705699044295604,0.9214514945411335,2.9058865840467436,0.1287501762756509,1,3,0.7443770170211792,-0.9736027282527466,1.3821890989886683,-1.860601087609762,-1.5290172735797327,-0.21472388902773076,-1.1541832214360254e-13,1.764314836686932e-16,-0.0036208974197506905,-0.0,0.0,0.0,1788854052.0502248
2533.538,-0.41324693206142843,-0.5653984056063265,0.24737432637709944,0.9214214871794717,2.9062977340123317,0.12788116903182295,1,3,0.74445641040802,-0.9736410540393372,1.38153583208193,-1.8605853519835414,-1.5290253798114222,-0.2147310415851038,0.00023376502213068306,0.0,-0.0008718007011339068,-0.0,0.0,0.0,1788854052.1502142
2533.638,-0.41318620305606135,-0.56547233688103,0.24737841397869542,0.9212409439036204,2.906401448922337,0.1278003712064671,1,3,0.7445953488349915,-0.9736027282527466,1.3814776579486292,-1.8606354198851527,-1.5290253798114222,-0.21472388902773076,0.001765475724823773,-2.083834512537363e-39,-0.0004244961019139737,-0.0,0.0,0.0,1788854052.2501822
2533.738,-0.4131025562748528,-0.5655515910211879,0.24740800850154732,0.9209963951840245,2.906527647783549,0.12774999230749431,1,3,0.7447643876075745,-0.9736063641360779,1.3814147154437464,-1.8606234989561976,-1.5290373007403772,-0.2147310415851038,0.001053262734785676,0.0,-0.00030629351385869086,-0.0,0.0,0.0,1788854052.3502088
2533.8379999999997,-0.4128934774685433,-0.5657119989812963,0.2473433546352306,0.920443849874373,2.906659689139474,0.12802073415921503,1,3,0.7451480031013489,-0.9735032481006165,1.3813827673541468,-1.8605324230589808,-1.529076878224508,-0.21472007433046514,0.0060164304450154305,0.0008825358236208558,-0.000111039997136686,-5.727106823695527e-41,-2.509624497024046e-24,0.0,1788854052.4501283
2533.938,-0.4128514570426344,-0.5657822912023327,0.24693070595084232,0.9201810091167195,2.9063441995089354,0.12885100136497435,1,3,0.7452596426010132,-0.9729358118823548,1.3814261595355433,-1.8604933224120082,-1.5290454069720667,-0.21472388902773076,6.014745304128155e-05,0.009342808276414871,-8.572305924079985e-25,-0.0,-0.0,0.0,1788854052.5501907
2534.038,-0.41297395894435934,-0.5658631024024222,0.24587192843535594,0.920019213401209,2.9055201106127786,0.13081838532383502,1,3,0.7452237606048584,-0.9713754218867798,1.3814004103290003,-1.8605171642699183,-1.5290454069720667,-0.21472388902773076,1.1260409337410238e-05,0.026503248140215874,-0.0,-0.0,-0.0,0.0,1788854052.6501513
2534.138,-0.4131562085713084,-0.5660408854767659,0.24355063385146786,0.9195472583828495,2.9037155847030043,0.13529994279967164,1,3,0.7452356815338135,-0.9680367869189759,1.3814533392535608,-1.8604895077147425,-1.529076878224508,-0.21470767656435186,0.0,0.03343066945672035,-0.0,-0.0,-0.0,0.0,1788854052.7500892
2534.238,-0.41343875403704095,-0.5662956915486274,0.2403922768146587,0.9188922335999941,2.9012409477525294,0.14119430725678594,1,3,0.7452201843261719,-0.96341826141391,1.3814190069781702,-1.8605205021300257,-1.5290420691119593,-0.21472388902773076,0.0,0.054948192089796066,-0.0,0.0,-0.0,0.0,1788854052.850093
2534.3379999999997,-0.4137251389853352,-0.5665812548616628,0.23674278443065017,0.9181502104966603,2.8983725123032307,0.14811557907280268,1,3,0.7452392578125,-0.9581013482860108,1.3813918272601526,-1.8604895077147425,-1.5290492216693323,-0.21469289461244756,0.0,0.04701044037938118,-0.0,0.0,-0.0,0.0,1788854052.9501646
2534.438,-0.41395801522481146,-0.5667476855361514,0.2341693942787802,0.9176472657771648,2.896360910962627,0.15289275546402908,1,3,0.7451841831207275,-0.954360620384552,1.3813985029803675,-1.8605486355223597,-1.5290492216693323,-0.2147277037249964,-0.0001294959947699681,0.02084031142294407,-0.0,0.0,-0.0,0.0,1788854053.0501714
2534.538,-0.41400601368354606,-0.5667605714941619,0.23389510317442774,0.9176698680147003,2.896110219786967,0.15338357852262546,1,3,0.7451480031013489,-0.9539403480342408,1.3813636938678187,-1.860544820825094,-1.5290334860431116,-0.21470767656435186,-0.00018580886535346508,0.00012349461030680686,-0.0008642466273158789,0.0,-0.0,0.0,1788854053.1501708
2534.638,-0.41399574412789636,-0.5667760578407712,0.23388462149326752,0.9176053199464648,2.8961286774242843,0.1534108198470644,1,3,0.7451757192611694,-0.9539128106883545,1.3813427130328577,-1.8605357609190882,-1.5290411154376429,-0.21472388902773076,-1.3480746019922663e-05,0.00018370867474004626,-0.00013325717009138316,0.0,-0.0,0.0,1788854053.2501497
2534.738,-0.4139977742829128,-0.5667739660354936,0.23385238989359663,0.917631263817478,2.8960897443192004,0.153492955613061,1,3,0.7451720833778381,-0.953872100715973,1.3813498655902308,-1.8605238399901332,-1.5290454069720667,-0.21470433870424444,0.0,0.00022883193742018193,-0.0008040932007133961,2.24110055763038e-38,-0.0,0.0,1788854053.3500876
2534.8379999999997,-0.4142000075406473,-0.5670897517045148,0.2344879691309283,0.9176569113071497,2.8969683530254775,0.1516781916154476,1,3,0.7453147768974304,-0.9539007109454651,1.3799613157855433,-1.8605410061278285,-1.5290840307818812,-0.21468907991518194,0.0003102306800428778,-3.338854730827734e-05,-0.02781185694038868,0.0,-0.0,0.0,1788854053.4500742
2534.938,-0.41515376924527053,-0.5679170538783981,0.2365380227770164,0.918320790681927,2.8994155905790118,0.14561634983521254,1,3,0.7452465295791626,-0.9539318841746827,1.375392262135641,-1.8605686626830042,-1.5290182272540491,-0.21473962465395147,0.0,-6.165825220345548e-30,-0.0667913481593132,0.0,-0.0,0.0,1788854053.5501332
2535.038,-0.41685581071113226,-0.5694526981582869,0.24030572039326792,0.919623720754296,2.9039788203808095,0.13467966712996896,1,3,0.7452117204666138,-0.9539439839175721,1.3669450918780726,-1.860556264916891,-1.5290654341327112,-0.21469289461244756,0.0,-3.1487564686210894e-30,-0.08925764262676239,0.0,-0.0,0.0,1788854053.650132
2535.138,-0.41833693270278877,-0.5707506818722674,0.243544519198384,0.9206645130847456,2.907846918481212,0.12524898073261054,1,3,0.7451361417770386,-0.9538971346667786,1.3596246878253382,-1.8605205021300257,-1.5290730635272425,-0.21473962465395147,-0.0003749511670321226,0.0,-0.04516841843724251,0.0,-0.0,0.0,1788854053.7499225
2535.238,-0.4185220596597338,-0.5709427946921819,0.2439466330308071,0.9207793727803564,2.9083191458931656,0.1240745557309576,1,3,0.745156466960907,-0.9538288873485108,1.3586128393756312,-1.8604723415770472,-1.5290616194354456,-0.21472388902773076,-9.549313836032525e-05,0.0013913726434111595,-0.0,0.0006933074328117073,-0.0,0.0,1788854053.8500981
2535.3379999999997,-0.4184938608328045,-0.5709497629146977,0.24391697788967853,0.9207385400794558,2.9082732101835664,0.12421592681381866,1,3,0.7451913952827454,-0.9538086217692872,1.3586352507220667,-1.8604093990721644,-1.5290616194354456,-0.21470767656435186,0.0,0.00015978935698512942,9.440281428396702e-05,0.00023438762582372874,-0.0,0.0,1788854053.95005
2535.438,-0.4184840732752692,-0.5709442496381086,0.24374307907496132,0.920627435878427,2.9081035288295087,0.12467410483015699,1,3,0.7451950311660767,-0.9536097210696717,1.358696762715475,-1.860316892663473,-1.5290616194354456,-0.2147467772113245,0.0,0.006560786161571741,0.00033123133471235633,0.001451906282454729,-0.0,0.0,1788854054.050143
2535.538,-0.41857763666632186,-0.5710247334964331,0.24227130542488534,0.9203096840931329,2.9068487573793593,0.12774889230170466,1,3,0.7451877593994141,-0.9515586060336609,1.3587520758258265,-1.8600689373412074,-1.5290654341327112,-0.2147467772113245,0.0,0.045232053846120834,0.0009099609451368451,0.0064122662879526615,-0.0,0.0,1788854054.1501017
2535.638,-0.41895846495843747,-0.5713509236098328,0.23688563228880133,0.9191893520682818,2.9023002720054496,0.1386260031641847,1,3,0.7451480627059937,-0.9439277213862916,1.3587959448443812,-1.8593632183470667,-1.5290182272540491,-0.21473962465395147,1.242478616660545e-16,0.11568503826856613,0.0004519707290455699,0.001341128721833229,-0.0,0.0,1788854054.2500458
2535.738,-0.4196590607424429,-0.5719036807739879,0.22840453349309986,0.9176695708969759,2.895783409862392,0.15446165646811846,1,3,0.7450557947158813,-0.9316932123950501,1.3587301413165491,-1.8594075642027796,-1.5291402975665491,-0.21469289461244756,-0.007215980906039476,0.06608514487743378,-0.0016287090256810188,8.64391986397095e-05,-0.0031585239339619875,0.0,1788854054.3501048
2535.8379999999997,-0.4204367462858577,-0.5711401478548118,0.22990258084129156,0.9202159996142595,2.8961719746167525,0.15159571167555577,1,3,0.7434971332550049,-0.9338725370219727,1.358772102986471,-1.8594004116454066,-1.5291608015643519,-0.21469289461244756,-0.0007769788498990238,0.0021123336628079414,0.00021923051099292934,1.9573098236637796e-20,-2.3996190066100098e-05,0.0,1788854054.4500408
2535.938,-0.4205059024555472,-0.5709886278065008,0.22958040829538423,0.9203771759104895,2.895695780669042,0.1524024901450462,1,3,0.743265688419342,-0.9336281579783936,1.3590992132769983,-1.8593150577940882,-1.529133145009176,-0.2147429625140589,-0.005471694748848677,0.0003481173771433532,0.0015622458886355162,0.0005717029562219977,-6.957212814329248e-25,0.0,1788854054.550105
2536.038,-0.42044464642814544,-0.5708941164449696,0.22931461892456834,0.9203203492805231,2.8951493067638268,0.15362544952583143,1,3,0.7432250380516052,-0.9334615629962464,1.3593319098102015,-1.8587657413878382,-1.5291293303119105,-0.2147310415851038,-0.00015422292926814407,0.0002779776696115732,0.0038364434149116278,0.010863039642572403,-0.0,0.0,1788854054.6500688
2536.138,-0.42003155022011907,-0.5705610936717398,0.2285378815886553,0.919751414033888,2.893303037919431,0.15814254994332397,1,3,0.7432801723480225,-0.933268741970398,1.3603499571429651,-1.8565050564207972,-1.5291569868670862,-0.21473962465395147,-2.0249508452252485e-05,0.008860585279762745,0.025734668597579002,0.05482775717973709,-0.0,0.0,1788854054.7500691
2536.238,-0.41889759436503105,-0.5700884366061016,0.2249099716457629,0.9177141221740834,2.889137324765923,0.16879317068260033,1,3,0.7438892722129822,-0.9306355279735108,1.3640764395343226,-1.8546744785704554,-1.5291860739337366,-0.21473962465395147,0.00940007995814085,0.04683517664670944,0.05115583539009094,8.007311407709494e-05,-0.0,0.0,1788854054.8500571
2536.3379999999997,-0.41829477192407793,-0.569512291297104,0.21969643911192382,0.9164482441857117,2.884790948537208,0.1808323145357927,1,3,0.743962287902832,-0.9256590765765687,1.3680980841266077,-1.8547584019102992,-1.529867951069967,-0.21470433870424444,0.00015777224325574934,0.029430963099002838,-0.003669759724289179,-0.0007452175486832857,-0.03608233481645584,0.0,1788854054.9499931
2536.438,-0.41825067490691464,-0.5695835001715721,0.2194610523743542,0.9162634222625212,2.8849764421823543,0.1813812364930604,1,3,0.7441229820251465,-0.9252984088710328,1.3680842558490198,-1.8548757038512171,-1.530163590108053,-0.21467668214906865,0.0002070449263555929,0.00013405831123236567,4.9372527428204194e-05,-0.00012226439139340073,-0.00017099901742767543,0.0,1788854055.049985
2536.538,-0.41828963644097106,-0.5695602602695504,0.21947740285766798,0.9162736118158248,2.8849829004317287,0.1812515299240281,1,3,0.7440558075904846,-0.9253187340549012,1.3680904547320765,-1.8549343548216761,-1.5301325956927698,-0.21473962465395147,9.471054363530129e-05,6.618112188349854e-30,1.0409805327071808e-05,-2.1472315037129874e-09,-1.3257911177788628e-06,0.0,1788854055.150066
2536.638,-0.41831256756706475,-0.5695523661937387,0.21947923656344476,0.9163697402225153,2.884992187303583,0.181250122993556,1,3,0.7440294623374939,-0.9253068727305909,1.3680694738971155,-1.8549462757506312,-1.530163590108053,-0.21470433870424444,0.0,0.0,-0.0,-0.0,-0.0,0.0,1788854055.2500014
2536.738,-0.4182991346656645,-0.5695518907013412,0.21943272379446482,0.9162844191354524,2.8849521385894934,0.18144317952602168,1,3,0.7440449595451355,-0.9252540630153199,1.3680771032916468,-1.854868074456686,-1.5301836172686976,-0.21473580995668584,0.0,0.0012609574478119612,-0.0,-0.0,-0.0,0.0,1788854055.3499844
2536.8379999999997,-0.4181654837639527,-0.5696669388080704,0.2187967738051409,0.9157731048774813,2.884540268781891,0.18301428649910556,1,3,0.7443124055862427,-0.9243794840625306,1.3680980841266077,-1.854628702203268,-1.5302913824664515,-0.21472007433046514,0.0009389150654897094,0.01088550966233015,1.535741870904726e-17,0.0016153664328157902,-0.002467251615598798,0.0,1788854055.4500322
2536.938,-0.418052984788962,-0.5696988361062472,0.21855361941773205,0.9153331119537796,2.885993697672277,0.18520146288166742,1,3,0.7447236776351929,-0.9240610164454957,1.368098560963766,-1.854436536828512,-1.532154385243551,-0.21473580995668584,0.005661703180521727,0.002466377103701234,-0.0,0.0018768154550343752,-0.027562826871871948,0.0,1788854055.5500324
2537.038,-0.41767480652125394,-0.5699541900784846,0.21806409974443364,0.9142165046179469,2.8868783181609774,0.18737009336985277,1,3,0.7455343008041382,-0.9234019678882142,1.3681257406817835,-1.8542334041991175,-1.533342186604635,-0.21472388902773076,0.01774279586970806,0.012816159054636955,-0.0,0.0019315244862809777,-0.0195036381483078,0.0,1788854055.650006
2537.138,-0.4154756898667025,-0.5713705895660314,0.21787126238464694,0.9082066482850112,2.897929674288871,0.19637561624693797,1,3,0.7506870031356812,-0.9230941098979493,1.3680270353900355,-1.8542891941466273,-1.5437734762774866,-0.21469623247255498,0.0953570082783699,4.35447072959505e-05,-0.0005896089132875204,3.4733870961645152e-06,-0.2304188311100006,0.0,1788854055.7499485
2537.238,-0.4101832707481091,-0.5744803353766127,0.2179200636627357,0.8933662329247839,2.930757217609976,0.22244369874256553,1,3,0.7637598514556885,-0.9231575292399903,1.3680380026446741,-1.854602952996725,-1.575585667287008,-0.21469289461244756,0.13262368738651276,3.742135995608159e-13,-1.5912946764728986e-05,-0.0051013207994401455,-0.40273308753967285,0.0,1788854055.8499548
2537.3379999999997,-0.40707414578372064,-0.5762906422451148,0.21795497550137458,0.8844231400699926,2.9500634508857333,0.23779437802162295,1,3,0.7714456915855408,-0.9231503170779725,1.368072811757223,-1.8548218212523402,-1.5943377653705042,-0.2147000471698206,0.0033974649850279093,0.00021211935381870717,9.882402810035273e-05,-0.000656856456771493,0.001222104299813509,0.0,1788854055.9499862
2537.438,-0.40803625663104187,-0.5756179663623576,0.21797925503355728,0.8868412800625813,2.9490007898610355,0.23745109282209273,1,3,0.7697452902793884,-0.9231779140285035,1.3680580298053187,-1.8548151455321253,-1.5940707365619105,-0.21472007433046514,-0.02255239151418209,-6.095648319812954e-43,4.301748064738253e-40,-0.00012444407911971211,0.0030387805309146643,0.0,1788854056.050031
2537.538,-0.4081998949458151,-0.5755027425108776,0.2179787648443537,0.8872525984646469,2.9488002634334856,0.2373927365327539,1,3,0.7694530487060547,-0.9231779140285035,1.3680580298053187,-1.8548113308348597,-1.5940097014056605,-0.21472388902773076,0.0007047924445942044,0.0,-0.0,-2.8614755906295687e-25,0.00023881751985754818,0.0,1788854056.1500072
2537.638,-0.40823574790797207,-0.5754736533067552,0.2179633220894875,0.8873825808825139,2.948727840548964,0.23743653317272628,1,3,0.7693859338760376,-0.9231624168208619,1.36806565919985,-1.8547951183714808,-1.5940025488482874,-0.21469670930971319,-3.292710971436463e-05,0.0,-0.0,-0.0,8.248131780419499e-05,0.0,1788854056.249994
2537.738,-0.40823935963514774,-0.5754655746696492,0.21796868091836935,0.8873864336553638,2.9486653189691427,0.23740709209214142,1,3,0.7693655490875244,-0.9231779140285035,1.3680732885943812,-1.854772230187887,-1.5939438978778284,-0.21470767656435186,-0.0008511085761711001,0.0,-0.0,-2.976786963671701e-26,0.000652339484076947,0.0,1788854056.35006
2537.8379999999997,-0.40892923780304674,-0.5749801455982708,0.21793638682701513,0.889151748664338,2.9473515403367623,0.23685212511550177,1,3,0.7680643200874329,-0.9231539529613038,1.3680976072894495,-1.8547364674010218,-1.5932014624225062,-0.21472388902773076,-0.03341231122612953,0.0001034628803608939,0.00016175223572645336,-0.0,0.020251775160431862,0.0,1788854056.4499276
2537.938,-0.4104237822697679,-0.5740154895216611,0.2179313351047208,0.8931923415412258,2.942299762367549,0.2332610657441015,1,3,0.7649587392807007,-0.92314566791568,1.368066136037008,-1.8547107181944789,-1.5889628569232386,-0.21470767656435186,-0.026599466800689697,0.00013715351815335453,8.830532169668004e-05,0.0002988962805829942,0.0678066685795784,0.0,1788854056.550014
2538.038,-0.41089239437809966,-0.5737605566197175,0.217906034163405,0.8945750660819555,2.9384909612247974,0.23016081094783641,1,3,0.7636746764183044,-0.9231264156154175,1.368066136037008,-1.8546673260130824,-1.5851276556598108,-0.21472007433046514,-0.0006498233997263014,7.62829658924602e-05,-0.0,0.0002256394363939762,0.00041506876004859805,0.0,1788854056.6499949
2538.138,-0.4108860934603922,-0.5737506180754713,0.21788740321803823,0.8945398321740338,2.938473353759876,0.2302474347639935,1,3,0.7636723518371582,-0.9231227797320862,1.368098560963766,-1.8546434841551722,-1.585139576588766,-0.21473962465395147,4.2129914465914575e-14,0.0,-0.0,0.0003820840793196112,8.874030027072877e-05,0.0,1788854056.7500129
2538.238,-0.41087624006900264,-0.5737497345824867,0.21788079196281263,0.8945232057295678,2.93845256067295,0.23027262967366965,1,3,0.763679563999176,-0.9231263560107728,1.3681171576129358,-1.8546320400633753,-1.5851276556598108,-0.21473962465395147,0.0,0.0,-0.0,9.772515477379784e-05,5.974216631895977e-29,0.0,1788854056.8500025
2538.3379999999997,-0.41087838425887235,-0.5737496199075504,0.2178827652153301,0.8945441064479579,2.9384648318989663,0.23027670991687194,1,3,0.763679563999176,-0.9231263560107728,1.3681133429156702,-1.8546353779234828,-1.5851433912860315,-0.2147277037249964,0.0,7.880701299867177e-13,-0.0,2.4111010063498917e-11,0.0,0.0,1788854056.9499214
2538.438,-0.4108945437086101,-0.573732052959784,0.21788353507073027,0.894566654606355,2.9384340404944234,0.23030695272247262,1,3,0.7636446356773376,-0.9231335681727906,1.3681171576129358,-1.8546043835081996,-1.585139576588766,-0.2147429625140589,0.0,0.0,-0.0,5.0440769710902936e-23,0.0,0.0,1788854057.049956
2538.538,-0.4108906681893782,-0.5737437117927109,0.21787958876711902,0.8946048813998352,2.938466790369398,0.23028475809925386,1,3,0.7636638879776001,-0.923118070965149,1.3681095282184046,-1.8546458683409632,-1.5851624647723597,-0.21470433870424444,0.0,1.0787761050377603e-29,-0.0,2.111612620869785e-11,0.0,0.0,1788854057.1499996
2538.638,-0.41088240136816456,-0.5737424130374147,0.21787933640214227,0.8945430549091749,2.938439836660021,0.23031623386771935,1,3,0.7636675238609314,-0.9231252831271668,1.3681133429156702,-1.854602952996725,-1.585139576588766,-0.21473580995668584,0.0,2.235428096970804e-13,-0.0,4.5214255806058645e-06,0.0,0.0,1788854057.2499533
2538.738,-0.41086826439622665,-0.5737553599405614,0.21784416803578385,0.8945627227079376,2.938406172252787,0.23039065862450658,1,3,0.7636950612068176,-0.9230750364116211,1.3681133429156702,-1.8545991382994593,-1.585139576588766,-0.21468907991518194,0.0,0.00015323562547564507,-0.0,6.68503125780262e-05,0.0,0.0,1788854057.3498938
2538.8379999999997,-0.41087513582612684,-0.5737387027709079,0.21787078882765523,0.8945464392037744,2.9384484494795227,0.2303909487950927,1,3,0.7636759281158447,-0.9231252831271668,1.3681295553790491,-1.854584356347555,-1.5851743857013147,-0.21472388902773076,0.0,8.894584607332945e-05,-0.0,0.0,0.0,0.0,1788854057.4499156
2538.938,-0.4108521182345546,-0.5737675381620709,0.21785590175297212,0.894445756556969,2.938456754217387,0.23035357850771496,1,3,0.7637238502502441,-0.9230905336192627,1.3681133429156702,-1.8546110592284144,-1.585139576588766,-0.2147429625140589,0.00023006928677204996,1.3139311413571865e-23,-0.0,0.0,0.0,0.0,1788854057.5499132
2539.038,-0.4108548711193532,-0.5737698620331153,0.21785368383384013,0.894500410830413,2.9384638081603813,0.2303844922139626,1,3,0.7637274861335754,-0.9230786126903077,1.3680980841266077,-1.854602952996725,-1.5851672331439417,-0.21470433870424444,8.141616126522422e-05,6.901629659539936e-28,-0.0,0.0,0.0,0.0,1788854057.6499321
2539.138,-0.4107881086530326,-0.5738117587721664,0.21785638063206508,0.8943338410514057,2.938525706878215,0.23040584092343508,1,3,0.7638389468193054,-0.9230905336192627,1.3681095282184046,-1.854595800439352,-1.5851758162127894,-0.21470767656435186,0.0016603900585323572,4.1793053242145106e-05,-0.0,0.0,3.077937265061337e-07,0.0,1788854057.7498782
2539.238,-0.41076775552329664,-0.5738254547394682,0.21787681549938023,0.8942463778918041,2.9385679760090295,0.23033025936882398,1,3,0.7638711929321289,-0.9231217068484803,1.3681166807757776,-1.854619642297262,-1.5851596037494105,-0.21473962465395147,0.00015758896188344806,0.0,-0.0,0.0,0.0,0.0,1788854057.8498094
2539.3379999999997,-0.41074322521947637,-0.5738462907211357,0.21786377650107835,0.8941914917847679,2.9385840250502127,0.2303766796384337,1,3,0.7639191150665283,-0.9230976861766358,1.3681061903582972,-1.854607721368307,-1.5851720015155237,-0.2147277037249964,0.0014085400616750121,0.0,-0.0,0.0,0.0,0.0,1788854057.94991
2539.438,-0.4098144156404844,-0.574511758001195,0.21787090115160768,0.891844945622238,2.9395393910421665,0.23047847335447297,1,3,0.7655535936355591,-0.9231060308269043,1.3681133429156702,-1.854659219781393,-1.5852764288531702,-0.2147277037249964,0.020683225244283676,0.0,3.998906761282228e-10,2.6784060671581814e-18,-0.0013186471769586205,0.0,1788854058.0498886
2539.538,-0.40952346515539373,-0.5747241439195261,0.21789156348975916,0.8911061829428905,2.939940019064594,0.23050445091284863,1,3,0.7660810351371765,-0.9231252831271668,1.3681052366839808,-1.8547021351256312,-1.5853875319110315,-0.2147277037249964,3.534486288717109e-12,0.0,-0.0,0.0,-0.00048032013000920415,0.0,1788854058.1498682
2539.638,-0.4095430076909681,-0.5747222563781669,0.21790355589548308,0.8911737877457074,2.9399431282137707,0.23049637144828586,1,3,0.7660617828369141,-0.923118070965149,1.3680627981769007,-1.854683061639303,-1.5854032675372522,-0.21470433870424444,0.0,0.0,-0.0,0.0,-0.0001066071490640752,0.0,1788854058.2497694
2539.738,-0.40953415911934377,-0.574709164583897,0.2178872509883679,0.8911750871434932,2.9399020192529104,0.23058282092597773,1,3,0.7660570740699768,-0.923125223522522,1.368105713521139,-1.854652544061178,-1.5854032675372522,-0.2147000471698206,-0.0001753598335199058,0.0,-0.0,0.0,-1.9714810431956456e-14,0.0,1788854058.3497825
2539.8379999999997,-0.4095260177840128,-0.5747171251187031,0.21790126036056226,0.891155568536235,2.9399559160778503,0.2305573709885325,1,3,0.76607745885849,-0.9231407803348084,1.3681018988238733,-1.8546706638731898,-1.585430924092428,-0.2147000471698206,7.663376163691282e-05,0.0,-0.0,0.0,-0.0,0.0,1788854058.4499009
2539.938,-0.4094902750245519,-0.5747467889499808,0.21789345758100698,0.891071001994325,2.93998613340959,0.2305955408261445,1,3,0.7661457061767578,-0.9231216472438355,1.3680866400348108,-1.8546558819212855,-1.585442845021383,-0.21468907991518194,0.0009776413207873702,0.0,-0.0,0.0,-0.0003357714449521154,0.0,1788854058.5499053
2540.038,-0.409333144320017,-0.5748503644036318,0.21787299104221702,0.8906569418522727,2.9401731225359575,0.23072121879677804,1,3,0.7664214372634888,-0.9231060308269043,1.3681090513812464,-1.8546558819212855,-1.5855196158038538,-0.2147000471698206,0.001694122445769608,0.0,-0.0,0.0,-0.0007085452089086175,0.0,1788854058.6497834
2540.138,-0.4091694352059469,-0.5749714355149053,0.21789681902280827,0.8902086509347658,2.9405685601539875,0.23085695389819305,1,3,0.7667450904846191,-0.9231217068484803,1.3680833021747034,-1.8546706638731898,-1.5857575575457972,-0.21471149126161748,0.00792762916535139,0.0,-0.0,0.0,-0.003099428489804268,0.0,1788854058.7498643
2540.238,-0.4084277271912923,-0.5754691973754505,0.21789215096350292,0.8882661674239084,2.942254047710652,0.23190120320361443,1,3,0.768173336982727,-0.923118070965149,1.368094269429342,-1.8546725712218226,-1.5869353453265589,-0.2147153059588831,0.015669196844100952,0.0,-0.0,0.0,-0.02907921001315117,0.0,1788854058.849825
2540.3379999999997,-0.40792417987404933,-0.5757501639853255,0.2179065975048719,0.886786834338187,2.9462763551321585,0.23520336636382977,0,4,0.76955246925354,-0.9231060308269043,1.3680699507342737,-1.8547035656371058,-1.5909937063800257,-0.2146838347064417,0.015142841264605522,0.0,-0.0,-0.00011814109166152775,-0.043010152876377106,0.0,1788854058.949795
2540.438,-0.4069222899061659,-0.576372183271124,0.21792501345717102,0.8839709111091879,2.950988718926785,0.23870376205040605,0,4,0.771820604801178,-0.9231108588031312,1.3680771032916468,-1.854778905908102,-1.5952981154071253,-0.2147000471698206,0.024693280458450317,0.0,-0.0,-0.00038296839920803905,-0.04574650526046753,0.0,1788854059.0498471
2540.538,-0.4060806813726686,-0.5768596142437549,0.21796357923970455,0.8815060329451245,2.9564302976478234,0.24302439498376413,0,4,0.7739342451095581,-0.9231263560107728,1.3680585066424769,-1.8548079929747523,-1.6006115118609827,-0.2147000471698206,0.019902881234884262,0.0,-0.0,-0.0002977803524117917,-0.059103824198246,0.0,1788854059.1498606
2540.638,-0.40524781796682985,-0.5774044419535445,0.217968045736324,0.8792182760607817,2.959528944651832,0.24515580163788905,0,4,0.7757149338722229,-0.923102394943573,1.36804706255068,-1.8548861942686976,-1.603253189717428,-0.2147000471698206,0.011544468812644482,0.0,-0.0,-0.0006286593270488083,-0.002165798796340823,0.0,1788854059.2498295
2540.738,-0.4048522788742235,-0.5776612727688689,0.21799267887478024,0.8781930160238917,2.96044504232112,0.24566774090718183,0,4,0.7764697074890137,-0.9231420320323487,1.3680585066424769,-1.8548828564085902,-1.60388690630068,-0.2147000471698206,0.0022149737924337387,0.0,-0.0,-0.00011904328130185604,-0.008054325357079506,0.0,1788854059.349828
2540.8379999999997,-0.4048519473508404,-0.5776624733314027,0.21797221379300774,0.878188479995319,2.9604789472484003,0.24572820549914132,0,4,0.7764782309532166,-0.9231144946864625,1.36806565919985,-1.8549019298949183,-1.6039355436908167,-0.21469623247255498,0.00015559270104859024,0.0,-0.0,-1.0687731214863737e-19,-0.00018064718460664153,0.0,1788854059.4498503
2540.938,-0.40484593972773725,-0.5776491860265396,0.21796637746320194,0.8781570368484642,2.96049240752996,0.24582862738059508,0,4,0.7764769196510315,-0.923129991894104,1.3680976072894495,-1.854868074456686,-1.6039789358722132,-0.2147153059588831,1.3628056025184287e-15,0.0,-0.0,-0.0,-6.844841118436307e-05,0.0,1788854059.5497456
2541.038,-0.404865089020921,-0.5776421076153254,0.21795830450865405,0.8782252145116283,2.960455986177193,0.24577874387908474,0,4,0.7764458060264587,-0.9231144946864625,1.3680976072894495,-1.8549019298949183,-1.60394794145693,-0.2147000471698206,0.0,0.0,-0.0,-0.0,-0.0,0.0,1788854059.6497822
2541.138,-0.4048780745324558,-0.577648971855657,0.21797315399101488,0.878265168259134,2.96044768203131,0.24573173544950805,0,4,0.7764374613761902,-0.9231060308269043,1.36804706255068,-1.8548861942686976,-1.6039322058307093,-0.2146838347064417,0.0,0.0,-0.0,-0.0,-0.0,0.0,1788854059.7498102
2541.238,-0.4049181180890266,-0.5776044980828201,0.2179689238978113,0.8783679010650524,2.960343570997189,0.2457094149497254,0,4,0.7763427495956421,-0.923129991894104,1.368094269429342,-1.8548861942686976,-1.6038726011859339,-0.2147000471698206,-0.00039917591493576765,0.0,-0.0,-0.0,-0.0,0.0,1788854059.849807
2541.3379999999997,-0.40498580176461346,-0.5775632064435278,0.21799057374770656,0.8785351612869546,2.960296828303073,0.24566735546103824,0,4,0.7762312293052673,-0.92314566791568,1.368066136037008,-1.854868074456686,-1.6038678328143519,-0.2147000471698206,-0.0011302659986540675,0.0,-0.0,-0.0,-0.0,0.0,1788854059.9498107
2541.438,-0.40508476954064204,-0.5774845172151815,0.21794821194668212,0.8788094780750679,2.960130048641033,0.2457505094412977,0,4,0.7760468125343323,-0.9231060308269043,1.3680976072894495,-1.8548556766905726,-1.6038435141192835,-0.2146838347064417,-0.0019559133797883987,0.0,-0.0,-0.0,-4.436477026629534e-38,0.0,1788854060.0497432
2541.538,-0.4051062920635187,-0.5774739985444167,0.21797877069834537,0.8788541279763897,2.9601450236627764,0.24563910752239312,0,4,0.7760120034217834,-0.9231420320323487,1.3680904547320765,-1.8548861942686976,-1.6038277784930628,-0.21469623247255498,-0.00010641851258696988,-1.914935273816809e-05,-0.0,-0.0,-0.0,0.0,1788854060.1497798
2541.638,-0.40510876947645214,-0.5774777760037807,0.21798633034804335,0.8788481804295839,2.9601706657986506,0.2456293436750666,0,4,0.7760156393051147,-0.9231420320323487,1.3680732885943812,-1.8548861942686976,-1.6038435141192835,-0.2147000471698206,-2.628743800414668e-08,0.0,-0.0,-0.0,-0.0,0.0,1788854060.249795
2541.738,-0.4051130851178315,-0.5774793366750918,0.21801407717305246,0.8788599078173451,2.96021350365238,0.24558041723132062,0,4,0.7760156393051147,-0.9231696289828797,1.368054215108053,-1.8548885784544886,-1.6038625876056116,-0.2147000471698206,0.0,0.0,-0.0,-0.0,-0.0,0.0,1788854060.3497717
2541.8379999999997,-0.40511339222228465,-0.5775009079796265,0.2180374721469499,0.8788749641631444,2.9602808717806606,0.2453837766198141,0,4,0.7760347127914429,-0.9231779140285035,1.3680346647845667,-1.85499968151235,-1.6038435141192835,-0.21468764940370733,0.0,-0.00013784924522042274,-5.746427989947306e-28,-0.0004001624183729291,-0.0,0.0,1788854060.449656
2541.938,-0.4051360222131976,-0.5774880055536337,0.21806375336060757,0.8789265411346309,2.960299354809387,0.24525969608764686,0,4,0.7759963274002075,-0.9232139152339478,1.3680418173419397,-1.855054040948385,-1.6038277784930628,-0.2147000471698206,0.0,-0.00010519148054299876,-0.0,-0.00030372492619790137,-0.0,0.0,1788854060.549634
2542.038,-0.40510198038563594,-0.577516522630899,0.21808460381013775,0.8788227890287565,2.960372779773762,0.24522135063640876,0,4,0.7760623097419739,-0.9232330483249207,1.3680256048785608,-1.8550592861571253,-1.6038435141192835,-0.21471149126161748,0.0,-7.193145277072151e-41,-3.9314094465225935e-05,-9.951217361958697e-05,-0.0,0.0,1788854060.6496897
2542.138,-0.40510634280231944,-0.5775259231193085,0.21811634389678924,0.8788600540933794,2.960436048405379,0.24499207586423244,0,5,0.7760635614395142,-0.9232701820186158,1.3680365721331995,-1.8551908932127894,-1.6038158575641077,-0.21470338502992803,0.0,-0.0013435633154585958,-9.123598283622414e-05,-0.0009691406157799065,4.0942579188074646e-12,0.0,1788854060.7496815
2542.238,-0.40514675714288434,-0.5775350161627173,0.2182895078059816,0.8790173905755717,2.9606719666914514,0.24429832125371778,0,5,0.776027500629425,-0.9234654468349,1.368002716694967,-1.85546936611318,-1.603783909474508,-0.21469623247255498,0.0,-0.005106559954583645,-8.863944822223857e-05,-0.004895682912319899,0.00034526706440374255,0.0,1788854060.8496816
2542.3379999999997,-0.4051563098158155,-0.577561039905809,0.21880486757208856,0.8792330087215753,2.96134533177427,0.24269303868027753,0,5,0.776043176651001,-0.9241363567164917,1.3679888884173792,-1.855999609033102,-1.603771988545553,-0.21469289461244756,0.0,-0.006074060685932636,-0.000248533149715513,-0.0037972768768668175,8.291354606626555e-05,0.0,1788854060.9496992
2542.438,-0.4051554581540111,-0.5775668538950215,0.21889603283904155,0.8792693697168404,2.961445361266973,0.24255295928830012,0,5,0.776055097579956,-0.9242404860309144,1.367941681538717,-1.8559771976866664,-1.6038067976581019,-0.21467668214906865,0.0,-0.002284429734572768,-8.85971385287121e-05,-0.0001159120729425922,6.429997917827267e-22,0.0,1788854061.0497682
2542.538,-0.40514109356075334,-0.5775692394462489,0.2189409217629577,0.8791839339101669,2.9614591739712033,0.2424789197135862,0,5,0.7760671377182007,-0.9243076604655762,1.3679383436786097,-1.8559404812254847,-1.603771988545553,-0.21472388902773076,0.0,-2.2358263504703543e-39,-7.230700075916056e-43,3.1003790354589e-05,0.0,0.0,1788854061.1497319
2542.638,-0.4051256578181648,-0.5775657773618209,0.2189112051459364,0.8791934590131846,2.9613333870576124,0.24252674705957325,0,5,0.7760671377182007,-0.9242921632579346,1.367974106465475,-1.8559042416014613,-1.6036880652057093,-0.2147000471698206,0.0,0.0,-0.0,0.00018806784646585584,0.002889885799959302,0.0,1788854061.2496758
2542.738,-0.40511044210446223,-0.5775613444118383,0.21886334442241992,0.8791246318772766,2.9612099525258637,0.24263198506798683,0,5,0.7760671377182007,-0.9242525857738038,1.3680103460894983,-1.8558527431883753,-1.6036127249347132,-0.21472388902773076,0.0,9.592819696990773e-05,-8.933362491352029e-28,0.00014016505156178027,0.00020109571050852537,0.0,1788854061.3496683
2542.8379999999997,-0.4051191332364165,-0.577565356014838,0.2188628955182472,0.8791814287981793,2.961196851006489,0.24265055511588196,0,5,0.7760635614395142,-0.9242322009852906,1.367974583302633,-1.8558289013304652,-1.6036203543292444,-0.21468907991518194,0.0,0.00010134871990885586,-0.0,9.266982669942081e-05,7.78210160206072e-05,0.0,1788854061.4496412
2542.938,-0.4050983103218469,-0.5775602494503894,0.2187200131693466,0.8790895906568145,2.961051983695269,0.24308354635620416,0,5,0.7760826349258423,-0.9240682286075135,1.3680217901812952,-1.855725427667135,-1.6036437193499964,-0.21469289461244756,0.0,0.004052203614264727,0.00020832190057262778,0.0009176270687021315,1.7890663983764e-25,0.0,1788854061.5496635
2543.038,-0.4050903807516841,-0.5775486652588272,0.21868889452032325,0.8790228813876559,2.960958317337298,0.24325705231250608,0,5,0.7760754227638245,-0.9240440887263794,1.368033234273092,-1.8556133709349574,-1.6036203543292444,-0.21472388902773076,0.0,0.00011507231829455122,8.97293648449704e-05,0.0002020105457631871,0.0,0.0,1788854061.6496801
2543.138,-0.40508276834006285,-0.5775482561324077,0.21868265417859933,0.8790484879523387,2.9609380819058786,0.24328996505357928,0,5,0.7760826349258423,-0.9240440887263794,1.3680451552020472,-1.855600973168844,-1.6036198774920862,-0.21469670930971319,0.0,6.584347283933312e-05,-0.0,9.959624730981886e-05,0.0,0.0,1788854061.7496326
2543.238,-0.40507385277742103,-0.5775500082605055,0.21865719223763166,0.8790119425661884,2.960909058717834,0.2433996247606075,0,5,0.7760946750640869,-0.9240129154971619,1.3680451552020472,-1.8555542431273402,-1.6036284605609339,-0.2147000471698206,0.0,0.0,-0.0,1.8721347483379556e-42,0.0,0.0,1788854061.8496823
2543.3379999999997,-0.40512193868681784,-0.5775314964799455,0.2186710048510982,0.8791309721137803,2.9609222253378467,0.2432913714712182,0,5,0.776027500629425,-0.9240129751018067,1.3680256048785608,-1.855617185632223,-1.6036317984210413,-0.21469670930971319,0.0,0.0,8.15680607502145e-07,0.0,0.0,0.0,1788854061.949621
2543.438,-0.40511630907045093,-0.577531161322343,0.21868157313198258,0.8790488865699366,2.9609417274924237,0.24328357922634472,0,5,0.7760323882102966,-0.9240321677974244,1.3680294195758265,-1.8556043110289515,-1.6036284605609339,-0.2147467772113245,0.0,0.0,1.401298464324817e-44,0.0,0.0,0.0,1788854062.049616
2543.538,-0.4051031392358229,-0.5775398380124114,0.21867954884847282,0.8791129383555576,2.96092363314694,0.24330891554828066,0,5,0.776055097579956,-0.9240285915187378,1.3680256048785608,-1.8555895290770472,-1.6036317984210413,-0.21468049684633428,0.0,0.0,-0.0,0.0,0.0,0.0,1788854062.149594
2543.638,-0.40510773424295016,-0.5775465128008954,0.21867985115370364,0.8790924730680645,2.9609338978308735,0.2432566041268592,0,5,0.776055097579956,-0.9240165513804932,1.3680108229266565,-1.8556167087950648,-1.6036165396319788,-0.21469670930971319,0.0,0.0,-0.0,0.0,0.0,0.0,1788854062.2495906
2543.738,-0.4050960493191019,-0.5775462548289203,0.21867933575134818,0.8790723480368184,2.9609340405314217,0.24328028568691465,0,5,0.7760671377182007,-0.9240285915187378,1.3680294195758265,-1.855607648889059,-1.6036198774920862,-0.21469670930971319,0.0,4.368148743791219e-29,-0.0,0.0,0.0,0.0,1788854062.3495967
2543.8379999999997,-0.4051198358300202,-0.5775373103536858,0.21868910973975558,0.8791250643678798,2.9609330065286423,0.24321358555492856,0,5,0.7760323882102966,-0.9240321677974244,1.3680179754840296,-1.855635782281393,-1.6036093870746058,-0.2147000471698206,0.0,0.0,-0.0,0.0,0.0,0.0,1788854062.4496076
2543.938,-0.4050995790322177,-0.5775446339546777,0.21866538286082723,0.8790771360001598,2.960897089649547,0.24329576345004827,0,6,0.7760586738586426,-0.9240093988231202,1.3680294195758265,-1.855600973168844,-1.6035974661456507,-0.21469670930971319,0.0,0.0,-0.0,0.0,0.0,0.0,1788854062.5495253
2544.038,-0.40510895981055284,-0.5775420848025762,0.21868767965088834,0.8791031392230193,2.960936715447877,0.24328386641524422,0,6,0.7760515213012695,-0.9240285915187378,1.368007008229391,-1.8555895290770472,-1.6036317984210413,-0.21469289461244756,0.0,0.0,-0.0,0.0,0.0,0.0,1788854062.6496236
2544.138,-0.40509625461196136,-0.5775434637307468,0.2186469628635736,0.879077575334882,2.9608882314139513,0.24336738309925174,0,6,0.7760635614395142,-0.923989014034607,1.3680365721331995,-1.8555861912169398,-1.6036165396319788,-0.21468764940370733,0.0,0.0,-0.0,0.0,0.0,0.0,1788854062.7495265
2544.238,-0.4050940811422002,-0.5775470647954146,0.21867907939297604,0.8790398771011055,2.9609449260306824,0.24328835005408422,0,6,0.7760707139968872,-0.9240285915187378,1.3680294195758265,-1.8556043110289515,-1.6036251227008265,-0.2147148291217249,0.0,0.0,-0.0,0.0,0.0,0.0,1788854062.8495803
2544.3379999999997,-0.4050957886189304,-0.5775539644286747,0.2186765659244041,0.8790458326575471,2.960937813391716,0.24327092331553835,0,6,0.7760743498802185,-0.9240129154971619,1.3680108229266565,-1.855607648889059,-1.6036132017718714,-0.21470719972719365,0.0,0.0,-0.0,0.0,0.0,0.0,1788854062.9495409
2544.438,-0.40510356422537375,-0.5775388605922667,0.2186612888147625,0.8790373116154361,2.9609027293273704,0.24335107051456642,0,6,0.7760514616966248,-0.9240046304515381,1.3680256048785608,-1.855570455590719,-1.6036165396319788,-0.2147277037249964,0.0,0.0,-0.0,0.0,0.0,0.0,1788854063.0494754
2544.538,-0.40509998029058136,-0.5775353199478773,0.21867325687400485,0.8790890094888463,2.960906163448897,0.24331727169148828,0,6,0.7760514616966248,-0.9240322274020691,1.3680456320392054,-1.8555895290770472,-1.6036165396319788,-0.21469670930971319,0.0,0.0,-0.0,0.0,0.0,0.0,1788854063.149558
2544.638,-0.40509155861930374,-0.5775444281741433,0.21866892237567098,0.8790206582451885,2.960903155640694,0.24332473327209678,0,6,0.7760671377182007,-0.9240201276591797,1.368033234273092,-1.8555737934508265,-1.6036012808429163,-0.21472388902773076,0.0,0.0,-0.0,0.0,0.0,0.0,1788854063.2495365
2544.738,-0.4051163506797954,-0.5775403712403839,0.21867286216407894,0.879086614814924,2.9609113957207924,0.24329342702154388,0,6,0.7760396003723145,-0.9240046304515381,1.368002716694967,-1.8555895290770472,-1.6036132017718714,-0.21471149126161748,0.0,0.0,-0.0,0.0,0.0,0.0,1788854063.3495822
2544.8379999999997,-0.4050894689223559,-0.5775407772840156,0.21865708293924135,0.8790482709278251,2.960892169755982,0.24336496488672746,0,6,0.7760671377182007,-0.9240129154971619,1.3680489698993128,-1.8555737934508265,-1.6036127249347132,-0.21470338502992803,0.0,0.0,-0.0,0.0,0.0,0.0,1788854063.449518
2544.938,-0.40509719940784694,-0.5775529246653982,0.21868880355752723,0.8790175824311949,2.960947487974121,0.2432424275649437,0,6,0.776070773601532,-0.9240285915187378,1.368007008229391,-1.8556043110289515,-1.6036055723773401,-0.2147310415851038,0.0,0.0,-0.0,0.0,0.0,0.0,1788854063.5495927
2545.038,-0.4050868843365927,-0.5775532270481822,0.21869787017187403,0.8790686062475429,2.9609340412603453,0.24327096921998145,0,6,0.7760826349258423,-0.924047665005066,1.3680108229266565,-1.8555737934508265,-1.6036132017718714,-0.2146843115435999,0.0,0.0,-0.0,0.0,0.0,0.0,1788854063.6494503
2545.138,-0.40511040262253795,-0.5775231449166769,0.21866535172185697,0.8791112791653005,2.9609095987335725,0.24336363298222005,0,6,0.7760323882102966,-0.9240285915187378,1.3680575529681605,-1.8555861912169398,-1.6036441961871546,-0.2147000471698206,0.0,0.0,-0.0,0.0,0.0,0.0,1788854063.7494838
2545.238,-0.4051028266756739,-0.577539999419597,0.21867586905773345,0.8790644180646462,2.9609277157232228,0.24331579004185838,0,6,0.776055097579956,-0.9240237039378663,1.3680256048785608,-1.8555861912169398,-1.6036284605609339,-0.21471149126161748,0.0,0.0,-0.0,0.0,0.0,0.0,1788854063.8495293
2545.3379999999997,-0.40509526370092747,-0.5775429236351368,0.21867862326757073,0.8790683591127189,2.9609177443902235,0.2432987110652076,0,6,0.7760635614395142,-0.9240321677974244,1.368033234273092,-1.8555895290770472,-1.6036132017718714,-0.2147000471698206,0.0,0.0,-0.0,0.0,0.0,0.0,1788854063.9494996
2545.438,-0.4051066756172204,-0.5775313728040471,0.21866207826424622,0.8790795895079537,2.9608891289987094,0.24333539980931204,0,6,0.7760396003723145,-0.9240165513804932,1.3680456320392054,-1.8555861912169398,-1.6036093870746058,-0.21471149126161748,0.0,0.0,-0.0,0.0,0.0,0.0,1788854064.0495243
2545.538,-0.4050961579341639,-0.5775441641823799,0.21866954282460543,0.8790633245283267,2.9609312684218105,0.2433325430345575,0,6,0.7760671377182007,-0.9240165513804932,1.3680294195758265,-1.8555895290770472,-1.603635613118307,-0.2147000471698206,0.0,0.0,-0.0,0.0,0.0,0.0,1788854064.1495228
2545.638,-0.40508951302462204,-0.5775398268835521,0.2186547017133953,0.8790439368461587,2.960903600831985,0.24336111591300996,0,6,0.7760671377182007,-0.9240129751018067,1.3680575529681605,-1.8555895290770472,-1.6036198774920862,-0.21470767656435186,0.0,0.0,-0.0,0.0,0.0,0.0,1788854064.2494648
