controller_time_s,tcp_x,tcp_y,tcp_z,tcp_rx,tcp_ry,tcp_rz,gripper_state,gripper_event_counter,actual_q_0,actual_q_1,actual_q_2,actual_q_3,actual_q_4,actual_q_5,actual_qd_0,actual_qd_1,actual_qd_2,actual_qd_3,actual_qd_4,actual_qd_5,host_receive_time_s
2571.841,-0.4479401258298857,-0.4779632355416586,0.3397809756412191,1.1350705215800967,2.893910398593202,-0.026726905936868408,0,0,0.6091353893280029,-1.1708261531642457,1.465510670338766,-1.8609000645079554,-1.5287721792804163,-0.21472388902773076,0.0,0.0,-0.0,-0.0,0.0,-0.0,1789113654.9832566
2571.941,-0.4479195357439587,-0.47794646477797575,0.3396855155186998,1.1350428255669287,2.8938092327440903,-0.026488173778114053,0,0,0.6091318130493164,-1.1707918804934998,1.4656661192523401,-1.8609034023680628,-1.5287688414203089,-0.21472388902773076,0.00012901212903670967,0.0,0.00010910388664342463,-0.0,0.0,-0.0,1789113655.071211
2572.0409999999997,-0.44792863177151526,-0.4779280111912959,0.33969761190000836,1.1350896279829856,2.8937666323770723,-0.026557277232490642,0,0,0.609093427658081,-1.170822725897171,1.4656851927386683,-1.8609158001341761,-1.5287259260760706,-0.21472388902773076,6.361978739732876e-05,0.0,6.502769247163087e-05,-0.0,0.0,-0.0,1789113655.171385
2572.141,-0.44790408830619044,-0.47795163542129376,0.3396991541276417,1.1350258314110448,2.893803807793773,-0.02654982665478175,0,0,0.6091474294662476,-1.170822725897171,1.4656818548785608,-1.8609158001341761,-1.5287378470050257,-0.21471673647035772,0.0,0.0,-0.0,-0.0,0.0,-0.0,1789113655.2712686
2572.241,-0.44792711562404836,-0.47793258343750317,0.3397087372755072,1.135057724208622,2.893783187707687,-0.02656626567447402,0,0,0.6091006398200989,-1.1708261531642457,1.4656623045550745,-1.8608962498106898,-1.5287259260760706,-0.21473962465395147,0.0,0.0,-0.0,-0.0,0.0,-0.0,1789113655.3716502
2572.341,-0.4479090463446787,-0.4779443322492888,0.3396918720627694,1.135029069537728,2.893772791110224,-0.026518024255645686,0,0,0.6091318130493164,-1.1708175402930756,1.4656851927386683,-1.8608914814391078,-1.5287259260760706,-0.21472388902773076,0.0,0.0,-0.0,-0.0,0.0,-0.0,1789113655.4712827
2572.441,-0.44791825933650103,-0.477932440231393,0.3397140781907597,1.1350461111500123,2.893820495162474,-0.026559982806864602,0,0,0.6091126799583435,-1.1708449584296723,1.4656785170184534,-1.8609072170653285,-1.5287535826312464,-0.2147429625140589,0.0,0.0,-0.0,-0.0,0.0,-0.0,1789113655.5712867
2572.5409999999997,-0.44790927432655175,-0.47794915427965345,0.33970930636431457,1.135003254396819,2.8938436210844127,-0.026541048696679788,0,0,0.609143853187561,-1.1708261531642457,1.4656623045550745,-1.8609034023680628,-1.5287650267230433,-0.2147429625140589,0.0,0.0,-0.0,-0.0,0.0,-0.0,1789113655.6711562
2572.641,-0.4479097181437645,-0.47794900359544273,0.3397047839954907,1.1350147020966412,2.8938232504579116,-0.02658342393902377,0,0,0.6091390252113342,-1.1708261531642457,1.4656785170184534,-1.860934396783346,-1.5287378470050257,-0.21473580995668584,0.0,0.0,-0.0,-0.0,0.0,-0.0,1789113655.7711155
2572.741,-0.4478985892818589,-0.47795757768973485,0.33968984059212776,1.1349923124931498,2.8937969619507835,-0.026516318544304064,0,0,0.6091593503952026,-1.1708106857589264,1.4656818548785608,-1.8608995876707972,-1.52873403230776,-0.21472388902773076,0.0,0.0,-0.0,-0.0,0.0,-0.0,1789113655.871138
2572.841,-0.4478992382145908,-0.47794687717257633,0.33970651759376674,1.1349973671826268,2.893795030237909,-0.0265398462507424,0,0,0.609143853187561,-1.1708415013602753,1.4656851927386683,-1.8608843288817347,-1.5287259260760706,-0.21473580995668584,0.0,0.0,-0.0,-0.0,0.0,-0.0,1789113655.971161
2572.941,-0.44791714747389866,-0.47794250607457733,0.3397075589788619,1.13504116504079,2.893812353387722,-0.026572799252163694,0,0,0.6091246008872986,-1.1708261531642457,1.4656694571124476,-1.8609191379942835,-1.528741184865133,-0.21473199525942022,0.0,0.0,-0.0,-0.0,0.0,-0.0,1789113656.0711606
2573.0409999999997,-0.4478868424159883,-0.4779686091998058,0.3396924576152318,1.1349397597174609,2.8938113934088676,-0.026535226551647563,0,0,0.6091821789741516,-1.170814113026001,1.4656818548785608,-1.8609034023680628,-1.5287225882159632,-0.21473580995668584,0.0,0.0,-0.0,-0.0,0.0,-0.0,1789113656.1711464
2573.141,-0.4479224522378836,-0.4779419968696712,0.3397109869839468,1.1350375059905524,2.8938004739138585,-0.02659642053629641,0,0,0.6091163158416748,-1.170822725897171,1.4656570593463343,-1.8609158001341761,-1.5287225882159632,-0.21473962465395147,0.0,0.0,-0.0,-0.0,0.0,-0.0,1789113656.2711134
2573.241,-0.4478941149815609,-0.47795962082313476,0.3396882914901219,1.1349577707517433,2.89380508149378,-0.026493448848457557,0,0,0.6091665625572205,-1.170810655956604,1.4656818548785608,-1.8608843288817347,-1.5287378470050257,-0.21473962465395147,0.0,0.0,-0.0,-0.0,0.0,-0.0,1789113656.3711529
2573.341,-0.4479013329015946,-0.47795799564208347,0.33968253471666554,1.1349719083334833,2.893811550645819,-0.02649558729328706,0,0,0.6091593503952026,-1.1707987648299714,1.4656818548785608,-1.8609034023680628,-1.5287464300738733,-0.21473962465395147,0.0,0.0,-0.0,-0.0,0.0,-0.0,1789113656.4712517
2573.441,-0.44789242691718134,-0.47795756569744563,0.33970811177618104,1.1349684470308423,2.8938367354506203,-0.02655259336970414,0,0,0.6091665625572205,-1.1708380740932007,1.4656818548785608,-1.8609072170653285,-1.5287449995623987,-0.21473962465395147,0.0,0.0,-0.0,-0.0,0.0,-0.0,1789113656.5711122
2573.5409999999997,-0.44791226953829893,-0.4779390854655685,0.3397215375751583,1.135062886096901,2.8938190846700627,-0.026606652722315095,0,0,0.6091246008872986,-1.1708534222892304,1.4656785170184534,-1.860927244225973,-1.528741184865133,-0.21472007433046514,0.0,0.0,-0.0,-0.0,0.0,-0.0,1789113656.6710606
2573.641,-0.4479055039230637,-0.47795163028188586,0.3396876274556291,1.1349679892653022,2.893816318895402,-0.026502943209446374,0,0,0.6091474890708923,-1.1708072286895295,1.4656818548785608,-1.8609000645079554,-1.5287464300738733,-0.21475488344301397,0.0,0.0,-0.0,-0.0,0.0,-0.0,1789113656.7710564
2573.741,-0.4479236075865726,-0.4779389660900453,0.33971155939211306,1.1350645353342432,2.8937848020651207,-0.026561963230148224,0,0,0.6091126799583435,-1.170822725897171,1.4656499067889612,-1.8608876667418421,-1.5287306944476526,-0.21472388902773076,0.0,0.0,-0.0,-0.0,0.0,-0.0,1789113656.8710203
2573.841,-0.4479003778925172,-0.47795180494069767,0.33971164736425397,1.1350180217129382,2.8937998926428987,-0.0265984075055842,0,0,0.6091474890708923,-1.1708415013602753,1.4656818548785608,-1.8609196148314417,-1.5287154356585901,-0.21472007433046514,0.0,0.0,-0.0,-0.0,0.0,-0.0,1789113656.9710665
2573.941,-0.4479071834800157,-0.477938732880548,0.3397156427585895,1.1350325778387103,2.893823388349626,-0.026599475905717346,0,0,0.6091281771659851,-1.1708568793586274,1.4656971136676233,-1.860934396783346,-1.5287378470050257,-0.21473580995668584,3.3275352050798214e-23,0.0,8.409860585700812e-10,-0.0,0.0,-0.0,1789113657.0710738
2574.0409999999997,-0.4479111868402052,-0.47794397565569324,0.3396886110581265,1.1350048950843545,2.893791899283414,-0.026495901651590527,0,0,0.6091318130493164,-1.170810655956604,1.4656818548785608,-1.8608876667418421,-1.528741184865133,-0.2147429625140589,0.0,0.0,-0.0,-0.0,0.0,-0.0,1789113657.1711404
2574.141,-0.44768231154530663,-0.47814332478761606,0.3396013983407392,1.134309888203032,2.89391260841542,-0.026303462821920198,0,0,0.60958331823349,-1.170750842695572,1.4657824675189417,-1.8608747921385707,-1.5286896864520472,-0.21473962465395147,0.015234016813337803,0.00291237561032176,0.004891168791800737,0.0002595769474282861,1.0823716326425342e-13,-0.0,1789113657.2711415
2574.241,-0.44570681987006777,-0.4801717908173845,0.33860072716454737,1.1276738474731893,2.895384703636735,-0.024129148868072707,0,0,0.6139246821403503,-1.1694850486567994,1.4661815802203577,-1.8608714542784632,-1.5285666624652308,-0.21475154558290654,0.07613132894039154,0.016568632796406746,9.407433390151709e-05,0.00011347299005137756,0.0006634632009081542,-0.0,1789113657.3710554
2574.341,-0.4391663891632958,-0.4863718339896271,0.33793053335527434,1.1074808937588754,2.9023229630395893,-0.022439739494525397,0,0,0.6277080178260803,-1.1684912008098145,1.466245476399557,-1.8608395061888636,-1.5284469763385218,-0.21472388902773076,0.19318410754203796,0.010690164752304554,0.0021856401581317186,2.5717649805301335e-06,0.0005678245215676725,-0.0,1789113657.471169
2574.441,-0.4282904320806996,-0.49620493302628743,0.33666655378568117,1.0744244885066898,2.913277209716618,-0.01914468346963185,0,0,0.6501175165176392,-1.1668798488429566,1.4667304197894495,-1.8608280620970667,-1.528346363698141,-0.214762036000387,0.23781120777130127,0.023425254970788956,0.0024952564854174852,0.0,0.0004912569420412183,-0.0,1789113657.570965
2574.5409999999997,-0.41711310985378475,-0.506471439782114,0.3341458678524276,1.0398032141115856,2.923450340268467,-0.013323810186612725,0,0,0.6734365224838257,-1.162998543386795,1.4667976538287562,-1.8608433208861292,-1.5282991568194788,-0.21472007433046514,0.22551894187927246,0.05950876697897911,0.00016617347137071192,0.0,0.00016044446965679526,-0.0,1789113657.6710134
2574.641,-0.40815735341835774,-0.5156510819642494,0.3281557634858836,1.009357426221483,2.92896543442056,-0.0003068306768508452,0,0,0.6933106184005737,-1.1537205439857026,1.4668529669391077,-1.8608423672118128,-1.5283497015582483,-0.21472388902773076,0.1594034731388092,0.11429671198129654,0.0017779846675693989,0.00018785192514769733,8.876741776475683e-05,-0.0,1789113657.7710042
2574.741,-0.40374180294497153,-0.5213369245853635,0.31915797490229236,0.9910101815515475,2.9273669855781193,0.019053414501544286,0,0,0.7044610381126404,-1.1407188040069123,1.468168083821432,-1.8608266315855921,-1.5283339659320276,-0.21472007433046514,0.061527252197265625,0.14391928911209106,0.02452416718006134,0.00012066768249496818,4.968583964956504e-41,-0.0,1789113657.8710406
2574.841,-0.4037261053545764,-0.5237274439253046,0.3088977222557586,0.9845621704230456,2.920516159805796,0.04053304131733107,0,0,0.7072713971138,-1.1258604389480134,1.4695914427386683,-1.8608876667418421,-1.5282824675189417,-0.21474057832826787,0.019650768488645554,0.16063852608203888,0.0006434505921788514,-0.0003642697411123663,0.0008566890028305352,-0.0,1789113657.9710352
2574.941,-0.4032774624380855,-0.5274050724804876,0.2966320787556488,0.9749525218742199,2.9130674320603327,0.06497739269696653,0,0,0.7119609117507935,-1.1068938237479706,1.469583813344137,-1.8612305126585902,-1.5279830137835901,-0.21477157274355108,0.07795078307390213,0.21369200944900513,-9.792910714168102e-05,-0.006996728479862213,0.008235485292971134,-0.00012705496919807047,1789113658.0710218
2575.0409999999997,-0.3992016267963059,-0.5340613122316019,0.28244800780521095,0.9548662638331948,2.907957726751772,0.09265366278586372,0,0,0.7237178087234497,-1.0849548739245911,1.4695804754840296,-1.8623839817442835,-1.5277436415301722,-0.21478015581239873,0.14567330479621887,0.22154580056667328,-3.667263445095159e-05,-0.0163850337266922,0.0007070868159644306,-0.00013496853352990001,1789113658.1715648
2575.141,-0.3923748339068022,-0.5422333954977862,0.26888225848297775,0.9286483528578514,2.9060136929153244,0.11851471720853031,0,0,0.7399590611457825,-1.0639434617808838,1.4695728460894983,-1.8643566570677699,-1.5276873747455042,-0.2148078123675745,0.1712978482246399,0.19625212252140045,-0.0,-0.04889445751905441,0.00043715036008507013,-0.00023386365501210093,1789113658.2710118
2575.241,-0.38532515162230324,-0.5506768839339268,0.2586807910793396,0.9035222140756833,2.9107719334151643,0.12826819745674883,0,0,0.7566553950309753,-1.0470330280116578,1.4695690313922327,-1.8746730289854945,-1.5276430288897913,-0.21482783952821904,0.162610724568367,0.14593768119812012,-1.58110804449052e-08,-0.18478088080883026,0.0005076397210359573,-0.00028847259818576276,1789113658.3710132
2575.341,-0.3797131729920086,-0.5591152675324601,0.25254667331537656,0.88298907424028,2.924314686462028,0.11391716037915241,0,0,0.7717450261116028,-1.0345030587962647,1.4695618788348597,-1.8989392719664515,-1.527674976979391,-0.21484357515443975,0.125490203499794,0.09447983652353287,1.7500600733910687e-05,-0.2792964577674866,3.538285454851575e-05,-0.00014791543071623892,1789113658.4710572
2575.441,-0.3774631631896563,-0.5650227836320797,0.24942698983231015,0.8724349289186408,2.9382552424011106,0.08933643350053946,0,0,0.7804502844810486,-1.0261174005321045,1.4695828596698206,-1.9263459644713343,-1.5277159849749964,-0.21484738985170537,0.042293742299079895,0.062063317745923996,0.0003589423722587526,-0.1467960625886917,-0.0004874897131230682,-6.712062167935073e-05,1789113658.571059
2575.5409999999997,-0.3774372944708966,-0.565459265507036,0.24718128143411722,0.8714483265792402,2.9375490050102484,0.09201171449719882,0,0,0.7809475064277649,-1.022795395260193,1.470024887715475,-1.9281522236266078,-1.5277708212481897,-0.21485931078066045,-0.00040303636342287064,0.0022055841982364655,0.006237549241632223,6.101949838921428e-05,-0.0001858493487816304,-0.0,1789113658.671064
2575.641,-0.3773754937605819,-0.565456209238516,0.24711607471155544,0.8713358650154169,2.9374984585435056,0.09203530412872711,0,0,0.7810000777244568,-1.0228039783290406,1.470210377370016,-1.9282766781248988,-1.5277074019061487,-0.21487123170961553,0.0003870276268571615,-5.9182413679081947e-05,0.00013874949945602566,-0.00208845641463995,4.602899934980087e-05,-0.0,1789113658.771086
2575.741,-0.3772149767486392,-0.5657402906140243,0.24725455277288858,0.8708137895336647,2.9383483197662907,0.0901239235432523,0,0,0.7814579606056213,-1.0228228133967896,1.470210377370016,-1.9296633205809535,-1.5276158491717737,-0.2148678938495081,0.011460625566542149,-8.224699844006607e-18,-0.0,-0.052977055311203,0.0020105824805796146,-9.165909950192955e-25,1789113658.8710577
2575.841,-0.37658058352830637,-0.5687771457504786,0.2491751579497478,0.8673983045061596,2.950324219013218,0.06266169830630546,0,0,0.7853115200996399,-1.0228313964656373,1.4701464811908167,-1.9502150020995082,-1.527428929005758,-0.21486407915224248,0.07198560237884521,0.0,-0.00017041401588357985,-0.36866676807403564,0.0003425593313295394,-0.00012439745478332043,1789113658.9710824
2575.941,-0.3750999823914436,-0.575060509964136,0.25332628021804804,0.8598026247124795,2.9750663426374406,0.0041320833186742545,0,0,0.7934558987617493,-1.022863821392395,1.4701998869525355,-1.9938723049559535,-1.527491871510641,-0.21487170854677373,0.07152537256479263,-0.00014288535749074072,-1.2775005854992194e-21,-0.4019046425819397,5.701257032342255e-05,-5.221932224230841e-05,1789113659.0710957
2576.0409999999997,-0.3743250658876779,-0.5773970041061369,0.25483310939913095,0.8564498859181536,2.9836374121970164,-0.016926708165336573,0,0,0.7966920137405396,-1.022855357532837,1.4702289740191858,-2.0094109974303187,-1.5274766127215784,-0.2148678938495081,0.00016122312808874995,-3.5906603443436325e-05,0.0011254455894231796,0.0012330864556133747,-3.937520675729844e-21,-0.0,1789113659.1709988
2576.141,-0.3742572628911445,-0.5772436357743184,0.25453674678171273,0.8565171408778562,2.983256432544014,-0.015741928582597795,0,0,0.7966129183769226,-1.0228143495372315,1.470764462147848,-2.0091473064818324,-1.5275281111346644,-0.21485549608339483,-1.2710199476836503e-14,-8.706816879566759e-05,0.011116507463157177,0.000978524680249393,-8.133528899634257e-05,-0.0,1789113659.2710087
2576.241,-0.37359413953332926,-0.5765914115610844,0.2529574466564886,0.8560887361175983,2.9816918996032897,-0.010855917372637486,0,0,0.7966489791870117,-1.022756115799286,1.4741466681109827,-2.0090400181212367,-1.5275796095477503,-0.21487933794130498,0.0005539922858588398,0.00017353710427414626,0.06554180383682251,0.0007350725936703384,-0.0001496839540777728,-0.0,1789113659.3710036
2576.341,-0.37173740755480655,-0.5747596431910857,0.2486207119421953,0.8550525381645717,2.97722008420351,0.0021859813090123726,0,0,0.7967160940170288,-1.0226599139026185,1.4836319128619593,-2.009035726586813,-1.5275328795062464,-0.21485549608339483,0.00045153824612498283,0.0007438857574015856,0.11516526341438293,0.0002563429297879338,-7.319130236282945e-05,-0.0,1789113659.4710066
2576.441,-0.36926786623149305,-0.5722316254459553,0.24299967229908553,0.8537457810919923,2.9713661996164173,0.019312855043368018,0,0,0.7967280149459839,-1.0226944249919434,1.4962542692767542,-2.0090557537474574,-1.5275910536395472,-0.2148678938495081,4.3539013859117404e-05,9.633263834984973e-05,0.1601923406124115,8.447479194728658e-05,-1.1306057245974444e-07,-0.0,1789113659.5709982
2576.5409999999997,-0.3654960834863132,-0.5683432045320304,0.23460861824413054,0.8518020354401773,2.9623157013884143,0.04486636421032324,0,0,0.7967053055763245,-1.0226721328547974,1.5151851812945765,-2.009127756158346,-1.5276029745685022,-0.2148678938495081,0.0,3.9111818412536905e-29,0.19652429223060608,7.172363270198653e-34,-0.0,-0.0,1789113659.6710327
2576.641,-0.3622152960370659,-0.5649682741206719,0.22763210997388955,0.8500810870811489,2.9546119083332347,0.066035400757285,0,0,0.796688437461853,-1.0227269691279908,1.5312660376178187,-2.0094148121275843,-1.5275877157794397,-0.2148984114276331,0.0,0.0,0.12410277128219604,-0.0013567336136475205,-0.0,-0.0,1789113659.7711308
2576.741,-0.36045572599848047,-0.5630331895185784,0.2238026467129613,0.8493394697593206,2.950170997944977,0.07783292335514778,0,0,0.7965458631515503,-1.022703008060791,1.5400522390948694,-2.0094171963133753,-1.5275805632220667,-0.21488649049867803,-0.003867605933919549,0.0,0.05794906243681908,-8.32048972370103e-05,-0.0,-0.0,1789113659.8709943
2576.841,-0.36017026257222834,-0.5622889658813113,0.22266929918304756,0.8497604370992028,2.9486347053957322,0.08148365213632117,0,0,0.7960701584815979,-1.022699550991394,1.542640511189596,-2.0092879734435023,-1.5276268164264124,-0.21487600008119756,-0.008614935912191868,0.0,0.0020229658111929893,0.0006922517204657197,-0.0001330716477241367,-0.0,1789113659.9710178
2576.941,-0.3611156122284833,-0.5614340479630192,0.22233488031944304,0.8525558415894678,2.9473217680189765,0.08272818825651931,0,0,0.794132649898529,-1.0226310056499024,1.5432480017291468,-2.0089923344054164,-1.5276954809771937,-0.21484357515443975,-0.02940397709608078,0.0005410085432231426,0.017666298896074295,0.0009248973801732063,-0.0006785221630707383,-0.0,1789113660.0710394
2577.0409999999997,-0.3627475095996191,-0.5590143343403555,0.2206857611025937,0.8584944088318474,2.943558353431937,0.08775144776495472,0,0,0.7897772192955017,-1.0226379197886963,1.5470741430865687,-2.0089551411070765,-1.5278599897967737,-0.2148678938495081,-0.057321060448884964,0.00013835080608259887,0.06361188739538193,0.0008492139168083668,-0.00013241551641840488,-0.0,1789113660.1709938
2577.141,-0.3645264309117233,-0.5546376132372856,0.21676417302222678,0.8671858685247411,2.9358547760395672,0.09954662290893429,0,0,0.7830992937088013,-1.0225247901729126,1.556019131337301,-2.0088564358153285,-1.5278752485858362,-0.21487170854677373,-0.07440082728862762,0.00016342184972018003,0.1110609769821167,0.0003261843812651932,-7.50130056985654e-05,-0.0,1789113660.2710106
2577.241,-0.3658373185415846,-0.5490492819074577,0.21127338425460962,0.8766393159823611,2.925650058766576,0.11614645985635474,0,0,0.775542140007019,-1.0225317043117066,1.5689223448382776,-2.0088402233519496,-1.5278752485858362,-0.21486264864076787,-0.07295690476894379,0.0006732402252964675,0.13605637848377228,9.874278475763276e-05,-7.969895789860262e-17,-0.0,1789113660.3709974
2577.341,-0.36652756251266044,-0.5464991837909193,0.20894130574567632,0.8811777557334985,2.9210326885441864,0.12312780299197576,0,0,0.7719609141349792,-1.0226035875133057,1.574559513722555,-2.008900304833883,-1.527839485798971,-0.21483976045717412,0.002786478493362665,-0.0007445113151334226,-0.0008892085170373321,2.7989980534550974e-25,-0.0,-0.0,1789113660.4710417
2577.441,-0.366480819379159,-0.5465312025467703,0.20895146067722176,0.8810279202132968,2.9211168488291626,0.12309086816734732,0,0,0.7720495462417603,-1.0226189655116578,1.5745652357684534,-2.0089312992491664,-1.5278547445880335,-0.21485931078066045,-3.3135693229269236e-05,9.366893937112764e-05,-0.0,0.0,-0.0,-0.0,1789113660.5710037
2577.5409999999997,-0.3664794138564581,-0.5465458891065892,0.2089552165349209,0.8810360723789452,2.9210992080986995,0.12308950000202669,0,0,0.7720650434494019,-1.0226001900485535,1.5745213667498987,-2.008900304833883,-1.527839485798971,-0.2148364225970667,-2.3327889721258543e-05,-1.8824544895323925e-05,-0.0,0.0,-0.0,-0.0,1789113660.6709995
2577.641,-0.36646837681304734,-0.5465362246907257,0.20893818033178585,0.8810463958969147,2.9210902889345713,0.12314869888982583,0,0,0.7720686197280884,-1.0226035875133057,1.5745685736285608,-2.008908887902731,-1.5278547445880335,-0.21482450166811162,0.0,-2.646194982021119e-19,-0.0,0.0,-0.0,-0.0,1789113660.7710128
2577.741,-0.36648829398216604,-0.5465432587050084,0.2089782278551896,0.8810299710528733,2.9211196440782268,0.12298563526476529,0,0,0.7720495462417603,-1.0226310652545472,1.5745213667498987,-2.008935113946432,-1.5278204123126429,-0.21485931078066045,0.0,0.0,-0.0,0.0,-0.0,-0.0,1789113660.8709857
2577.841,-0.36648255052096557,-0.5465328979818591,0.20894210814069825,0.8810764205012948,2.921091413831264,0.12312182857960205,0,0,0.7720495462417603,-1.0226001304439087,1.5745561758624476,-2.0089193783202113,-1.5278547445880335,-0.21482450166811162,0.0,0.0,-0.0,0.0,-0.0,-0.0,1789113660.9710293
2577.941,-0.36649220258918325,-0.5465195909174435,0.20895055676901003,0.8810628641826607,2.9210794389835963,0.1231060902417497,0,0,0.7720219492912292,-1.0226227206042786,1.5745685736285608,-2.008908887902731,-1.527839485798971,-0.21485931078066045,0.0,0.0,-0.0,0.0,-0.0,-0.0,1789113661.0709991
2578.0409999999997,-0.3664755294867453,-0.5465281732639548,0.20893139779853848,0.8810188948207136,2.9210764651379715,0.12314853912580546,0,0,0.7720495462417603,-1.0226000112346192,1.5745800177203577,-2.0089122257628382,-1.527839485798971,-0.21485931078066045,0.0,0.0,-0.0,0.0,-0.0,-0.0,1789113661.1710281
2578.141,-0.36648806168282794,-0.5465294990240662,0.20895314007033433,0.8810654030621276,2.921088456156932,0.12308825329104858,0,0,0.7720374464988708,-1.0226155084422608,1.5745528380023401,-2.0089155636229457,-1.527839485798971,-0.21484357515443975,0.0,0.0,-0.0,0.0,-0.0,-0.0,1789113661.2709608
2578.241,-0.3664866123564992,-0.5465269766320311,0.20892573281205612,0.8810698264908043,2.9210615876724266,0.12317221270945787,0,0,0.7720374464988708,-1.022580699329712,1.5745614210711878,-2.008900304833883,-1.5278475920306605,-0.2148364225970667,0.0,0.0,-0.0,0.0,-0.0,-0.0,1789113661.371327
2578.341,-0.3664811024629755,-0.5465400640116217,0.20898110293612424,0.881044890218548,2.9211287250517985,0.12301153627788977,0,0,0.7720567584037781,-1.0226466816714783,1.5745366255389612,-2.0089274845519007,-1.527839485798971,-0.21484357515443975,0.0,0.0,-0.0,0.0,-0.0,-0.0,1789113661.4710395
2578.441,-0.36646987195367847,-0.5465376749298508,0.20894916817745157,0.8810772960570062,2.9210943119660726,0.12312051899310894,0,0,0.7720686197280884,-1.0226155084422608,1.5745614210711878,-2.0089122257628382,-1.5278547445880335,-0.2148054281817835,0.0,0.0,-0.0,0.0,-0.0,-0.0,1789113661.570937
2578.5409999999997,-0.3664605209583652,-0.5465371585598434,0.20895188962708483,0.880990988014279,2.921106246181064,0.12310329922038589,0,0,0.7720758318901062,-1.0226311844638367,1.5745800177203577,-2.0089169941344203,-1.527839485798971,-0.21485549608339483,0.0,0.0,-0.0,0.0,-0.0,-0.0,1789113661.6710007
2578.641,-0.3664746067886338,-0.5465272501043588,0.20894638155644327,0.8810671135104002,2.921071091584438,0.12313210810073309,0,0,0.7720495462417603,-1.0226227206042786,1.5745766798602503,-2.008900304833883,-1.527839485798971,-0.21482783952821904,0.0,0.0,-0.0,0.0,-0.0,-0.0,1789113661.771025
2578.741,-0.3664702221942816,-0.5465299230747892,0.2089537856967928,0.8810355343856284,2.9210889224116645,0.12310178930041527,0,0,0.7720567584037781,-1.0226347607425232,1.5745800177203577,-2.0089122257628382,-1.5278361479388636,-0.21484357515443975,0.0,0.0,-0.0,0.0,-0.0,-0.0,1789113661.871006
2578.841,-0.36647943929995974,-0.5465303759600741,0.20892211766236135,0.8810470496814119,2.921039952761437,0.12318301657014213,0,0,0.772045910358429,-1.0225771826556702,1.5745614210711878,-2.0088840923705042,-1.527827564870016,-0.21483976045717412,0.0,0.0,-0.0,0.0,-0.0,-0.0,1789113661.9710028
2578.941,-0.36648677744669156,-0.5465305261111291,0.20896142593320954,0.8810636213130298,2.9211166688540438,0.12313363830011356,1,1,0.772045910358429,-1.0226227206042786,1.5745366255389612,-2.008880754510397,-1.5278776327716272,-0.21483976045717412,0.0,0.0,-0.0,0.0,-0.0,-0.0,1789113662.0709965
2579.0409999999997,-0.36647214309003207,-0.5465345535261004,0.20894788355721042,0.8810169820953418,2.921088363698635,0.12312502996839057,1,1,0.7720603346824646,-1.0226155084422608,1.5745614210711878,-2.0088969669737757,-1.527839485798971,-0.2148516813861292,0.0,0.0,-0.0,0.0,-0.0,-0.0,1789113662.170979
2579.141,-0.3664693927856493,-0.5465340836696254,0.20892310664142644,0.8810079786861408,2.921051660389424,0.12317265933754143,1,1,0.7720603346824646,-1.0225843352130433,1.5745719114886683,-2.00889315227651,-1.5278237501727503,-0.2148521582232874,0.0,0.0,-0.0,0.0,-9.996468658601802e-30,-0.0,1789113662.270979
2579.241,-0.36646086769869546,-0.5465288835406484,0.20893838520248065,0.8810160651774461,2.921087973532889,0.12317237825725873,1,1,0.7720686197280884,-1.0226227206042786,1.574594799672262,-2.0088969669737757,-1.5278547445880335,-0.21484357515443975,0.0,0.0,-0.0,0.0,-0.0,-0.0,1789113662.370983
2579.341,-0.3664719819701907,-0.5465301016440217,0.20894443378451732,0.8810362545144634,2.921066175217972,0.12311884964830183,1,1,0.7720531225204468,-1.0226190847209473,1.5745766798602503,-2.008904119531149,-1.5278237501727503,-0.21484357515443975,0.0,0.0,-0.0,0.0,-0.0,-0.0,1789113662.4710114
2579.441,-0.3664735718590617,-0.5465262567490419,0.20892864828535324,0.880993489249869,2.921073059412908,0.12317192586291217,1,1,0.7720495462417603,-1.0226000112346192,1.5745833555804651,-2.0088969669737757,-1.527839485798971,-0.21487504640688115,0.0,0.0,-0.0,0.0,-0.0,-0.0,1789113662.5711114
2579.5409999999997,-0.36648071674624716,-0.5465261236560115,0.20893090174684983,0.8810535120066164,2.9210340551584264,0.12314696188664533,1,1,0.7720374464988708,-1.022596375351288,1.5745719114886683,-2.00889315227651,-1.5278123060809534,-0.21484357515443975,0.0,0.0,-0.0,0.0,-0.0,-0.0,1789113662.670942
2579.641,-0.3664788324729099,-0.5465362503473303,0.20896403256859886,0.8810543479319748,2.921095818315873,0.12304865902826162,1,1,0.7720531225204468,-1.0226311844638367,1.5745528380023401,-2.0089241466917933,-1.527827564870016,-0.2148364225970667,0.0,0.0,-0.0,0.0,-0.0,-0.0,1789113662.7710361
2579.741,-0.3664826588398248,-0.5465335074087725,0.20893264508608586,0.8810438178255177,2.9211068356558294,0.1231617214471266,1,1,0.7720531225204468,-1.0225843352130433,1.5745528380023401,-2.0089122257628382,-1.5278742949115198,-0.21484357515443975,0.0,0.0,-0.0,0.0,-0.0,-0.0,1789113662.8710408
2579.841,-0.36647491948162103,-0.5465307795992898,0.2089429010757216,0.8809697544270902,2.921097151208799,0.12313042217772176,1,1,0.7720531225204468,-1.0226118725589295,1.5745685736285608,-2.0089012585081996,-1.527839485798971,-0.21489030519594365,0.0,0.0,-0.0,0.0,-0.0,-0.0,1789113662.9710565
2579.941,-0.3664796978726211,-0.5465160087634698,0.20892211086569373,0.8810685921181691,2.9210557481320634,0.12320578797843887,1,1,0.7720338702201843,-1.0226000112346192,1.5745986143695276,-2.0088964901366175,-1.5278547445880335,-0.21483976045717412,0.0,0.0,-0.0,0.0,-0.0,-0.0,1789113663.0710924
2580.0409999999997,-0.36647066229639913,-0.546528811364209,0.20894239660851419,0.8810293630333228,2.9210622075727364,0.12313238923017394,1,1,0.7720531225204468,-1.0226190847209473,1.5745800177203577,-2.0088969669737757,-1.5278237501727503,-0.21484738985170537,0.0,0.0,-0.0,0.0,-0.0,-0.0,1789113663.1710613
2580.141,-0.36646042438047705,-0.5465441231870349,0.20890383436932325,0.8809897345098755,2.921052649075648,0.12317842453851187,1,1,0.772080659866333,-1.0225532811931153,1.5745766798602503,-2.0089241466917933,-1.5278204123126429,-0.21484357515443975,0.0,0.0,-0.0,0.0,-0.0,-0.0,1789113663.271087
2580.241,-0.3664728559598059,-0.5465173343319575,0.2089173412254639,0.8810336759879509,2.921030753375363,0.12318964171142065,1,1,0.7720374464988708,-1.0226000112346192,1.574611012135641,-2.008900304833883,-1.5278204123126429,-0.21485549608339483,0.0,0.0,-0.0,0.0,-0.0,-0.0,1789113663.3710845
2580.341,-0.3664755194696752,-0.5465292816747587,0.20894315042026362,0.881049240602715,2.9210736698436897,0.12311379567041676,1,1,0.7720495462417603,-1.0226155084422608,1.5745766798602503,-2.008916040460104,-1.5278313795672815,-0.21483976045717412,0.0,0.0,-0.0,0.0,-0.0,-0.0,1789113663.4711034
2580.441,-0.36645551911718244,-0.5465312596664611,0.2089234806140134,0.8809551106062024,2.9210581331243857,0.1231929728968453,1,1,0.7720722556114197,-1.0226035875133057,1.5745986143695276,-2.0088845692076625,-1.5278237501727503,-0.21487504640688115,0.0,0.0,-0.0,-6.762057276968325e-13,-0.0,-0.0,1789113663.5710976
2580.5409999999997,-0.3664811965145278,-0.5465207256842012,0.20893968593510798,0.8810385461119279,2.9210817493204506,0.12316360285677232,1,1,0.7720375061035156,-1.0226155084422608,1.5745800177203577,-2.0088936291136683,-1.5278547445880335,-0.21485931078066045,0.0,0.0,-0.0,-0.0,-0.0,-0.0,1789113663.670997
2580.641,-0.3664714140184985,-0.5465273761812252,0.20891779658680348,0.8809852058119154,2.9210618391713643,0.1232046504270002,1,1,0.7720531225204468,-1.022584394817688,1.5745833555804651,-2.00888790706777,-1.527839485798971,-0.21487504640688115,0.0,0.0,-0.0,-0.0,-0.0,-0.0,1789113663.7709954
2580.741,-0.36647806407662886,-0.5465175819941157,0.20892943724051705,0.881083608134845,2.92104011596402,0.12317007715592575,1,1,0.7720339298248291,-1.0226107400706788,1.5745986143695276,-2.008900304833883,-1.527832333241598,-0.21482831636537725,0.0,0.0,-0.0,-0.0,-0.0,-0.0,1789113663.8709955
2580.841,-0.36648238425979657,-0.5465266723052957,0.20894516134870122,0.8810549627309342,2.9210639552587097,0.12309833733887214,1,1,0.7720375061035156,-1.0226155084422608,1.5745719114886683,-2.0089155636229457,-1.5278204123126429,-0.21484691301454717,0.0,0.0,-0.0,-0.0,-0.0,-0.0,1789113663.9710834
2580.941,-0.36647553417000045,-0.546525521996694,0.20892686167363667,0.8810326561829362,2.921080728033005,0.12318429558892863,1,2,0.7720495462417603,-1.0225964349559327,1.5745833555804651,-2.0089036426939906,-1.5278585592852991,-0.2148507277118128,0.0,0.0,-0.0,-0.0,-0.0,-0.0,1789113664.0710886
2581.0409999999997,-0.3664708958194632,-0.5465290444501102,0.2089377910153044,0.8810165147541696,2.921061748188061,0.12314124680449845,1,2,0.7720531225204468,-1.0226119321635743,1.5745800177203577,-2.0088969669737757,-1.5278237501727503,-0.21485549608339483,0.0,0.0,-0.0,-0.0,-0.0,-0.0,1789113664.170974
2581.141,-0.36646258514485636,-0.5465435365424336,0.20894086057948386,0.8809829814580395,2.921104888810653,0.12311298930578263,1,2,0.772080659866333,-1.0226035875133057,1.5745652357684534,-2.0089227161803187,-1.527839485798971,-0.21485549608339483,0.0,0.0,-0.0,-0.0,-0.0,-0.0,1789113664.2710824
2581.241,-0.3664713161506824,-0.5465294686635531,0.20892958643675785,0.8810101498475381,2.921060570186545,0.12314788856948408,1,2,0.7720531225204468,-1.0226000112346192,1.5745833555804651,-2.008906980554098,-1.5278237501727503,-0.21485931078066045,0.0,0.0,-0.0,-0.0,-0.0,-0.0,1789113664.3709884
2581.341,-0.3664591280000339,-0.5465379145911899,0.20895593716549132,0.8809623132120922,2.921088769358277,0.12311729676284884,1,2,0.7720757722854614,-1.0226347607425232,1.5745685736285608,-2.008881231347555,-1.5278237501727503,-0.21487170854677373,0.0,0.0,-0.0,-0.0,-0.0,-0.0,1789113664.4709954
2581.441,-0.36647176233809065,-0.5465287012194828,0.2089323860909469,0.8810111970064424,2.921066069761718,0.12315861703421174,1,2,0.7720531225204468,-1.0226035875133057,1.5745800177203577,-2.0088969669737757,-1.527832333241598,-0.21485931078066045,0.0,0.0,-0.0,-0.0,-0.0,-0.0,1789113664.5710394
2581.5409999999997,-0.36646500605401644,-0.5465280801278725,0.20894009102089806,0.8810078805904926,2.9210833424257463,0.12315349850493816,1,2,0.7720614671707153,-1.0226226609996338,1.5745914618121546,-2.008900304833883,-1.5278433004962366,-0.21485549608339483,0.0,0.0,-0.0,-0.0,-0.0,-0.0,1789113664.6710122
2581.641,-0.3664702245676309,-0.5465240856100869,0.20892635865307235,0.881018927835066,2.921077164392071,0.12319128578435573,1,2,0.7720531225204468,-1.0226035875133057,1.574594799672262,-2.008900304833883,-1.5278547445880335,-0.21485549608339483,0.0,0.0,-0.0,-0.0,-0.0,-0.0,1789113664.7710059
2581.741,-0.36647093944506265,-0.5465306301717047,0.2089370982246637,0.8810356326984213,2.9210641805765656,0.12316034839603987,1,2,0.7720567584037781,-1.0226071637919922,1.5745723883258265,-2.00888790706777,-1.5278361479388636,-0.21483976045717412,0.0,0.0,-0.0,-0.0,-0.0,-0.0,1789113664.8710043
2581.841,-0.36648585404323325,-0.5465221068666958,0.20894541308425868,0.8810774774701476,2.921065718012617,0.12310802196672609,1,2,0.7720302939414978,-1.0226190847209473,1.5745766798602503,-2.0089155636229457,-1.5278309027301233,-0.21483976045717412,0.0,0.0,-0.0,-0.0,-0.0,-0.0,1789113664.9710064
2581.941,-0.3664875230702272,-0.5465242017786166,0.20893893507060457,0.8810970071803363,2.9210466571369715,0.12313191595071676,1,2,0.7720302939414978,-1.0226035875133057,1.5745652357684534,-2.008900304833883,-1.527827564870016,-0.21482450166811162,0.0,0.0,-0.0,-0.0,-0.0,-0.0,1789113665.0710096
2582.0409999999997,-0.3664660842366822,-0.5465248057129588,0.2089426071339892,0.8809877497960061,2.921068903410891,0.12313211564115312,1,2,0.7720531225204468,-1.022631124859192,1.5745986143695276,-2.008900304833883,-1.5278204123126429,-0.21487504640688115,0.0,0.0,-0.0,-0.0,-0.0,-0.0,1789113665.1710126
2582.141,-0.3664571362606713,-0.5465279784040918,0.20894126996911452,0.8809942295344824,2.921043526749824,0.12316771697476572,1,2,0.7720650434494019,-1.0226311844638367,1.574594799672262,-2.0088659725584925,-1.5278118292437952,-0.21485549608339483,0.0,0.0,-0.0,-0.0,-0.0,-0.0,1789113665.271027
2582.241,-0.3664803782110685,-0.5465210465362309,0.20892666495156614,0.8810488170483929,2.921046870591835,0.12315077238600525,1,2,0.7720339298248291,-1.022600070839264,1.5745914618121546,-2.0089122257628382,-1.5278237501727503,-0.2148516813861292,0.0,0.0,-0.0,-0.0,-0.0,-0.0,1789113665.3710165
2582.341,-0.36648338183887874,-0.5465213545018425,0.20892246215378996,0.8810143904164792,2.9210863209656237,0.12319855792750453,1,2,0.7720375061035156,-1.0225879114917298,1.5745800177203577,-2.008900304833883,-1.5278657118426722,-0.21487504640688115,0.0,0.0,-0.0,-0.0,-0.0,-0.0,1789113665.4710007
2582.441,-0.3664663206707673,-0.546534779174804,0.2089469482202575,0.8810274685263376,2.921083374917671,0.12309809604906394,1,2,0.7720650434494019,-1.0226226609996338,1.5745800177203577,-2.0089227161803187,-1.527827564870016,-0.21483976045717412,0.0,0.0,-0.0,-0.0,-0.0,-0.0,1789113665.5710275
2582.5409999999997,-0.3664688276914393,-0.5465264994366813,0.20893324082587417,0.8810104724835308,2.9210622110443274,0.12315459645839602,1,2,0.7720531225204468,-1.0226119321635743,1.5745914618121546,-2.008900304833883,-1.527827564870016,-0.21485931078066045,0.0,0.0,-0.0,-0.0,-0.0,-0.0,1789113665.6710002
2582.641,-0.36645924813416075,-0.5465326426409076,0.2089270398310914,0.8809857169937992,2.9210596537309286,0.12321561880787936,1,2,0.7720721960067749,-1.0226000112346192,1.5745800177203577,-2.008862634698385,-1.527839485798971,-0.21485549608339483,0.0,0.0,-0.0,-0.0,-0.0,-0.0,1789113665.7711017
2582.741,-0.36647392651826777,-0.5465238634384267,0.20893807210739807,0.881007234971148,2.921074952375937,0.12312366348308562,1,2,0.7720446586608887,-1.0226190847209473,1.574594799672262,-2.008918901483053,-1.527827564870016,-0.21487170854677373,0.0,0.0,-0.0,-0.0,-0.0,-0.0,1789113665.8710027
2582.841,-0.3664603831915019,-0.5465300813039285,0.20893263986373606,0.8809803622880178,2.921041989401502,0.12313527106586085,1,2,0.7720614671707153,-1.0226155084422608,1.5745986143695276,-2.008900304833883,-1.5277965704547327,-0.2148678938495081,0.0,0.0,-0.0,-0.0,-0.0,-0.0,1789113665.9709942
2582.941,-0.36646928456425365,-0.5465259367273104,0.20893454001997241,0.8810048584321986,2.921061237713101,0.12318062131541041,1,2,0.7720531225204468,-1.0226119321635743,1.5745833555804651,-2.008876462975973,-1.527834717427389,-0.21486264864076787,0.0,0.0,-0.0,-0.0,-0.0,-0.0,1789113666.070943
2583.0409999999997,-0.3664758225447436,-0.5465306266096388,0.20894603854676236,0.8809948513159318,2.9210758279615634,0.12311990138198321,1,2,0.7720495462417603,-1.0226155084422608,1.5745652357684534,-2.0088936291136683,-1.5278237501727503,-0.21487504640688115,0.0,0.0,-0.0,-0.0,-0.0,-0.0,1789113666.1710064
2583.141,-0.3664746369381134,-0.5465370193016742,0.20893657061481397,0.8809790871670479,2.9210917739510256,0.12316059309210031,1,2,0.7720614671707153,-1.022591547375061,1.5745490233050745,-2.0088845692076625,-1.527846638356344,-0.21487504640688115,0.0,0.0,-0.0,-0.0,-0.0,-0.0,1789113666.2709954
2583.241,-0.36647934611141925,-0.5465194905982665,0.20893813972869651,0.8810627705930909,2.921052192792867,0.12314055098380686,1,2,0.7720339298248291,-1.0226190847209473,1.5745914618121546,-2.0089036426939906,-1.527827564870016,-0.21484357515443975,0.0,0.0,-0.0,-0.0,-0.0,-0.0,1789113666.3709643
2583.341,-0.36645347252535104,-0.5465384080073281,0.20893855658969218,0.8809998850717192,2.921099636848119,0.12317158869092855,1,2,0.772087812423706,-1.0226155084422608,1.5745833555804651,-2.0088969669737757,-1.5278585592852991,-0.2148364225970667,0.0,0.0,-0.0,-0.0,-0.0,-0.0,1789113666.471125
2583.441,-0.36648631407167526,-0.5465101993745951,0.2089346615955569,0.881090105042521,2.9210426030371797,0.12318644900840785,1,2,0.7720184922218323,-1.0226190847209473,1.574594799672262,-2.008880754510397,-1.5278433004962366,-0.21483976045717412,0.0,0.0,-0.0,-0.0,-0.0,-0.0,1789113666.5710073
2583.5409999999997,-0.3664701549234818,-0.546527808730311,0.20892661246887909,0.8810391352035316,2.921054335891009,0.12315594619797868,1,2,0.7720531225204468,-1.0226000112346192,1.5745914618121546,-2.0089122257628382,-1.527827564870016,-0.21483976045717412,0.0,0.0,-0.0,-0.0,-0.0,-0.0,1789113666.6709993
2583.641,-0.36646158356293496,-0.5465321735887034,0.20893942448033748,0.8809963894867681,2.9210809335987458,0.12314814134265271,1,2,0.7720686197280884,-1.0226190847209473,1.574587647114889,-2.008900304833883,-1.5278361479388636,-0.21485549608339483,0.0,0.0,-0.0,-0.0,-0.0,-0.0,1789113666.7709427
2583.741,-0.36646026255000874,-0.5465288620136654,0.20892284118905036,0.8809696921293633,2.921050386633632,0.1232110421316697,1,2,0.7720650434494019,-1.0226000112346192,1.5745914618121546,-2.0088693104186,-1.527827564870016,-0.21487170854677373,0.0,0.0,-0.0,-0.0,-0.0,-0.0,1789113666.871113
2583.841,-0.3664613429288167,-0.5465223850700346,0.20895044382368066,0.8810127613289467,2.9210693519941393,0.12313734928129104,1,2,0.7720566987991333,-1.02265019834552,1.5746071974383753,-2.0088912449278773,-1.527827564870016,-0.21485549608339483,0.0,0.0,-0.0,-0.0,-0.0,-0.0,1789113666.9711332
2583.941,-0.36652228691849525,-0.5465523062693067,0.20902417373655505,0.8811018464678693,2.921272786166345,0.12269241408684745,1,2,0.7720291614532471,-1.022659794693329,1.574496094380514,-2.009127756158346,-1.5278623739825647,-0.21485549608339483,-3.3275715516367654e-09,-0.00042328296694904566,-0.0019458988681435585,-0.00828706007450819,-0.0,-0.0,1789113667.0710473
2584.0409999999997,-0.3673962301338737,-0.5471305083749267,0.21005084540888855,0.882319952461126,2.924612268938332,0.11392332443085676,1,2,0.7717222571372986,-1.0226875108531495,1.5732248465167444,-2.0144697628416957,-1.5278633276568812,-0.21487504640688115,-0.009342286735773087,-0.00029361274209804833,-0.0342494361102581,-0.15796701610088348,-0.0,-0.0,1789113667.1711173
2584.141,-0.3738098899326013,-0.5494822425290822,0.21585389759833698,0.8934456437966003,2.9445099627574978,0.06002968827374794,1,2,0.7675706148147583,-1.0227199357799073,1.5670807997332972,-2.049340387383932,-1.5288928190814417,-0.21483976045717412,-0.09745943546295166,-0.000262475514318794,-0.08803797513246536,-0.5469284653663635,-0.03184633329510689,-0.0,1789113667.2711248
2584.241,-0.38997304990486314,-0.5493416915675805,0.22616939674313574,0.9272169458962343,2.9766378009209333,-0.03583299510998038,1,2,0.7511193156242371,-1.0228433173945923,1.5577457586871546,-2.1133767567076625,-1.5337446371661585,-0.2148678938495081,-0.2102304846048355,-0.001515457290224731,-0.0680568590760231,-0.6304576396942139,-0.062323588877916336,-0.0,1789113667.3711624
2584.341,-0.40728571627274784,-0.5439077541442234,0.23334638463320417,-0.9634249808785095,-2.9771980684414654,0.11423578239832363,1,2,0.7280176281929016,-1.023490623836853,1.5559070746051233,-2.170842309991354,-1.5377386252032679,-0.21486074129213506,-0.23305723071098328,-0.0034082524944096804,-0.00021535523410420865,-0.5478397607803345,-0.004779319744557142,-0.0,1789113667.4710746
2584.441,-0.4225482981863942,-0.5382841607453622,0.23938244967870595,-0.983275325366611,-2.936407311194829,0.1859572909447618,1,2,0.7066267132759094,-1.0235781830600281,1.555880371724264,-2.225656648675436,-1.5377748648272913,-0.21489459673036748,-0.19128906726837158,-0.0010876725427806377,-9.838626283453777e-05,-0.546512246131897,-0.0001812297705328092,-0.0,1789113667.5711303
2584.5409999999997,-0.4353549415711869,-0.5340737155678796,0.24619338143632558,-0.9948021039242415,-2.8937603786304593,0.25959303897736935,1,2,0.6895554661750793,-1.0239138168147583,1.5558441321002405,-2.2834140262999476,-1.537743870412008,-0.21485549608339483,-0.13798972964286804,-0.006868698634207249,-0.0005927827442064881,-0.6217008829116821,-7.841411570552737e-05,-0.0,1789113667.6710918
2584.641,-0.4432280120600753,-0.5341685309238936,0.25446627490314994,-0.9887051314946819,-2.848335779065029,0.34416399094577266,1,2,0.6822457313537598,-1.0241618913463135,1.5557916800128382,-2.351454874078268,-1.5377071539508265,-0.21487170854677373,-0.008025380782783031,-0.000230170160648413,-0.00019990367582067847,-0.70774906873703,0.00013224313443060964,-0.0,1789113667.7711413
2584.741,-0.44677633246781856,-0.5373377234400682,0.2632403292213602,-0.9706246923895943,-2.8035456192114574,0.43003801334819797,1,2,0.6824901103973389,-1.0241739314845582,1.5557783285724085,-2.422234674493307,-1.5376032034503382,-0.21484357515443975,0.00032368022948503494,-8.961833373177797e-05,-0.0005244516651146114,-0.7167884111404419,0.00046294101048260927,-0.0,1789113667.871056
2584.841,-0.44999059959737364,-0.5401467303629428,0.2726479709488442,-0.951391908049493,-2.755124250514473,0.5159114382692996,1,2,0.68262779712677,-1.024205045109131,1.5556400457965296,-2.49489750484609,-1.5375025908099573,-0.21484691301454717,0.0017092894995585084,-0.00028478907188400626,-0.00286470097489655,-0.7417681217193604,0.0006671397131867707,-0.0,1789113667.9711146
2584.941,-0.45251834463780005,-0.5428038156105915,0.2826080538337066,-0.9304576467671136,-2.703680027174346,0.601263752656368,1,2,0.6832039952278137,-1.0241942566684266,1.5552757422076624,-2.568972726861471,-1.5373275915728968,-0.21482831636537725,0.010006316006183624,-7.333779649343342e-05,-0.0021533851977437735,-0.7166143655776978,0.0015346021391451359,-0.0,1789113668.0711112
2585.0409999999997,-0.4537667447088409,-0.544839706094395,0.2907147570396948,-0.9123022298132599,-2.6609756223012595,0.6683011840286428,1,2,0.684266209602356,-1.0241823953441163,1.5552757422076624,-2.6289760075011195,-1.537224594746725,-0.21483165422548467,0.00694379024207592,2.5521901989122853e-05,0.00011994466331088915,-0.4526677131652832,0.00024053956440184265,-0.0,1789113668.1711135
2585.141,-0.4538983227176653,-0.545569023153537,0.29329672414073515,-0.9061132256390719,-2.647454097806351,0.6891397517809362,1,2,0.6849355697631836,-1.024181143646576,1.5552719275103968,-2.647853036920065,-1.5371993223773401,-0.21481258073915654,0.017948981374502182,0.0,3.861361983581446e-05,0.0009347511804662645,0.0015114566776901484,-0.0,1789113668.2711158
2585.241,-0.4521438733889268,-0.5470088253998924,0.2932544150013654,-0.9021003020581372,-2.6496364082577246,0.6897026203181673,1,2,0.6881260275840759,-1.0241739314845582,1.5553081671344202,-2.6477061710753382,-1.5371678511248987,-0.2148349920855921,0.03659305348992348,4.616625558293705e-22,0.0001484869426349178,0.0002682677295524627,8.164111932273954e-05,-0.0,1789113668.371116
2585.341,-0.4505188145721962,-0.5483518131526931,0.29315370295337495,-0.8984265966717199,-2.651705555811473,0.6900738721220538,1,2,0.6910998225212097,-1.0240743917277833,1.5553258101092737,-2.647538801232809,-1.5371840635882776,-0.21483165422548467,0.017663875594735146,0.00016556533228140324,0.0001823759957915172,0.0003351361956447363,2.826363143526578e-09,-0.0,1789113668.4710538
2585.441,-0.4503483838301524,-0.5484893482234672,0.2931139025519819,-0.8980181034257373,-2.6519756764468156,0.6900866671766417,1,2,0.6914039850234985,-1.0240383309176941,1.5553558508502405,-2.6475354633727015,-1.53715688387026,-0.21485931078066045,-9.419324487680569e-05,-4.886888264486367e-41,8.87778660398908e-05,9.156765736406669e-05,0.0,-0.0,1789113668.5711174
2585.5409999999997,-0.4500345468977478,-0.548751608233005,0.2931281342194738,-0.8972595349301624,-2.652402847663886,0.6903097308959558,1,2,0.6919668912887573,-1.0240504306605835,1.5553372542010706,-2.6475116215147914,-1.5370562712298792,-0.21487933794130498,0.01299569383263588,0.00010331183148082346,-0.0,2.3035230792818862e-38,0.00220309104770422,-0.0,1789113668.6710432
2585.641,-0.44837701362797755,-0.5501316278416165,0.29297882922052537,-0.8935039791357446,-2.65475591032831,0.691067230674382,1,2,0.6949548721313477,-1.023870663051941,1.5553768316852015,-2.6474667988219203,-1.536663834248678,-0.21486455598940069,0.047641266137361526,0.003511392045766115,0.0004850184777751565,0.0005468828603625298,0.006478680297732353,-0.0,1789113668.7710943
2585.741,-0.4446391031915763,-0.553165122054814,0.29294215734253315,-0.8848838258094645,-2.6591359519810642,0.6927639213375184,1,2,0.7017132043838501,-1.0238227409175416,1.5553959051715296,-2.647505899468893,-1.5364802519427698,-0.2148826758014124,0.07645617425441742,0.00015657272888347507,6.073658732930198e-05,0.00011237185390200466,0.00027465663151815534,-0.0,1789113668.8710673
2585.841,-0.44166036727378966,-0.555565188067093,0.29308407921196516,-0.877936211861416,-2.662186587761795,0.6946444260752143,1,2,0.7070916295051575,-1.0239185255816956,1.5553329626666468,-2.647834440270895,-1.5363739172564905,-0.21485549608339483,0.027490388602018356,-0.002703287173062563,-0.000832953373901546,-0.015075025148689747,0.007571668364107609,-0.0,1789113668.97113
2585.941,-0.4408565520478895,-0.5569168281775175,0.2950905179823202,-0.8714284488332336,-2.657568870486518,0.7146801818267711,1,2,0.7084512710571289,-1.0240575832179566,1.555037800465719,-2.6606131992735804,-1.5304225126849573,-0.21489459673036748,0.0047269281931221485,-0.0006499373121187091,-0.004492267966270447,-0.3030337393283844,0.09977881610393524,-0.0,1789113669.0711396
2586.0409999999997,-0.44124014901658176,-0.5590008023195693,0.30272859641468564,-0.8539001484413226,-2.627180427857619,0.7815844367830621,1,2,0.7085675001144409,-1.0240708154490967,1.5537808577166956,-2.7111946545042933,-1.5182202498065394,-0.21485549608339483,0.0007205542060546577,-0.0001973585458472371,-0.033711615949869156,-0.6540880799293518,0.16354212164878845,-0.0,1789113669.1711411
2586.141,-0.44127916691587465,-0.5630460276441394,0.3158508705723682,-0.8227637168430021,-2.5876907116923045,0.8867824943934812,1,2,0.708798885345459,-1.0240779680064698,1.5468481222735804,-2.780417104760641,-1.4897645155536097,-0.21484357515443975,0.0037038042210042477,-2.313138793397229e-05,-0.10781246423721313,-0.6590313911437988,0.4033317565917969,-0.0,1789113669.2710686
2586.241,-0.43974886480513986,-0.5690788677693513,0.330781499458474,-0.7802771282122687,-2.567590180908529,1.007806100143987,1,2,0.7088265419006348,-1.0240900081447144,1.5335705916034144,-2.83819641689443,-1.4342015425311487,-0.2148349920855921,0.00010951494914479554,1.972028439922724e-05,-0.14185881614685059,-0.4429876506328583,0.6459107995033264,-0.0,1789113669.3711452
2586.341,-0.4368574490771992,-0.5748707254209313,0.3400928436406402,-0.7438666209361163,-2.582928741897335,1.0955273088228228,1,2,0.7088073492050171,-1.0240708154490967,1.5214713255511683,-2.857816358605856,-1.3704207579242151,-0.2148078123675745,1.9564522517612204e-06,4.0637655465419695e-44,-0.09666118025779724,0.002483378630131483,0.6287809610366821,-0.0,1789113669.4710414
2586.441,-0.43316375357628933,-0.5794929859186724,0.344182724934238,-0.7159647875984883,-2.616500829466078,1.1563891032204734,1,2,0.7088024020195007,-1.0240779680064698,1.5149748961078089,-2.8578044376769007,-1.309544865285055,-0.2148197332965296,1.6298847771049944e-21,0.0,-0.04423297196626663,3.8282400055322796e-05,0.601556658744812,-0.0,1789113669.5711522
2586.5409999999997,-0.4289003398227267,-0.5834177544633794,0.3468630070797309,-0.6881036590810021,-2.65163791643792,1.2141274270834943,1,2,0.708778440952301,-1.0240982931903382,1.5118992964373987,-2.857835432092184,-1.2491949240313929,-0.21485406557192022,-0.0001999446249101311,-0.00015906263433862478,-0.027442604303359985,-0.00018440675921738148,0.5983650088310242,-0.0,1789113669.6711497
2586.641,-0.4248099403723622,-0.586758378938718,0.34928802352392024,-0.6613699500450015,-2.683606251184085,1.2674710041842534,1,2,0.7087390422821045,-1.0240743321231385,1.50952655473818,-2.857854505578512,-1.193498436604635,-0.2148197332965296,-0.0003230854345019907,-4.956448537996039e-05,-0.018979966640472412,-7.485388778150082e-05,0.5106439590454102,-0.0,1789113669.7711136
2586.741,-0.4214198476382321,-0.5893412989119016,0.3515678775728315,-0.6380599983841081,-2.7091925301266184,1.312366123013043,1,2,0.7086118459701538,-1.0240828555873414,1.507359806691305,-2.8578902683653773,-1.1472275892840784,-0.21482831636537725,-0.0007091446314007044,0.0,-0.024085285142064095,-0.00022479973267763853,0.39390829205513,-0.0,1789113669.8710546
2586.841,-0.41966227900772823,-0.5909393522474138,0.354021527731312,-0.6219139562242065,-2.7222787598989897,1.3425980872348195,1,2,0.7082642316818237,-1.0241342943957825,1.5042570273028772,-2.8586093387999476,-1.1184948126422327,-0.21485931078066045,-0.010390190407633781,-0.00010668012691894546,-0.030284017324447632,-0.02194378152489662,0.16299130022525787,-0.0,1789113669.9711463
2586.941,-0.42058972420898794,-0.5906882170073324,0.356602813214029,-0.6152583751118689,-2.712470342702392,1.3556427581198898,1,2,0.7067105174064636,-1.0241103929332276,1.501533333455221,-2.867509504357809,-1.1152480284320276,-0.2148826758014124,-0.028590435162186623,5.226936991675757e-05,-0.021847086027264595,-0.1680355668067932,-0.00012178035103715956,-0.0,1789113670.0709882
2587.0409999999997,-0.4225203392580475,-0.5889648019383353,0.36108560256580957,-0.6009062812872767,-2.680902639139947,1.3824679609603823,1,2,0.7030308842658997,-1.0241103929332276,1.5007312933551233,-2.898222585717672,-1.11522084871401,-0.21491557756532842,-0.03521891310811043,0.0,-0.00040519144386053085,-0.5051048398017883,-3.0017379231139785e-06,-0.0012761878315359354,1789113670.1711261
2587.141,-0.42284314054991695,-0.5869463766405165,0.37069301135089777,-0.5604786946954335,-2.6109823529206815,1.443114296869028,1,2,0.7004688382148743,-1.0240827959826966,1.5007274786578577,-2.97091068843984,-1.115227524434225,-0.21495610872377569,-0.009195995517075062,0.0,-8.526648889528587e-05,-0.8706308603286743,0.00013841208419762552,-0.00028580191428773105,1789113670.2710962
2587.241,-0.4206059698207741,-0.5851092561017296,0.3825833093935146,-0.5061169864289375,-2.5230298337854076,1.5157556290819914,1,2,0.7004258036613464,-1.0240864318660279,1.500782314931051,-3.0623723469176234,-1.1151693503009241,-0.21497852007021123,0.0010672040516510606,0.0,-5.203761244945846e-20,-0.8669713139533997,7.635233487235382e-05,-9.143936767941341e-05,1789113670.3710704
2587.341,-0.4184015954462474,-0.5836393408821478,0.39038630964352145,-0.4693084320552036,-2.462678387632051,1.5621885280119845,1,2,0.7007815837860107,-1.0240346950343628,1.5008757750140589,-3.124204298058981,-1.1150811354266565,-0.2149751822101038,0.00216622999869287,0.0004042928048875183,0.0023278947919607162,-0.3764217793941498,0.0030178551096469164,-1.1664161788510056e-38,1789113670.471123
2587.441,-0.41784672521994654,-0.5833929892238625,0.3917230400551448,-0.46186878033388756,-2.4524777658407095,1.5713411259109455,1,2,0.700846254825592,-1.0239785474589844,1.5010030905352991,-3.1354061565794886,-1.11377460161318,-0.2149751822101038,0.0017725323559716344,0.004841159097850323,0.001821154379285872,0.0003755933721549809,0.04274360090494156,-0.0,1789113670.571104
2587.5409999999997,-0.416572761151147,-0.5841254892612552,0.39163395346946706,-0.45318235353194086,-2.459782881181198,1.581444320199612,1,2,0.7012522220611572,-1.023635522728302,1.501195255910055,-3.135346075097555,-1.1014722029315394,-0.2149871031390589,0.00417692493647337,0.00041313128895126283,0.0014757856260985136,0.00018206742242909968,0.2497210055589676,-0.0,1789113670.6710851
2587.641,-0.4125059614787279,-0.5860311616076581,0.3925024146047897,-0.4219988324847905,-2.4828833333152724,1.6184764473502027,1,2,0.7015683650970459,-1.0236057204059144,1.501263443623678,-3.13523068050527,-1.057629410420553,-0.21496326128114873,0.0013888886896893382,0.003784468164667487,0.0011127401376143098,0.0013888853136450052,0.6382730603218079,-0.0,1789113670.7711203
2587.741,-0.4059547104883624,-0.5886339082621741,0.3940206871212881,-0.36911146093623454,-2.5197585851773927,1.6798932691035566,1,2,0.7015959024429321,-1.023418740635254,1.5013983885394495,-3.1351095638670863,-0.9848669211017054,-0.21491986909975225,4.940163125866093e-05,0.0004925841931253672,0.002473155502229929,0.0006836145767010748,0.7599195837974548,-1.2891945871788317e-43,1789113670.8711052
2587.841,-0.3994852067001866,-0.5906709686039807,0.39584485965410426,-0.3153220914982944,-2.5536776086238606,1.739918552717023,1,2,0.7015804648399353,-1.0234067004970093,1.5014718214618128,-3.1350375614561976,-0.914187256489889,-0.21495515504945928,0.0,0.00035097243380732834,0.0003349882026668638,0.0007552269962616265,0.6387723684310913,-0.0,1789113670.9711225
2587.941,-0.39439892368452795,-0.5919385731254171,0.3974068012953438,0.27056561912658383,2.5664136699201494,-1.7782176737178172,1,2,0.7015585899353027,-1.0233947795680542,1.5015152136432093,-3.135033746758932,-0.8591135183917444,-0.214942757283346,-0.0004065115062985569,0.000115046146675013,8.487246668664739e-05,0.00013433671847451478,0.4597223103046417,-0.0,1789113671.071115
2588.0409999999997,-0.3916830513541937,-0.5924929625446751,0.3983402150218395,0.2431958517950085,2.5418642803434626,-1.7772173742291515,1,2,0.7015241384506226,-1.023403064613678,1.5014641920672815,-3.135121007958883,-0.8296845594989222,-0.21495515504945928,-0.0001056299515767023,3.570689077747602e-09,-0.0,2.1805244614370167e-05,0.07632749527692795,-0.0,1789113671.1711178
2588.141,-0.3920734610143808,-0.5922031217662331,0.39835711976872634,0.243794900157254,2.5417788628560585,-1.7774499760588032,1,2,0.7007865309715271,-1.0234342378428956,1.5015013853656214,-3.135124822656149,-0.8292854467975062,-0.2149584929095667,-0.015605533495545387,0.0,-0.0,0.0,-0.0007476494647562504,-0.0,1789113671.2711287
2588.241,-0.39379386333585004,-0.591228893483848,0.39809213353236417,0.24945308775864855,2.5439849213470747,-1.7767923461018786,1,2,0.698232114315033,-1.0233108562282105,1.5015152136432093,-3.133979459802145,-0.8307941595660608,-0.21490699449648076,-0.03884346783161163,0.0033060871064662933,0.00025359459687024355,0.06220579519867897,-0.05473288893699646,-0.0,1789113671.371098
2588.341,-0.40096106725466013,-0.5893028479976409,0.39349609563650395,0.29687914037368773,2.567776783574604,-1.7457452101373752,1,2,0.6918991804122925,-1.021937147980072,1.5015266577350062,-3.108103414575094,-0.8539512793170374,-0.21487600008119756,-0.08396662026643753,0.027794362977147102,0.00030047085601836443,0.5562189817428589,-0.4941891133785248,-0.0,1789113671.4711697
2588.441,-0.4176069007480845,-0.5862694700029533,0.3773084226065719,0.438053179373873,2.6437020789681536,-1.6306141138818184,1,2,0.6824004650115967,-1.0170079630664368,1.501519505177633,-3.0225278339781703,-0.934854809437887,-0.21492273012270147,-0.09299015998840332,0.07222208380699158,0.00011058033851440996,1.0747746229171753,-1.020705223083496,4.9712707550497726e-05,1789113671.571135
2588.5409999999997,-0.4335171245456044,-0.5833044028146621,0.352853805842692,-0.5964321748244985,-2.709127957440517,1.4402419672691051,1,2,0.6777560710906982,-1.007447437649109,1.501479450856344,-2.9105617008604945,-1.042661492024557,-0.21489984193910772,-0.0003485878405626863,0.10799535363912582,-0.00013783237955067307,1.0651015043258667,-1.067759394645691,0.0,1789113671.6711736
2588.641,-0.4434193190581106,-0.5799301849286685,0.33267390674480696,-0.7041627831503109,-2.7364175667764625,1.2648784453075594,1,2,0.6777785420417786,-0.9990945023349305,1.5014832655536097,-2.82659449199819,-1.1419199148761194,-0.21493035951723272,-0.0004457872419152409,0.038952745497226715,-0.0001481197396060452,0.613101065158844,-0.9559953212738037,0.0,1789113671.7711387
2588.741,-0.4523294914373494,-0.5733989324946233,0.32284841085108174,-0.7745470028723768,-2.713937299636156,1.1224257783709244,1,2,0.6761427521705627,-0.9979952138713379,1.5014503637896937,-2.780149122277731,-1.244061295186178,-0.21493035951723272,-0.020490799099206924,-0.0020888925064355135,-0.0006988827371969819,0.2802453339099884,-1.082783579826355,0.0,1789113671.8711789
2588.841,-0.4608825282859208,-0.5658689039863225,0.3194862999184057,-0.8183897380189318,-2.6485140416339563,1.010150244548261,1,2,0.6754072308540344,-0.9979748290828248,1.5014594236956995,-2.7718874416747035,-1.3553107420550745,-0.214912239705221,-0.0002487554447725415,0.0,5.298342148307711e-05,0.0003390482161194086,-1.1205353736877441,0.0,1789113671.9711063
2588.941,-0.46834340486679094,-0.5583012155048607,0.3181155015871937,-0.851937848766365,-2.576555659742355,0.9118129361631788,1,2,0.6754157543182373,-0.997943715458252,1.5015423933612269,-2.7715207539000453,-1.4627655188189905,-0.214912239705221,4.0675226046005264e-05,0.00022535775497090071,0.0018331649480387568,0.016205569729208946,-1.022850513458252,0.0,1789113672.0711145
2589.0409999999997,-0.47420447667176563,-0.5509539500004174,0.3152141003232142,-0.8830054010112214,-2.5232542190643104,0.8107895114992646,1,2,0.6755269169807434,-0.9979869288257142,1.5023215452777308,-2.756040235558981,-1.5578940550433558,-0.21494657198061162,0.0022647047881036997,-4.9657806812319905e-05,0.008108517155051231,0.311421275138855,-0.8584877252578735,0.0,1789113672.1711352
2589.141,-0.47768884058368005,-0.5446335895833317,0.3077343906443565,-0.9130209628804701,-2.511787694767358,0.691314560959553,1,2,0.6758778691291809,-0.9979952138713379,1.5028789679156702,-2.703111310998434,-1.6313865820514124,-0.2149270216571253,0.005728182382881641,-0.00013330807269085199,0.00039976031985133886,0.6988843679428101,-0.5953580737113953,0.0,1789113672.2711117
2589.241,-0.4783914354114896,-0.5403776323736531,0.29822629002033374,-0.9342772915570219,-2.535202131266145,0.5818193926863373,1,2,0.6761786341667175,-0.9980275195888062,1.5028937498675745,-2.6321522198119105,-1.6708796660052698,-0.21489984193910772,0.0002992769586853683,-0.000572448072489351,-0.0,0.6728021502494812,-0.1528811901807785,0.0,1789113672.3711123
2589.341,-0.4767271608243715,-0.5387740836674164,0.28953774143897126,-0.9464761599664662,-2.5796612975075357,0.5102899268881794,1,2,0.6761786341667175,-0.9980393809131165,1.5028756300555628,-2.568052907983297,-1.6725357214557093,-0.214912239705221,1.4582154108211398e-05,-0.00021808966994285583,-0.0,0.5923154354095459,0.0002236207656096667,0.0,1789113672.4711382
2589.441,-0.4749066892636886,-0.5372940817769065,0.2823985697292586,-0.9559544552670126,-2.616768794555181,0.4504073082179526,1,2,0.6762025952339172,-0.9980669778636475,1.5028508345233362,-2.5144320927061976,-1.672485653554098,-0.21493035951723272,0.0,-9.028552449308336e-05,-0.0,0.4951626658439636,0.00014155238750390708,0.0,1789113672.571122
2589.5409999999997,-0.4734593570197753,-0.5360961149441452,0.27744324170555235,-0.9624141952361465,-2.642220921457449,0.40749284469370384,1,2,0.676195502281189,-0.9980790180018921,1.5028393904315394,-2.4766704044737757,-1.6724651495562952,-0.21492368379701787,8.741451893001795e-05,0.0,-0.00023309880634769797,0.20490707457065582,0.0002206750650657341,0.0,1789113672.6711736
2589.641,-0.47330137801997996,-0.5359863976527421,0.27695345278980377,-0.9629782728614164,-2.64468663734736,0.4033324996751018,1,2,0.6762144565582275,-0.9980597657016297,1.5028460661517542,-2.473048349420065,-1.672441307698385,-0.21493941942323858,5.403451359597966e-05,-0.0009272918687202036,-0.0004910131683573127,-0.0006481619784608483,0.00010228024621028453,0.0,1789113672.7712
2589.741,-0.47302743624744137,-0.5362236068753726,0.2769645487754356,-0.9623742075492328,-2.645010227631136,0.40350174539407935,1,2,0.6767125725746155,-0.9980825942805787,1.5028508345233362,-2.4730316601195277,-1.6723855177508753,-0.214912239705221,0.012824615463614464,-1.2393233106422485e-09,3.49900838045869e-05,4.19492571381852e-05,0.0010579578811302781,0.0,1789113672.8711658
2589.841,-0.47250771536411895,-0.5365849640415703,0.27673418363341745,-0.9614968317013015,-2.646284086314461,0.40253705575950166,1,2,0.6775630712509155,-0.9980190557292481,1.5030024687396448,-2.472166200677389,-1.6722982565509241,-0.214884106312887,0.0007667856989428401,0.0004443617071956396,0.0028677042573690414,0.03181026875972748,0.0006309414748102427,0.0,1789113672.9711556
2589.941,-0.47184874554093276,-0.5368800120470449,0.27619003835987854,-0.9610897630929153,-2.6501180462299767,0.3984035672136891,1,2,0.6783857345581055,-0.9980465930751343,1.5030024687396448,-2.467891355554098,-1.6716273466693323,-0.21491557756532842,0.022214610129594803,0.00010017066961154342,-0.00022288397303782403,8.168195199687034e-05,0.006379730999469757,0.0,1789113673.0711017
2590.0409999999997,-0.47064128354014295,-0.5384084147937089,0.27714437308637696,-0.9567069831969103,-2.648686487008773,0.4051552909689608,1,2,0.6810875535011292,-0.9982226651958008,1.5024192968951624,-2.4721743069090785,-1.6712101141559046,-0.21496326128114873,0.03932584077119827,-0.0008189518703147769,-0.018484080210328102,-0.16683487594127655,0.022495709359645844,0.0,1789113673.1710732
2590.141,-0.46924059564973275,-0.5434602783219502,0.284179631487466,-0.9413955432872716,-2.6283519026427227,0.47238671976635893,1,2,0.6861008405685425,-0.998537616138794,1.500808064137594,-2.5189525089659632,-1.658813778554098,-0.21493941942323858,0.05310816690325737,-0.00674896826967597,-0.003878071205690503,-0.7354444861412048,0.27865418791770935,0.0,1789113673.2711227
2590.241,-0.4674197636205822,-0.5509060116302003,0.2957756717436476,-0.9150536056681058,-2.604049708837161,0.6109214369081104,1,2,0.6891884803771973,-0.9986418050578614,1.5007274786578577,-2.6063019237914027,-1.6119688192950647,-0.21493941942323858,0.018276406452059746,-0.0001815588038880378,-0.0008031502366065979,-0.9597795605659485,0.6919302344322205,0.0,1789113673.3710365
2590.341,-0.4626366923533659,-0.5605191129529593,0.30917436366296136,-0.8704362110129188,-2.5974071971115786,0.793368387610581,1,2,0.691371738910675,-0.9986980122378846,1.5006983915912073,-2.7031694851317347,-1.5233429113971155,-0.21490842500795537,0.02330711856484413,-0.0009458881104364991,-0.00015082162281032652,-0.952851414680481,1.0243779420852661,0.0,1789113673.4710793
2590.441,-0.4554604962895011,-0.5698677747214893,0.322678971246248,-0.8070888802355444,-2.6005042747842335,0.9831055295710611,1,2,0.6927933692932129,-0.9987974923900147,1.5007098356830042,-2.7937189541258753,-1.4155052343951624,-0.214942757283346,0.000948553322814405,-0.0021550089586526155,-0.0,-0.8699606657028198,1.0958555936813354,0.0,1789113673.5710418
2590.5409999999997,-0.4477388570385362,-0.576978005238574,0.3359303593801175,-0.7311470506059154,-2.5985299204197227,1.1601739115824754,1,2,0.6927779912948608,-0.9988885086825867,1.500685993825094,-2.8773495159544886,-1.3094175497638147,-0.21495515504945928,-1.7064130588551052e-05,-0.000630754919257015,-0.0,-0.8051272630691528,1.0000547170639038,0.0,1789113673.6710923
2590.641,-0.4400337774060289,-0.5818296663560047,0.3476170335151128,-0.6524599660932852,-2.5896397504718203,1.3082504099170926,1,2,0.6926989555358887,-0.9988693755916138,1.5007026831256312,-2.9497271976866664,-1.2184026877032679,-0.21495515504945928,-0.00020101186237297952,-7.487546099582687e-05,8.359036291949451e-05,-0.6265659332275391,0.8284611701965332,0.0,1789113673.7713587
2590.741,-0.4329144823695068,-0.5850590502993706,0.356579696143759,-0.5813765375847078,-2.583184174706628,1.4221279105392994,1,2,0.6927454471588135,-0.9988729518703003,1.5007227102862757,-3.003756662408346,-1.1430161635028284,-0.2149270216571253,0.0,-2.0688616098052393e-10,2.812974707921967e-05,-0.4727846682071686,0.7051578760147095,0.0,1789113673.871136
2590.841,-0.42596513686310317,-0.587406963659527,0.3641395686890252,-0.512244948914804,-2.5791080352559232,1.5200562227988648,1,2,0.6927010416984558,-0.9988777202418824,1.50071889558901,-3.048156877557272,-1.0731223265277308,-0.21493560472597295,-0.00021090754307806492,-2.3493967091781087e-06,-0.0,-0.446201354265213,0.721575140953064,0.0,1789113673.9710946
2590.941,-0.4178445893354648,-0.5891811368732972,0.3724030210539241,-0.42930919369911125,-2.5706842713306495,1.624307523943352,1,2,0.6925983428955078,-0.9988848727992554,1.5007026831256312,-3.097220083276266,-0.9963749090777796,-0.214942757283346,-0.0008562271250411868,-0.00011934190843021497,-0.0,-0.5186197757720947,0.7908064126968384,0.0,1789113674.0711093
2591.0409999999997,-0.4090939562125257,-0.590243174159695,0.3802586472143069,-0.3393462911448171,-2.561026147970223,1.7244898769084913,1,2,0.6925743818283081,-0.9988382023623963,1.5007551352130335,-3.1446615658202113,-0.9181268850909632,-0.214912239705221,-0.0005502449930645525,0.0002135864197043702,0.00042125085019506514,-0.3750830292701721,0.7536405324935913,0.0,1789113674.1711137
2591.141,-0.402190199544386,-0.5911732474457113,0.38437857698595107,0.27140222024695204,2.561385607305971,-1.786206938018278,1,2,0.692358672618866,-0.9988657993129273,1.500782314931051,-3.1631270847716273,-0.8500545660602015,-0.214912239705221,-0.003940746188163757,1.558784606459085e-05,6.34082971373573e-05,-0.019117167219519615,0.6131240725517273,0.0,1789113674.2710812
2591.241,-0.3985308202956804,-0.5914754120254602,0.38593511325383434,0.2283977398849282,2.521607374867124,-1.784652738783157,1,2,0.6909265518188477,-0.9989603918841858,1.5007708708392542,-3.1631318531432093,-0.8017762343036097,-0.21490317979921514,-0.027015332132577896,-0.001307494007050991,-0.00014615882537327707,-0.00012905499897897243,0.30359122157096863,0.0,1789113674.3710535
2591.341,-0.3998338020799574,-0.5902241430928652,0.3863286457679109,0.22634038559107095,2.51707141114155,-1.7857841814999904,1,2,0.6875956058502197,-0.9992010158351441,1.5007312933551233,-3.1631041965880335,-0.7950242201434534,-0.21491557756532842,-0.04155531898140907,-0.001796731841750443,-6.018961357767694e-05,-1.299336428516951e-14,-0.00032372536952607334,0.0,1789113674.4710832
2591.441,-0.40209017150427756,-0.5886955251511643,0.38628743397946325,0.23136906252895353,2.5183930749837233,-1.787033140275864,1,2,0.6837764978408813,-0.9991687101176758,1.5007641951190394,-3.163070341149801,-0.7950404326068323,-0.21493035951723272,-0.02753567136824131,0.0005057465168647468,0.00044648876064457,0.0005176980630494654,-0.00011136137618450448,0.0,1789113674.5710592
2591.5409999999997,-0.4028799177546653,-0.5881444722716379,0.38616433451490867,0.23333320014860565,2.518859995037329,-1.7871758983951727,1,2,0.6824218034744263,-0.9991135758212586,1.5009425322162073,-3.163027425805563,-0.7950370947467249,-0.21491557756532842,-0.0020134197548031807,0.0006461628363467753,0.0014373540179803967,0.00016072341531980783,-2.2996449850713058e-14,0.0,1789113674.6712055
2591.641,-0.40291005027158644,-0.5881481879595882,0.3861039552399809,0.23351737820158416,2.518916675531339,-1.7869713786924766,1,2,0.6824027895927429,-0.9990490239909668,1.5009501616107386,-3.1629229984679164,-0.7950804869281214,-0.21491557756532842,-0.000162365278811194,0.0007297152769751847,0.00021007339819334447,0.0010943792294710875,-3.577246160236162e-27,0.0,1789113674.771107
2591.741,-0.4029430941557066,-0.5881953919273714,0.3857474771121178,0.2340159146369011,2.518983815141192,-1.7860056081463618,1,2,0.6824267506599426,-0.9987100523761292,1.501167122517721,-3.1626836262144984,-0.7950881163226526,-0.2149270216571253,-7.565684190247168e-12,0.005192513577640057,0.006782922428101301,0.0019296690588817,-0.0001429370604455471,0.0,1789113674.8710728
2591.841,-0.4029984670158341,-0.5882369980068755,0.38433091768605937,0.23649969893025055,2.5193229801637247,-1.7817211051074002,1,2,0.6824338436126709,-0.9978083533099671,1.502646271382467,-3.161523004571432,-0.795180622731344,-0.214912239705221,0.0,0.015083991922438145,0.023360393941402435,0.03623990714550018,-0.000827485229820013,0.0,1789113674.9711864
2591.941,-0.40343954254357933,-0.5886317617058336,0.3787879559432223,0.2466658344853622,2.5205151779032957,-1.7635480035800182,1,2,0.6824972033500671,-0.9937824171832581,1.5072434584247034,-3.155123849908346,-0.7953432242022913,-0.214912239705221,-1.4107770683032136e-31,0.07779598981142044,0.06688177585601807,0.1033397689461708,-0.002147088525816798,0.0,1789113675.0710769
2592.0409999999997,-0.4052267641431107,-0.5900329442676757,0.3657977778550898,0.2717373499230371,2.5228313944584304,-1.718390774424891,1,2,0.6824747323989868,-0.9826995891383667,1.5144661108600062,-3.1360322437682093,-0.7955759207354944,-0.21493035951723272,0.0,0.1441229283809662,0.07148388773202896,0.2880933880805969,-0.0012108177179470658,0.0,1789113675.1711497
2592.141,-0.4086159863778805,-0.5928139099342116,0.34629965668800355,0.31329585482059735,2.524569614496623,-1.6412237230097677,1,2,0.6825330853462219,-0.9648012083819886,1.5202000776873987,-3.095706125298971,-0.7956393400775355,-0.21492368379701787,0.00017596319958101958,0.20727652311325073,0.040644437074661255,0.5269582867622375,-0.0013425846118479967,0.0,1789113675.2711046
2592.241,-0.41297886350651813,-0.5963079301874035,0.32411032032622467,0.3645285474345489,2.5234301643254806,-1.543425831926288,1,2,0.682513952255249,-0.9436469239047547,1.5216520468341272,-3.0369869671263636,-0.7957080046283167,-0.21491986909975225,2.702702477108687e-05,0.19879847764968872,4.6702429244760424e-05,0.5983172655105591,-0.000384627899620682,0.0,1789113675.3711936
2592.341,-0.416341186218105,-0.5990216763865315,0.3047946286346204,0.40865061468658703,2.5193222907005883,-1.4562727308728354,1,2,0.6825295686721802,-0.9252875012210389,1.5216291586505335,-2.982569833795065,-0.7957709471331995,-0.214942757283346,9.456189582124352e-05,0.15080618858337402,1.2991915355087258e-05,0.5007224678993225,-0.0010822174372151494,0.0,1789113675.471177
2592.441,-0.4179352287306663,-0.6002397759653649,0.2940469599218687,0.43571762642421036,2.5153451018375463,-1.401855482411759,1,2,0.6824782490730286,-0.9162989419749756,1.5216682592975062,-2.946012159387106,-0.7958748976336878,-0.21490842500795537,3.886599925128394e-18,0.038216426968574524,-9.982535993913189e-05,0.17176470160484314,-0.0009974620770663023,0.0,1789113675.5711312
2592.5409999999997,-0.41806704832918395,-0.600333417075037,0.2932288825037603,0.4374436736644326,2.515049892231604,-1.3983781441918888,1,2,0.6824648380279541,-0.9154712718776246,1.5216134230243128,-2.9438654385008753,-0.7958787123309534,-0.21490317979921514,-0.0001988611911656335,-0.0014056932413950562,-0.0004976050113327801,-0.0018408206524327397,-0.00014035026833880693,0.0,1789113675.6711497
2592.641,-0.41813133478820275,-0.6002928827690397,0.2932817299700624,0.4374952173788329,2.5150696883137535,-1.398607225622595,1,2,0.6823619604110718,-0.9155024451068421,1.5215681234942835,-2.9439531765379847,-0.7958748976336878,-0.21489125887026006,-0.0012271238956600428,-0.0011875116033479571,-0.0006447246414609253,-0.0012072621611878276,-1.4462295135340352e-17,0.0,1789113675.7710927
2592.741,-0.4182844500139538,-0.600188886558516,0.29345597691500896,0.4375697889184646,2.5151710434496732,-1.3993879444391104,1,2,0.6821139454841614,-0.9156184953502198,1.5214570204364222,-2.9443284473814906,-0.7959182898150843,-0.2148364225970667,-0.005808909423649311,-0.004073439631611109,-0.006981105078011751,-0.017239050939679146,-0.0,0.0,1789113675.8710728
2592.841,-0.41876152325505805,-0.5999620838234215,0.29462624678481314,0.4367781728604209,2.51553539633539,-1.4030550846298973,1,2,0.6814326643943787,-0.9164452117732544,1.5204013029681605,-2.945311208764547,-0.7958949247943323,-0.21484357515443975,-0.011141623370349407,-0.016877518966794014,-0.009518441744148731,-0.000567258452065289,-0.0,7.010185800027102e-05,1789113675.9710674
2592.941,-0.4189005616659087,-0.5993838786152741,0.2970845153580988,0.4354317050260199,2.5160503340030607,-1.408118706421835,1,2,0.6806710362434387,-0.9197337192348023,1.5202181974994105,-2.945845743218893,-0.7958911100970667,-0.2148678938495081,-0.00465175649151206,-0.04442794248461723,-0.0006044788169674575,-0.026216775178909302,-0.0,0.0,1789113676.0711691
2593.0409999999997,-0.41837581078328756,-0.5987154960574803,0.3018390088624995,0.42743694850574065,2.517463869533842,-1.4252174138471905,1,2,0.6803978681564331,-0.9249330323985596,1.5201943556415003,-2.9548679790892542,-0.7958877722369593,-0.2148826758014124,-0.003410342847928405,-0.06378120929002762,-0.0001307397469645366,-0.1749415248632431,-8.204602508621804e-42,0.0,1789113676.1710393
2593.141,-0.41749066759914205,-0.5973913053157586,0.3102394331891673,0.4074657716873248,2.5204933146620374,-1.4674940825953193,1,2,0.6797045469284058,-0.932096080189087,1.5201876799212855,-2.9828807316222132,-0.7958820501910608,-0.2148826758014124,-0.010375026613473892,-0.0755058228969574,-6.058307917555794e-05,-0.3721255362033844,-0.0,0.0,1789113676.2710776
2593.241,-0.41610916357537575,-0.5956419245666715,0.32056672990178575,0.3777997513764184,2.523679397251432,-1.5283117904558048,1,2,0.6789690852165222,-0.9394769233516236,1.5201566855060022,-3.026045938531393,-0.7958877722369593,-0.21485549608339483,-0.005359978880733252,-0.0646372139453888,-0.0,-0.4628552496433258,-0.0,0.0,1789113676.371079
2593.341,-0.41423121742819974,-0.593909795358716,0.3303551983767571,0.34512363354062303,2.525460214587171,-1.592276774881439,1,2,0.6786935925483704,-0.9455900949290772,1.5202034155475062,-3.073177000085348,-0.7959063688861292,-0.21482831636537725,-0.0008448488661088049,-0.05372070148587227,-0.0,-0.4620223045349121,-0.0,0.0,1789113676.4711545
2593.441,-0.4127622606698096,-0.5927724287602507,0.3365876920332292,0.3234036925993121,2.5257034971121435,-1.6334155055685395,1,2,0.6787245869636536,-0.9494927686503907,1.5202000776873987,-3.10347904781484,-0.7959063688861292,-0.21479541460146123,-9.75860602920875e-05,-0.018083592876791954,-0.0,-0.08039097487926483,-0.0,0.0002644752967171371,1789113676.5710936
2593.5409999999997,-0.4127484358768928,-0.5925402850484018,0.33738192367153685,0.32284580168537325,2.5257458633809162,-1.6353425517874483,1,2,0.6784796118736267,-0.9505633872798462,1.5202067534076136,-3.103962560693258,-0.795931641255514,-0.2147277037249964,-0.012233173474669456,-0.0002374126634094864,-1.5995681840421354e-40,0.00021781743271276355,-0.0,0.0016860548639670014,1789113676.6711178
2593.641,-0.4146141276774754,-0.5912331051692526,0.33740900981165833,0.3273853410510018,2.526416247644887,-1.636347417435359,1,2,0.6753296852111816,-0.9506113094142457,1.5202000776873987,-3.1039024792113246,-0.7959869543658655,-0.21444446245302373,-0.05389433726668358,-0.0009137017768807709,-0.0,0.000188270045327954,-0.00024080667935777456,0.004951937589794397,1789113676.7711787
2593.741,-0.4182009194436825,-0.5887158323849025,0.3373837281241175,0.34270642741751167,2.524457523126942,-1.6360761006623272,1,2,0.6692661643028259,-0.9506148856929322,1.5201910177813929,-3.1036259136595667,-0.7959836165057581,-0.20851213136781865,-0.06743066757917404,0.0,-0.0,0.0064958008006215096,-9.941012831404805e-05,0.18223866820335388,1789113676.871099
2593.841,-0.42160358176553786,-0.586350214900876,0.33722273181561263,0.4101766613162971,2.496234287502135,-1.6188344184711472,1,2,0.6635499596595764,-0.950587348347046,1.5201876799212855,-3.1023813686766566,-0.7959750334369105,-0.1589902083026331,-0.038681067526340485,0.00014949530304875225,0.0001248440967174247,0.01450308971107006,-9.472777618835763e-43,0.8114324808120728,1789113676.9711335
2593.941,-0.4224929950207706,-0.5857210095202564,0.337196373427803,0.5253565332921353,2.435514255988013,-1.5824385549556885,1,2,0.6620464324951172,-0.950587348347046,1.5201876799212855,-3.102156778375143,-0.7959855238543909,-0.061434570943013966,-1.130671164334407e-11,9.219741332344711e-05,7.56531153456308e-05,0.00014105641457717866,-0.0,1.0286134481430054,1789113677.0711267
2594.0409999999997,-0.4224729538565993,-0.5857281589875113,0.33719980744571193,0.6305671831544014,2.373155529721634,-1.5447384460393452,1,2,0.6620655655860901,-0.950595812206604,1.5202000776873987,-3.1021610699095667,-0.7959197203265589,0.03313492611050606,-2.9972703487146646e-05,-2.159583891625516e-05,-0.0,3.0583469197154045e-05,-0.0,0.856987476348877,1789113677.1712031
2594.141,-0.42248452533847,-0.5857206450029896,0.3372144525309431,0.7123217151518342,2.3208968139302204,-1.5129972289861704,1,2,0.6620500087738037,-0.9506113094142457,1.5201876799212855,-3.1021577320494593,-0.7959511915790003,0.1092785894870758,-7.928541890578344e-05,-5.605193857299268e-45,-0.0,4.4104135773473507e-29,-0.0,0.6844293475151062,1789113677.2711525
2594.241,-0.42248507765246746,-0.5857244646933597,0.3371913893568348,0.783053088655335,2.2726905912073296,-1.4835174721111468,1,2,0.6620535254478455,-0.950587348347046,1.520196262990133,-3.102133890191549,-0.7959478537188929,0.17729657888412476,1.1551253464858746e-06,0.0,-0.0,0.0,-0.0,0.7010946273803711,1789113677.3711417
2594.341,-0.42247119176271103,-0.5857315728380634,0.33719315446508674,0.8583595561377506,2.2181286422194866,-1.4500940282968469,1,2,0.6620774865150452,-0.9505993884852906,1.5202067534076136,-3.102129121819967,-0.7959821859942835,0.2521330714225769,0.0,0.0,-0.0,0.0,-0.0,0.7863001823425293,1789113677.4711435
2594.441,-0.42243705390389197,-0.5857508356885399,0.33717065509398536,0.9204459848608343,2.1702722298917627,-1.420748583841703,1,2,0.6621218919754028,-0.9505597513965149,1.520231072102682,-3.1022407017149867,-0.7959077993976038,0.31603220105171204,0.00018922796880360693,0.0,2.9917293032528044e-17,-0.0015553008997812867,-0.0,0.32482412457466125,1789113677.571147
2594.5409999999997,-0.42207595217832833,-0.5858252607818096,0.3376214655369183,0.9103804992048488,2.1760471320702837,-1.428470630596036,1,2,0.6625220775604248,-0.9505886000445862,1.5202253500567835,-3.1059447727599085,-0.7958911100970667,0.30854031443595886,0.009452017024159431,0.0,-0.0,-0.10664413124322891,-2.973889492357966e-22,-0.31205689907073975,1789113677.6711237
2594.641,-0.42104018617701366,-0.5854108060189099,0.3402713441422765,0.8211885913446805,2.232423156359465,-1.4902486678647169,1,2,0.6629531383514404,-0.950587348347046,1.520214859639303,-3.1289855442442835,-0.7959101835833948,0.23303204774856567,-0.0003441282024141401,0.0,-0.0,-0.31967079639434814,8.511546911904588e-05,-1.1003903150558472,1789113677.7712073
2594.741,-0.4198723997064686,-0.5845331041522149,0.34389574184435057,0.6737908324728574,2.320451462236559,-1.5824605145693198,1,2,0.6629636883735657,-0.9506341975978394,1.5202034155475062,-3.160536905328268,-0.7958877722369593,0.10934930294752121,-5.94290868320968e-05,1.2832820175390225e-05,-0.0,-0.24510692059993744,3.295552485270421e-32,-1.269139051437378,1789113677.8714862
2594.841,-0.4193334017599667,-0.5841005901712586,0.3455123507714916,0.5404562960253592,2.3976816413288735,-1.647455252390522,1,2,0.662939727306366,-0.9506076735309144,1.5201910177813929,-3.1750151119627894,-0.7958996931659144,-0.0050500074969690445,-0.00015921129670459777,5.1139471130001724e-11,-0.0,-0.05081098526716232,0.0,-1.010270357131958,1789113677.9711874
2594.941,-0.4192847601869663,-0.5840720258524219,0.34564236382654306,0.4319663650772829,2.458872619926716,-1.6858986998921905,1,2,0.6629447340965271,-0.9506352704814454,1.5201876799212855,-3.1759759388365687,-0.7958515326129358,-0.100105110798971,-1.0745648069132585e-05,-5.247579611022957e-05,-7.2179622728753435e-40,-0.0021875458769500256,0.00013315383694134653,-0.9293117523193359,1789113678.0711508
2595.0409999999997,-0.4192535111808675,-0.584051214906967,0.34571043569006615,0.3165139727045506,2.518340113058885,-1.7225103670648816,1,2,0.6629482507705688,-0.9506269854358216,1.5202034155475062,-3.1766959629454554,-0.7958515326129358,-0.19749099413026983,0.0,0.0,-0.0,-0.0056287189945578575,0.00011076757073169574,-1.0068303346633911,1789113678.171202
2595.141,-0.41922782727370383,-0.5840684568486073,0.34569930456635317,0.18693808393294725,2.578618111640592,-1.7582492075768403,1,2,0.6629911661148071,-0.9506113094142457,1.520214859639303,-3.176739355126852,-0.7958548704730433,-0.3027599493609827,6.775884685339406e-05,0.0,-0.0,-0.00025623879628255963,2.1124566917712777e-19,-1.090213418006897,1789113678.2712069
2595.241,-0.41922966900944375,-0.5840758582341309,0.34567293169313296,-0.04164960715894431,-2.558380421451397,1.738587609700543,1,2,0.6630011796951294,-0.9505801361850281,1.5202181974994105,-3.176718851129049,-0.7958858648883265,-0.41497880617250615,0.00044441784848459065,6.85716004227288e-05,-0.0,-8.499699470121413e-05,0.0,-1.1797080039978027,1789113678.3712106
2595.341,-0.4190685494375935,-0.5841946441169492,0.34568333216533764,0.11014515474787755,-2.504075555693794,1.695680339298951,1,2,0.6632802486419678,-0.950587348347046,1.5202000776873987,-3.176694532433981,-0.7958820501910608,-0.5351694265948694,1.134089325205423e-05,4.708875349024311e-05,-0.0,-5.5626551217902146e-21,9.450282570377944e-12,-1.1612355709075928,1789113678.471195
2595.441,-0.4191038196603606,-0.5841688522942111,0.3456878568106924,0.23456392276265334,-2.4527369182325094,1.6558668733387238,1,2,0.663220226764679,-0.950587348347046,1.520196262990133,-3.176722665826315,-0.7958911100970667,-0.6379898230182093,-0.00013895734446123242,4.340087875168019e-25,-0.0,-0.0,0.0,-0.8930284976959229,1789113678.5712073
2595.5409999999997,-0.4191026341857069,-0.5841712714423362,0.34566628016444295,0.3242930647654233,-2.411954196291481,1.6245115126156844,1,2,0.6632237434387207,-0.9505754274180909,1.520214859639303,-3.176675935784811,-0.7958877722369593,-0.7146385351764124,-1.2477554264478385e-05,0.0,0.0,-0.0,0.0,-0.6452503204345703,1789113678.6711311
2595.641,-0.41909098720171667,-0.5841785494417565,0.3456637012326242,0.38716507105240944,-2.381310511435813,1.6011777153125097,1,2,0.6632428169250488,-0.9505790036967774,1.520222012196676,-3.17666020015859,-0.7958911100970667,-0.7696788946734827,0.0,0.0,-1.257613257621415e-05,-0.0,0.0,-0.4901071786880493,1789113678.7712204
2595.741,-0.41910701786038507,-0.5841750633972184,0.34563450924296674,0.433309337283954,-2.3576972000439067,1.5832680356805773,1,2,0.6632237434387207,-0.95053584993396,1.5202239195453089,-3.1766706905760707,-0.7958839575396937,-0.8108752409564417,0.0,0.000106275656435173,-0.0,1.3867005227493397e-24,0.0,-0.3127472996711731,1789113678.8711905
2595.841,-0.4190850102337004,-0.5841858574021408,0.34562022739119724,0.4517143114080479,-2.3480386525622667,1.5759413855770656,1,2,0.6632581949234009,-0.950534538631775,1.5202544371234339,-3.1766792736449183,-0.7959077993976038,-0.8274691740619105,0.0,0.00019294166122563183,9.621777280699462e-05,2.1923271560808644e-05,-0.000108853739220649,-0.05393928289413452,1789113678.9711804
2595.941,-0.4191198359142644,-0.5841773659505164,0.34563662754826574,0.4522327736292321,-2.3476359632871575,1.5756512247485457,1,2,0.6632237434387207,-0.9505155843547364,1.5201929251300257,-3.176718851129049,-0.7959697882281702,-0.8279898802386683,0.0,-7.433734572259709e-05,2.312871372778946e-16,0.0,-0.0002094068331643939,-4.372593684820458e-05,1789113679.0711355
2596.0409999999997,-0.41911081374646275,-0.5841277193214838,0.34572598866504745,0.45244738570365634,-2.3468071767683756,1.5757866715281044,1,2,0.6631758213043213,-0.9505477112582703,1.5202272574054163,-3.177457471887106,-0.7959821859942835,-0.8279736677752894,-0.00047249093768186867,-0.0003591762506403029,-0.00010825513891177252,-0.031991638243198395,-9.499966108705848e-05,-2.5713418381201336e-06,1789113679.1711197
2596.141,-0.4185979587713006,-0.5836584328763579,0.3473242669822135,0.45804876832357355,-2.331034246193145,1.5787869450610266,1,2,0.6630836129188538,-0.9506113094142457,1.5202201048480433,-3.1913305721678675,-0.7959583441363733,-0.827984635029928,-0.0068551660515367985,-0.000954963790718466,-9.033095557242632e-05,-0.28852295875549316,-0.0,-0.0,1789113679.271242
2596.241,-0.4169571080143285,-0.5818571829293828,0.35252999929902845,0.4760246881021496,-2.277744799131647,1.5880610935199275,1,2,0.6624552011489868,-0.9506316345981141,1.520196262990133,-3.2383815250792445,-0.7960141340838831,-0.8279417196856897,-0.00718453386798501,-4.761821764986962e-05,-7.102074596332386e-05,-0.6295030117034912,-0.0014250820968300104,-0.0,1789113679.371148
2596.341,-0.4143061868050129,-0.5794824988735553,0.3590498329341601,0.498915936456601,-2.2088440941877687,1.598786105715657,1,2,0.6620704531669617,-0.95064731061969,1.5202110449420374,-3.2992660007872523,-0.7961776892291468,-0.8279107252704065,-0.001090527162887156,0.00027254654560238123,5.7179211580660194e-05,-0.5225377678871155,-0.00040272725163958967,-0.0,1789113679.471137
2596.441,-0.4122187189776845,-0.577892258540258,0.36324105977479676,0.514073466082697,-2.163123397150852,1.605327752609239,1,2,0.6620774269104004,-0.9506269854358216,1.520196262990133,-3.3396455250182093,-0.7961304823504847,-0.8279412428485315,-0.00011841959349112585,0.00010732757800724357,9.127154771704227e-05,-0.27082738280296326,-0.00011768022523028776,-0.0,1789113679.5712025
2596.5409999999997,-0.41119140615112254,-0.5770410207246112,0.36525726077792176,0.5212076775084495,-2.140787206842063,1.6082416440414848,1,2,0.6620036363601685,-0.9506424826434632,1.52020770708193,-3.3593656025328578,-0.7961261908160608,-0.8279379049884241,5.767867332906462e-05,2.2420775429197073e-43,2.432116286144037e-09,-0.19295769929885864,-3.906054692916584e-21,-0.0,1789113679.6711721
2596.641,-0.40948274525635225,-0.5757548857528498,0.36824996867641996,0.5321042045774653,-2.1066468966563265,1.612508283375393,1,2,0.6620311141014099,-0.9506040972522278,1.5202325026141565,-3.3895865879454554,-0.7960947195636194,-0.8279221693622034,0.0007851999253034592,-6.837139517301694e-05,-0.0,-0.4085380733013153,0.00011882941180374473,-0.0,1789113679.7711535
2596.741,-0.4065520109881492,-0.5736258955580368,0.3729144719287975,0.5491811915022109,-2.05213468000202,1.6185855682224632,1,2,0.6621768474578857,-0.950587348347046,1.5202658812152308,-3.4377509556212367,-0.7960794607745569,-0.8279693762408655,1.584697915686172e-20,0.0005432330654002726,0.00024309690343216062,-0.4859835207462311,1.2201829103709795e-19,-0.0,1789113679.8711443
2596.841,-0.40452181882939575,-0.5720299689018693,0.37600401016319923,0.5603701824537428,-2.014781524487201,1.6221773854009824,1,2,0.6621388792991638,-0.9505718511394043,1.5202978293048304,-3.4707776508727015,-0.7960827986346644,-0.8279731909381312,-8.389849972445518e-05,0.0003623398079071194,0.0002629258669912815,-0.14931997656822205,0.0,-0.0,1789113679.9711177
2596.941,-0.404389608085151,-0.5718208148399856,0.37629489952298256,0.5612675510570445,-2.0112128571863153,1.6224636270586195,1,2,0.662010669708252,-0.9505754274180909,1.5203149954425257,-3.4739610157408656,-0.7960708777057093,-0.8279307524310511,-0.0036946646869182587,7.209118484752253e-05,0.00017292982374783605,-9.810175106395036e-05,0.0,-0.0,1789113680.0712054
2597.0409999999997,-0.4044542834946426,-0.5717854798631181,0.3762602795809445,0.5611033080596297,-2.011381168513919,1.6223923246909882,1,2,0.6619098782539368,-0.9505549234202881,1.5203421751605433,-3.4738599262633265,-0.7960708777057093,-0.827925984059469,0.0001385413488605991,0.00023659662110731006,0.00019522391085047275,0.0004670587368309498,0.0,-0.0,1789113680.1711414
2597.141,-0.40455185975645086,-0.5718900161748117,0.3758646049818092,0.5607942531745436,-2.0124184823553812,1.6223216660114068,1,2,0.6619457006454468,-0.9500090640834351,1.5203316847430628,-3.473497053185934,-0.7960947195636194,-0.8278949896441858,2.383411250775848e-28,0.011088931001722813,0.0002862513065338135,0.0032619244884699583,7.951229296664192e-34,-0.0,1789113680.2711356
2597.241,-0.4048837706586506,-0.5720941208252923,0.3746447796681795,0.5600182014392896,-2.014812496080654,1.622048473131402,1,2,0.6618824005126953,-0.9483012718013306,1.5204384962665003,-3.4731890163817347,-0.7961137930499476,-0.8279092947589319,-0.0008495188667438924,0.026708759367465973,0.001314805238507688,0.005239082034677267,0.0,-0.0,1789113680.3711312
2597.341,-0.40596228947041113,-0.5729253662713364,0.3705934275563738,0.5573723311261303,-2.023855251750723,1.6212636642735199,1,2,0.661863386631012,-0.9426204127124329,1.5205028692828577,-3.4709512195982875,-0.7960675398456019,-0.8279021422015589,-0.00013910967390984297,0.09767592698335648,0.00020295831200201064,0.03754897788167,0.0,-0.0,1789113680.4711304
2597.441,-0.40818707631504053,-0.5746848004679367,0.3615841791858999,0.5521857575687005,-2.0414682704235663,1.619645336790205,1,2,0.6618824005126953,-0.9296085399440308,1.5205109755145472,-3.468426366845602,-0.7960518042193812,-0.8278897444354456,4.418726166477427e-05,0.1529867798089981,0.0002524812298361212,0.020550241693854332,0.0,-0.0,1789113680.5711095
2597.5409999999997,-0.4104963720949119,-0.5764739632118863,0.35156896543705424,0.5468959658140321,-2.059056228783375,1.617888231667467,1,2,0.6618598699569702,-0.9149163526347657,1.520487133656637,-3.4675661526122035,-0.7960675398456019,-0.8278897444354456,5.035516733187251e-05,0.14092114567756653,9.170260454993695e-05,0.000235206083743833,0.0,0.0,1789113680.6711042
2597.641,-0.4122537623940036,-0.5778501078677281,0.34333097524303857,0.5427297934857147,-2.0727737227833076,1.6164867673716525,1,2,0.6618584394454956,-0.9027949136546631,1.5205062071429651,-3.467612405816549,-0.7960794607745569,-0.8278592268573206,-8.217100548790768e-05,0.08687058836221695,-4.6445253246929497e-05,6.168082472868264e-05,0.0,0.0,1789113680.7711127
2597.741,-0.4129490709767991,-0.5783719511174575,0.34003831682462493,0.5410429744078565,-2.078285690742646,1.6158997486118334,1,2,0.6618295311927795,-0.8979683083346863,1.5205143133746546,-3.4675775967040003,-0.7960637251483362,-0.827862564717428,-0.001047140103764832,0.010184505954384804,-0.0,1.5134023414708024e-43,0.0,5.742680968978675e-06,1789113680.8711438
2597.841,-0.41301318330279646,-0.5783406262084999,0.34003678979328533,0.5409156080537394,-2.0782865386051887,1.6158192449703084,1,2,0.6617386341094971,-0.8979479831508179,1.5204780737506312,-3.467555662194723,-0.7960947195636194,-0.8278663794146937,-0.0002516371023375541,-0.00017731227853801101,-0.0,0.0,0.0,8.997802797239274e-05,1789113680.9710846
2597.941,-0.41305685907523465,-0.5783150599803394,0.3400178196881773,0.5408350228772307,-2.0783205960838824,1.615807838884053,1,2,0.661666750907898,-0.8979168099216004,1.5204742590533655,-3.4675570927061976,-0.7960675398456019,-0.8278511206256312,-0.0004636358062271029,5.566895561059937e-05,-2.1481049770954996e-05,0.0,0.0,3.8358133185361287e-16,1789113681.071088
2598.0409999999997,-0.4130440420009698,-0.578319018072227,0.34001762600381724,0.540853345629414,-2.0783117216152798,1.6157822662684225,1,2,0.6616857647895813,-0.8979287308505555,1.52049428621401,-3.467562814752096,-0.7960947195636194,-0.8278735319720667,-5.839485675096512e-05,1.0572531648652487e-34,-0.0,4.995635390514508e-05,0.0,2.516205269358708e-21,1789113681.171073
2598.141,-0.4130657217183361,-0.5782972741736216,0.3400236116701523,0.5407975937488357,-2.0783160722410585,1.6157806020822205,1,2,0.6616394519805908,-0.8979443472674866,1.5205062071429651,-3.467562814752096,-0.7960794607745569,-0.8278544584857386,-3.7965665831462254e-36,-1.6517637050128542e-05,-0.0,0.0,-0.0,0.0,1789113681.271132
2598.241,-0.41306890813959457,-0.5783074270691596,0.3400132829420149,0.5407575979265136,-2.0783416998614994,1.6157956307039372,1,2,0.6616498827934265,-0.8979119819453736,1.5204780737506312,-3.4675661526122035,-0.7960947195636194,-0.8278144041644495,-7.752667443128303e-05,-1.7839288162146825e-31,-0.0,2.037487967128284e-42,-0.0,0.0,1789113681.371135
2598.341,-0.4130892374394056,-0.5782891268202222,0.340024978181467,0.5407205996920871,-2.0783167497065564,1.6157756711942823,1,2,0.6616103649139404,-0.8979286712459107,1.5204780737506312,-3.467569490472311,-0.7960947195636194,-0.8278148810016077,-0.00011869792069774121,0.0,-0.0,0.0,-0.0,0.00018434302182868123,1789113681.4711337
2598.441,-0.4130561491192853,-0.5783105710661398,0.34003181274083344,0.5408375178400839,-2.0782914144095104,1.6158147220437034,1,2,0.6616618037223816,-0.8979359430125733,1.5204742590533655,-3.4675661526122035,-0.7960637251483362,-0.8278458754168909,0.00023248232901096344,-1.2318139109258903e-27,-0.0,0.0,-0.0,7.698534318478778e-05,1789113681.571158
2598.5409999999997,-0.41302396727953916,-0.5783115693902471,0.3400821810561138,0.540985344412162,-2.0781482416178663,1.6159202626902642,1,2,0.6616823077201843,-0.8979959648898621,1.5204699675189417,-3.467626234094137,-0.7959712187396448,-0.8278473059283655,0.00038402696372941136,-0.0008146429318003356,-4.664670996135101e-05,-0.00029029673896729946,0.004154527559876442,6.510222470483451e-40,1789113681.6713953
2598.641,-0.4129807013093736,-0.5783136211702453,0.3401055277705321,0.5413360220858687,-2.077916020534812,1.6161740337955792,1,2,0.6616941690444946,-0.897992269401886,1.5204632917987269,-3.4678060017027796,-0.7956903616534632,-0.8278783003436487,2.4375081920879893e-05,-0.00026115114451386034,-2.2660131435259245e-05,-0.0047161472029984,0.002021173946559429,0.0,1789113681.771155
2598.741,-0.4126168106264161,-0.578119172994418,0.3410258113102891,0.5432162975812447,-2.074021283309473,1.617284433131952,1,2,0.6617146730422974,-0.8989579838565369,1.5204384962665003,-3.4702445469298304,-0.7949093023883265,-0.827862564717428,0.004864625632762909,-0.02183409221470356,-0.0003824148734565824,-0.08443506807088852,0.018138539046049118,0.0,1789113681.8712208
2598.841,-0.4102665086909736,-0.5766643882774438,0.3465307024973318,0.553779405530735,-2.0422262595315384,1.621222289621498,1,2,0.6620844006538391,-0.9037440580180665,1.520407501851217,-3.4935041866698207,-0.794372860585348,-0.827850643788473,0.0016113087767735124,-0.0818650871515274,-0.0005660129827447236,-0.40892156958580017,0.0002591419324744493,0.0,1789113681.9711177
2598.941,-0.40524114339260775,-0.5728476810053026,0.35805727948939753,0.5756921090135226,-1.9683230447240763,1.6277608005579396,1,2,0.6621732711791992,-0.9131878775409241,1.520386044179098,-3.5492993793883265,-0.7943576017962855,-0.8278349081622522,0.0002271897392347455,-0.0776219442486763,-1.5015743883850519e-05,-0.6203780770301819,8.099240949377418e-05,0.0,1789113682.0712066
2599.0409999999997,-0.401219235671179,-0.5697480991527561,0.36480323102276757,0.5932071138745293,-1.9067541107636994,1.6319814412725004,1,2,0.6621853709220886,-0.9166452449611207,1.5204041639911097,-3.600217481652731,-0.7943342367755335,-0.8278854529010218,5.049761603004299e-05,0.0014597782865166664,0.00018519720470067114,-0.3406994640827179,3.611134716937895e-35,0.0,1789113682.1711712
2599.141,-0.4007193316646938,-0.5693147421619779,0.3650252900210512,0.5957556407318867,-1.8973172354562124,1.6325036624469595,1,2,0.6621288657188416,-0.9158665102771302,1.52049428621401,-3.609429021874899,-0.7943452040301722,-0.8278783003436487,0.00027940378640778363,0.001981262117624283,0.00017085873696487397,0.0003202614316251129,0.0,0.0,1789113682.2711356
2599.241,-0.4007215001637576,-0.5693480991044237,0.3649921076042715,0.5956777267482462,-1.8975989543674519,1.6325024174869276,1,2,0.6621698141098022,-0.9158353370479126,1.5204780737506312,-3.609206338922018,-0.7943766752826136,-0.8278582731830042,0.0001509326248196885,0.0,4.511354200076312e-05,0.0032956895884126425,0.0,0.0,1789113682.3711429
2599.341,-0.4007229259706927,-0.5693474981711584,0.3649799052702761,0.5956817821758797,-1.897658735981832,1.6325172973267046,1,2,0.6621648073196411,-0.9158306878856202,1.52049428621401,-3.609173437158102,-0.7943485418902796,-0.8278582731830042,1.9939441699534655e-05,0.00016079808119684458,-0.0,0.00017063035920727998,0.0,0.0,1789113682.471134
2599.441,-0.400752484728625,-0.5693556086239857,0.36494523518930094,0.5956334795845927,-1.8977452077973824,1.6324766746682864,1,2,0.6621493101119995,-0.9157623809627076,1.5204561392413538,-3.609120031396383,-0.7943695227252405,-0.8278735319720667,0.0,0.0017720091855153441,-0.0,0.0015704758698120713,0.0,0.0,1789113682.5711162
2599.5409999999997,-0.4009212649403959,-0.5694773127766147,0.36426199280555055,0.5952594858159245,-1.8991442359340909,1.6324137076427268,1,2,0.6621339321136475,-0.9147967261127015,1.5205100218402308,-3.608904024163717,-0.7943413893329065,-0.8278701941119593,0.0,0.01729540154337883,-0.0,0.002255234634503722,-5.0433317792183265e-34,0.0,1789113682.6711059
2599.641,-0.4013859174153029,-0.5698358917533758,0.3623203259997408,0.594282895952243,-1.9025318590322076,1.6322220544408947,1,2,0.6621304750442505,-0.9119022053531189,1.520524803792135,-3.6088372669615687,-0.794372860585348,-0.8278382460223597,0.0,0.04147111251950264,-0.0,0.00021174542780499905,-0.0,0.0,1789113682.7711554
2599.741,-0.40218792319870866,-0.5704722119281486,0.358915162064554,0.5927199181791086,-1.90834754633649,1.6319082219478296,1,2,0.6621374487876892,-0.9067785304835816,1.5204742590533655,-3.6087686024107875,-0.7943576017962855,-0.8278420607196253,0.0,0.05333372950553894,-0.0,0.0005873585469089448,-0.0,2.5225949164732535e-22,1789113682.8711398
2599.841,-0.40278231644598217,-0.5709216580404666,0.3566932288525627,0.5912360567070369,-1.9136065230950583,1.6316120305368598,1,2,0.6621183753013611,-0.9036468428424378,1.5204780737506312,-3.6072732410826625,-0.7943504492389124,-0.8278110663043421,-2.826559830282349e-05,0.009246310219168663,-0.0,0.044399455189704895,-0.0,0.0,1789113682.971167
2599.941,-0.40320631337231305,-0.5712629290008625,0.35599415652226624,0.5894325017875383,-1.9201719522614682,1.6311929277487989,1,2,0.6621339321136475,-0.9032993477633973,1.5204742590533655,-3.601804395715231,-0.7943504492389124,-0.827834431325094,-4.8303507355740294e-05,0.0007875391165725887,-0.0,0.061017896980047226,-4.081982426578192e-42,0.0,1789113683.0711648
2600.0409999999997,-0.4034509948043739,-0.5714955667056008,0.35564965586848607,0.5882456076650088,-1.924536175859587,1.6309338133877567,1,2,0.6621871590614319,-0.9032636445811768,1.520449463521139,-3.5979625187315882,-0.7943661848651331,-0.8278306166278284,0.0,0.0002937712997663766,-0.0,0.007310918066650629,-0.0,0.0,1789113683.1711822
2600.141,-0.4034978199985168,-0.5714679628133705,0.3556141083235455,0.5880785471038849,-1.9247003581390738,1.630824924865246,1,2,0.6621183753013611,-0.9032551807216187,1.5205028692828577,-3.597875257531637,-0.7944286505328577,-0.8278420607196253,0.0,0.0002081407146761194,-0.0,0.0002498725662007928,-0.0,0.0,1789113683.271195
2600.241,-0.40351755008244733,-0.5714746552795387,0.35556569670270116,0.5880806330613749,-1.9247988090591412,1.6308433916024698,1,2,0.6621030569076538,-0.9031760853580018,1.520487133656637,-3.5978480778136195,-0.7943814436541956,-0.8278458754168909,0.0,0.0009686802513897419,-0.0,0.0003644885146059096,-1.2569206607601288e-14,0.0,1789113683.371202
2600.341,-0.40356516206252224,-0.5714999782450538,0.35543296643049266,0.5879270133340846,-1.9250731384098887,1.6308019902922362,1,2,0.6620944142341614,-0.9029675287059327,1.5204594771014612,-3.597804685632223,-0.7944324652301233,-0.8278144041644495,-0.00016842843615449965,0.0033970512449741364,-0.0,0.00036002451088279486,-0.00018755506607703865,0.0,1789113683.4712114
2600.441,-0.40364700315770846,-0.5715443406219065,0.35509307177415245,0.587743028042773,-1.9256915073830894,1.630748114732369,1,2,0.6620704531669617,-0.9024920028499146,1.5205062071429651,-3.5977755985655726,-0.7944257895099085,-0.8278234640704554,-0.00028147155535407364,0.008217687718570232,-0.0,0.00032559738610871136,-0.00014964693400543183,0.0,1789113683.5711734
2600.5409999999997,-0.40386142595185814,-0.5716152693971227,0.3544675246336427,0.5873162963097066,-1.9267579044419598,1.6305821786400718,1,2,0.6619592905044556,-0.901545600300171,1.5204780737506312,-3.5977446041502894,-0.7944534460650843,-0.8278382460223597,-0.005074275657534599,0.015358424745500088,-0.0,0.00015413238725159317,-0.0001298090792261064,0.0,1789113683.671136
2600.641,-0.40427696207072505,-0.5719037199179001,0.3527122414113029,0.5864885587055204,-1.9296948083187853,1.6303699246064907,1,2,0.6619133353233337,-0.8989278239062806,1.5204837957965296,-3.59776033977651,-0.7944343725787562,-0.8278616110431116,-0.0004648755711968988,0.03134236857295036,-0.0,8.466985309496522e-05,-9.272848546970636e-05,0.0,1789113683.7711563
2600.741,-0.40463615597755104,-0.5721957354570675,0.3510500921192127,0.5856751148224328,-1.932516142257533,1.6301941442021366,1,2,0.6619287133216858,-0.8964587611011048,1.5204995314227503,-3.597767492333883,-0.7944653669940394,-0.8278349081622522,-0.00011329093103995547,0.017531033605337143,-0.0,8.412261487134555e-33,-8.332145807798952e-05,0.0,1789113683.8711586
2600.841,-0.40479164498701115,-0.5722751906458279,0.35049162655698707,0.585372298854117,-1.933457064417875,1.6300931766365945,1,2,0.6618789434432983,-0.8956190508655091,1.5204837957965296,-3.5977517567076625,-0.7944653669940394,-0.827850643788473,-2.500075647861021e-37,0.0006757100927643478,-0.0,0.0,-8.407047435004689e-33,0.0,1789113683.9711163
2600.941,-0.4047942529581839,-0.5722743126188412,0.3504635245187527,0.5853517641607399,-1.9334864854818272,1.6300973958636293,1,2,0.6618754863739014,-0.8955842417529603,1.5205028692828577,-3.597786088983053,-0.7944653669940394,-0.8278382460223597,0.0,8.775858441367745e-05,-0.0,0.0,-0.0,0.0,1789113684.071119
2601.0409999999997,-0.40477471934192377,-0.5722834938141923,0.350486759353361,0.5854264423089324,-1.9334128398459485,1.6301152696439802,1,2,0.661902904510498,-0.895607129936554,1.520487133656637,-3.597801824609274,-0.7944534460650843,-0.8278582731830042,0.0,7.284511957550421e-05,5.314984945337599e-40,0.0,-1.4708832242144662e-36,0.0,1789113684.1711214
2601.141,-0.4047514853308834,-0.5723020710900621,0.3504568934969736,0.5854424957512915,-1.933517935069841,1.6301397690185735,1,2,0.6619457006454468,-0.8955878776362916,1.5205209890948694,-3.5977641544737757,-0.7944501082049769,-0.8278544584857386,0.00016438993043266237,8.407790785948902e-45,-0.0,0.0,-0.0,0.0,1789113684.2711208
2601.241,-0.4047679613301327,-0.5723015560236013,0.35046044005635546,0.5854366217819287,-1.933500427074417,1.6301210215813746,1,2,0.6619303226470947,-0.89557238042865,1.5204837957965296,-3.5977517567076625,-0.7944534460650843,-0.8278663794146937,7.33737979317084e-05,0.0,-0.0,0.0,-0.0,0.0,1789113684.3711298
2601.341,-0.40474859559292536,-0.572312703352392,0.35043585106493835,0.5854637564252998,-1.933538085481787,1.6301785161888862,1,2,0.6619578003883362,-0.8955447834781189,1.5205062071429651,-3.5977822742857875,-0.7944219748126429,-0.8278382460223597,7.816625293344259e-05,4.895662889192547e-24,-0.0,0.0,-0.0,0.0,1789113684.4711223
2601.441,-0.4047291484875339,-0.5723199652374449,0.3504644113457022,0.5855034007107218,-1.933511837330576,1.6301590715373755,1,2,0.6619866490364075,-0.8955950897983094,1.5205100218402308,-3.597743173638815,-0.7944448629962366,-0.8278701941119593,0.00021493683743756264,0.0,-0.0,0.0,-0.0,0.0,1789113684.5711284
2601.5409999999997,-0.40473959155862943,-0.572310730347139,0.3504560559069959,0.5854752493923872,-1.9335052732040068,1.6301548319303953,1,2,0.6619662046432495,-0.8955831688693543,1.520517651234762,-3.597774644891256,-0.7944448629962366,-0.8278582731830042,1.072328077510367e-17,0.0,-0.0,0.0,-0.0,0.0,1789113684.671114
2601.641,-0.4047705490630466,-0.5723115804803883,0.3504343617864669,0.5854390423068734,-1.933551774236772,1.6301295865696417,1,2,0.6619387865066528,-0.8955291670611878,1.5204742590533655,-3.5977398357787074,-0.7944448629962366,-0.8278663794146937,0.0,0.0,-0.0,0.0,-0.0,0.0,1789113684.7711167
2601.741,-0.40474712658471446,-0.5723052889698645,0.35045189839565755,0.5854791305862184,-1.9335156336330208,1.630154311359163,1,2,0.6619508862495422,-0.8955795925906678,1.5205209890948694,-3.597767492333883,-0.7944257895099085,-0.8278663794146937,0.0,0.0,-0.0,0.0,-0.0,0.0,1789113684.8711147
2601.841,-0.40473830591502713,-0.5723191752697353,0.3504602990125865,0.5854543765473139,-1.933555782959298,1.6301626457324776,1,2,0.6619782447814941,-0.8955878776362916,1.5205028692828577,-3.5977193317809046,-0.7944534460650843,-0.8278420607196253,0.0,0.0,-0.0,0.0,1.3826104350300739e-07,0.0,1789113684.9711215
2601.941,-0.4047656939145895,-0.5723056218809682,0.35046952316169566,0.5854143012647696,-1.933491469162121,1.6301332636664072,1,2,0.6619387865066528,-0.8955759567073365,1.5204675833331507,-3.59775509456777,-0.7944687048541468,-0.8278382460223597,-0.0002078478573821485,0.0,-0.0,0.0,0.0,0.0,1789113685.0711439
2602.0409999999997,-0.4047530225827034,-0.5723073714427103,0.3504656696513186,0.5854571603143898,-1.9334779695570414,1.6301647855631445,1,2,0.6619491577148438,-0.8955759567073365,1.5204837957965296,-3.5977822742857875,-0.7944377104388636,-0.8278382460223597,-3.768178794416599e-05,0.0,-0.0,0.0,0.0,0.0,1789113685.1711333
2602.141,-0.4046987510398905,-0.5723309705946962,0.3505286256714314,0.5855902824769047,-1.9333229360984878,1.630244283218233,1,2,0.6620244979858398,-0.8956442040256043,1.5204508940326136,-3.597823759118551,-0.794417683278219,-0.8278268019305628,0.00044176311348564923,-0.0005880764801986516,-6.303236295934767e-05,-7.078243652358651e-05,2.204366467140062e-09,0.0,1789113685.2711253
2602.241,-0.40469815697778827,-0.5723090048580961,0.3505643983890152,0.5856079365884088,-1.9332620705084205,1.6302377359174183,1,2,0.6619970798492432,-0.8957149547389527,1.5204814116107386,-3.597828527490133,-0.7943967024432581,-0.8278420607196253,3.324816862004809e-05,-0.00014799112977925688,-0.0,-0.0001440301857655868,0.0002085790183627978,0.0,1789113685.3711224
2602.341,-0.4047294840582473,-0.5722994065518285,0.35052641419424,0.5854966633037482,-1.9333595879810583,1.6302148793802604,1,2,0.6619592905044556,-0.8956634563258667,1.520487133656637,-3.597818513909811,-0.794417683278219,-0.8278067747699183,0.0,5.4416344937635586e-05,-0.0,0.0001853982248576358,8.518628601450473e-05,0.0,1789113685.4711103
2602.441,-0.40471256732001043,-0.5723042072458577,0.3505678995340985,0.5855447005594202,-1.9333038282819202,1.6302522915861817,1,2,0.6619782447814941,-0.8957149547389527,1.5204666296588343,-3.597799917260641,-0.7943967024432581,-0.8277977148639124,2.9778573662042618e-05,7.020014163572341e-05,-0.0,6.824340380262583e-05,1.2751354353549603e-23,0.0003062015166506171,1789113685.5711136
2602.5409999999997,-0.4046561136895252,-0.5723378701751415,0.350564236736454,0.5857149538201197,-1.9333021137920272,1.630389943812065,1,2,0.6620585918426514,-0.8957078021815796,1.5204699675189417,-3.5978151760497035,-0.7942937056170862,-0.8277857939349573,0.0061548734083771706,2.650416195683652e-38,-0.0,7.062835265969625e-06,0.0007096424233168364,0.00017193518579006195,1789113685.6711292
2602.641,-0.4041132873703006,-0.5727195402219294,0.3505543854246008,0.5867682891230216,-1.9333344095298803,1.6310287155948455,1,2,0.6629961729049683,-0.895695762043335,1.5204747358905237,-3.597806592980856,-0.7942135969745081,-0.8277824560748499,0.012956163845956326,2.162656164728105e-05,-0.0,0.0,0.00044639891711995006,8.3100501797162e-05,1789113685.7711117
2602.741,-0.40339105640961936,-0.573242023078813,0.35051607179232874,0.5880917058409203,-1.9334334344150381,1.6318064102352288,1,2,0.6642725467681885,-0.8956442636302491,1.5204780737506312,-3.59777893642568,-0.7942135969745081,-0.8277824560748499,0.016477694734930992,5.057595990365371e-05,-0.0,1.3254382400657017e-12,0.00012088126823073253,0.0,1789113685.8711157
2602.841,-0.40211307356258574,-0.5741346829997094,0.3505366267087106,0.5904616573819561,-1.9334147494067087,1.6331831902028933,1,2,0.66649329662323,-0.8956718009761353,1.520470921193258,-3.597767492333883,-0.7941983381854456,-0.8277824560748499,0.030423687770962715,2.1030633433838375e-05,-0.0,0.0,4.3688942979840106e-16,0.0,1789113685.9711094
2602.941,-0.39961671685723077,-0.5758865863175514,0.35050285202186515,0.5950332851580588,-1.9335115659626283,1.6358209249352125,1,2,0.6708511710166931,-0.895632342701294,1.5204814116107386,-3.5977360210814417,-0.7942259947406214,-0.827794377003805,0.05165699124336243,9.37641786435961e-09,-0.0,2.7590107237517283e-23,0.0,0.0,1789113686.0711167
2603.0409999999997,-0.39612489802367695,-0.5782914541053916,0.3505048236617939,0.6014446258776924,-1.9335340362614906,1.6395329950024418,1,2,0.6768976449966431,-0.8956431311419983,1.5204904715167444,-3.597715993920797,-0.7942135969745081,-0.827794377003805,0.06639869511127472,0.00010976057092193514,-0.0,5.952292849542573e-05,0.0,0.0,1789113686.1711109
2603.141,-0.3919073591215496,-0.5811637966713478,0.3504783007789278,0.6091246665711102,-1.9335947482946039,1.6439792769089543,1,2,0.6841811537742615,-0.8956154149821778,1.5205062071429651,-3.5977002582945765,-0.794229809437887,-0.8277791182147425,0.07517704367637634,2.3626978872925974e-05,-0.0,0.0,0.0,0.0,1789113686.271108
2603.241,-0.38796492067458527,-0.5838056212910318,0.350460548735615,0.6162635487809892,-1.9336380586408117,1.648092898936063,1,2,0.6909558176994324,-0.8956070703319092,1.5205290953265589,-3.597671171227926,-0.7942612806903284,-0.8277671972857874,0.05353134498000145,0.0002275752485729754,-0.0,0.0007897772593423724,1.227078495951025e-32,0.0,1789113686.3711083
2603.341,-0.3873477084080236,-0.5845086441282384,0.3501924805785065,0.6167984736139213,-1.9367253845904704,1.6485870728371133,1,2,0.6923671960830688,-0.8955363792232056,1.5204961935626429,-3.5950027904906214,-0.794417683278219,-0.8277705351458948,-0.015582156367599964,0.0031761107966303825,0.001373428851366043,0.11105324327945709,-0.0014816659968346357,3.0051024976520717e-18,1789113686.4710917
2603.441,-0.39131391627451334,-0.5857079356090391,0.34639989544404215,0.6019868957340012,-1.9813006504306037,1.6432732284660463,1,2,0.6900252103805542,-0.8950094145587464,1.5205572287188929,-3.556589742700094,-0.7946003119098108,-0.827738110219137,-0.02992081642150879,0.005393632687628269,0.00021109904628247023,0.6721053719520569,-0.00023468812287319452,0.0002503245777916163,1789113686.5711422
2603.5409999999997,-0.39881085416436307,-0.5878180240779439,0.3389987280843334,0.5713403971366874,-2.070885635169282,1.631397416692217,1,2,0.6854584813117981,-0.8949565452388306,1.5206096808062952,-3.4781204662718714,-0.7945969740497034,-0.8277547995196741,-0.054581839591264725,1.3537494396587135e-06,0.0001002385833999142,0.7914868593215942,-6.163337820908055e-05,8.801995863905177e-05,1789113686.6711063
2603.641,-0.40544559755750686,-0.5883763305301766,0.33303962297325296,0.5441479351176868,-2.1398663101162154,1.619802268888879,1,2,0.6800041794776917,-0.8950248521617432,1.5205867926227015,-3.4172808132567347,-0.7945855299579065,-0.827761475239889,-0.05173334851861,-0.0008774838061071932,-5.265909931040369e-05,0.44329509139060974,-1.2051166793193427e-43,1.2681751102139594e-41,1789113686.771126
2603.741,-0.4090222216429223,-0.5872510221177514,0.33146223979824463,0.5326169495624875,-2.1594134673210443,1.6147322110190165,1,2,0.6754685640335083,-0.895348386173584,1.5205767790423792,-3.3995372257628382,-0.7945855299579065,-0.8277161757098597,-0.03578965738415718,-0.014177720993757248,-4.571662636638686e-18,-0.0028798833955079317,-0.0,0.0,1789113686.8711498
2603.841,-0.40947739607145406,-0.5856315329430264,0.335539859182364,0.5328441129502316,-2.1502095856567793,1.6147640368135308,1,2,0.6732120513916016,-0.9009356063655396,1.5205662886248987,-3.4018970928587855,-0.7945764700519007,-0.8277195135699671,-0.013775940984487534,-0.09228184819221497,-4.137246651225723e-05,-0.04876207187771797,0.00019064926891587675,0.0,1789113686.9710734
2603.941,-0.40803926105416316,-0.5832127785375267,0.34496837670482,0.5393664995887998,-2.124012853253203,1.6173808981582656,1,2,0.6717525720596313,-0.9131540817073365,1.5206063429461878,-3.412678381005758,-0.7945202032672327,-0.827738110219137,-0.027474192902445793,-0.12950333952903748,0.0002140728320227936,-0.1724499613046646,0.00018179582548327744,0.0,1789113687.0711331
2604.0409999999997,-0.40781932834340173,-0.579596531825082,0.35287799687845534,0.5444774431709628,-2.0926941014126745,1.618962858349898,1,2,0.6677814722061157,-0.9225248259356995,1.5214012304889124,-3.4314924679198207,-0.7944925467120569,-0.8277314344989222,-0.04666023328900337,-0.03662941977381706,0.023577168583869934,-0.15119504928588867,6.775012298021466e-05,0.0,1789113687.1711261
2604.141,-0.408037839321575,-0.576859165127307,0.3523366986521202,0.5445663247490656,-2.0801066854325225,1.61855039717692,1,2,0.6643955111503601,-0.9230701488307496,1.5273636023150843,-3.4478498897948207,-0.7944324652301233,-0.8277400175677698,-0.028773529455065727,2.533614178901189e-06,0.12975668907165527,-0.21030974388122559,0.0002755032619461417,1.414390793725212e-28,1789113687.2711205
2604.241,-0.4048773404484255,-0.5727387796306058,0.34833865036248596,0.5487833656579836,-2.0594511336965096,1.6197441657950369,1,2,0.6624537706375122,-0.9230461877635499,1.545251194630758,-3.4839002094664515,-0.7944091002093714,-0.8277466932879847,-0.01317390613257885,-4.716855619335547e-05,0.2127610594034195,-0.5818755030632019,0.00012388493632897735,0.0,1789113687.371109
2604.341,-0.39720838931780783,-0.5662556835307448,0.3456363195231105,0.5667212308318765,-1.9974753026460654,1.6253517968972517,1,2,0.6618242859840393,-0.9231563371470948,1.5702546278582972,-3.5634948215880335,-0.794417683278219,-0.8277195135699671,-0.0007333611138164997,-0.00031533700530417264,0.2738296687602997,-0.9431530237197876,8.41042201500386e-05,0.0,1789113687.4711273
2604.441,-0.3876219170604186,-0.5588668422449223,0.3430946469820671,0.588262091929979,-1.9229043163770057,1.6311250368574715,1,2,0.6618858575820923,-0.9231264156154175,1.5973165670977991,-3.656461854974264,-0.7944324652301233,-0.8276718298541468,0.0,0.0,0.269578754901886,-0.8908270001411438,3.546681718833836e-33,0.0004829760000575334,1789113687.5711281
2604.5409999999997,-0.3790888024048853,-0.5520712494532936,0.34037669411257154,0.60508620347998,-1.8608017567071493,1.6347215495008036,1,2,0.6616768836975098,-0.9231456083110352,1.6214664618121546,-3.735563894311422,-0.7944257895099085,-0.8274801413165491,-0.004425858147442341,-4.3839427235070616e-05,0.21415913105010986,-0.6882861256599426,0.0,0.0006134231225587428,1789113687.671125
2604.641,-0.37210958117555487,-0.5459770859501137,0.33748542822930605,0.6171372470231371,-1.8123150831898682,1.63628384977804,1,2,0.6608350872993469,-0.9231335085681458,1.642571274434225,-3.7995993099608363,-0.7944448629962366,-0.8274286429034632,-0.0210470799356699,3.079887028434314e-05,0.2069201022386551,-0.6163188815116882,0.0,0.00026357886963523924,1789113687.7710946
2604.741,-0.3664852682875537,-0.5387796139486996,0.33428784826669494,0.6255894128112448,-1.7663345554708585,1.6352740336419416,1,2,0.6572183966636658,-0.9231370848468323,1.6640289465533655,-3.861875196496481,-0.7944143454181116,-0.8274410406695765,-0.042909812182188034,0.0,0.22756627202033997,-0.6131919026374817,0.0,9.392162610311061e-05,1789113687.8711388
2604.841,-0.36150993226181205,-0.531682510157458,0.33118479634106185,0.6322194108914858,-1.7243459143984505,1.6330945919542053,1,2,0.6529870629310608,-0.9231216472438355,1.6841400305377405,-3.919422288934225,-0.7944448629962366,-0.8274596373187464,-0.03295520320534706,0.0,0.17547093331813812,-0.5375457406044006,0.0,2.7306213966344188e-36,1789113687.9711285
2604.941,-0.35618946168727456,-0.5266085401818836,0.3290667261607639,0.6402247849355517,-1.6873530010690467,1.6323965738821558,1,2,0.6516530513763428,-0.9231060308269043,1.699548069630758,-3.9677776298918666,-0.7944248358355921,-0.8274715582477015,-0.0003898856812156737,0.0001339170557912439,0.11269916594028473,-0.41754379868507385,0.0,1.3976860108960721e-30,1789113688.0711825
2605.0409999999997,-0.3516850230608254,-0.5228940349575351,0.3290378330457202,0.6495121113730447,-1.647997957518396,1.6319264084902956,1,2,0.6512678861618042,-0.9230905932239075,1.7076996008502405,-4.010955711404318,-0.794384781514303,-0.8275139967547815,-0.010363323614001274,6.052622484276071e-05,0.06197083368897438,-0.5047350525856018,0.0001830674009397626,0.0,1789113688.1711142
2605.141,-0.34688648546359313,-0.5189525644165777,0.3305817411050859,0.6615721756874261,-1.595333095922935,1.6307606003020991,1,2,0.6508727073669434,-0.9230701488307496,1.7122495810138147,-4.062480827371115,-0.7943814436541956,-0.827486817036764,-4.249352423357777e-05,0.00013195117935538292,0.032619912177324295,-0.46759524941444397,8.060506661422551e-05,0.0,1789113688.27113
2605.241,-0.34414673068445717,-0.5168776092052594,0.33096097626233373,0.6674718026868407,-1.569544892671936,1.6300629524627195,1,2,0.6508880853652954,-0.9230786722949524,1.7155769507037562,-4.088795801202291,-0.794417683278219,-0.8274834791766565,0.0,5.3093444876139984e-05,0.034700099378824234,-0.06064215674996376,0.0,0.0,1789113688.3711667
2605.341,-0.3436741998012526,-0.516384509076688,0.3296339264380693,0.6663951662330747,-1.5736741322211503,1.6300662831365615,1,2,0.6507084369659424,-0.9230186504176636,1.7195542494403284,-4.089153429070944,-0.7944091002093714,-0.8274992148028772,-0.0004157797375228256,9.271575254388154e-05,0.03831237182021141,4.177947266725823e-05,0.0,0.0,1789113688.4710855
2605.441,-0.3435019777527063,-0.5162801851078034,0.3292665825273999,0.6661500212483743,-1.5749713081915713,1.6301502043679026,1,2,0.6507427096366882,-0.923030750160553,1.7206833998309534,-4.089110275308126,-0.7943862120257776,-0.8274958769427698,-1.4464845662587322e-05,0.0001110912489821203,0.0002040093095274642,0.0002459556853864342,0.0,0.0,1789113688.5710886
2605.5409999999997,-0.3435165720230934,-0.51626069307761,0.32924825363442983,0.6660581785883765,-1.5750089158128278,1.6301301540836604,1,2,0.6507049798965454,-0.9230186504176636,1.7207258383380335,-4.089153429070944,-0.794417683278219,-0.827461067830221,0.0,6.255804121555452e-20,6.245008989935741e-05,8.33169324323535e-05,0.0,0.0,1789113688.6711133
2605.641,-0.34352745205248136,-0.51624323517376,0.32924326541607896,0.6661083151476116,-1.5749561626477826,1.6300749880007137,1,2,0.6506656408309937,-0.9230186504176636,1.720745865498678,-4.089189430276388,-0.7943814436541956,-0.8275259176837366,-0.0005400755326263607,0.0,0.0004612312186509371,5.843349090321757e-29,2.1630740706518996e-21,0.0,1789113688.7711477
2605.741,-0.343866671163183,-0.5159040766273284,0.3291738245928499,0.6654611317215541,-1.5748683412641744,1.6295246276288742,1,2,0.6498479247093201,-0.9230186504176636,1.7210295836078089,-4.0896319351592005,-0.7943266073810022,-0.8275006453143519,-0.02649221569299698,0.0,0.00865770224481821,-0.017812099307775497,0.0005159385618753731,0.0,1789113688.8711169
2605.841,-0.34532988137237963,-0.5135819017305434,0.32882095137356604,0.662651493549421,-1.569709834904805,1.6259408876912589,1,2,0.6451718807220459,-0.9229946893504639,1.7232797781573694,-4.096896549264425,-0.7942975203143519,-0.8275259176837366,-0.060536421835422516,4.142941822937729e-10,0.03587164357304573,-0.09571196138858795,0.0003439834981691092,0.0,1789113688.9711273
2605.941,-0.3475444566814544,-0.5106153706662367,0.32759959754004075,0.6570878679589595,-1.5700887566893493,1.6213075785756164,1,2,0.638837456703186,-0.9229707282832642,1.7277582327472132,-4.101597925225729,-0.7943137327777308,-0.8275192419635218,-0.0625535175204277,-9.048796954428766e-28,0.05033097788691521,-0.0003356798260938376,0.00011456973879830912,0.0,1789113689.071128
2606.0409999999997,-0.3491991367200978,-0.5086926609142002,0.32638153052036345,0.6525000957556347,-1.574587581822247,1.6184125223452848,1,2,0.6344721913337708,-0.9230067890933533,1.7315643469439905,-4.101692577401632,-0.794074837361471,-0.8275120894061487,-0.012141122482717037,-1.9264131602102826e-27,0.028167739510536194,-0.0012833337532356381,0.006878693588078022,0.0,1789113689.1710827
2606.141,-0.34750658772457615,-0.5081516236902199,0.32519793846098843,0.661104762325648,-1.5745314199450209,1.62354220145036,1,2,0.6343866586685181,-0.9229875963977356,1.7355030218707483,-4.105398555795187,-0.7853358427630823,-0.8274925390826624,-8.599267312092707e-05,-4.5208314986666664e-05,0.054155778139829636,-0.08184729516506195,0.22545064985752106,0.0,1789113689.271129
2606.241,-0.3417866166286334,-0.507598705565627,0.32278093272670844,0.7038420591398418,-1.5737841961165746,1.6486997048245169,1,2,0.63438481092453,-0.9230186504176636,1.7425444761859339,-4.111199041406149,-0.7425439993487757,-0.8275106588946741,4.0498776554542815e-10,1.4577732144971378e-05,0.09618296474218369,-0.02471703290939331,0.6518403887748718,0.0,1789113689.371133
2606.341,-0.33300759585233086,-0.5061812038061849,0.3167364492716268,0.7644011192461221,-1.5882084122881828,1.6878638523563432,1,2,0.634143590927124,-0.9230342668345948,1.7595155874835413,-4.111419817010397,-0.6777704397784632,-0.8274715582477015,-0.0051522026769816875,4.203895392974451e-45,0.22769410908222198,-0.00017252289399039,0.5589187741279602,0.0,1789113689.4711354
2606.441,-0.3265544633543913,-0.5032930962553578,0.30882269007713364,0.7870533225417654,-1.6133634217006196,1.7080664582037182,1,2,0.6335257887840271,-0.9230391544154664,1.7842806021319788,-4.111464401284689,-0.6475546995746058,-0.8274748961078089,-0.011916859075427055,-0.00033120662556029856,0.273473858833313,-1.2734602023556363e-05,-0.009593481197953224,0.0,1789113689.571078
2606.5409999999997,-0.32422295458497985,-0.499072512575232,0.3009528231548325,0.7754253032056208,-1.6428753060526313,1.708550242899569,1,2,0.6299167275428772,-0.9230511349490662,1.8104036490069788,-4.111539979974264,-0.6476624647723597,-0.827486817036764,-0.04172424599528313,-1.6236601368291304e-05,0.24221031367778778,-0.0002620619488880038,-0.00015810875629540533,0.0,1789113689.671136
2606.641,-0.32255191256977755,-0.4961706126628707,0.2957198220783219,0.7675056888670436,-1.6627493705607097,1.7088480875990677,1,2,0.6274594068527222,-0.9230391544154664,1.8279884497271937,-4.111582895318502,-0.6476314703570765,-0.8274834791766565,-0.00549548864364624,-2.935168049589265e-05,0.07791987806558609,-6.52554226689972e-05,-9.436921383221275e-11,0.0,1789113689.7711203
2606.741,-0.32236917564130746,-0.4959444514223996,0.29541029246218015,0.76708343976547,-1.663756969339831,1.7088354898741724,1,2,0.6273242831230164,-0.9231420320323487,1.8292821089373987,-4.111875911752218,-0.6476457754718226,-0.8274992148028772,-0.0024274252355098724,-0.0004810963000636548,-0.00015318274381570518,-0.00521496869623661,-9.712171005228311e-29,0.0,1789113689.871066
2606.841,-0.32284633102967,-0.49565878606187036,0.2953961046966753,0.7660756180420496,-1.6639935491330022,1.7081870181720562,1,2,0.6264070272445679,-0.9231109780124207,1.8292582670794886,-4.111791749993795,-0.6477263609515589,-0.827468220387594,-0.013179417699575424,-7.007776002865285e-05,-0.0004023552464786917,-5.808505688329519e-19,-0.00087710254592821,0.0,1789113689.9710922
2606.941,-0.32321766320469897,-0.49544092296233666,0.2954047707508353,0.7653005639071409,-1.6641264607225876,1.707618312246824,1,2,0.6257053017616272,-0.923118070965149,1.8292267958270472,-4.111695905724996,-0.6478374640094202,-0.8275030295001429,-0.0015471858205273747,-2.166317598734913e-31,-9.18633013498038e-05,0.0004938571364618838,-0.0004080602084286511,0.0,1789113690.0711005
2607.0409999999997,-0.32323901101819563,-0.49546590725391565,0.2953716786057698,0.7651632853970768,-1.6645145366263199,1.7076630960781762,1,2,0.6257225275039673,-0.9230905932239075,1.829233471547262,-4.111395975152487,-0.6478665510760706,-0.8274801413165491,-6.797539390390739e-05,0.0,-4.6968357589638494e-39,0.0028829199727624655,-0.00019659323152154684,0.0,1789113690.171105
2607.141,-0.3232891724463557,-0.4955112165152284,0.2953793394726949,0.7649867725846344,-1.665130703145485,1.7077146235193519,1,2,0.6257377862930298,-0.9231456083110352,1.8291915098773401,-4.110740800897116,-0.6478832403766077,-0.8274901548968714,1.7397140817847963e-22,2.358889287279453e-05,-0.0007154531194828451,0.024050360545516014,-0.0006184896919876337,0.0,1789113690.271079
2607.241,-0.32403753066381924,-0.4960203508404055,0.29496426387401664,0.7618007684350463,-1.6742522711528647,1.7082381115260101,1,2,0.6257516741752625,-0.9231490653804322,1.8291052023517054,-4.102527280847067,-0.6484249273883265,-0.8274748961078089,0.00021905223547946662,0.0,-0.0014885314740240574,0.17784439027309418,-0.01424831710755825,0.0,1789113690.3711205
2607.341,-0.32711036063322113,-0.4983243882490133,0.2929521790517425,0.7494601566110521,-1.7154905459519312,1.7117333362628102,1,2,0.6259089112281799,-0.9231574696353455,1.8288138548480433,-4.0653094253935755,-0.6486900488482874,-0.827486817036764,0.0005525679443962872,0.0,-0.0054951743222773075,0.590448260307312,-0.0002563262823969126,0.0,1789113690.4711328
2607.441,-0.33315876648604087,-0.5026493787284249,0.2891899631544929,0.7249834946937697,-1.7943851622210716,1.717261233601407,1,2,0.625866174697876,-0.9236212533763428,1.8272751013385218,-3.992817302743429,-0.6487625280963343,-0.8274958769427698,-6.818913971073925e-05,-0.012093247845768929,-0.034389376640319824,0.7704125046730042,-0.003833120223134756,6.539214293992019e-18,1789113690.571125
2607.5409999999997,-0.3397455264476302,-0.5073404168195286,0.2893100524587574,0.7044778391092362,-1.8567093250774231,1.7202479860210014,1,2,0.6258183717727661,-0.9268185061267395,1.8178537527667444,-3.9246486626067103,-0.6490657965289515,-0.8275073210345667,-0.00021516044216696173,-0.054420724511146545,-0.15321646630764008,0.5426797270774841,-0.00017331259732600302,0.0,1789113690.6710775
2607.641,-0.34396636821196325,-0.5100311071405532,0.29909687787997447,0.7047205429405414,-1.8542757478568308,1.7196717174735558,1,2,0.6253238916397095,-0.9369049829295655,1.7997220198260706,-3.8986321888365687,-0.6490777174579065,-0.8275345007525843,-0.011584758758544922,-0.1508941501379013,-0.1941957026720047,-0.009303485043346882,-3.559402102837339e-05,0.0,1789113690.771071
2607.741,-0.3459001869206032,-0.5105628780070435,0.3164216980745961,0.7175828169685621,-1.8106806928331713,1.716475257678935,1,2,0.6241207122802734,-0.9548469346812745,1.7786033789264124,-3.8985637627043666,-0.6490901152240198,-0.8275259176837366,-0.005175229161977768,-0.1876690536737442,-0.2253829687833786,-1.461343761657071e-14,-4.9801759531608106e-15,0.0,1789113690.8710651
2607.841,-0.346948255593278,-0.51130918114834,0.33415503000328817,0.7314466767152491,-1.7663295679251827,1.713467516780287,1,2,0.6241206526756287,-0.9725675147822876,1.756418530141012,-3.8983429871001185,-0.6491606871234339,-0.827486817036764,0.000801041373051703,-0.14956313371658325,-0.20907367765903473,0.004999858792871237,-0.00015406373131554574,-1.2098119473254581e-17,1789113690.9711232
2607.941,-0.3482850014247964,-0.512253583510995,0.34692631228177845,0.7400194301046881,-1.7378201370594353,1.711172898264553,1,2,0.6241137981414795,-0.9840933841517945,1.7379377524005335,-3.893890520135397,-0.6493213812457483,-0.827456299458639,0.00014174744137562811,-0.08981874585151672,-0.14821037650108337,0.15585777163505554,-0.0031764653977006674,-0.0,1789113691.0711324
2608.0409999999997,-0.3517479205321556,-0.5147596244120954,0.3524508022303478,0.7332755464757008,-1.7594958282856676,1.7126592025166758,1,2,0.6241497993469238,-0.9908448618701478,1.7268851439105433,-3.8567053280272425,-0.6493738333331507,-0.8274748961078089,0.00017752900021150708,-0.048862703144550323,-0.0784701257944107,0.6014974117279053,-0.00020680288434959948,-0.0,1789113691.1711283
2608.141,-0.357202451897536,-0.5185725678009628,0.352611063631363,0.71129087859379,-1.8275191209746622,1.7165955288253039,1,2,0.6240453720092773,-0.9960932296565552,1.7221673170672815,-3.786006589929098,-0.6495936552630823,-0.827468220387594,-0.00023383882944472134,-0.059056319296360016,-0.03080621361732483,0.7810031175613403,-0.010354273021221161,-0.0,1789113691.2710712
2608.241,-0.3631818866962624,-0.5226093658497626,0.35168453006442685,0.6814735539710748,-1.9081508805345664,1.7175288833456548,1,2,0.6240419149398804,-1.0021115106395264,1.7184942404376429,-3.704649587670797,-0.6527507940875452,-0.8274834791766565,-0.000227572483709082,-0.0623038075864315,-0.05069166421890259,0.8117619752883911,-0.04805472493171692,-0.0,1789113691.3711536
2608.341,-0.3692394994178273,-0.5265101076629788,0.3523172341544897,0.6524320223112703,-1.976810112637467,1.7143125169519313,1,2,0.6240334510803223,-1.0079154533198853,1.710442845021383,-3.630080362359518,-0.6584122816668909,-0.827486817036764,-0.00010318697604816407,-0.05309928208589554,-0.12058532238006592,0.6526288390159607,-0.059233348816633224,-0.0,1789113691.471124
2608.441,-0.375041368191776,-0.5302687178898347,0.35752398969226223,0.635717823005091,-2.0153362323470057,1.7117671761175468,1,2,0.6237989664077759,-1.013207809334137,1.6930092016803187,-3.5732914410033167,-0.6613372007953089,-0.8274925390826624,-0.008128179237246513,-0.04863862693309784,-0.2272925078868866,0.46388864517211914,-0.0004685410822276026,-0.0,1789113691.5710785
2608.5409999999997,-0.38044958696627784,-0.5331114675554769,0.36834898806637195,0.6350998948022185,-2.012435463924287,1.7108043962934432,1,2,0.6224384307861328,-1.017622486954071,1.6662710348712366,-3.544723173181051,-0.661417309437887,-0.8274992148028772,-0.019587034359574318,-0.03744068741798401,-0.2963312864303589,0.148305743932724,-0.0028495073784142733,-0.0,1789113691.671066
2608.641,-0.38545316582991584,-0.5359282001475014,0.3813034611547365,0.6433501836920602,-1.9837856272035963,1.7092045388359203,1,2,0.6215264797210693,-1.0184356731227417,1.6333449522601526,-3.536574979821676,-0.6625197569476526,-0.8275178114520472,-0.0006805617013014853,0.0012485918123275042,-0.3334284722805023,0.07545346766710281,-0.031064415350556374,-0.0,1789113691.7710938
2608.741,-0.39128847690828583,-0.539531516521339,0.3916780477611129,0.6384310608849348,-1.976431624530253,1.7023167218765722,1,2,0.6216053366661072,-1.0184335869601746,1.6026800314532679,-3.513087888757223,-0.6709678808795374,-0.8274596373187464,0.0004887646646238863,5.079054972156882e-05,-0.27633729577064514,0.43897783756256104,-0.13869456946849823,-0.0,1789113691.8710856
2608.841,-0.4005256041500954,-0.5445327373671788,0.39602395765176784,0.6029987366805959,-2.0260133680570482,1.6851426440818165,1,2,0.6215623617172241,-1.018475131397583,1.5775397459613245,-3.4449783764281214,-0.6911361853228968,-0.8274834791766565,-0.0002789052959997207,-0.00023816079192329198,-0.2274506688117981,0.8126164674758911,-0.26807910203933716,-0.0,1789113691.9711354
2608.941,-0.41149464758108384,-0.5495648158567861,0.39724655516992563,0.5474513645133966,-2.0964503601525486,1.6520555687799494,1,2,0.621593177318573,-1.0184870523265381,1.5552290121661585,-3.3616329632201136,-0.7263253370868128,-0.8274958769427698,7.848961831768975e-05,6.3641112624949985e-34,-0.22013932466506958,0.8298908472061157,-0.4317096769809723,5.80191306868013e-28,1789113692.0710962
2609.0409999999997,-0.4237802272062449,-0.5539426053179065,0.3989104786400704,0.47974433244888265,-2.1614214205316644,1.599019316961205,1,2,0.6216906905174255,-1.0184800189784546,1.5302770773517054,-3.280271192590231,-0.779464069996969,-0.8274925390826624,0.0014016194036230445,-0.00011790877033490688,-0.29235830903053284,0.8164783120155334,-0.6214044690132141,0.0,1789113692.1710904
2609.141,-0.43773754835445,-0.558043150512185,0.40344446306436704,0.40523541811451247,-2.2177921867141426,1.5286353576906104,1,2,0.6218807101249695,-1.0184716147235413,1.4966443220721644,-3.1962648830809535,-0.8468893210040491,-0.827489201222555,0.003028423525393009,-2.0840393865031586e-20,-0.3807314932346344,0.8631523251533508,-0.7154767513275146,0.0,1789113692.2711039
2609.241,-0.45246214931738915,-0.5617610171327132,0.4101572805175414,0.3287919999616513,-2.2704050875572515,1.4462940068958432,1,2,0.622248649597168,-1.0183890622905274,1.4557722250567835,-3.105668684045309,-0.9216588179217737,-0.8275192419635218,0.012310941703617573,0.0010773817775771022,-0.42521268129348755,0.9747089147567749,-0.7585817575454712,0.0,1789113692.3710914
2609.341,-0.46464782015397804,-0.566125550055556,0.41468281272881735,0.2573333718709706,-2.3373923207443954,1.359239696546378,1,2,0.6254724860191345,-1.0183707636645813,1.4159401098834437,-3.0005036793150843,-0.9925606886493128,-0.8275507132159632,0.0489535890519619,0.0002248065866297111,-0.34955793619155884,1.082963228225708,-0.6383514404296875,0.0,1789113692.4711163
2609.441,-0.47212054077470017,-0.5691237857895477,0.4132745957590721,0.20369966666142306,-2.4085626152578676,1.286104796954445,1,2,0.6286932229995728,-1.0183206361583252,1.3918221632586878,-2.906466146508688,-1.0419800917254847,-0.8275621573077601,0.01025456003844738,-0.0003158726030960679,-0.12310953438282013,0.7413638234138489,-0.3278045654296875,-5.067381133920873e-21,1789113692.5712292
2609.5409999999997,-0.4746704132914906,-0.5696838609228393,0.4068151139349966,0.17881716511737486,-2.464843213531327,1.2534156226708124,1,2,0.6286607980728149,-1.0181647104075928,1.389465634022848,-2.8506719074644984,-1.0533655325519007,-0.8275788466082972,-0.0011380589567124844,0.0022062156349420547,0.0016608869191259146,0.4450713098049164,-0.00018960372835863382,-8.649012306705117e-05,1789113692.6710951
2609.641,-0.4752462999803566,-0.5700350478275686,0.4031837097328253,0.16971477480181704,-2.494542214821777,1.242182263345723,1,2,0.6286110281944275,-1.0181084436229249,1.3894804159747522,-2.8231107197203578,-1.053359333668844,-0.8275788466082972,-0.00032001029467210174,0.0023272642865777016,0.00015314928896259516,0.11080043017864227,-4.2025811126222834e-05,-8.963061554823071e-05,1789113692.7710974
2609.741,-0.47537765525959413,-0.570061527842685,0.4026613711291138,0.1688982157923337,-2.4969923506484957,1.2411641605651462,1,2,0.6285374164581299,-1.0177882474711915,1.389566723500387,-2.82120480159902,-1.0533784071551722,-0.827618424092428,-0.000893790100235492,0.0039048974867910147,0.0011534267105162144,0.00010526479309191927,-2.7991965570548644e-15,-0.000208766563446261,1789113692.8710506
2609.841,-0.47658362259688525,-0.569434286304987,0.40041477437472084,0.16540451733649722,-2.500663094119998,1.2386899632877546,1,2,0.6268777251243591,-1.015777365570404,1.39109975496401,-2.8209663830199183,-1.0536249319659632,-0.8276150862323206,-0.0420028418302536,0.04708458110690117,0.036460526287555695,0.0055243754759430885,-0.007180702406913042,-0.00011974307562923059,1789113692.971197
2609.941,-0.4814408653980087,-0.5680593908552936,0.38969193956444464,0.14913422056119924,-2.523480795888928,1.2231412120872303,1,2,0.6218482255935669,-1.005322889690735,1.3950684706317347,-2.812547822991842,-1.0573795477496546,-0.8276031653033655,-0.05472984537482262,0.18122950196266174,0.04441143199801445,0.2520018517971039,-0.11263386905193329,-4.173902189142176e-19,1789113693.0711255
2610.0409999999997,-0.48980536723300516,-0.5670048891641161,0.36238227984590765,0.10154260628854056,-2.6077299049306037,1.1597912321963986,1,2,0.6166374087333679,-0.9830182951739808,1.4014785925494593,-2.7574993572630824,-1.0791662375079554,-0.8276422659503382,-0.043115708976984024,0.2526656687259674,0.0840909481048584,0.7802886962890625,-0.2736472189426422,-3.0237329156079795e-06,1789113693.1713352
2610.141,-0.4960466244527652,-0.5663612112474401,0.3288785677703424,0.04522268850795663,-2.7192157097303595,1.0687880697384584,1,2,0.6146523952484131,-0.9574111264995118,1.40773851076235,-2.6769801578917445,-1.108868424092428,-0.8276117483722132,-0.011140486225485802,0.24549154937267303,0.029834996908903122,0.8167018890380859,-0.3509615957736969,-0.0,1789113693.2710998
2610.241,-0.4998500043817089,-0.5652964813115846,0.30363803058056266,-0.0008942585710439663,-2.80662815947337,0.9774482475074956,1,2,0.6145871877670288,-0.9380632203868409,1.4082301298724573,-2.6044188938536585,-1.1418722311602991,-0.8276422659503382,0.002589884912595153,0.14181935787200928,-0.00019498085021041334,0.5802017450332642,-0.22092431783676147,-3.6047474033518156e-11,1789113693.3711302
2610.341,-0.5002597613316112,-0.5650498144246132,0.2926520142509617,-0.01814459433852682,-2.8509481210239875,0.9428665403293126,1,2,0.6147773265838623,-0.9300905031016846,1.4082382361041468,-2.5672813854613246,-1.1479886213885706,-0.8276661078082483,0.005602688062936068,0.023141514509916306,-5.7919594837585464e-05,0.1165773868560791,-0.00019956022151745856,-0.0,1789113693.4710777
2610.441,-0.49989311364094574,-0.5653614734836693,0.29258179248584937,-0.017442633075777883,-2.851817787926408,0.9425654228132156,1,2,0.6154120564460754,-0.9300905031016846,1.4081791082965296,-2.5665317974486292,-1.147984806691305,-0.8276866118060511,0.007153657265007496,-0.0003119821776635945,-0.0002242368063889444,-0.0005140285938978195,-4.961901868227869e-05,-0.00022644910495728254,1789113693.571083
2610.5409999999997,-0.4999800582464683,-0.5652882258434011,0.29254996813932355,-0.017740302460492255,-2.8518421725994623,0.9424621593104062,1,2,0.615266740322113,-0.9300560516170044,1.4081833998309534,-2.566507478753561,-1.1480205694781702,-0.8276475111590784,-0.004576073959469795,1.1566437096384898e-28,4.3629963329294696e-05,-7.65761942602694e-05,-2.267300915277554e-42,-9.251889423467219e-05,1789113693.6710448
2610.641,-0.5018968531750475,-0.5634349771707623,0.2919684948174081,-0.025132003240228462,-2.8514050353967457,0.931839470461838,1,2,0.6125868558883667,-0.9300905031016846,1.4083822409259241,-2.564500471154684,-1.1551297346698206,-0.8275912443744105,-0.03954915329813957,0.00010918202315224335,0.0012235166504979134,0.08531133085489273,-0.22717194259166718,-3.622356530279652e-42,1789113693.7711442
2610.741,-0.5051449911467035,-0.5590082897718686,0.2866821040550984,-0.05431356738073276,-2.8672992659313294,0.8553767050898572,1,2,0.6109886169433594,-0.9303180736354371,1.4083855787860315,-2.534727712670797,-1.2016475836383265,-0.8275640646563929,0.004269114229828119,-0.007882681675255299,0.00012882162991445512,0.5620633363723755,-0.670962929725647,0.00017370629939250648,1789113693.8711274
2610.841,-0.5069679589101292,-0.5522658452211808,0.277297596973052,-0.09727591449937965,-2.912997807854401,0.7213535798301195,1,2,0.6110844612121582,-0.9332742255977173,1.4083822409259241,-2.4617959461607875,-1.2714579741107386,-0.8276150862323206,0.0003871193330269307,-0.06150345876812935,0.00011193847603863105,0.809150755405426,-0.6532948017120361,4.547808202914894e-06,1789113693.9711466
2610.941,-0.5059424431924476,-0.5449912995252345,0.2771821323005137,-0.12753204631417706,-2.949642486845268,0.6095444410806723,1,2,0.6109886169433594,-0.9481988114169617,1.408508602772848,-2.3869344196715296,-1.3259380499469202,-0.8276541868792933,-0.0003413744561839849,-0.23418955504894257,0.00022842854377813637,0.6573790907859802,-0.44221624732017517,0.0,1789113694.071158
2611.0409999999997,-0.50143689114635,-0.5385665364914135,0.2916453777391621,-0.14131221857909979,-2.968491687218074,0.5531479824815638,1,2,0.610832929611206,-0.9801092904857178,1.4086535612689417,-2.323569437066549,-1.3517034689532679,-0.8276355902301233,-0.0009422156726941466,-0.3727065324783325,0.001575715490616858,0.6560197472572327,-0.07237283140420914,0.0,1789113694.171136
2611.141,-0.49289635671873977,-0.5322880526368173,0.3097240472447438,-0.15057067178580763,-3.004356292489712,0.5212193374652652,1,2,0.6106890439987183,-1.0197836321643372,1.4098437468158167,-2.2457686863341273,-1.3524006048785608,-0.8276389280902308,-2.963571721699892e-30,-0.3924146592617035,0.031380828469991684,0.916676938533783,4.511258885031566e-05,0.0,1789113694.2711623
2611.241,-0.4819540900982336,-0.5240617170065454,0.3185001107559242,-0.16762094746957676,-3.0699194709787867,0.46201383546559954,1,2,0.6101551055908203,-1.054463581447937,1.4171507994281214,-2.1460920772948207,-1.352504078541891,-0.8276718298541468,-0.015806710347533226,-0.30369147658348083,0.10744387656450272,1.0415304899215698,-0.0030440143309533596,-0.0001939557259902358,1789113694.3711503
2611.341,-0.47204275635053516,-0.5140714827773368,0.31886664064898895,0.18766355937136123,3.079877654390964,-0.38166072994192146,1,2,0.6065991520881653,-1.0800417226604004,1.4296677748309534,-2.048641344110006,-1.3526433149920862,-0.8282640616046351,-0.05152721703052521,-0.2022331953048706,0.14055603742599487,0.8451306819915771,-0.002027613576501608,-0.013846533372998238,1789113694.471102
2611.441,-0.46469145940864776,-0.505918428988467,0.31200253886122814,0.17649023714917098,3.0398079027917424,-0.31704042103339314,1,2,0.6029233932495117,-1.0927207332900544,1.4489410559283655,-1.991300722161764,-1.352675739918844,-0.8448541800128382,-0.01612727902829647,-0.05357950180768967,0.22387424111366272,0.2648283839225769,-0.0001691814250079915,-0.3678404688835144,1789113694.5711613
2611.5409999999997,-0.4622930861227275,-0.49959138119972757,0.29991612029628356,0.09360686227124963,3.0305040774870218,-0.29319730135622474,1,2,0.5972638726234436,-1.093304530983307,1.474661652241842,-1.9879423580565394,-1.3535597960101526,-0.9078639189349573,-0.12318525463342667,0.00016055419109761715,0.2999034821987152,-0.04047095403075218,-0.005415733437985182,-0.8143470883369446,1789113694.6711588
2611.641,-0.46532485610579355,-0.4901043589039892,0.28968979720519417,0.005041099061900024,3.0294623752128813,-0.2873656753341567,1,2,0.5827865600585938,-1.0932770532420655,1.4988530317889612,-1.9981099567809046,-1.3535869757281702,-0.9822481314288538,-0.16725943982601166,-0.0012569848913699389,0.1948482096195221,-0.1221693605184555,-7.440843182848766e-05,-0.5679629445075989,1789113694.7711065
2611.741,-0.4731972500559535,-0.479631303311392,0.2850924028563291,0.0019713558521039765,3.032255189245622,-0.2897818086641077,1,2,0.5628995895385742,-1.0933455985835572,1.511416260396139,-2.0094577274718226,-1.3535969893084925,-1.004244629536764,-0.22237198054790497,0.0004772499669343233,0.045809175819158554,-0.05548686906695366,-0.000464319164166227,0.0005115298554301262,1789113694.8711066
2611.841,-0.48266905804946053,-0.4700248790759902,0.28496695247026227,0.03235851070814026,3.0340794213946256,-0.29175356393237706,1,2,0.5428506731987,-1.0933765035918732,1.511914078389303,-2.0102678738036097,-1.3535493055926722,-1.0042241255389612,-0.15435713529586792,-4.645812441594899e-05,-0.0003401222638785839,-0.0005711765843443573,-3.619177732616663e-05,8.915853686630726e-05,1789113694.971151
2611.941,-0.48629789697422604,-0.46626485592790307,0.2848583352955816,0.044189516955084614,3.034422463617983,-0.2921669119282273,1,2,0.5350919365882874,-1.0932530921748658,1.5119569937335413,-2.010188718835348,-1.3535407225238245,-1.0042150656329554,-0.002606563037261367,0.00233179097995162,-2.578080899746039e-23,-1.7993881940014944e-08,-0.0,1.6633246576212565e-18,1789113695.0712266
2612.0409999999997,-0.48505613440123807,-0.4676641945968816,0.2844282475450749,0.040123712279826536,3.0336072021294425,-0.29148292572496426,1,2,0.5378735065460205,-1.0926025670817872,1.5119574705706995,-2.0101338825621546,-1.35341722169985,-1.0041793028460901,0.05824672430753708,0.0010631649056449533,4.903403532807715e-05,0.00016295810928568244,0.0008333535515703261,0.0002182236930821091,1789113695.1712043
2612.141,-0.4798859467812276,-0.47298525509489386,0.2843404113586108,0.023650053363050663,3.0326652303108443,-0.2904228206616078,1,2,0.5488898158073425,-1.0924722117236634,1.5119503180133265,-2.010080476800436,-1.353424374257223,-1.0040367285357874,0.14217403531074524,0.0028013596311211586,3.7975991290295497e-05,0.00276706600561738,0.0001598557864781469,0.003391920356079936,1789113695.271154
2612.241,-0.4731838978262106,-0.47982957578651797,0.28372168815463183,0.006157342926754579,3.0304705415947546,-0.2881252325692894,1,2,0.5631380677223206,-1.091544584637024,1.5119431654559534,-2.0099498234190882,-1.3534210363971155,-1.0014331976519983,0.11882814019918442,0.011111710220575333,5.098980952775171e-38,0.00045476455125026405,4.286257171770558e-05,0.06481362134218216,1789113695.3711066
2612.341,-0.46900210305293083,-0.4839808853935599,0.2834290042928481,0.0183046176582437,3.0278514934514495,-0.2855997456585005,1,2,0.5718948841094971,-1.0911131662181397,1.5119617621051233,-2.009937902490133,-1.3534091154681605,-0.9846981207477015,0.061208657920360565,0.0005518656107597053,-0.0,0.00011471352627268061,1.4651812307420187e-05,0.3792487382888794,1789113695.4711387
2612.441,-0.4677038712246912,-0.48522602172317064,0.283427983318449,0.12392451835218142,3.01895964742794,-0.279009086087047,1,2,0.5745667219161987,-1.0911250573447724,1.511977497731344,-2.0099293194212855,-1.353443447743551,-0.9120672384845179,0.0006011560908518732,-5.306354747963704e-12,-0.0,4.556500473363932e-22,1.2886393496313072e-30,0.9691340923309326,1789113695.5711615
2612.5409999999997,-0.46756448586580707,-0.4854046103589902,0.28315357895449167,0.2558720964874513,3.002932767558411,-0.2704097252362402,1,2,0.5749069452285767,-1.0907380741885682,1.5120070616351526,-2.009857793847555,-1.3534210363971155,-0.8238261381732386,0.010813462547957897,0.024686407297849655,0.002169199986383319,0.0033495461102575064,1.5231208028871513e-23,0.6713626980781555,1789113695.6711426
2612.641,-0.4670090886363774,-0.4871428104418047,0.2780075341576045,0.30430188546219367,2.9898961574901266,-0.25883632370033327,1,2,0.5775823593139648,-1.0829619032195588,1.5120709578143519,-2.0097738705077113,-1.3534367720233362,-0.7891376654254358,0.04762158542871475,0.13465216755867004,0.0005802242085337639,0.00039809392183087766,0.0,-0.017349455505609512,1789113695.7711475
2612.741,-0.46519255070014714,-0.4913787598704004,0.26675251067918154,0.29520466204820567,2.9784002458170495,-0.24097048494246903,1,2,0.5844642519950867,-1.065890447502472,1.5121105352984827,-2.0097810230650843,-1.3534520308123987,-0.7893322149859827,0.06991744786500931,0.1967727243900299,2.1674478753669693e-14,7.339448347920552e-05,0.0,-0.0001030097046168521,1789113695.8711462
2612.841,-0.4651474305063664,-0.49394217909319915,0.2541101065656638,0.29208219361295185,2.9650637572289567,-0.22154605390868798,1,2,0.5877172946929932,-1.0467223089984437,1.5120933691607874,-2.0098101101317347,-1.3534296194659632,-0.7893016974078577,0.0006849964265711606,0.17217658460140228,-0.0,-0.000185353186680004,0.0,-7.001319524135852e-09,1789113695.971121
2612.941,-0.4662530489859964,-0.4946207407905174,0.24426504536005178,0.2934724438383868,2.954441478566671,-0.2067910176508222,1,2,0.5876333713531494,-1.0318468374064942,1.5120962301837366,-2.0098067722716273,-1.3534448782550257,-0.7893241087542933,-0.00016665431030560285,0.12760263681411743,-8.096984674921259e-05,-0.00011976528185186908,0.0,-0.0,1789113696.0711362
2613.0409999999997,-0.4670106771462723,-0.4951141565796693,0.23657883430441226,0.2945398705003217,2.9461150819998703,-0.1953684236917359,1,2,0.5876094102859497,-1.020250455742218,1.5121005217181605,-2.009824892083639,-1.353448216115133,-0.7892983595477503,-0.0002609407529234886,0.10467307269573212,-4.893469841141916e-33,-1.6839283489389345e-05,0.0,-0.0,1789113696.1710978
2613.141,-0.46746173250515033,-0.49539111285789167,0.23179336993116842,0.295188180938531,2.94090639457599,-0.18828447093110978,1,2,0.5875735282897949,-1.0130189818194886,1.5120671431170862,-2.0098029575743617,-1.353448216115133,-0.7893102804767054,-0.0001587127335369587,0.05101165175437927,-0.0,-3.9003589404760455e-21,0.0,-0.0,1789113696.2710965
2613.241,-0.4676804087010118,-0.49552293337434833,0.22925258224558442,0.2955568971361045,2.9381302396893916,-0.18457595595373288,1,2,0.5875495076179504,-1.0092087549022217,1.5121005217181605,-2.009833951989645,-1.3534258047686976,-0.7893016974078577,7.152545731514692e-05,0.03009868413209915,-0.0,-0.0,0.0,-0.0,1789113696.371135
2613.341,-0.4677496844131935,-0.49555992198617016,0.22858622791717784,0.2956504331278314,2.9374428851839784,-0.18356938655002614,1,2,0.587542712688446,-1.008185700779297,1.5120704809771937,-2.009841104547018,-1.3534639517413538,-0.7893016974078577,0.0,0.0006524653872475028,-0.0,-0.0,0.0,-0.0,1789113696.4711266
2613.441,-0.46774296151060396,-0.49556487943012734,0.22857902571376676,0.29559792271350244,2.937402435396414,-0.18357960431372303,1,2,0.5875495076179504,-1.0081770581058045,1.5120704809771937,-2.009817739526266,-1.3534296194659632,-0.7893322149859827,0.0,0.00017436814960092306,-0.0,-0.0,0.0,-0.0,1789113696.5711105
2613.5409999999997,-0.467771182193879,-0.4955542259662022,0.22858740057372176,0.29567295744594607,2.9374326953118084,-0.18359367374705524,1,2,0.5875152945518494,-1.0081651371768494,1.5120342413531702,-2.009826799432272,-1.353448216115133,-0.7893136183368128,0.0,-1.7739830955338053e-37,-0.0,-0.0,0.0,-0.0,1789113696.6711552
2613.641,-0.4677607797614552,-0.49556874357776903,0.22856770566444612,0.29565844855209267,2.937405727752505,-0.18354403978997902,1,2,0.587542712688446,-1.008131043320038,1.5120237509356897,-2.0098101101317347,-1.3534520308123987,-0.7892983595477503,0.0,0.0001020181443891488,-0.0,-0.0,0.0,-0.0,1789113696.7711856
2613.741,-0.46775553003295767,-0.49556105462813904,0.2285535710139465,0.29565850923583614,2.9374164588367604,-0.1835345722390343,1,2,0.5875391960144043,-1.0081343811801453,1.5120704809771937,-2.0098563633360804,-1.3534639517413538,-0.7893016974078577,0.0,8.041499000845299e-28,-0.0,-0.0,0.0,-0.0,1789113696.8711011
2613.841,-0.46775409033255594,-0.49557927764087345,0.22857607007013142,0.2956004446741184,2.9374361570910628,-0.1835776415251181,1,2,0.5875614881515503,-1.0081377786448975,1.5120199362384241,-2.009833951989645,-1.3534520308123987,-0.7893169561969202,0.0,0.0,-0.0,-0.0,0.0,-0.0,1789113696.9710777
2613.941,-0.4677384709836702,-0.49556832356362207,0.22855615306910285,0.29563186136759395,2.937383086162193,-0.18354834424596986,1,2,0.5875580310821533,-1.0081496995738526,1.512085262929098,-2.0098372898497523,-1.3534329573260706,-0.7893016974078577,0.0,0.0,-0.0,-0.0,0.0,-0.0,1789113697.0711217
2614.0409999999997,-0.4677616815498162,-0.4955746823101421,0.22857975909630934,0.2956408506914647,2.937411089628149,-0.18359559625349595,1,2,0.5875461101531982,-1.0081377786448975,1.5120084921466272,-2.0098148785033167,-1.3534296194659632,-0.7893050352679651,0.0,3.7336402841191993e-20,-0.0,-0.0,0.0,-0.0,1789113697.1711094
2614.141,-0.46777665701257054,-0.49555552028927247,0.228587253821227,0.29569426618094374,2.9374365407970973,-0.1836081941043132,1,2,0.5875118374824524,-1.0081564348987122,1.5120237509356897,-2.0098372898497523,-1.3534448782550257,-0.7893016974078577,0.0,0.0,-0.0,-0.0,0.0,-0.0,1789113697.2711263
2614.241,-0.46774242213015477,-0.4955687616412015,0.22854988084384406,0.29563585317518,2.9373581098345487,-0.1835478905507323,1,2,0.5875529646873474,-1.00813444078479,1.512073818837301,-2.0098215542235316,-1.35341722169985,-0.7893050352679651,0.0,0.0,-0.0,-0.0,0.0,-0.0,1789113697.3710792
2614.341,-0.46774968472896583,-0.4955544456799789,0.22854711616863627,0.29566987921938453,2.9373560881180127,-0.1835256115591594,1,2,0.587530791759491,-1.0081411761096497,1.5120890776263636,-2.009818216363424,-1.3534296194659632,-0.7893050352679651,-0.0,0.0,-0.0,-0.0,0.0,-0.0,1789113697.4710734
2614.441,-0.4677626058892944,-0.495565794403039,0.22855635090204762,0.29568915368166004,2.937376380399406,-0.18355440371146575,1,2,0.5875341892242432,-1.0081190031817933,1.5120342413531702,-2.009818216363424,-1.3534296194659632,-0.7892864386187952,0.0,0.0,-0.0,-0.0,0.0,-0.0,1789113697.5711386
2614.5409999999997,-0.46776262883411035,-0.4955690458490395,0.22856705517390613,0.2956693375689674,2.9373743044168905,-0.1836069534739215,1,2,0.5875341892242432,-1.0081290763667603,1.5120270887957972,-2.0098215542235316,-1.3534019629107874,-0.7892983595477503,0.0,0.0,-0.0,-0.0,0.0,-0.0,1789113697.6711113
2614.641,-0.4677528395965792,-0.4955634973060892,0.22854477216363772,0.2956576955918114,2.9373617228394346,-0.18355683121519933,1,2,0.5875376462936401,-1.0081223410419007,1.5120704809771937,-2.0098372898497523,-1.35341722169985,-0.7893050352679651,0.0,0.0,-0.0,-0.0,0.0,-0.0,1789113697.7711232
2614.741,-0.46775631484433866,-0.49556033286085105,0.2285590501717396,0.29567538407752564,2.9373782046913433,-0.18358181180343616,1,2,0.587530791759491,-1.0081411761096497,1.5120671431170862,-2.0098406277098597,-1.35341722169985,-0.7892983595477503,0.0,0.0,-0.0,-0.0,0.0,-0.0,1789113697.871106
2614.841,-0.46774813731223036,-0.49556895677715984,0.22855337971222953,0.2956607836413681,2.937399185448356,-0.1835419697796902,1,2,0.5875529646873474,-1.0081324738315125,1.5120671431170862,-2.009848733941549,-1.353448216115133,-0.7892864386187952,0.0,0.0,-0.0,-0.0,0.0,-0.0,1789113697.9710822
2614.941,-0.46775409838648496,-0.4955597292895736,0.2285449296819323,0.295673212196338,2.937368694422176,-0.18353567109533744,1,2,0.5875341892242432,-1.0081257385066529,1.512073818837301,-2.009833951989645,-1.3534329573260706,-0.7892983595477503,0.0,0.0,-0.0,-0.0,0.0,-0.0,1789113698.0711095
2615.0409999999997,-0.4677483637913669,-0.49557550694418384,0.22855271531185747,0.2956101363731761,2.9373855959591753,-0.1835824324740555,1,2,0.5875564217567444,-1.0081223410419007,1.512054745350973,-2.009848733941549,-1.35341722169985,-0.7893169561969202,0.0,0.0,-0.0,-0.0,0.0,-0.0,1789113698.171084
2615.141,-0.4677526062590953,-0.4955560211505047,0.2285243512919627,0.29567864320530696,2.9373258260076396,-0.18347826699111416,1,2,0.587530791759491,-1.0081037443927308,1.5120809713946741,-2.00980343441152,-1.3534329573260706,-0.7893016974078577,0.0,0.0,-0.0,-0.0,0.0,-0.0,1789113698.2711046
2615.241,-0.46775814094903934,-0.49555103173090875,0.2285262729042308,0.2956900774155106,2.9373484723879417,-0.1834797460415212,1,2,0.5875221490859985,-1.0081070822528382,1.5120847860919397,-2.0098215542235316,-1.353448216115133,-0.7893016974078577,0.0,0.0,-0.0,-0.0,0.0,-0.0,1789113698.3710883
2615.341,-0.46775025782476465,-0.4955798680133974,0.2285868726032244,0.2955892368521942,2.9374452163656937,-0.18359641040340263,1,2,0.5875648856163025,-1.0081564348987122,1.5120237509356897,-2.009833951989645,-1.353448216115133,-0.7893202940570276,-1.7978695154852176e-07,0.0,-0.0,-0.0,0.0,-0.0,1789113698.4711556
2615.441,-0.46773839096823977,-0.4955723484581486,0.22855462102313226,0.29562234748930805,2.9373893744206874,-0.18353043099656774,1,2,0.5875648856163025,-1.0081411761096497,1.512073818837301,-2.0098306141295375,-1.3534448782550257,-0.7893016974078577,0.0,0.0,-0.0,-0.0,0.0,-0.0,1789113698.5711682
2615.5409999999997,-0.4677569842703697,-0.4955584974550057,0.2285440521414991,0.2956559665328982,2.937374073238483,-0.18353396422096963,1,2,0.587530791759491,-1.0081223410419007,1.5120704809771937,-2.009833951989645,-1.3534367720233362,-0.7893136183368128,0.0,0.0,-0.0,-0.0,0.0,-0.0,1789113698.6710835
2615.641,-0.467750574575856,-0.4955592213864457,0.22854278640578518,0.2956586334585404,2.937356224433826,-0.18354993283314813,1,2,0.5875341892242432,-1.0081290763667603,1.512085262929098,-2.0098372898497523,-1.35341722169985,-0.7893083731280726,0.0,0.0,-0.0,-3.03829471904494e-29,0.0,-0.0,1789113698.7712073
2615.741,-0.46775897469484234,-0.49556337519486926,0.22855617272029036,0.29566568892238865,2.937388110391526,-0.18356827410139578,1,2,0.5875341892242432,-1.0081290763667603,1.512054745350973,-2.0098406277098597,-1.3534296194659632,-0.7893016974078577,0.0,0.0,-0.0,-0.0,-0.0,-0.0,1789113698.871119
2615.841,-0.467755388091861,-0.4955731895671968,0.2285745917338013,0.2956550886582345,2.9373945370198866,-0.18357395483097086,1,2,0.5875495076179504,-1.0081411761096497,1.5120237509356897,-2.0098067722716273,-1.3534296194659632,-0.7892931143390101,0.0,0.0,-0.0,-0.0,-0.0,-3.7266471527323614e-24,1789113698.971111
2615.941,-0.4677694423525089,-0.4955677400819651,0.22856688576769157,0.29566813228753164,2.9374269527149264,-0.18357493620971227,1,2,0.5875341892242432,-1.0081223410419007,1.5120199362384241,-2.0098453960814417,-1.3534520308123987,-0.7892983595477503,0.0,0.0,-0.0,-0.0,-4.422255639092902e-30,-0.0,1789113699.0711763
2616.0409999999997,-0.46774852146380275,-0.49557411638274035,0.22852106771382064,0.2956370163799958,2.9373464180148825,-0.18348200378565296,1,2,0.5875580310821533,-1.0080797237208863,1.512054745350973,-2.009818216363424,-1.35344106355776,-0.7893016974078577,0.0,0.0,-0.0,-0.0,-0.0,-0.0,1789113699.1711702
2616.141,-0.46775128046319275,-0.4955655809876697,0.2285461047553034,0.29564573191138543,2.9373856144451564,-0.18352301592350329,1,2,0.5875461101531982,-1.0081223410419007,1.5120652357684534,-2.009833951989645,-1.353448216115133,-0.7893050352679651,0.0,0.0,-0.0,-0.0,-0.0,-0.0,1789113699.271081
2616.241,-0.46774033960004807,-0.49557097700624975,0.22854132319919754,0.2956247271919806,2.9373893509434934,-0.1834832627835676,1,2,0.5875648856163025,-1.0081223410419007,1.512073818837301,-2.00982727626943,-1.3534677664386194,-0.7893016974078577,0.0,0.0,-0.0,-0.0,-0.0,-0.0,1789113699.3711212
2616.341,-0.46775479142288995,-0.49554963808511854,0.22855019084984707,0.2956878998834875,2.937343151742861,-0.18353690198880054,1,2,0.5875186920166016,-1.0081445139697571,1.512085262929098,-2.0098067722716273,-1.35341722169985,-0.7893050352679651,0.0,0.0,-0.0,-0.0,-0.0,-0.0,1789113699.4711854
2616.441,-0.4677850333823193,-0.4955502191135808,0.2285662286074271,0.29571389981127244,2.93742741236349,-0.18357447773031857,1,2,0.5874999165534973,-1.0081257385066529,1.5120270887957972,-2.009848733941549,-1.3534567991839808,-0.7893016974078577,0.0,0.0,-0.0,-0.0,-0.0,-0.0,1789113699.5711153
2616.5409999999997,-0.4677602249348681,-0.4955518180849786,0.2285552415351107,0.2956909737103389,2.9373677562658123,-0.18354499774755265,1,2,0.5875186920166016,-1.0081411761096497,1.5120704809771937,-2.009818216363424,-1.3534296194659632,-0.7893016974078577,0.0,0.0,-0.0,-0.0,-0.0,-0.0,1789113699.6711614
2616.641,-0.4677583101291616,-0.4955560296656436,0.2285475275075881,0.2956852902446501,2.9373703736515866,-0.18354712149212377,1,2,0.5875255465507507,-1.0081290763667603,1.512073818837301,-2.0098372898497523,-1.3534296194659632,-0.7892983595477503,0.0,0.0,-0.0,-0.0,-0.0,-0.0,1789113699.7710457
2616.741,-0.46775795448233004,-0.4955557873068579,0.22854530107231183,0.29569930050144855,2.9373572512232204,-0.18353053378639206,1,2,0.5875255465507507,-1.0081257385066529,1.5120704809771937,-2.0098215542235316,-1.3534296194659632,-0.7892897764789026,2.8411739549483173e-05,0.0,-0.0,-0.0,-0.0,-0.0,1789113699.8710608
2616.841,-0.46777495457956375,-0.4955567834645461,0.22854951383034455,0.29569949733702705,2.937392784594447,-0.18354172452975703,1,2,0.5875152945518494,-1.0081070822528382,1.5120342413531702,-2.009833951989645,-1.353448216115133,-0.7892983595477503,0.0,0.0,-0.0,-0.0,-0.0,-0.0,1789113699.9709952
2616.941,-0.46776634951793195,-0.4955660600829862,0.2285650186959125,0.2956548104889754,2.937415610506666,-0.18356519815557662,1,2,0.5875341892242432,-1.0081257385066529,1.5120270887957972,-2.009833951989645,-1.3534486929522913,-0.7893083731280726,0.0,0.0,-0.0,-0.0,-0.0,-0.0,1789113700.0711246
2617.0409999999997,-0.4677691704524187,-0.4955470242420092,0.2285489335753563,0.29566818650462684,2.9373664028099165,-0.18356873426670856,1,2,0.5875033736228943,-1.0081290763667603,1.5120704809771937,-2.009833951989645,-1.35341722169985,-0.7893322149859827,0.0,0.0,-0.0,-0.0,-0.0,-0.0,1789113700.1710832
2617.141,-0.46776491861425407,-0.49554094124874937,0.2285365454773806,0.295694471932227,2.9373554010971974,-0.18349901218807108,1,2,0.5875033736228943,-1.0081257385066529,1.5120890776263636,-2.009818216363424,-1.3534448782550257,-0.7893169561969202,0.0,0.0,-0.0,-0.0,-0.0,-0.0,1789113700.2710319
2617.241,-0.4677525935818583,-0.4955578627058609,0.22854253848141282,0.29567236516021905,2.9373625476028353,-0.1835602592025531,1,2,0.587530791759491,-1.008129135971405,1.5120890776263636,-2.0098520718016566,-1.35341722169985,-0.7893016974078577,0.0,0.0,-0.0,-0.0,-0.0,-0.0,1789113700.3710854
2617.341,-0.46775927080369745,-0.49558085759103837,0.22858541561145967,0.29564965453612496,2.937434495984561,-0.18361203317868904,1,2,0.5875568985939026,-1.0081411761096497,1.5120051542865198,-2.0098372898497523,-1.3534367720233362,-0.7892864386187952,0.0,0.0,-0.0,-0.0,-0.0,-0.0,1789113700.4711142
2617.441,-0.4677701208420062,-0.49556588085617514,0.22858098887379716,0.29569751409842016,2.9373965133129682,-0.18361622026425256,1,2,0.5875257253646851,-1.0081411761096497,1.5120123068438929,-2.009818216363424,-1.3534138838397425,-0.7892864386187952,0.0,0.0,-0.0,-0.0,-0.0,-0.0,1789113700.5711706
2617.5409999999997,-0.4677541914052974,-0.49556202809492794,0.2285470981433958,0.2956722035946594,2.93736017527578,-0.1835634215991757,1,2,0.5875341892242432,-1.0081257385066529,1.5120704809771937,-2.0098372898497523,-1.3534138838397425,-0.7892983595477503,0.0,0.0,-0.0,-0.0,-0.0,-0.0,1789113700.6711357
2617.641,-0.4677663199872224,-0.4955607423617047,0.22858662284015063,0.2956744161038899,2.937418284870224,-0.1835795046353159,1,2,0.5875270366668701,-1.0081597727588196,1.5120237509356897,-2.0098067722716273,-1.3534448782550257,-0.7893016974078577,0.0,0.0,-0.0,-0.0,-0.0,-0.0,1789113700.7711678
2617.741,-0.4677699651028541,-0.4955462053629978,0.2285458889041886,0.2956962503408596,2.9373498584001743,-0.1835808726917634,1,2,0.5874994397163391,-1.0081257385066529,1.512073818837301,-2.0098372898497523,-1.3534019629107874,-0.7893169561969202,0.0,0.0,-0.0,-0.0,-0.0,-0.0,1789113700.871157
2617.841,-0.4677825800569213,-0.4955538495323647,0.2285652171185213,0.29569975490545036,2.93740678439102,-0.18359398778564517,1,2,0.5875030159950256,-1.0081223410419007,1.5120237509356897,-2.009841104547018,-1.3534329573260706,-0.7893083731280726,0.0,0.0,-0.0,-0.0,-0.0,-0.0,1789113700.9710846
2617.941,-0.46774422483755435,-0.49557651509914497,0.2285316413901306,0.2955784117515178,2.93738390958424,-0.1835188647333977,1,2,0.5875651836395264,-1.008098379974701,1.5120652357684534,-2.009848733941549,-1.3534448782550257,-0.7893322149859827,0.0,0.0,-0.0,-0.0,-0.0,-0.0,1789113701.0711854
2618.0409999999997,-0.46775356823273145,-0.49557796960438133,0.2285513703480836,0.29563709906445784,2.9373825556525115,-0.18354004199539478,1,2,0.5875580310821533,-1.0081070226481934,1.5120270887957972,-2.009818216363424,-1.3534367720233362,-0.7892983595477503,0.0,0.0,-0.0,-0.0,-0.0,-0.0,1789113701.1711595
2618.141,-0.4677606423661438,-0.4955579922337597,0.22855121725587113,0.29569142828435147,2.9373884277729996,-0.1835074386235634,1,2,0.5875306129455566,-1.0081257385066529,1.512054745350973,-2.009818216363424,-1.3534606138812464,-0.7892897764789026,0.0,0.0,-0.0,-0.0,-0.0,-0.0,1789113701.271141
2618.241,-0.4677646672108092,-0.4955532580726263,0.22853771875220463,0.2957203825805055,2.9373396513363375,-0.18353553700888406,1,2,0.5875149369239807,-1.0081104797175904,1.5120652357684534,-2.0098215542235316,-1.35341722169985,-0.7892864386187952,0.0,0.0,-0.0,-0.0,-0.0,-0.0,1789113701.3711712
2618.341,-0.4677679334481668,-0.49556470962667604,0.22855235928193354,0.2956955048807959,2.93738052369491,-0.1835295077057443,1,2,0.5875306129455566,-1.0081070822528382,1.5120227972613733,-2.0098101101317347,-1.3534448782550257,-0.7892864386187952,0.0,0.0,-0.0,-0.0,-0.0,-0.0,1789113701.47113
2618.441,-0.4677603871368825,-0.495557567872772,0.22854558085274299,0.2956793530606993,2.9373768977124866,-0.18355541940264722,1,2,0.5875257253646851,-1.0081223410419007,1.5120704809771937,-2.009848733941549,-1.3534296194659632,-0.7893016974078577,0.0,0.0,-0.0,-0.0,-0.0,-0.0,1789113701.5711892
2618.5409999999997,-0.4677609963410675,-0.49555511263214286,0.22853631485455944,0.2956881642472357,2.937348282962642,-0.18351773615202552,1,2,0.5875221490859985,-1.0081104797175904,1.5120671431170862,-2.009818216363424,-1.3534296194659632,-0.7893016974078577,0.0,0.0,-0.0,-0.0,-0.0,-0.0,1789113701.671089
2618.641,-0.4677467527485081,-0.4955662340948767,0.2285572941614188,0.29564507213755487,2.9373825062814416,-0.18353305977467635,1,2,0.5875496864318848,-1.0081411761096497,1.5120652357684534,-2.009818216363424,-1.35344106355776,-0.7893016974078577,0.0,0.0,-0.0,-0.0,-0.0,-0.0,1789113701.7711818
2618.741,-0.46776566280501586,-0.49555028261193096,0.22854494798982525,0.29572562951364445,2.9373691762999665,-0.1835121179201144,1,2,0.5875149369239807,-1.0081223410419007,1.5120652357684534,-2.0098215542235316,-1.353448216115133,-0.7892826239215296,0.0,0.0,-0.0,-0.0,-0.0,-0.0,1789113701.8711846
2618.841,-0.46776400477602387,-0.49557063900969994,0.22856958325150428,0.2956528625502604,2.9374031690362195,-0.18360479484447784,1,2,0.5875378251075745,-1.0081290763667603,1.5120237509356897,-2.0098372898497523,-1.3534210363971155,-0.7893050352679651,0.0,0.0,-0.0,-0.0,-0.0,-0.0,1789113701.9711409
2618.941,-0.46775438626246646,-0.49554407241276277,0.22852136752060667,0.29567767223636443,2.9373095090873305,-0.18346518321438954,1,2,0.5875138640403748,-1.0081138175776978,1.5121005217181605,-2.0097905598082484,-1.3534296194659632,-0.7893207708941858,-0.0002294788573635742,0.0,-0.0,-0.0,-0.0,-0.0,1789113702.0710914
2619.0409999999997,-0.46775828352417426,-0.49556181246329994,0.22853911217717127,0.29566228972290903,2.9374011021074717,-0.18351416715968133,1,2,0.5875378251075745,-1.0081104797175904,1.5120671431170862,-2.009855886498922,-1.3534639517413538,-0.7893016974078577,-5.171602970222011e-05,0.0,-0.0,-0.0,-0.0,-0.0,1789113702.171194
2619.141,-0.46798043377115867,-0.49533838711964606,0.22847652086934783,0.2963638247054316,2.937251852745172,-0.18339467850004207,1,2,0.5870753526687622,-1.0080419343760987,1.5120895544635218,-2.009782453576559,-1.3534844557391565,-0.7892983595477503,-0.014887533150613308,0.0027084078174084425,-0.0,1.925000824899115e-17,-0.0,-0.0,1789113702.2711549
2619.241,-0.4682048023812378,-0.4951628512856962,0.22824874523070143,0.29696884640080484,2.9369551906677365,-0.1831656404938221,1,2,0.5866632461547852,-1.007691280250885,1.5120819250689905,-2.009794374505514,-1.3534534613238733,-0.7893183867083948,0.0006724203121848404,0.00018414552323520184,-0.0,7.649723556824028e-05,-0.0,-0.0,1789113702.371167
2619.341,-0.4683127024229185,-0.4951351322501542,0.22846895466446698,0.29691705371858385,2.9374570967324716,-0.18395947501782087,1,2,0.586531400680542,-1.0079068702510376,1.5119980017291468,-2.010216375390524,-1.353405777608053,-0.7894418875323694,-0.001528445747680962,-0.00038081646198406816,-0.0003183500375598669,-0.0009709513979032636,-0.0,-0.003401753958314657,1789113702.4711761
2619.441,-0.46850771650923323,-0.49523609550849673,0.22904302936251852,0.2935282728696865,2.939854646766068,-0.18709886370569465,1,2,0.5864812731742859,-1.0084232848933716,1.5119503180133265,-2.012445112267965,-1.353316609059469,-0.7916315237628382,1.401298464324817e-45,-0.013284607790410519,-0.00021489632490556687,-0.0648098960518837,0.002043508691713214,-0.05089138448238373,1789113702.571152
2619.5409999999997,-0.4697514749361121,-0.49607887775319826,0.23397839038848695,0.26618064004538167,2.9596877420517567,-0.21183403427244926,1,2,0.5864753127098083,-1.0132864278605958,1.5119708220111292,-2.030455251733297,-1.3531950155841272,-0.8087556997882288,-0.002131802961230278,-0.08249221742153168,-6.100477185100317e-05,-0.29055047035217285,0.00027388331363908947,-0.3103567957878113,1789113702.6711829
2619.641,-0.4726245050237665,-0.497165559306296,0.2444259696742873,0.19831363864647217,3.001480709381457,-0.2625363632320155,1,2,0.5854343175888062,-1.0235490959933777,1.5119617621051233,-2.067033906976217,-1.3532021681415003,-0.8520572821246546,-0.02122189663350582,-0.10712674260139465,-0.0,-0.37463995814323425,0.00017942441627383232,-0.550118088722229,1789113702.7711542
2619.741,-0.4751021538812213,-0.4968663623043441,0.25310422156620216,0.1083564054805755,3.035442020369108,-0.3006086380195804,1,2,0.583002507686615,-1.0327775043300171,1.51198655763735,-2.0915948353209437,-1.3531530539142054,-0.9113572279559534,-0.01784818433225155,-0.08140852302312851,-0.0,-0.06519778072834015,0.0024871055502444506,-0.6209467649459839,1789113702.8711834
2619.841,-0.47428570464301445,-0.49646640925702645,0.2600595869794734,0.006753194338030769,3.050170015929745,-0.31768223463658335,1,2,0.5829187631607056,-1.0430246752551575,1.5119898954974573,-2.092123647729391,-1.3513320128070276,-0.9771860281573694,0.0006715679774060845,-0.12293314933776855,-0.0,-4.365702625364065e-05,0.04835909232497215,-0.6509164571762085,1789113702.971142
2619.941,-0.47258768633751197,-0.49667734775634476,0.2686830853317983,-0.0844076114237069,3.056973690618744,-0.3458948698497889,1,2,0.5830386281013489,-1.0555650156787415,1.511977497731344,-2.0921384296812953,-1.3406646887408655,-1.0350139776812952,0.0025159968063235283,-0.14594480395317078,-0.0,1.0813214430527296e-05,0.18367525935173035,-0.4693875312805176,1789113703.0711246
2620.0409999999997,-0.46953764039401974,-0.4976747625420446,0.2803105446455887,-0.1383934684607692,3.056128489892378,-0.38985349923046136,1,2,0.5836290121078491,-1.0722409647754212,1.5119898954974573,-2.092135091821188,-1.3187106291400355,-1.066949192677633,0.012332411482930183,-0.1900557577610016,-0.0,0.0,0.3012826442718506,-0.11183547973632812,1789113703.171131
2620.141,-0.46388464366933485,-0.5007200767666109,0.29604811156343025,-0.15017844547344977,3.0379708507919516,-0.46938919486313974,1,2,0.5851456522941589,-1.0938939911178132,1.5119794050799769,-2.0926042995848597,-1.2701709906207483,-1.0684269110309046,0.015501158311963081,-0.2279793918132782,-0.0,-0.022309694439172745,0.6682733297348022,-7.5330346589908e-05,1789113703.2711842
2620.241,-0.4575610575159549,-0.5059620913662668,0.31413904021192735,-0.1664089670050495,3.0045791398062125,-0.5941120943925968,1,2,0.586031973361969,-1.1151715380004426,1.5120819250689905,-2.1065851650633753,-1.1928566137896937,-1.0686009565936487,0.0033348314464092255,-0.19670873880386353,-0.0,-0.27252280712127686,0.7949466705322266,-0.0035643393639475107,1789113703.3712056
2620.341,-0.4537979921488331,-0.5107673200246944,0.33284338580171685,-0.19924410046723076,2.9887589525657354,-0.7238579351021991,1,2,0.5860522985458374,-1.132995383148529,1.5121563116656702,-2.1452890835204066,-1.126693073903219,-1.073418919240133,-0.0006858278647996485,-0.13996845483779907,0.0002849977754522115,-0.4682222902774811,0.47612786293029785,-0.11558634787797928,1789113703.4711368
2620.441,-0.45373844539413455,-0.5126744363850957,0.3458608761945239,-0.2547068102986324,3.0101559109384834,-0.7994093789558964,1,2,0.5859971642494202,-1.1433722835830231,1.5121806303607386,-2.191385408441061,-1.1084540526019495,-1.0937779585467737,-0.002941768616437912,-0.06767136603593826,0.0002541767025832087,-0.4174343943595886,-0.0008933809585869312,-0.21579691767692566,1789113703.571184
2620.5409999999997,-0.4548811887876529,-0.5133426359265334,0.35127192573575217,0.2877473140073802,-3.0025254715050407,0.8234028585559728,1,2,0.5858607888221741,-1.146072731619217,1.5121472517596644,-2.2214681110777796,-1.1084540526019495,-1.1082504431353968,-0.00035457834019325674,-0.0020117475651204586,7.460191409336403e-05,-0.18767258524894714,-0.00012398208491504192,-0.11366292834281921,1789113703.6711352
2620.641,-0.4554462227583945,-0.5136812414377405,0.35261720954775977,0.3162948575012151,-2.983597723899436,0.8273212498151102,1,2,0.5858091115951538,-1.1460439723781128,1.5122020880328577,-2.232957979241842,-1.1084817091571253,-1.125685993825094,-0.0003744328860193491,8.582607551943511e-05,8.408338180743158e-05,-0.06179498881101608,-1.2661678519388728e-25,-0.22339437901973724,1789113703.7711482
2620.741,-0.45553967872828016,-0.5137250648317399,0.35280106224960794,0.3689293838551156,-2.966762184035236,0.8247170973581724,1,2,0.5857815146446228,-1.1460199815085907,1.5122454802142542,-2.234767576257223,-1.1084578672992151,-1.1614912191974085,-0.0001738418941386044,-7.785343096004505e-30,0.0001963766844710335,-0.0002349010028410703,-0.0,-0.5024664402008057,1789113703.871178
2620.841,-0.45553258375503947,-0.5137299825136677,0.35277761677404135,0.44833575562834804,-2.9421475748474397,0.8189288760702932,1,2,0.5857936143875122,-1.1460012060454865,1.512261215840475,-2.2347403965392054,-1.1084578672992151,-1.21649676958193,-8.882833935786039e-05,0.0,0.0005991368088871241,-6.165188096929342e-05,-0.0,-0.5006420016288757,1789113703.9711804
2620.941,-0.4554988838623008,-0.5137590546105961,0.35282047972772057,0.4845817214922081,-2.9300507599326338,0.8162081455473529,1,2,0.5858522653579712,-1.1460405153087159,1.512242619191305,-2.234788557092184,-1.1084139982806605,-1.2417643705951136,0.00017637752171140164,-0.00012566641089506447,9.054135443875566e-05,-1.1518673376749996e-42,-0.0,0.0031378946732729673,1789113704.071126
2621.0409999999997,-0.4554732703789542,-0.5138821976824056,0.35322566629006225,0.4853378135276401,-2.9275870139334805,0.8174728877535542,1,2,0.5859923362731934,-1.1462560457042237,1.5122531096087855,-2.2368976078429164,-1.1081598440753382,-1.2417967955218714,0.005296007264405489,-0.00436058733612299,1.3209760363497186e-40,-0.07604771852493286,0.00244543538428843,0.00012042180605931208,1789113704.1711
2621.141,-0.4562336319275657,-0.5147821818275586,0.35657548738450384,0.4907668232048978,-2.9014735290729674,0.8285092400269121,1,2,0.5863087177276611,-1.1467865866473694,1.512242619191305,-2.2609430752196253,-1.1069801489459437,-1.2418363730060022,0.003607220249250531,-0.0066369338892400265,-0.0,-0.45778483152389526,0.027665860950946808,7.847271400218976e-44,1789113704.2712026
2621.241,-0.45844876615189345,-0.5171593983135221,0.3657124827006184,0.5056100919414833,-2.827533551946793,0.8646469953632128,1,2,0.5863122940063477,-1.147037999039032,1.512261215840475,-2.33028568843984,-1.099008862172262,-1.2418206373797815,1.3700671895054602e-16,-0.00030987290665507317,-0.0,-0.8430349230766296,0.15828317403793335,-6.403298175428063e-05,1789113704.3711102
2621.341,-0.4594645630783059,-0.5202595584918068,0.37658399965841466,0.5267653757264473,-2.7438018378174567,0.9199374367590144,1,2,0.586351752281189,-1.1470068258098145,1.5122736136065882,-2.4085446796812953,-1.0770390669452112,-1.2418087164508265,-3.64548250217922e-05,-5.666498953817983e-23,-0.0,-0.6431283950805664,0.2716559171676636,-2.1966474467062967e-40,1789113704.4711607
2621.441,-0.45738018905783656,-0.5232081112035311,0.38285199567614114,0.549774331574708,-2.697059354382933,0.9865369224894812,1,2,0.5863841772079468,-1.1470607084086915,1.51487905183901,-2.4533397159972132,-1.0361507574664515,-1.2417848745929163,0.00012037919805152342,0.0,0.08049975335597992,-0.23020102083683014,0.5402790307998657,-2.4198106122047574e-25,1789113704.5711558
2621.5409999999997,-0.45097379420728445,-0.5248173179300443,0.37712575954848654,0.5688434318494523,-2.7084256962127635,1.0593987712884108,1,2,0.5864356756210327,-1.1470186871341248,1.532905403767721,-2.4576264820494593,-0.9787500540362757,-1.2417882124530237,-0.00046244068653322756,0.0,0.3253513276576996,0.00027151734684593976,0.5488400459289551,-0.0,1789113704.6711273
2621.641,-0.44199553064135877,-0.5220484436465929,0.35753180298727,0.5709297590299514,-2.752358008010712,1.0990304393894328,1,2,0.585889458656311,-1.1471133393100281,1.577477757130758,-2.4589253864684046,-0.9417370001422327,-1.2417882124530237,-0.019003694877028465,1.2481665597406191e-19,0.5065790414810181,-0.06380948424339294,0.10111408680677414,-0.0,1789113704.771212
2621.741,-0.4386749607053749,-0.5158173723295697,0.34228287658820356,0.561351073193858,-2.761777352046453,1.0962289487956363,1,2,0.580693244934082,-1.1472248297980805,1.6177662054644983,-2.490410944024557,-0.9415462652789515,-1.2417658011065882,-0.1034717932343483,-0.0011833024909719825,0.23688344657421112,-0.607073962688446,-0.00023104673891793936,-0.0,1789113704.8711886
2621.841,-0.44699620415775526,-0.5087114680354043,0.34729171557228444,0.55568262002159,-2.690367975026673,1.1068475114392236,1,2,0.5644960403442383,-1.147110955124237,1.6266735235797327,-2.564447065392965,-0.9415424505816858,-1.2417967955218714,-0.2046240121126175,0.00018464807362761348,-0.0028732619248330593,-0.8470755219459534,-0.00010188254236709327,-0.0,1789113704.971103
2621.941,-0.45839562103459675,-0.5004456220736557,0.3608702460559581,0.555091756494207,-2.574274213951188,1.1204991171614958,1,2,0.544342041015625,-1.1471780103496094,1.6267173925982874,-2.6707636318602503,-0.9413507620440882,-1.241805378590719,-0.15973715484142303,-5.9249588957754895e-05,0.00018532016838435084,-1.2042334079742432,0.0036153090186417103,0.0,1789113705.071177
2622.0409999999997,-0.46256024795079537,-0.4966324535952202,0.3755555942853474,0.571509484786437,-2.449824206601624,1.1348871393138036,1,2,0.5357568860054016,-1.1471218031695862,1.6267760435687464,-2.7853690586485804,-0.9400346914874476,-1.2418087164508265,-0.018555359914898872,-4.651407613357901e-35,0.00018483016174286604,-0.9568846821784973,0.03349800780415535,0.0,1789113705.1712108
2622.141,-0.46045635838786503,-0.49721226947651,0.3843476389425107,0.5954229497212427,-2.378736031534276,1.1636075647629154,1,2,0.5358359813690186,-1.1471061271480103,1.6268165747271937,-2.8485032520689906,-0.9215806166278284,-1.2417729536639612,0.004291322082281113,6.023385503794998e-05,0.000766420504078269,-0.3494812250137329,0.3898743987083435,0.0,1789113705.271189
2622.241,-0.45460955329990965,-0.500342699614313,0.3886127338724876,0.6351580921787356,-2.3540098457589145,1.2415722989156786,1,2,0.5367698073387146,-1.14713008821521,1.6271637121783655,-2.8613254032530726,-0.8563726584063929,-1.2417882124530237,0.013561544008553028,9.988085510912714e-39,0.002324243076145649,-0.001119248103350401,0.8023409843444824,0.0,1789113705.37119
2622.341,-0.4480792878605462,-0.5032529086832965,0.3912309774463068,0.6765315388930081,-2.3399681420299894,1.3296858498895066,1,2,0.5373518466949463,-1.14713008821521,1.6291106382953089,-2.8617669544615687,-0.7816012541400355,-1.2417920271502894,-0.0013705629389733076,0.00010231533815385774,0.04806050658226013,-0.018124468624591827,0.6116243004798889,0.0,1789113705.4711902
2622.441,-0.44403494449455116,-0.5037751860519035,0.3908621920842487,0.6971449002276877,-2.3290631826937576,1.3725948006671145,1,2,0.5373398065567017,-1.1471145910075684,1.6359851996051233,-2.870591779748434,-0.745157543812887,-1.2417967955218714,-9.567412053002045e-05,-0.0,0.09296505898237228,-0.14465078711509705,0.10428933054208755,0.0,1789113705.5711894
2622.5409999999997,-0.44205439779857464,-0.5025342791528855,0.3875502318459845,0.69923075161483,-2.322433590494842,1.3733683657897897,1,2,0.5371650457382202,-1.1470869940570374,1.6476500670062464,-2.888162752191061,-0.744385067616598,-1.241805378590719,-0.006690685171633959,0.0008924815338104963,0.14647474884986877,-0.18607942759990692,-0.00012312483158893883,3.127984003862028e-23,1789113705.6711895
2622.641,-0.43897246171361626,-0.5004732670783469,0.3798574892550622,0.6969785816516115,-2.3292337271862555,1.3733922209666412,1,2,0.5368573665618896,-1.1471061271480103,1.6680205504046839,-2.9023052654662074,-0.7443955580340784,-1.2417967955218714,-0.0001095668994821608,-1.75823770405259e-05,0.24686299264431,-0.11628036946058273,-4.1595161746954545e-05,0.0,1789113705.7711895
2622.741,-0.43446672345914666,-0.4977755432967548,0.368083043490595,0.691218011442934,-2.3496090863976686,1.3736999848342732,1,2,0.536840558052063,-1.1471336644938965,1.6964367071734827,-2.9120480022826136,-0.7444027105914515,-1.2418120543109339,0.0,-0.00023221354058478028,0.3220716416835785,-0.13806486129760742,-2.5054633839862337e-19,0.0,1789113705.8711917
2622.841,-0.42935213510384596,-0.4938717493854771,0.356169230739313,0.686585356194696,-2.360659973681074,1.3734747728281387,1,2,0.5356395840644836,-1.1471936863711854,1.7289136091815394,-2.9343964062132777,-0.7443555037127894,-1.2417696158038538,-0.01518334448337555,-0.0006260973168537021,0.31934839487075806,-0.3421328663825989,-0.0,0.0,1789113705.97114
2622.941,-0.4252138818629275,-0.4899092394202548,0.3513055866575198,0.6922336006664417,-2.332300015881469,1.372340050054092,1,2,0.5334973931312561,-1.1472342771342774,1.753373924885885,-2.984781404534811,-0.7443502585040491,-1.2418001333819788,-0.027583066374063492,-0.0033352451864629984,0.1662159115076065,-0.6450994610786438,0.0001305853802477941,0.0,1789113706.0711598
2623.0409999999997,-0.4245997866017424,-0.48632690970134074,0.3570966497344822,0.7057701058240045,-2.264027606453056,1.3688040097056697,1,2,0.5289042592048645,-1.1479646426490326,1.7593167463885706,-3.0527526340880335,-0.7442839781390589,-1.2417610327350062,-0.05721285194158554,-0.012098759412765503,-0.00019082163635175675,-0.671052098274231,0.0017240019515156746,0.0,1789113706.1711674
2623.141,-0.4243947174586386,-0.4832794146967394,0.3646336081487729,0.7179595058649171,-2.200020044430985,1.3643618939677113,1,2,0.5246965885162354,-1.1498361390880127,1.7598841826068323,-3.1105009518065394,-0.7441709677325647,-1.2417400519000452,-0.014909942634403706,-0.014115099795162678,0.026925688609480858,-0.4552422761917114,0.0003007383202202618,0.00021564635972026736,1789113706.271174
2623.241,-0.42233578509762026,-0.4820503602992668,0.3634466494459094,0.7212192549267796,-2.1873833581908433,1.3641115641025239,1,2,0.5245959758758545,-1.1501235526851197,1.7681945005999964,-3.130162855187887,-0.7438715139972132,-1.2416098753558558,0.00017768758698366582,-0.00020800014317501336,0.15190359950065613,0.001883387565612793,0.000486982346046716,0.0012421103892847896,1789113706.37115
2623.341,-0.41811897712912005,-0.4794838016226256,0.3522125864783373,0.71340214536769,-2.216190942761309,1.3656046596589668,1,2,0.5244211554527283,-1.1500757497600098,1.7940977255450647,-3.1296774349608363,-0.7438400427447718,-1.2414615789996546,-0.0019134897738695145,6.959215534152463e-05,0.34667402505874634,0.010663787834346294,8.87501155375503e-05,0.0033226474188268185,1789113706.4711626
2623.441,-0.4113024617048763,-0.4752763200356987,0.3348923260550127,0.6998403923400822,-2.264288035820824,1.367529021274118,1,2,0.524057149887085,-1.1501354736140748,1.833815876637594,-3.1252180538573207,-0.7438753286944788,-1.2412851492511194,-0.0003118107561022043,0.0,0.43951672315597534,0.006563012022525072,7.076874317135662e-05,0.000305504392599687,1789113706.5711572
2623.5409999999997,-0.4032759394478925,-0.4699925032975289,0.31751459615999184,0.6858540035564762,-2.3101796031296162,1.3686465092332123,1,2,0.5231112241744995,-1.1509257119945069,1.8767975012408655,-3.1252461872496546,-0.7438524405108851,-1.2413008848773401,-0.017273759469389915,-0.006022436078637838,0.37141183018684387,0.000453733722679317,8.795830945018679e-05,0.0001022397045744583,1789113706.6711826
2623.641,-0.4008535135565428,-0.46511794322362177,0.30938915645623644,0.6728722676273804,-2.3327635513517193,1.3670242375259645,1,2,0.5179120898246765,-1.152672753935196,1.899224583302633,-3.125310083428854,-0.7438247839557093,-1.2413042227374476,-0.06859738379716873,-0.0335814543068409,0.0719800591468811,-6.135972944321111e-05,3.401414505788125e-05,2.223426260359544e-40,1789113706.7711673
2623.741,-0.4034166624181519,-0.46142194316696045,0.31302150057964073,0.6650648125215308,-2.326399592097819,1.3634477573750259,1,2,0.5101742744445801,-1.159464345579483,1.8999393622027796,-3.1253024540343226,-0.7438681761371058,-1.2412970701800745,-0.09152334183454514,-0.107217937707901,-0.0002163740136893466,-1.632924351291365e-10,0.0,0.0,1789113706.871155
2623.841,-0.40608118487307443,-0.45618272797567777,0.3216078644867007,0.6570903152462255,-2.310548017889125,1.3584555613288516,1,2,0.4999910593032837,-1.1743521851352234,1.8999279181109827,-3.125310083428854,-0.7438524405108851,-1.2412589232074183,-0.1073414757847786,-0.18070504069328308,-6.155925075290725e-05,-0.0,0.0,0.0,1789113706.9712186
2623.941,-0.40792318158207713,-0.45022172040080155,0.33345811186251956,0.6505378290705344,-2.2885729614640007,1.35269104628842,1,2,0.4893331527709961,-1.1950223010829468,1.8999202887164515,-3.1252500019469203,-0.7438438574420374,-1.2412903944598597,-0.11206383258104324,-0.21235531568527222,-0.00010101590305566788,-0.0,0.0,0.0,1789113707.0711741
2624.0409999999997,-0.4088865625830111,-0.44456096978955884,0.3455504977093975,0.645607118652187,-2.2660172038141098,1.347057290036773,1,2,0.4797743856906891,-1.2162398856929322,1.8999279181109827,-3.1252857647337855,-0.7438524405108851,-1.2412903944598597,-0.07472122460603714,-0.2073686122894287,-0.0,-0.0,0.0,0.0,1789113707.171163
2624.141,-0.40729038149375796,-0.4410329708199793,0.35725624541242107,0.6470526917718655,-2.2439555189914913,1.343735550340453,1,2,0.4755505323410034,-1.2369274359992524,1.8999517599688929,-3.125322004357809,-0.7438285986529749,-1.241293732319967,-0.0077059706673026085,-0.19561706483364105,-0.0,-0.0,0.0,0.0,1789113707.2711937
2624.241,-0.40380487666537057,-0.439391591522638,0.36793721354693837,0.6533460484345277,-2.2235557084526074,1.3425213105075449,1,2,0.4758082628250122,-1.2559243601611634,1.899957005177633,-3.125338216821188,-0.7438047567950647,-1.2413366476642054,0.0009448181372135878,-0.1886557787656784,-0.0,-0.0005327828694134951,0.00042648561066016555,2.3987101562652987e-36,1789113707.3711264
2624.341,-0.4000965040404367,-0.43753284514953394,0.3788746856195176,0.6595176948568848,-2.2025060383565047,1.3411811356673038,1,2,0.47589921951293945,-1.2754983466914673,1.8999603430377405,-3.1254102192320765,-0.7437241713153284,-1.2413294951068323,0.002831443212926388,-0.20444387197494507,-0.0,-0.00035019940696656704,0.002301228465512395,0.0,1789113707.471187
2624.441,-0.395924284839247,-0.435651931048548,0.3899763803490942,0.666365695118281,-2.180628930649489,1.3401479706547812,1,2,0.47630682587623596,-1.295497642164566,1.9000518957721155,-3.1258298359312953,-0.7433646360980433,-1.2413485685931605,0.013249310664832592,-0.20111766457557678,0.0003642583324108273,-0.015337596647441387,0.012337390333414078,0.0,1789113707.5711257
2624.5409999999997,-0.3911280679319294,-0.4341072445645647,0.4009253546988719,0.675322124947075,-2.1566238786903162,1.3404096018922786,1,2,0.4776696264743805,-1.3147782546332856,1.9000805060016077,-3.128630300561422,-0.7420480887042444,-1.241349999104635,0.013585062697529793,-0.18373055756092072,0.00032630303758196533,-0.04967157915234566,0.009030836634337902,0.0,1789113707.671144
2624.641,-0.3865819437510294,-0.4324225159483419,0.41115054273638735,0.6857484590074111,-2.124784542374025,1.3394713389301884,1,2,0.4786249101161957,-1.3308098924211045,1.9002116362201136,-3.142167707482809,-0.7409170309649866,-1.2413533369647425,0.005070458631962538,-0.13331139087677002,0.0019993067253381014,-0.22106380760669708,0.01329353079199791,0.0,1789113707.7711391
2624.741,-0.38255081466074675,-0.43093525797740667,0.41985210757702546,0.6987084576661887,-2.0810120782276136,1.3364698966592925,1,2,0.4795442521572113,-1.3406497103026886,1.9002636114703577,-3.1731492481627406,-0.7404688040362757,-1.2413533369647425,0.014697307720780373,-0.06384443491697311,0.001126029877923429,-0.4159480929374695,0.0013257073005661368,0.0,1789113707.8711133
2624.841,-0.3785396266382897,-0.4303353693761617,0.42568287040923075,0.7150196200435357,-2.0282212162730704,1.3328669458194615,1,2,0.4819318354129791,-1.342705563907959,1.9012349287616175,-3.2212120495238246,-0.7401984373675745,-1.2413294951068323,0.030485399067401886,0.00025027600349858403,0.03695255145430565,-0.5017449259757996,0.005245044827461243,-2.437754878414645e-35,1789113707.9711301
2624.941,-0.37418211517235567,-0.42971086053426266,0.42413276529393884,0.7236807360284474,-2.005983180632631,1.3325457472506612,1,2,0.4846130907535553,-1.3427283626845856,1.9124634901629847,-3.252871175805563,-0.7397907415973108,-1.2413142363177698,0.02313738502562046,4.569174416246824e-05,0.1950155347585678,-0.07599864900112152,0.002560277469456196,-0.0,1789113708.0711741
2625.0409999999997,-0.36914260801501086,-0.42826024801052903,0.4114163097652324,0.7183293606791563,-2.0367541864536776,1.3370156870823278,1,2,0.48663872480392456,-1.3427019578269501,1.9419615904437464,-3.253371377984518,-0.7397940794574183,-1.2413366476642054,0.005306658800691366,1.4012590729677726e-13,0.389257550239563,0.0001515410258434713,0.00011965540033997968,-0.0,1789113708.1711082
2625.141,-0.36286688824887886,-0.4248653386100958,0.39393965282944216,0.7071362973387441,-2.0805339120384865,1.3413039072583233,1,2,0.48651647567749023,-1.3427295249751587,1.9829919973956507,-3.2534519634642542,-0.739809815083639,-1.2413414160357874,-0.0005621963064186275,-0.00019510716083459556,0.3973120152950287,-0.0007367609068751335,2.0020177544211037e-05,-0.0,1789113708.271136
2625.241,-0.3570457730452368,-0.42182233449100154,0.38035268423356927,0.6989323609481487,-2.11232653216191,1.3442858131884226,1,2,0.4865751266479492,-1.3428336095860978,2.0164435545550745,-3.257090230981344,-0.7398136297809046,-1.241349999104635,-1.9511631703698063e-26,-5.855861309100874e-05,0.26326826214790344,-0.10242970287799835,0.0,-0.0,1789113708.3711443
2625.341,-0.35226659637624025,-0.4193153695081689,0.3737052533586307,0.698873772807196,-2.112907678932069,1.3444499661179354,1,2,0.48658719658851624,-1.3428851079991837,2.038186852131979,-3.2782026729979457,-0.7397869269000452,-1.2413690725909632,0.0003433183883316815,-0.000258056417806074,0.17558473348617554,-0.3477725088596344,0.0,-0.0,1789113708.471165
2625.441,-0.3479841061253679,-0.4170521279406601,0.37481215872425444,0.7101452339210311,-2.069697774916459,1.3405780275594008,1,2,0.4865439832210541,-1.3429006946137925,2.0491636435138147,-3.3294927082457484,-0.7397993246661585,-1.2413657347308558,-0.00012292539759073406,0.0,0.041926514357328415,-0.6322993636131287,0.0,-0.0,1789113708.5711663
2625.5409999999997,-0.3444622076020952,-0.4152783912637454,0.38168230813708753,0.727989693034489,-1.998677597153931,1.3335417389631246,1,2,0.48663151264190674,-1.3429007244161149,2.049720589314596,-3.396421094933981,-0.7397297064410608,-1.2413447538958948,0.0007411161786876619,0.0,0.0008233130793087184,-0.6650062799453735,0.002103943144902587,-3.0622557148958106e-17,1789113708.6712182
2625.641,-0.34094672574380563,-0.4137150603135584,0.3865011169051074,0.7425564638355567,-1.9432552635653193,1.32933413051911,1,2,0.4868544638156891,-1.3428694617799302,2.0513766447650355,-3.449553152123922,-0.7378228346454065,-1.2413089911090296,0.004521171096712351,0.0,0.049972593784332275,-0.3688732087612152,0.0506417490541935,-0.0,1789113708.7711957
2625.741,-0.3361852474582945,-0.4126610439318959,0.38228484108392535,0.7518678778328842,-1.9425018122794346,1.3423057988000586,1,2,0.4877893030643463,-1.3429090541652222,2.0661008993731897,-3.46191467861318,-0.7253645102130335,-1.2412622610675257,0.009066366590559483,-1.974028054974042e-05,0.2558683454990387,-1.2198440571255169e-20,0.21508972346782684,0.00010499966447241604,1789113708.871258
2625.841,-0.32845406022916107,-0.41001458242486855,0.36976077428582993,0.7568129424545629,-1.9733750529531067,1.3656385507939182,1,2,0.48785412311553955,-1.3428971481374283,2.099687401448385,-3.4618989429869593,-0.7062738577472132,-1.2413023153888147,-0.00047065148828551173,3.9651058614254e-05,0.3876763582229614,-0.0,0.11233644932508469,1.0702648012284044e-07,1789113708.9712186
2625.941,-0.32118552639965464,-0.40625039351426173,0.3555240443124772,0.7483801943599884,-2.0127002873592748,1.3736104055434415,1,2,0.4876227080821991,-1.3428779256394883,2.137202564870016,-3.461882253686422,-0.703369442616598,-1.2413089911090296,-0.0019732301589101553,-9.47516358043572e-23,0.33263853192329407,-0.0,3.594786176108755e-05,0.0,1789113709.0712228
2626.0409999999997,-0.31582202208563076,-0.4034063586098259,0.34548196743022896,0.7408263426089595,-2.041375987695949,1.3771691552829932,1,2,0.48761799931526184,-1.3428922605565567,2.164017979298727,-3.461846490899557,-0.703381363545553,-1.2412970701800745,-0.00013780691369902343,4.00224854395811e-41,0.20869335532188416,6.35680480627343e-05,1.199385314976098e-05,0.0,1789113709.171249
2626.141,-0.31331391756190635,-0.4020716290090376,0.34097933388081275,0.7373266666183216,-2.0543941453098413,1.3787292813801058,1,2,0.4876059293746948,-1.3428971332362671,2.176185909901754,-3.461834569970602,-0.7033847014056605,-1.2412903944598597,1.2613849321496673e-05,0.0,0.03156847879290581,2.2983371309237555e-05,0.0,0.0,1789113709.2712064
2626.241,-0.31326961336654935,-0.402041776888703,0.3409107884573336,0.7372597542903105,-2.0546092441654227,1.378776086503374,1,2,0.4875904321670532,-1.3429209750941773,2.17640191713442,-3.4618259869017542,-0.7033603827105921,-1.241281811391012,0.0,-1.5761568307285072e-38,-2.701685662032105e-05,2.0017520974136005e-09,0.0,0.0,1789113709.371236
2626.341,-0.3132862716577624,-0.4020532524401079,0.34089399093204104,0.7371275419202461,-2.05490786817037,1.378831704941832,1,2,0.48759761452674866,-1.3429245364717026,2.1763742605792444,-3.4615584812560023,-0.70337421098818,-1.2412145773517054,-8.553683437639847e-05,0.0,-1.0802801625686698e-05,0.003848274704068899,0.0,0.0010657281382009387,1789113709.4711545
2626.441,-0.3134223614783854,-0.40206834762478316,0.34068617767579384,0.7357980645211953,-2.057361423525992,1.3793312514086542,1,2,0.487498015165329,-1.3429019463113328,2.1763818899737757,-3.459728857079977,-0.7034261862384241,-1.240523640309469,-0.0024110358208417892,-1.4742038195282443e-39,-0.0,0.046349599957466125,0.0,0.012673087418079376,1789113709.5711455
2626.5409999999997,-0.31455315991939237,-0.4021574182851262,0.3390606835675263,0.7278133936903708,-2.0753712945071534,1.381562292296638,1,2,0.4865990877151489,-1.342897118335106,2.17637807527651,-3.4445044002928675,-0.7038248221026819,-1.2381303946124476,-0.021375391632318497,0.00033201082260347903,-0.0,0.32673346996307373,-0.0021916646510362625,0.017945971339941025,1789113709.6711483
2626.641,-0.3187309031463001,-0.4023143921657253,0.332662476619246,0.7052050675174695,-2.139116757954544,1.3859828732891246,1,2,0.48281770944595337,-1.3428575557521363,2.1764090696917933,-3.3854500255980433,-0.7040613333331507,-1.2380226294146937,-0.053012412041425705,0.00010321795707568526,-0.0,0.7122236490249634,-0.0037702154368162155,2.104736449837219e-05,1789113709.7710986
2626.741,-0.32293692410780866,-0.40173283115230624,0.32691488058303086,0.6820562637498805,-2.1962798368152354,1.3887800828648675,1,2,0.477627694606781,-1.3430167001536866,2.1762030760394495,-3.33195223430776,-0.7039898077594202,-1.2380498091327112,-0.03776739910244942,-0.00493931258097291,-0.002278275089338422,0.20133522152900696,0.0009333223570138216,1.723597111119525e-43,1789113709.8711448
2626.841,-0.32344149284004164,-0.4012439429756553,0.32764288896513016,0.6809582167588025,-2.1944677462876134,1.387905858574222,1,2,0.47621583938598633,-1.3441402477077027,2.1757195631610315,-3.332102438012594,-0.7039879004107874,-1.2380536238299769,-0.00048190110828727484,-0.02534034661948681,-0.00631388695910573,-0.0008619255968369544,0.00040869289659895003,0.0,1789113709.97111
2626.941,-0.3228177273170242,-0.40092911671749004,0.3296242043209114,0.682386398352053,-2.1899190917519733,1.387583753766061,1,2,0.47622057795524597,-1.348318950538971,2.1757105032550257,-3.3321501217284144,-0.7039006392108362,-1.2380464712726038,0.0002412540779914707,-0.05770121142268181,-0.00010443606151966378,-0.0010522401425987482,0.0010269333142787218,0.0,1789113710.0711348
2627.0409999999997,-0.32128071698898264,-0.40017306018195375,0.33431155683170677,0.6861796280106908,-2.1777657688756666,1.3865062190796338,1,2,0.476291298866272,-1.357874022131302,2.175722901021139,-3.333952089349264,-0.7038586775409144,-1.2380583922015589,0.0005501558189280331,-0.1330478936433792,2.647446672199294e-05,-0.04757876321673393,0.00014730458497069776,0.0,1789113710.1711376
2627.141,-0.3182201798755708,-0.3985936439937298,0.34343884074455344,0.693981292796262,-2.151654728714247,1.3839149365276984,1,2,0.47630321979522705,-1.3758648943952103,2.1756871382342737,-3.3403598270811976,-0.7038777510272425,-1.2380550543414515,0.0001256211835425347,-0.22044195234775543,6.640506762778386e-05,-0.05031784623861313,6.231324368854985e-05,0.0,1789113710.2711189
2627.241,-0.3143652977643311,-0.39659471412336633,0.3541888141647319,0.701360555003235,-2.126374160844565,1.381273982223887,1,2,0.47630321979522705,-1.3989692640355607,2.175757710133688,-3.3409882984557093,-0.7038739363299769,-1.2380617300616663,-4.574996273731813e-05,-0.22678105533123016,5.5633670854149386e-05,-4.71995554107707e-05,0.0,0.0,1789113710.3711488
2627.341,-0.31086674010952026,-0.39477290222028194,0.36348444126217444,0.7075113208037048,-2.1047923563464517,1.3788882380821312,1,2,0.476291298866272,-1.4191767287305375,2.1757119337665003,-3.340956827203268,-0.703893009816305,-1.2380617300616663,-2.5835119231487624e-05,-0.17399285733699799,-8.857747722843601e-41,-1.0211239896307234e-05,0.0,0.0,1789113710.4711194
2627.441,-0.30818536041157774,-0.39336120318294004,0.3702333350647293,0.711870323252119,-2.0890581111922817,1.3770702780288275,1,2,0.47625303268432617,-1.43403776109729,2.1757615248309534,-3.3409139118590296,-0.7039206663714808,-1.2380393187152308,-3.5689915142801682e-31,-0.12337091565132141,-0.0,-0.0,0.0,0.0,1789113710.5711107
2627.5409999999997,-0.3063431990165747,-0.39242203278562066,0.3747183007429813,0.7148568295086295,-2.07848417547462,1.3758283127444293,1,2,0.47628772258758545,-1.443906382923462,2.1757310072528284,-3.3409205875792445,-0.7039487997638147,-1.2380583922015589,0.0,-0.06837598979473114,-0.0001453518634662032,-0.0,0.0,0.0,1789113710.671262
2627.641,-0.3056574793570273,-0.39208538793662634,0.3762778522982895,0.7159066655466901,-2.074819914130668,1.3754741923230764,1,2,0.4763188362121582,-1.4474023145488282,2.1757853666888636,-3.3409205875792445,-0.7039092222796839,-1.2380273977862757,0.0,-0.001481245388276875,-0.0,-0.0,0.0,0.0,1789113710.7712219
2627.741,-0.30566069805485324,-0.392090757431264,0.3762591735020567,0.7159345582744657,-2.0748320618384746,1.3754559405413134,1,2,0.47632718086242676,-1.4473628562739869,2.175790611897604,-3.3409348926939906,-0.7039168516742151,-1.2380617300616663,0.00030233809957280755,4.912659642286599e-05,-7.444657279548623e-31,-0.0,0.0,0.0,1789113710.8712132
2627.841,-0.30565174420571745,-0.392101769927806,0.37619998694535073,0.7158832820196666,-2.0750477206543803,1.3754674806839429,1,2,0.4763632118701935,-1.4473077443293114,2.175854508076803,-3.3408647976317347,-0.7039535681353968,-1.2380498091327112,0.0001188336536870338,0.0009113989653997123,0.0004650539194699377,0.0011035497300326824,7.2537735366917655e-12,0.0,1789113710.9712126
2627.941,-0.30576473690296585,-0.3921118827216913,0.3760129795481495,0.7154439975261568,-2.075951921966077,1.375339639595546,1,2,0.4762948751449585,-1.4470476296595116,2.1758745352374476,-3.3403502903380335,-0.7041366736041468,-1.2380464712726038,-0.0009118260350078344,0.0040430654771625996,0.0006164457881823182,0.006085769739001989,-0.0011142031289637089,0.0,1789113711.071202
2628.0409999999997,-0.3060028207324418,-0.3921338369988655,0.3756469491234341,0.7143838800888888,-2.0783932482567997,1.3751094763634004,1,2,0.4761545658111572,-1.4467156690410157,2.175886933003561,-3.3385044536986292,-0.7045319716082972,-1.238065544758932,-0.004016855265945196,0.005463684909045696,0.0001907468104036525,0.03510158881545067,-0.0065796771086752415,0.0,1789113711.1712177
2628.141,-0.3066488570868823,-0.3920632448661947,0.3748898784217739,0.7115324668991553,-2.085121272011799,1.375317375268266,1,2,0.4753851592540741,-1.4464436557940026,2.175879780446188,-3.3325683079161585,-0.704663101826803,-1.2380464712726038,-0.009572968818247318,0.0006326906732283533,0.00015942698519211262,0.0881941094994545,-0.0002447916194796562,0.0,1789113711.2712278
2628.241,-0.3069053391234694,-0.3920994435753688,0.374450800984785,0.7101037083812496,-2.0894543881686354,1.3756969219809998,1,2,0.4752006530761719,-1.446444810633995,2.1759021917926233,-3.3285333118834437,-0.704663101826803,-1.2380617300616663,-0.0001869246334536001,1.5581912521156482e-05,3.467083297437057e-05,0.00047979140072129667,-9.506447531748563e-05,0.0,1789113711.3712196
2628.341,-0.30683792477631305,-0.3921201203301464,0.37449509073650483,0.7103094974916092,-2.089287769349092,1.3757982101287514,1,2,0.47530004382133484,-1.4465394777110596,2.1759169737445276,-3.328578134576315,-0.7045968214618128,-1.2380741278277796,0.0015777419321238995,-0.0013448495883494616,1.515847960120633e-14,3.044957971309327e-23,-3.874537746195726e-34,0.0,1789113711.4711971
2628.441,-0.30678837458577446,-0.39217781247909783,0.37451888423828084,0.7104858633343051,-2.0892399060146922,1.3758892945133043,1,2,0.47546419501304626,-1.446535901432373,2.175847832356588,-3.3285590610899867,-0.7046006361590784,-1.2380512396441858,0.00037082351627759635,-0.00011508150055306032,-0.0,-9.438784036319703e-05,8.470925968140364e-05,0.0,1789113711.5712087
2628.5409999999997,-0.3066603848568529,-0.39224766985511406,0.3745474136538886,0.7108713801892337,-2.0889784661506017,1.3760235449897966,1,2,0.47572797536849976,-1.4465754938176651,2.175878349934713,-3.3287650547423304,-0.7045801321612757,-1.2380583922015589,0.00694314343854785,-7.370228559011593e-05,-0.0,-0.0027401281986385584,0.00011456110223662108,0.0,1789113711.6711419
2628.641,-0.3065190954012719,-0.392352156299132,0.3745699166558131,0.7113202616271442,-2.0887916826713506,1.376247630106267,1,2,0.4760696589946747,-1.4465766337564965,2.1758621374713343,-3.328893323937887,-0.7045334021197718,-1.2380431334124964,0.00011745867959689349,-0.00021914199169259518,-0.0001624832075322047,-0.0004056379257235676,0.00014835548063274473,0.0,1789113711.7711065
2628.741,-0.30644305456083865,-0.392341730240758,0.37469628557159473,0.7115625891240493,-2.0882558647155536,1.3762764951448663,1,2,0.4761175513267517,-1.4467863899520417,2.175861660634176,-3.3291646442809046,-0.7044733206378382,-1.2380464712726038,6.816764653194696e-05,-0.0023779685143381357,-0.0002286924427608028,-0.00823799055069685,6.415989628294483e-05,0.0,1789113711.8711085
2628.841,-0.3060472797747991,-0.39238528627529345,0.3752099377482465,0.7132867916849859,-2.084403717894555,1.376253538244883,1,2,0.4765789806842804,-1.447126680319645,2.1758106390582483,-3.3322884045042933,-0.7043131033526819,-1.2380779425250452,0.01746693253517151,-0.006962835323065519,-0.00025327884941361845,-0.07279552519321442,0.00268960976973176,0.0,1789113711.9711435
2628.941,-0.30324040622470894,-0.3933565796928781,0.3773476675721525,0.7237150623458708,-2.066432274249237,1.3772390499523393,1,2,0.48128706216812134,-1.4482100170901795,2.1757705847369593,-3.3475386104979457,-0.7039416472064417,-1.2380312124835413,0.07556579262018204,-0.015970097854733467,-0.0003715209604706615,-0.23841223120689392,0.010528437793254852,0.0,1789113712.071119
2629.0409999999997,-0.2972707456832249,-0.3958009433135391,0.38086370528180574,0.7448624253500322,-2.034386177564707,1.3807513576960115,1,2,0.4921199679374695,-1.4495404300144692,2.175734345112936,-3.374862333337301,-0.7029021422015589,-1.2380226294146937,0.13503971695899963,-0.0021026479080319405,-0.00014727251254953444,-0.2529212534427643,0.006275825202465057,0.0,1789113712.1710763
2629.141,-0.2897169579405336,-0.4005214119522309,0.38207232465542856,0.769529383778413,-2.0205582484221125,1.3940309916290017,1,2,0.5086829662322998,-1.449528546338417,2.1757028738604944,-3.3847013912596644,-0.6977461020099085,-1.2379916349994105,0.19647139310836792,-2.396319302988559e-07,-0.0,0.0005857271607965231,0.08980933576822281,0.0,1789113712.2711132
2629.241,-0.2814000059338188,-0.4062854768237818,0.38221784164404377,0.7942974807038689,-2.0171176929770036,1.409107284121238,1,2,0.5284897685050964,-1.4494924929789086,2.1755998770343226,-3.384510656396383,-0.693758789693014,-1.2380297819720667,0.17312203347682953,5.1927767344750464e-05,-0.003984987735748291,0.001494964468292892,5.639329174300656e-05,-1.4241674246157077e-12,1789113712.3711004
2629.341,-0.27726246144736044,-0.40918542691567045,0.38218739695814863,0.8055587591955257,-2.0161577678753675,1.4146333054164257,1,2,0.5387958884239197,-1.449439899330475,2.1755064169513147,-3.3841620884337367,-0.6939867178546351,-1.2380378882037562,0.025959493592381477,0.0007617485243827105,-0.00015307714056689292,0.0038994993083178997,-0.001813977607525885,-0.0,1789113712.471215
2629.441,-0.27731244789999265,-0.40917385287885594,0.3821408398747617,0.8053901712585815,-2.016328133051921,1.4145017737148116,1,2,0.5387313365936279,-1.449364261036255,2.175518814717428,-3.384122510949606,-0.6940911451922815,-1.2380464712726038,-0.0001499018253525719,0.00043579054181464016,4.195256042294204e-05,0.00016832871187943965,-0.0007407309021800756,-0.0,1789113712.5712063
2629.5409999999997,-0.2773084627983877,-0.4091966787711855,0.3821249878979542,0.8053778011327063,-2.0164908280754967,1.4145474660664263,1,2,0.5387815237045288,-1.4493402999690552,2.175495449696676,-3.383987089196676,-0.6941035429583948,-1.2380192915545862,5.3367115469882265e-05,9.750442404765636e-05,9.817421960178763e-05,0.0072482796385884285,-0.00014036466018296778,-0.0,1789113712.671205
2629.641,-0.2777595069660669,-0.40941194398381614,0.38128042648864774,0.8030846581910891,-2.025204120350865,1.4152916323499976,1,2,0.5387024283409119,-1.4492840853384514,2.175495449696676,-3.3760835132994593,-0.6942265669452112,-1.2379797140704554,-0.00024392627528868616,0.001294132904149592,0.0,0.17754356563091278,-0.0015101447934284806,-0.0,1789113712.7712042
2629.741,-0.2794345330065022,-0.41039956870917266,0.3776586327480654,0.7937642195831297,-2.06293500065085,1.4189304479502802,1,2,0.5387203693389893,-1.4492923852852364,2.175497357045309,-3.3413692913451136,-0.6943023840533655,-1.2379797140704554,-9.508807852398604e-05,3.867697887471877e-05,-0.0,0.4991406798362732,-0.0005834590410813689,-0.0,1789113712.8711615
2629.841,-0.2819826761288759,-0.4118791155292585,0.3715348315260235,0.7776899356894956,-2.1254714666159877,1.4244423883292585,1,2,0.5386869311332703,-1.4493199449828644,2.175478760396139,-3.2838269672789515,-0.6942570845233362,-1.2380226294146937,4.715693285106681e-05,0.0,-0.0,0.5672965049743652,-0.0001319941075053066,-0.0,1789113712.9712152
2629.941,-0.28352102296193515,-0.4127211477989649,0.36766063572621827,0.7669462617062297,-2.164904841837503,1.4273857437735231,1,2,0.5385827422142029,-1.4493283492377778,2.17524224916567,-3.2474223575987757,-0.6943009535418909,-1.2380273977862757,-0.004777756053954363,-6.674902397207916e-05,-0.009350544773042202,0.09784910827875137,-0.000523822964169085,-0.0,1789113713.0712092
2630.0409999999997,-0.2844734147983275,-0.4128540052249485,0.3688286724888908,0.7666058088342962,-2.1625448039812367,1.426738066180033,1,2,0.5377708673477173,-1.4493438836983223,2.172117058430807,-3.2465325794615687,-0.6943519751178187,-1.2380192915545862,-0.005657242611050606,-2.338677950319834e-05,-0.04934794828295708,-4.6012744860490784e-05,-0.00014338619075715542,-0.0,1789113713.1712098
2630.141,-0.28584315858035697,-0.41359611388993306,0.3716724867288806,0.768447158855882,-2.1550051336194,1.4260474016127553,1,2,0.5376391410827637,-1.4493283790401001,2.165039364491598,-3.2464314899840296,-0.6943910757647913,-1.2379916349994105,-0.00018010838539339602,0.0,-0.08478294312953949,0.0009443920571357012,-5.662589064314716e-09,-0.0,1789113713.2712033
2630.241,-0.2874614137674279,-0.41454669806142375,0.3750204583436711,0.7705383426747924,-2.147045798288817,1.4253787312384645,1,2,0.5376200675964355,-1.4493283939412613,2.1564601103412073,-3.245178361932272,-0.6944101492511194,-1.2379782835589808,-4.368243025965057e-05,0.0,-0.07637863606214523,0.04577501118183136,-0.0,2.762173356794101e-13,1789113713.3712125
2630.341,-0.2892516919690573,-0.41560450687971096,0.375587378122794,0.7669846619556001,-2.159775628542156,1.426391230196016,1,2,0.5376200675964355,-1.4493523252061387,2.150344196950094,-3.227434297601217,-0.6943944136248987,-1.2378595511065882,-1.920503185379094e-29,0.0,-0.043578870594501495,0.31588491797447205,-0.0,0.0008164905593730509,1789113713.471225
2630.441,-0.29132323999641146,-0.4168299570764914,0.3708959213218785,0.7523214161504558,-2.2114139598033566,1.4301252112613596,1,2,0.5376512408256531,-1.4493763011744996,2.1486271063434046,-3.17858948330068,-0.6943944136248987,-1.2374866644488733,0.0,-0.0002071975904982537,-0.0007297680131159723,0.6279981732368469,-0.0,0.0011929143220186234,1789113713.5712256
2630.5409999999997,-0.2936930894273901,-0.4180066711581366,0.364553449702224,0.7326012542979515,-2.2771917855555475,1.4335838829209462,1,2,0.5372847318649292,-1.449353390639164,2.1471098105060022,-3.116920610467428,-0.6944425741778772,-1.2374923864947718,-0.014180559664964676,-7.22713812137954e-05,-0.057552602142095566,0.5364069938659668,-0.000625062151812017,8.406675624428317e-05,1789113713.671151
2630.641,-0.29903282293301137,-0.4195505819598361,0.36748781330692987,0.7227551296587138,-2.297524141725356,1.4331606995574708,1,2,0.5343441367149353,-1.449336664085724,2.1304248015033167,-3.0817910633482875,-0.6944506804095667,-1.2374957243548792,-0.04223284870386124,-4.374204945634119e-05,-0.28214967250823975,0.14500948786735535,-0.00034844683250412345,1.558722344188733e-20,1789113713.771142
2630.741,-0.30821161857688806,-0.4222669705749613,0.38368506684151565,0.7285563682123191,-2.258444740878412,1.4288343631955303,1,2,0.5294910073280334,-1.4493402999690552,2.0913499037372034,-3.078776021996969,-0.6944468657123011,-1.2374714056598108,-0.04345904290676117,4.544905823422596e-05,-0.4707225263118744,0.009766532108187675,-8.814564353087917e-05,1.9518377314398094e-07,1789113713.8711734
2630.841,-0.31777343865504726,-0.4268071176190593,0.4035248253644601,0.737042133112637,-2.221492140299976,1.4255374702120818,1,2,0.5276648998260498,-1.4493008193424721,2.041299645100729,-3.062925001183981,-0.6944869200335901,-1.2373326460467737,-0.0022251568734645844,0.00013905161176808178,-0.5049017071723938,0.39471110701560974,-0.0007173556368798018,0.00406071450561285,1789113713.9711416
2630.941,-0.3271509678483755,-0.43217335433408643,0.4159714405236129,0.7282355611333278,-2.249184159492385,1.4266796105965884,1,2,0.5276315212249756,-1.4492696684649964,1.9949725309955042,-2.9914823971190394,-0.694930378590719,-1.237103287373678,-0.00012138559395680204,2.1327798094716854e-05,-0.4015830457210541,0.920847475528717,-0.014610761776566505,0.0005147297633811831,1789113714.0711508
2631.0409999999997,-0.3346237156088898,-0.43632677703825806,0.41899158835035727,0.7046196425120437,-2.3228371718386547,1.4284945423342263,1,2,0.5275905728340149,-1.4493080389550705,1.9632223288165491,-2.892543455163473,-0.6964805761920374,-1.237084690724508,-0.0006232204032130539,9.413561201654375e-05,-0.23776914179325104,1.0075018405914307,-0.006946603301912546,3.2116098736878484e-05,1789113714.1711767
2631.141,-0.3387649239215357,-0.43865762508908945,0.4143119885058853,0.6746395473413378,-2.4135307190327455,1.4305589030698667,1,2,0.527632474899292,-1.4492492836764832,1.9485939184771937,-2.7950383625426234,-0.6971071402179163,-1.2371237913714808,-0.0003027884231414646,5.9020898333983496e-05,-0.06858985871076584,0.9242168664932251,-0.01560140959918499,8.488099163967395e-24,1789113714.27114
2631.241,-0.34089234945650954,-0.43885434768422793,0.4053187478779249,0.6402377332248939,-2.5015772505250022,1.422637839465725,1,2,0.5268039107322693,-1.4492408347180863,1.9465583006488245,-2.714132925073141,-0.7037838141070765,-1.2371237913714808,-0.024749325588345528,0.000199783084099181,-0.00047607446322217584,0.6829169392585754,-0.13941505551338196,0.0,1789113714.371231
2631.341,-0.3454746360876868,-0.43620646465067536,0.39777967334994646,0.600862595067048,-2.5649682170693313,1.3865393988974632,1,2,0.5212662220001221,-1.4492361557534714,1.9458916823016565,-2.661506792108053,-0.7296007315265101,-1.2371400038348597,-0.08608299493789673,0.0001473900629207492,-0.01833220012485981,0.36710426211357117,-0.3968678116798401,0.0,1789113714.4711194
2631.441,-0.35363806384809754,-0.4310144756949398,0.3939742679728495,0.5607874418311413,-2.5890476510274123,1.3092905376503847,1,2,0.5123003721237183,-1.4492204946330567,1.943540398274557,-2.6490379772581996,-0.7861526648150843,-1.2371400038348597,-0.07943528890609741,-3.308401210233569e-05,-0.031244933605194092,6.816901249006771e-21,-0.6534395813941956,0.0,1789113714.5711474
2631.5409999999997,-0.3602361491466805,-0.4271208173523479,0.39225758796586296,0.5305186732296502,-2.5972419672200173,1.2280161063249246,1,2,0.5082062482833862,-1.4492205095342179,1.9397724310504358,-2.6489321194090785,-0.847609821950094,-1.2371271292315882,-0.001389745157212019,-7.140721572795883e-05,-0.034056536853313446,0.0,-0.5632752180099487,0.0,1789113714.6711104
2631.641,-0.36356754775485733,-0.4251247221381021,0.39080662603620275,0.5123639236456075,-2.60267190136163,1.1706705183376291,1,2,0.508242130279541,-1.4492217016271134,1.9378569761859339,-2.648879190484518,-0.8918426672564905,-1.2370999495135706,0.0,-3.1989744456950575e-05,-0.004629246890544891,0.0011309240944683552,-0.26802030205726624,0.0,1789113714.7710707
2631.741,-0.3639864803782666,-0.42480969022772125,0.3904786405436979,0.509613176053009,-2.603952018610263,1.1626085095852956,1,2,0.5082505941390991,-1.4492480468801041,1.937807861958639,-2.6485096416869105,-0.8980320135699671,-1.2370641867267054,0.0,0.0,-0.0,0.00043780909618362784,0.00022505545348394662,0.0,1789113714.8710718
2631.841,-0.363963975289767,-0.42481768980337126,0.39047307608709564,0.5095157009778777,-2.6040150176742807,1.1626821883898495,1,2,0.5082817077636719,-1.4492601168206711,1.9378412405597132,-2.648532053033346,-0.8980115095721644,-1.2369445005999964,0.00011187218478880823,0.0,-0.0,0.00017347061657346785,9.700199734652415e-05,0.000763273797929287,1789113714.9710712
2631.941,-0.36398418929597176,-0.42481486159571924,0.3905398110925105,0.5074955209096584,-2.6047502655661874,1.1632260072517948,1,2,0.5082553625106812,-1.4492923778346558,1.9377434889422815,-2.648552557031149,-0.897991959248678,-1.2353070417987269,0.00035122045665048063,-0.0003705099516082555,-0.0021483171731233597,7.110609294613823e-05,0.00025505281519144773,0.08026215434074402,1789113715.0710797
2632.0409999999997,-0.364000656821995,-0.4248396084277809,0.39063985441015,0.48492228003488125,-2.6144173870060303,1.1688378605809422,1,2,0.5082852840423584,-1.449311615233757,1.9375618139850062,-2.648595472375387,-0.8980186621295374,-1.2171381155597132,1.371729467791738e-05,2.3564798539155163e-05,-0.010767953470349312,3.903674551284141e-30,6.322377157630399e-05,0.20893950760364532,1789113715.1710804
2632.141,-0.3650092884873777,-0.4253492356209111,0.39327765286621597,0.46716540905341214,-2.61673861291507,1.1743503388885812,1,2,0.5081955790519714,-1.4492289435914536,1.93188983598818,-2.648555894891256,-0.897991959248678,-1.2016733328448694,-0.0007634645444341004,0.0,-0.11200597137212753,0.0,1.7949232029536582e-41,0.07085354626178741,1789113715.2710705
2632.241,-0.3676599069192628,-0.4268101015959552,0.40091842531389654,0.4713915310240367,-2.599705412740996,1.1767087025812164,1,2,0.5081787705421448,-1.4492204946330567,1.9158061186419886,-2.648562570611471,-0.8980320135699671,-1.2010443846331995,-0.00016594120825175196,2.0546433006529696e-05,-0.20783545076847076,0.0,0.0,6.367427704390138e-05,1789113715.3712041
2632.341,-0.3714851112305428,-0.42892811649503304,0.41260773620373026,0.47880857453587555,-2.5734529873934306,1.179829730988134,1,2,0.5081738233566284,-1.449180857544281,1.8913286367999476,-2.6484600506224574,-0.8981154600726526,-1.200991455708639,-0.000846847309730947,0.0012515051057562232,-0.2693178057670593,0.004343124106526375,-0.00046217686031013727,0.0007511539733968675,1789113715.471202
2632.441,-0.3752289349030229,-0.43098650891668455,0.4246510603724412,0.48494703576543563,-2.549155742926832,1.1827882189398946,1,2,0.5081427097320557,-1.4491762158325692,1.865645710621969,-2.6455584965147914,-0.8981669584857386,-1.2004206816302698,-7.936020847409964e-05,9.33241390157491e-05,-0.2342350333929062,0.08311989158391953,-0.00016484972729813308,0.018306827172636986,1789113715.5712159
2632.5409999999997,-0.3777130939727671,-0.43236098860251815,0.4305402518420733,0.46842330254261194,-2.561334430115808,1.1861589938409582,1,2,0.5081583261489868,-1.4491762083819886,1.847436253224508,-2.6220575771727503,-0.8982027212726038,-1.1883109251605433,-1.961817850054744e-44,1.1011247806891333e-05,-0.12323636561632156,0.39957287907600403,-0.0005246727378107607,0.24475917220115662,1789113715.671118
2632.641,-0.37836849984940213,-0.43269811062437047,0.4265989196274331,0.4017777998007601,-2.6349378477023273,1.1914905274986323,1,2,0.5081906318664551,-1.4491413992694397,1.8412311712848108,-2.567160745660299,-0.8983452955829065,-1.147909943257467,0.0,0.0,-0.008981240913271904,0.5876696705818176,-0.004695413168519735,0.54408860206604,1789113715.7711334
2632.741,-0.3781980509367808,-0.4322945659359269,0.42008417992388297,0.30949382941653386,-2.7165516585500256,1.1940020937214695,1,2,0.5080983638763428,-1.4488775891116639,1.8411076704608362,-2.517208238641256,-0.9008005301104944,-1.0919860045062464,-0.006268684286624193,0.004132358822971582,-0.002909405156970024,0.3523329198360443,-0.08795031905174255,0.5327239632606506,1789113715.8711548
2632.841,-0.3810454258402006,-0.4299415215035717,0.41698771444755006,0.2230225127433475,-2.7531264601715324,1.1699610312148827,1,2,0.5054112076759338,-1.4481334921768685,1.8409236113177698,-2.505369325677389,-0.9257791678058069,-1.0417440573321741,-0.05478628724813461,0.001730050309561193,-0.010837560519576073,-0.00033699077903293073,-0.436423659324646,0.4764963984489441,1789113715.9711437
2632.941,-0.3890897028949558,-0.4233568977239747,0.41512143850483424,0.13800071923690266,-2.7615589502749427,1.0898804377227178,1,2,0.49773740768432617,-1.448153795008995,1.8381341139422815,-2.505378385583395,-0.9926317373858851,-1.0069339911090296,-0.0845942571759224,9.977245065992698e-43,-0.0312851145863533,-0.00021736427152063698,-0.8116274476051331,0.16183936595916748,1789113716.0711315
2633.0409999999997,-0.39788039070532366,-0.4150395908753193,0.4118695996925962,0.0896585604863778,-2.7538855174995986,0.9784694582386232,1,2,0.490092933177948,-1.4481106039932747,1.8372390905963343,-2.5053488216795863,-1.0778020063983362,-1.0049541632281702,-0.0609438382089138,-1.3626211512018926e-05,-7.611613546032459e-05,-1.3803258298139554e-05,-0.846371054649353,0.0,1789113716.1711636
2633.141,-0.40425256881443083,-0.4082012966765456,0.40875737028813736,0.05228151767383933,-2.7443537105874523,0.8742911111494384,1,2,0.48681849241256714,-1.447934405212738,1.837269131337301,-2.505064626733297,-1.1583331266986292,-1.0049150625811976,-0.0017160000279545784,0.008205083198845387,0.0001951291342265904,0.0031369226053357124,-0.7627133131027222,0.0,1789113716.2711585
2633.241,-0.4086594857362852,-0.40340587927920446,0.4049642561732315,0.02378158184257897,-2.740065390550315,0.7854328259320439,1,2,0.48682332038879395,-1.4459210720709343,1.8372777144061487,-2.5007549724974574,-1.22621995607485,-1.0049298445331019,-1.690325552772265e-05,0.03453822061419487,0.0001371773105347529,0.14346516132354736,-0.5772179365158081,0.0,1789113716.3711574
2633.341,-0.41102102996272394,-0.4001018575497527,0.39760811717917965,-0.0005053245489561364,-2.767147858396176,0.7155821838969135,1,2,0.48684245347976685,-1.4422045213035126,1.8372982184039515,-2.46964754680776,-1.2686737219439905,-1.0049026648150843,0.0,0.038821641355752945,6.513577682198957e-05,0.5102412700653076,-0.23935212194919586,0.0,1789113716.471152
2633.441,-0.409697263690377,-0.398790895926665,0.38685719584435896,-0.018248855350278755,-2.8357474194658967,0.6747279786686015,1,2,0.4868316054344177,-1.4387913209250947,1.8373196760760706,-2.4035479031004847,-1.273909870778219,-1.0049026648150843,0.0,0.030210617929697037,5.344993405742571e-05,0.759844958782196,-4.242232379132938e-34,0.0,1789113716.5711324
2633.5409999999997,-0.4068084592102937,-0.3972347985710973,0.37594957913301164,-0.03657374262865405,-2.9131017236549397,0.6342472366389951,1,2,0.48686280846595764,-1.436655805712082,1.8373263517962855,-2.3279668293394984,-1.2739456335650843,-1.004885498677389,1.5576239093206823e-05,0.019396841526031494,-1.3008652786083985e-05,0.7215932607650757,-0.0,0.00032412141445092857,1789113716.6711705
2633.641,-0.40416370660963924,-0.3956568861760779,0.36696709497806645,-0.05300435769862595,-2.976370558625356,0.5991036715421366,1,2,0.4866243004798889,-1.4342988741448899,1.8372982184039515,-2.266243120233053,-1.2739384810077112,-1.0045788923846644,-0.008349877782166004,0.030268466100096703,-9.96916278381832e-05,0.4959484040737152,-0.00020758062601089478,0.005471230950206518,1789113716.771165
2633.741,-0.40423138888669524,-0.3935850520444213,0.3607374074900811,-0.0749053214078506,-3.013687525956578,0.5774682120471071,1,2,0.48321419954299927,-1.4304969620755692,1.8372867743121546,-2.2319799862303675,-1.2739790121661585,-0.9997671286212366,-0.0664082020521164,0.04669532552361488,-4.196798831870725e-30,0.14945237338542938,-0.0005667601944878697,0.12259230017662048,1789113716.8712113
2633.841,-0.40834832480572464,-0.3904600700768184,0.3577687666931523,-0.13568197726995707,-3.0223766860998134,0.5750444682844826,1,2,0.47458916902542114,-1.4255160701325913,1.8373177687274378,-2.229849477807516,-1.2740190664874476,-0.9694450537310999,-0.09869642555713654,0.04061077535152435,-7.073392082520789e-32,-0.0010417745215818286,-0.0002801386872306466,0.4912935793399811,1789113716.97118
2633.941,-0.41231370648206384,-0.38717096082067337,0.35602314330576723,-0.23422211681712526,-3.027686041769585,0.5766767893062394,1,2,0.4658609926700592,-1.4222589296153565,1.837290112172262,-2.2299047909178675,-1.2740190664874476,-0.9139559904681605,-0.07007887214422226,0.02955716848373413,-0.0,-0.00030010644695721567,-0.0001058654670487158,0.544425904750824,1789113717.07121
2634.0409999999997,-0.4148550497361863,-0.3852968774360274,0.35430520263804427,-0.31220397470506295,-3.0307704674012705,0.5771573890564833,1,2,0.4607070982456207,-1.4191046965173264,1.8373015562640589,-2.2299405537047328,-1.2742002646075647,-0.8687103430377405,-0.038085732609033585,0.039184942841529846,-0.0,-0.00013752364611718804,-0.0040750158950686455,0.3417902886867523,1789113717.171258
2634.141,-0.41692858007757,-0.3848321796138952,0.3506574907109644,-0.35078907433668083,-3.036310992588719,0.5731898258020057,1,2,0.4583243727684021,-1.4124216002276917,1.8373015562640589,-2.2299252949156703,-1.2746637503253382,-0.8473971525775355,-0.018669189885258675,0.10116556286811829,-0.0,-7.615799404447898e-05,-0.011078385636210442,0.0644557997584343,1789113717.2712374
2634.241,-0.41990902457631735,-0.38509973685465976,0.34330753110455026,-0.3591866307697808,-3.048047721468032,0.5633193820655094,1,2,0.456418514251709,-1.3989571046880265,1.8372867743121546,-2.2299286327757777,-1.2751153151141565,-0.8467825094806116,-0.016228489577770233,0.15735717117786407,-1.9043646130174264e-42,-0.0,-0.00027766244602389634,4.365529821370728e-05,1789113717.3712487
2634.341,-0.422794615124402,-0.38629542657244925,0.33381413261228665,-0.3656932342399307,-3.064022635687017,0.5513546570975373,1,2,0.4560434818267822,-1.3816116464189072,1.837254826222555,-2.22994389156484,-1.275123421345846,-0.8467295805560511,-0.0001904287637444213,0.18297217786312103,-0.0,-0.0,-0.00024819577811285853,0.000688045343849808,1789113717.471216
2634.441,-0.42533399614210887,-0.3875711034565092,0.3244748942646689,0.3699590364295311,3.0660991872093897,-0.537416697191812,1,2,0.4560735821723938,-1.3646157693913956,1.837290112172262,-2.2303325138487757,-1.2751043478595179,-0.8465588728534144,-0.0003985318762715906,0.136325404047966,-0.0001917864865390584,-0.0047102198004722595,-0.00018914997053798288,0.0025150782894343138,1789113717.5711477
2634.5409999999997,-0.4267569793676902,-0.38817374521932063,0.31926526985134573,0.37905583097233936,3.0578948215931185,-0.5279925068470683,1,2,0.45591646432876587,-1.3551600587419053,1.8372471968280237,-2.230368753472799,-1.2751386801349085,-0.8415959517108362,-0.0015811993507668376,0.054953016340732574,-8.093658107100055e-05,-0.00021109786757733673,-0.00010785466292873025,0.16880062222480774,1789113717.6711109
2634.641,-0.4269988082000748,-0.38823286903557286,0.3184715290735784,0.44690434389884803,3.040329847246643,-0.5246407910223578,1,2,0.4558156728744507,-1.3537193846753617,1.8372357527362269,-2.2303596935667933,-1.2751200834857386,-0.796673599873678,-0.0002871609467547387,-0.00026180516579188406,-2.1556526917265728e-05,-8.561449067201465e-05,-3.2413240726665806e-26,0.7512445449829102,1789113717.771169
2634.741,-0.4270005112086123,-0.38822351375045605,0.31844778708484667,0.5778988983846091,3.0036235636061264,-0.5200248644926384,1,2,0.45579642057418823,-1.3537026208690186,1.8372710386859339,-2.2303720913329066,-1.2751043478595179,-0.708435360585348,0.00013361693709157407,-3.7251797039061785e-05,-0.0,-0.0,-0.0,0.8946638703346252,1789113717.8711815
2634.841,-0.4269966090008942,-0.388219567204545,0.31844093259004436,0.6876126690601942,2.9681567034355725,-0.5153211842317623,1,2,0.45579642057418823,-1.3537062269500275,1.8372867743121546,-2.2303630314269007,-1.275123421345846,-0.633301083241598,-2.270135379008576e-31,0.0,-0.0,-0.0,-0.0,0.6051058769226074,1789113717.9711351
2634.941,-0.4270059540052631,-0.3882114692405568,0.31839291134186615,0.7601683692706068,2.9421983810738683,-0.5116212441057787,1,2,0.45578327775001526,-1.353642777805664,1.8372944037066858,-2.2302924595274867,-1.2751663366900843,-0.5829575697528284,1.7361851860187016e-05,0.0002913581265602261,0.00011429351434344426,-0.0,-0.0,0.3934584856033325,1789113718.0711381
2635.0409999999997,-0.4270201538581815,-0.38821890754569677,0.31827582106531693,0.7819714665295353,2.933878009466323,-0.5102430686977751,1,2,0.45578324794769287,-1.3534668397954484,1.8373311201678675,-2.2302690945067347,-1.2751625219928187,-0.5677159468280237,1.7141186342938565e-26,0.004156375303864479,0.00021964315965306014,-2.950790635311136e-22,-0.0,-0.0004244990414008498,1789113718.171143
2635.141,-0.4270270468461018,-0.38822398712630596,0.31818890027771835,0.7818595130179625,2.9338141170695198,-0.510087179426254,1,2,0.45578324794769287,-1.3533436816981812,1.8373740355121058,-2.2302757702269496,-1.2751472632037562,-0.5677984396563929,0.0,0.0002449085295666009,0.00011208770592929795,-0.0,-0.0,-0.0005246150540187955,1789113718.271145
2635.241,-0.4270329527082743,-0.38820580465533594,0.31818414731241274,0.7817819235566905,2.9338475835545825,-0.51009158424279,1,2,0.4557485282421112,-1.3533557218364258,1.8374007383929651,-2.2302829227843226,-1.2751439253436487,-0.5678890387164515,0.0,7.934672612464055e-05,0.00013480597408488393,-0.0,-0.0,-0.000495772052090615,1789113718.3711581
2635.341,-0.4270079839322461,-0.38823108909630594,0.31818209515615425,0.7817407963298459,2.933812849355047,-0.5100595439141258,1,2,0.4558072090148926,-1.3533557218364258,1.8373964468585413,-2.2302447758116664,-1.2751315275775355,-0.5678547064410608,0.0,0.0,0.00012692228483501822,-0.0,-0.0,-0.00010973878670483828,1789113718.4711576
2635.441,-0.42702158556722253,-0.38821869662382236,0.3181818730244033,0.7817530042581071,2.9338505360635025,-0.510073038764311,1,2,0.45577967166900635,-1.3533521753600617,1.8373997847186487,-2.2302781544127406,-1.2751510779010218,-0.567878548298971,0.0,0.0,5.976122702122666e-05,-0.0,-0.0,-1.2586424415726716e-13,1789113718.5711768
2635.5409999999997,-0.4270057338145787,-0.3882240457305715,0.3181962156771413,0.7817559415137921,2.933860049051113,-0.5100628232796425,1,2,0.45580360293388367,-1.3533867460540314,1.8374035994159144,-2.230255266229147,-1.2751663366900843,-0.5678547064410608,0.0,0.0,-0.0,-0.0,-0.0,-0.0,1789113718.6711748
2635.641,-0.42696963800397375,-0.38818890760115277,0.3180091651026684,0.7818127234923057,2.9335995655732967,-0.509576816132051,1,2,0.45577606558799744,-1.3532719326070328,1.8376525084124964,-2.2301837406554164,-1.2751711050616663,-0.5678671042071741,1.2051166793193427e-43,0.0021594930440187454,0.006329029332846403,-0.0,-0.0,-0.0,1789113718.771148
2635.741,-0.4270020781724954,-0.3881870326868404,0.3177939103692389,0.7818841842837441,2.9333334629331524,-0.5091335827427229,1,2,0.4557449221611023,-1.3529619139483948,1.8377450148211878,-2.2301751575865687,-1.2751591841327112,-0.5678671042071741,0.0,0.010711577720940113,0.00013297921395860612,0.000125005841255188,-0.0,-0.0,1789113718.8712356
2635.841,-0.42765741480138947,-0.3885077456227426,0.3151518105284618,0.78217906511116,2.930431050656241,-0.5038372471982162,1,2,0.45573660731315613,-1.3482050758651276,1.8377488295184534,-2.2301560841002406,-1.275140110646383,-0.5678942839251917,0.0,0.09346923232078552,7.955161709105596e-05,0.0002615111297927797,-1.4496154090012217e-33,-0.0,1789113718.971181
2635.941,-0.42943601256410713,-0.38942748390719106,0.3075959213261665,0.7830087365155644,2.9221632729791382,-0.4887068804824779,1,2,0.4558072090148926,-1.33462908983741,1.8377540747271937,-2.230128904382223,-1.2751711050616663,-0.5678818861590784,0.0,0.16703014075756073,0.0001259404089068994,0.00013551094161812216,-0.0,-6.636885838673772e-40,1789113719.0711207
2636.0409999999997,-0.4318495565695954,-0.3906201756587925,0.29685199205891744,0.7841950609568575,2.910329136318684,-0.46758711784792634,1,2,0.45579999685287476,-1.3153711718371888,1.8377488295184534,-2.2301951847472132,-1.275140110646383,-0.5679028669940394,0.0005368288839235902,0.19423626363277435,-3.700079469126649e-05,3.522874612826854e-05,-0.0,-6.848443445051089e-05,1789113719.1711888
2636.141,-0.4335604753729041,-0.3914922128257783,0.2886237224241644,0.784989436136631,2.901246863443522,-0.4515030376518456,1,2,0.45584341883659363,-1.3006549936584015,1.8376959005938929,-2.2302009067931117,-1.2751591841327112,-0.5679214636432093,0.00010204350837739184,0.09600592404603958,-4.843544229515828e-05,-0.00016626754950266331,-0.0,-0.0001043474258040078,1789113719.2712798
2636.241,-0.4341204822958898,-0.3917525803884297,0.2858211300253224,0.7853187619706132,2.8981195024698096,-0.4460686049754367,1,2,0.4558156728744507,-1.2956835192492981,1.8377178351031702,-2.230211397210592,-1.2751553694354456,-0.5679214636432093,3.363116314379561e-44,0.009144894778728485,-7.006492321624085e-45,-5.167167182662524e-05,-0.0,-2.727021708461322e-28,1789113719.3712533
2636.341,-0.4341231420406908,-0.39175409579513243,0.28577641850410745,0.7853424598230482,2.8980573048465987,-0.44592147469956717,1,2,0.455819308757782,-1.2956164342216034,1.8377211729632776,-2.230166574517721,-1.275174919758932,-0.5679100195514124,1.016998794511892e-06,5.528594959603574e-38,-0.0,-0.0,-0.0,-0.0,1789113719.4712024
2636.441,-0.434137544352143,-0.39174281435035385,0.28577753415657914,0.7854065687069426,2.8980426566007003,-0.44595197210348597,1,2,0.45578813552856445,-1.2956117552569886,1.8377178351031702,-2.2301842174925746,-1.2751639525042933,-0.5678942839251917,0.0,0.0007826805231161416,-0.0,-0.0,-0.0,-0.0,1789113719.571253
2636.5409999999997,-0.4342651048647548,-0.3917587839132277,0.2853606310881873,0.7854921470672339,2.8976638856915877,-0.445182633210716,1,2,0.4557209014892578,-1.2948334974101563,1.837686840687887,-2.2302590809264125,-1.275210205708639,-0.5679410139666956,-0.00020620328723452985,0.008983198553323746,-0.0,-0.0,-0.00022486125817522407,-0.0,1789113719.6711602
2636.641,-0.4345012941184476,-0.39192559649754155,0.2857316389128461,0.7849315061728892,2.899707948699305,-0.4487950336314227,1,2,0.45578324794769287,-1.2947893303683777,1.8375871817218226,-2.23341765026235,-1.2751129309283655,-0.5681017080890101,3.6443914723349735e-05,-0.004370453301817179,-0.0020749825052917004,-0.12429171055555344,-6.807287718402222e-05,-0.0007471605786122382,1789113719.771157
2636.741,-0.4372836644559745,-0.39330206163981485,0.290511721508194,0.7822148021527001,2.9241580967760963,-0.49234377366331966,1,2,0.45575571060180664,-1.2953998011401673,1.8373897711383265,-2.2721687755980433,-1.2750194708453577,-0.5680697599994105,0.0001246490573976189,-0.0033098978456109762,-0.0009872459340840578,-0.6446222066879272,0.0011790842982009053,-0.00010498282790649682,1789113719.8711815
2636.841,-0.4417597026939695,-0.3958519943814862,0.3000757168488226,0.775277107798691,2.9692533795543454,-0.5768585306396617,1,2,0.4562292695045471,-1.2971188587001343,1.837351147328512,-2.3456722698607386,-1.2748754660235804,-0.5680587927447718,0.01159203052520752,-0.035714417695999146,-2.5282726710429415e-05,-0.7093003988265991,0.0006282373797148466,-5.489968774193005e-18,1789113719.9711769
2636.941,-0.44402632465164016,-0.39800910432740255,0.3090914680640393,-0.7544921333101281,-2.95543840491157,0.6362760726098142,1,2,0.4577886462211609,-1.3007747393897553,1.8373706976519983,-2.4027797184386195,-1.2747200171100062,-0.5680425802813929,0.014301756396889687,-0.033714018762111664,-0.0,-0.426444411277771,0.001783702289685607,-0.0,1789113720.0711727
2637.0409999999997,-0.44423093820165355,-0.39929948566606793,0.3154003578585834,-0.7367172625947711,-2.928360664723578,0.6655856692616207,1,2,0.4594462513923645,-1.305469737654068,1.8373425642596644,-2.431495805779928,-1.2736642996417444,-0.5680187384234827,0.025179589167237282,-0.0638624057173729,-7.820950713721686e-07,-0.12864769995212555,0.012124276719987392,-0.0,1789113720.171174
2637.141,-0.441122625996249,-0.40099646861265487,0.32060820354841085,-0.7248398223511623,-2.9222681224422393,0.6753782632350055,1,2,0.46442288160324097,-1.31407185018573,1.8373459021197718,-2.4335037670531214,-1.273160759602682,-0.5680101553546351,0.08397629112005234,-0.10382859408855438,-0.0,-1.7137880218692513e-42,0.008189558051526546,-0.0,1789113720.2711506
2637.241,-0.43454995017711007,-0.40548185130242004,0.32731815683370385,-0.7024941686529906,-2.91906418912209,0.6865400437194314,1,2,0.47655385732650757,-1.3257327389768143,1.8373072783099573,-2.4334994755186976,-1.2728293577777308,-0.5679858366595667,0.15496499836444855,-0.12070425599813461,-0.00017717095033731312,5.956132372375578e-05,0.0012760950485244393,-0.0,1789113720.3711696
2637.341,-0.42536800762164734,-0.4119153841196248,0.3355407470179087,-0.6714750542283464,-2.91607987876656,0.7003216725149694,1,2,0.4940211772918701,-1.3398722273162385,1.8370068709002894,-2.433535238305563,-1.272750202809469,-0.56799823442568,0.1721363216638565,-0.15788404643535614,-0.00690465746447444,0.0,0.0002853705664165318,-0.0,1789113720.4712026
2637.441,-0.41724696367526853,-0.4168885472812618,0.3460767974310123,-0.6428210027799597,-2.9073661045715835,0.7176266243283834,1,2,0.5085586309432983,-1.356433780198433,1.8346603552447718,-2.4335519276061,-1.272686783467428,-0.5680068174945276,0.11089266091585159,-0.18045227229595184,-0.058703742921352386,-2.3127417783923775e-18,0.0003194277815055102,-0.0,1789113720.5711834
2637.5409999999997,-0.4141136891068393,-0.4186705933025958,0.3617473762995383,-0.6226458588224539,-2.8843941053566677,0.7423255814744036,1,2,0.5140324831008911,-1.3746619087508698,1.8235481421100062,-2.4335676632323207,-1.27275258699526,-0.5680258909808558,0.0013553355820477009,-0.17756827175617218,-0.16025897860527039,-7.204442226793617e-05,9.925159247359261e-05,-0.0,1789113720.6712186
2637.641,-0.41453860204435944,-0.4190069771517292,0.3815408191887943,-0.6064593488275302,-2.8509689955250965,0.7727652927443002,1,2,0.5141943693161011,-1.3922004860690613,1.8033245245562952,-2.433540006677145,-1.2727330366717737,-0.5680258909808558,0.005060322117060423,-0.1730058193206787,-0.22741691768169403,5.385014083003625e-05,8.281673924159669e-43,-0.0,1789113720.7711573
2637.741,-0.41334408156905206,-0.4207187748432365,0.4015954419439051,-0.5853675560798679,-2.8187081161948484,0.8033864001332575,1,2,0.5178691148757935,-1.4085675936988373,1.7815526167498987,-2.4334966144957484,-1.2727058569537562,-0.5680535475360315,0.07429070770740509,-0.15035849809646606,-0.1996445208787918,2.697906893445179e-05,0.0,-0.0,1789113720.8711321
2637.841,-0.4077623336913009,-0.42553907101329513,0.41649911370689857,-0.5570550444592985,-2.799575330341291,0.8274165504833171,1,2,0.5301664471626282,-1.4212382596782227,1.766146485005514,-2.4334923229613246,-1.27272874513735,-0.5680339972125452,0.16849108040332794,-0.09124889969825745,-0.1036144569516182,4.425377402093289e-22,0.0,-0.0,1789113720.9711552
2637.941,-0.398570039267943,-0.43353553643577303,0.42103512485562195,-0.5258552054389832,-2.802175926797778,0.8379690477201094,1,2,0.5506086945533752,-1.4256825161031266,1.7621353308307093,-2.433451314965719,-1.272693936024801,-0.5680730978595179,0.24546290934085846,-0.00011947262100875378,-0.0003430772922001779,0.0,9.148002573056147e-05,-0.0,1789113721.0711567
2638.0409999999997,-0.3856438416263684,-0.4451247230338772,0.42093048077979023,-0.4857783388684167,-2.8167408190720766,0.8435582317102599,1,2,0.580100417137146,-1.4255150121501465,1.7621482054339808,-2.4334198437132777,-1.2726543585406702,-0.5680459181415003,0.32466742396354675,0.00026613540831021965,2.983704838754875e-09,1.3727024830191332e-32,0.00015085216728039086,-0.0,1789113721.171249
2638.141,-0.3712880003665942,-0.4571920869891713,0.4210134252487915,-0.4419910695536481,-2.8315041892381605,0.8496721351558081,1,2,0.6119582653045654,-1.4255305093577881,1.7620042006122034,-2.4334360561766566,-1.272682015095846,-0.5680339972125452,0.28946641087532043,-2.3627315924069914e-13,-0.0006500085582956672,5.640535431224238e-26,0.0001523813552921638,-0.0,1789113721.2711966
2638.241,-0.36103202228051096,-0.4653531985727068,0.42089187839674436,-0.41139305922309033,-2.8418794062888098,0.8533775494197114,1,2,0.6342347860336304,-1.4254085284522553,1.7620552221881312,-2.433253427545065,-1.2727697531329554,-0.5680101553546351,0.13734254240989685,0.004808890167623758,0.00038638501428067684,0.0026860071811825037,-0.0009586498490534723,-0.0,1789113721.3711998
2638.341,-0.35930613770424774,-0.4667145253618542,0.4207519209127888,-0.40629516048009295,-2.8437503442611356,0.853513997329988,1,2,0.638017475605011,-1.4252551358989258,1.7621186415301722,-2.433140893975729,-1.2730091253863733,-0.5680449644671839,-0.018853778019547462,0.0007010966073721647,0.00013532528828363866,0.00028330011991783977,-0.004032123368233442,-0.0,1789113721.471175
2638.441,-0.36035551792562687,-0.46609237398951364,0.4204118436109763,-0.40933065953009773,-2.843429152637405,0.8525814787552027,1,2,0.636040985584259,-1.4246567499688645,1.7621062437640589,-2.4330960712828578,-1.2730568091021937,-0.5680101553546351,-0.003126104362308979,0.003206135705113411,6.006461626384407e-05,0.00018351429025642574,-0.00023024053371045738,-0.0,1789113721.57116
2638.5409999999997,-0.36033151267647867,-0.4661199062509805,0.4203629240186453,-0.4092712576461574,-2.8435669875084546,0.8524666684645409,1,2,0.6361080408096313,-1.424605206852295,1.7621310392962855,-2.4330455265440882,-1.2730734984027308,-0.5680225531207483,0.00023174440138973296,1.1465274351975053e-26,-0.0,7.246087625389919e-05,-0.00012699175567831844,-0.0,1789113721.671179
2638.641,-0.3603597117855671,-0.4661360391577814,0.4201753701731302,-0.4094302843513518,-2.843871040139191,0.8520547227159089,1,2,0.6361165046691895,-1.4243970078280945,1.7622526327716272,-2.4330011806883753,-1.2731640974627894,-0.5680187384234827,2.9769384127575904e-05,0.0016320865834131837,0.001120881293900311,0.0004768603830598295,-0.0009070672676898539,-0.0,1789113721.7711656
2638.741,-0.3603570095449885,-0.46614641761368675,0.4200628636040312,-0.4094415905970913,-2.8440579481813097,0.8518005824218565,1,2,0.6361440420150757,-1.424298809175827,1.7623570601092737,-2.432981153527731,-1.2732237021075647,-0.5680535475360315,0.00012596322630997747,0.0004825335636269301,0.0008486254373565316,0.000827905023470521,-0.0009736975189298391,-0.0,1789113721.871171
2638.841,-0.3604639184154786,-0.46615488599268956,0.4189101430420561,-0.4108621861696297,-2.8468628112360106,0.8483540051303403,1,2,0.6361404657363892,-1.423313633804657,1.7630646864520472,-2.4313155613341273,-1.2737916151629847,-0.5680497328387659,0.0,0.02898291125893593,0.022289764136075974,0.05084822326898575,-0.010753562673926353,-0.0,1789113721.9711878
2638.941,-0.3605137858536265,-0.4664514626664476,0.41711785599963724,-0.41137583651661774,-2.850712251416065,0.8449587460386117,1,2,0.6365107297897339,-1.421380416756012,1.7641814390765589,-2.4303232632079066,-1.2738068739520472,-0.5683530012713831,0.008368450216948986,-0.0008049054304137826,5.1562801672844216e-05,-0.0028359328862279654,-2.1219932023086585e-05,-0.008485446684062481,1789113722.0712554
2639.0409999999997,-0.3597276673021136,-0.4670456885340715,0.41734273580893394,-0.40851943182472944,-2.850752343416699,0.8459892054495624,1,2,0.6381624937057495,-1.4215599310449143,1.764078442250387,-2.430838724175924,-1.273719612752096,-0.568517033253805,0.02080756612122059,3.059290975215845e-05,-0.0010750021319836378,-0.01284320279955864,0.00044016152969561517,-0.0001876199821708724,1789113722.1712563
2639.141,-0.3595794519510928,-0.4675817217455439,0.41881725785415735,-0.40332514701129346,-2.8415478094026185,0.8552407408805633,1,2,0.639030933380127,-1.421607868080475,1.7639978567706507,-2.441291471520895,-1.2735078970538538,-0.5685446898089808,0.004411726258695126,-0.0004754762048833072,-0.0008235718123614788,-0.2296203076839447,0.0013292060466483235,-0.00021666730754077435,1789113722.2711985
2639.241,-0.3593530968862839,-0.46901894664166793,0.42344806833417103,-0.38754322132731056,-2.810902038064437,0.8846369081460912,1,2,0.6411932110786438,-1.4215694826892395,1.7640321890460413,-2.4758664570250453,-1.2730887571917933,-0.5685923735248011,0.055435389280319214,-8.960974082583562e-05,-5.211886309552938e-05,-0.45697441697120667,0.009629092179238796,-0.0006033518584445119,1789113722.3712678
2639.341,-0.35562483630328845,-0.4732437535533637,0.4298885751441204,-0.35706991536251503,-2.7712197221666695,0.9255027293823463,1,2,0.6509469747543335,-1.4215683949044724,1.7640331427203577,-2.5232073269286097,-1.2726739088641565,-0.5685885588275355,0.15183882415294647,-4.8719117330620065e-05,9.456079715164378e-05,-0.4383358955383301,0.003187489928677678,-0.00021847517928108573,1789113722.4712524
2639.441,-0.3452601639688847,-0.4815015958755633,0.4338651070240064,-0.31642585221611824,-2.7535174343415108,0.9540915691083349,1,2,0.6735133528709412,-1.4216042470983048,1.7640364805804651,-2.552149911920065,-1.2725985685931605,-0.5685885588275355,0.3007607161998749,0.0,0.00011822456144727767,-0.07135480642318726,0.0001816396979847923,-6.964450585655868e-05,1789113722.571275
2639.5409999999997,-0.32748475446036956,-0.49379992256940697,0.4337481436172844,-0.2671719281905694,-2.768640327069445,0.962550144818839,1,2,0.7100218534469604,-1.4214617174914856,1.7640588919269007,-2.551983495751852,-1.2726653257953089,-0.5685847441302698,0.379070520401001,0.000594841199927032,0.00016060442430898547,0.0008840071968734264,9.274698822991922e-05,-1.7897597604330205e-33,1789113722.6712868
2639.641,-0.3141611310610012,-0.5023695704935178,0.43380481708083307,-0.23070532165093124,-2.778869499722708,0.9689386995828734,1,2,0.7367592453956604,-1.4215204131654282,1.7640298048602503,-2.5520507297911585,-1.2726977507220667,-0.5685728232013147,0.13010555505752563,3.1116893517909596e-16,-3.913867112714797e-05,3.409505734452978e-05,-4.067010013386607e-05,-0.0,1789113722.7712858
2639.741,-0.31333341204360327,-0.502883078564088,0.4337778225549415,-0.22845463999918605,-2.779435456678584,0.9690978325287097,1,2,0.7384338974952698,-1.4215060633471985,1.7640650908099573,-2.5520760021605433,-1.2728889624225062,-0.56860858598818,-0.038519926369190216,0.00018055537657346576,2.7156337855754673e-17,-0.00016289223276544362,-0.0035762854386121035,-0.0,1789113722.8712604
2639.841,-0.3151748496351908,-0.5017353333705294,0.43379636701816937,-0.23299701698175276,-2.7779179758280708,0.9680949270016094,1,2,0.7347901463508606,-1.4215096694282074,1.7640259901629847,-2.552068372766012,-1.2729881445514124,-0.5689428488360804,-0.026223590597510338,5.5444150348193944e-05,-0.0,-0.0001101272355299443,-0.00021146429935470223,-0.014111732132732868,1789113722.9712226
2639.941,-0.3161397959618176,-0.5011294772198899,0.4337522482682566,-0.225674031021693,-2.776205494434578,0.9658934424815611,1,2,0.7328706979751587,-1.4214773786119004,1.7640727202044886,-2.552056451837057,-1.2730053106891077,-0.5760200659381312,-0.019983671605587006,0.0005375795881263912,-0.0,-1.1217717443150176e-24,-0.0003189410490449518,-0.1536431610584259,1789113723.0712812
2640.0409999999997,-0.3174954581057351,-0.5002679956791642,0.43375990242726736,-0.1913081369761507,-2.7708342596216564,0.9587181678793958,1,2,0.7301778197288513,-1.4214881670526047,1.7640693823443812,-2.5520745716490687,-1.2731216589557093,-0.6030991713153284,-0.02569454535841942,0.00011196283594472334,3.4242134616735036e-26,-2.9762438204413216e-17,-0.00045499380212277174,-0.32492727041244507,1789113723.171255
2640.141,-0.3188133872511277,-0.49945265716714426,0.433721674309526,-0.14319549890700684,-2.7634851130049287,0.9489371409512708,1,2,0.727583110332489,-1.4214164179614563,1.7640546003924769,-2.5520507297911585,-1.2731884161578577,-0.6400564352618616,-0.018386071547865868,0.00021926821500528604,1.073973544407636e-05,-0.0,-0.00020280727767385542,-0.35745298862457275,1789113723.271228
2640.241,-0.31904771563115647,-0.4992928111707109,0.43371747097630897,-0.11338757516077642,-2.759126781342517,0.9434014698295973,1,2,0.7270952463150024,-1.4214330476573487,1.7640884558307093,-2.552070756951803,-1.2731569449054163,-0.6619299093829554,-0.0005883476114831865,5.10468271386344e-05,-0.0,-0.0,-0.00010095267498400062,-0.02928556315600872,1789113723.371216
2640.341,-0.3190402440679688,-0.49930154491463136,0.43373097786177417,-0.11309255310694474,-2.7590466286954323,0.9433678694634949,1,2,0.7271192073822021,-1.4214330476573487,1.7640660444842737,-2.5520903072752894,-1.27317983308901,-0.6621177832232874,-4.562189133139327e-05,0.0,-0.0,3.4277422260043646e-15,-5.891020031801275e-31,-0.0037248192820698023,1789113723.4712834
2640.441,-0.3190338549850069,-0.4992912736767974,0.43376889037425626,-0.09931491177709419,-2.756945160689397,0.9409573302369472,1,2,0.7271119952201843,-1.4214845907739182,1.7640627066241663,-2.552138944665426,-1.273172680531637,-0.6720231215106409,0.00010896178719121963,-0.00014450536400545388,-0.0,-0.00045740697532892227,-0.0,-0.308862566947937,1789113723.571191
2640.5409999999997,-0.3190778738072642,-0.4992657115206637,0.4337624800229734,-0.020951657318001953,-2.744297650172464,0.926329235057493,1,2,0.727024495601654,-1.4214725208333512,1.7640765349017542,-2.5521909199156703,-1.2731569449054163,-0.7288478056537073,-0.001965797506272793,-5.150596552994102e-05,-0.0,-0.00017781328642740846,-2.1057620864293388e-19,-0.7222258448600769,1789113723.6712945
2640.641,-0.3190849925782472,-0.4992353976993991,0.4337961127721907,0.06271107239784986,-2.728496680796907,0.9099800091268452,1,2,0.7269788980484009,-1.4215442848256608,1.7641008535968226,-2.552230020562643,-1.2731712500201624,-0.790112320576803,-1.9499220345061726e-19,-0.0018885829485952854,-0.0,7.821298027010926e-07,-0.0,-0.4547155499458313,1789113723.771227
2640.741,-0.31908021858288543,-0.4992250114514322,0.43387372004244573,0.08941065427976705,-2.722827663462606,0.9047956521685646,1,2,0.7269598245620728,-1.4216199082187195,1.7640546003924769,-2.5522996387877406,-1.2731054464923304,-0.8097694555865687,0.00011535062367329374,-0.00017584720626473427,-0.0,-0.0005915550282225013,-3.767835962953884e-21,0.0006469701183959842,1789113723.8712628
2640.841,-0.3190697470722154,-0.4992442191714401,0.43388812821736217,0.08952816522436223,-2.7226797465870947,0.9048506261675532,1,2,0.7270028591156006,-1.421597034936287,1.7640364805804651,-2.552438875237936,-1.2731402556048792,-0.8098052183734339,0.0,0.0,-0.00016995218174997717,-0.0019127369159832597,-0.0,3.048051439691335e-05,1789113723.9712548
2640.941,-0.31891031121552926,-0.4991775612129206,0.43473999873374497,0.0904399998605443,-2.7188965796211715,0.9074573018082345,1,2,0.7270988821983337,-1.4223428529552002,1.7640069166766565,-2.555443426171774,-1.2731402556048792,-0.8098381201373499,0.0009367683087475598,-0.015574684366583824,-0.00013110692088957876,-0.10839840024709702,-0.0,1.8216880036222622e-44,1789113724.0712306
2641.0409999999997,-0.3190206046976844,-0.4992895148301116,0.4390521336370204,0.0961031384821092,-2.689933964534993,0.9268958865890867,1,2,0.7270916700363159,-1.423223839407303,1.7640522162066858,-2.5833732090392054,-1.273160759602682,-0.8099048773394983,0.00011419300426496193,-0.00048499598051421344,-0.0,-0.4412382245063782,-0.0,-0.0001502965751569718,1789113724.1712327
2641.141,-0.31932941130948805,-0.4996651822156477,0.446530990939011,0.10663202072069237,-2.6346572936119554,0.9628560995200468,1,2,0.7271623015403748,-1.423153207903244,1.7640817801104944,-2.6380793056883753,-1.2731455008136194,-0.8099201361285608,0.00042882547131739557,0.0,0.00016771057562436908,-0.5835341811180115,-6.214477616595104e-05,-0.00012074849655618891,1789113724.271264
2641.241,-0.31931404637618266,-0.49975883390509496,0.4534586297012533,0.11607536021953287,-2.5835112865857126,0.9946711103091627,1,2,0.7272463440895081,-1.4231842023185273,1.7640908400165003,-2.6881891689696253,-1.2731369177447718,-0.809943977986471,0.00043842155719175935,5.4246949730440974e-05,0.000253686448559165,-0.3589070439338684,-5.927492504093976e-43,-0.00013755504915025085,1789113724.371204
2641.341,-0.31880936245314706,-0.49999107216625516,0.45498264881319816,0.11942768630237195,-2.5713409816302137,1.0024621069950126,1,2,0.7281226515769958,-1.4231806558421631,1.7644570509540003,-2.7005955181517542,-1.2731249968158167,-0.8099525610553187,0.0228411965072155,7.006492321624085e-45,0.016250329092144966,0.0010210351319983602,-0.0,-0.000120520569907967,1789113724.4711971
2641.441,-0.31660750603317844,-0.5004956661550116,0.4519341427541261,0.12256217710128571,-2.578167165460947,0.9999346231427763,1,2,0.7313504219055176,-1.4231926959804078,1.7704666296588343,-2.7005473575987757,-1.2730849424945276,-0.80994159380068,0.04271002858877182,1.0930128021733573e-43,0.09549712389707565,0.00016408321971539408,-2.581500247422745e-29,-0.0001675532985245809,1789113724.571234
2641.5409999999997,-0.3142398162016782,-0.5003447240879181,0.4465905492155525,0.12408586148972756,-2.589449479270686,0.9942820039983427,1,2,0.7339377403259277,-1.4232561004212876,1.7811010519610804,-2.7005845508971156,-1.2730887571917933,-0.8099449316607874,0.005081530660390854,-0.0004537597706075758,0.09980597347021103,-0.00025797527632676065,-0.0,-6.516254507005215e-05,1789113724.6712446
2641.641,-0.31326548329802945,-0.4995283700756757,0.44246256915069593,0.12276147203109918,-2.5978512398776656,0.9891953376544549,1,2,0.7340168952941895,-1.4235315334847947,1.7895944754229944,-2.7006198368468226,-1.273064915333883,-0.8099449316607874,0.00017903305706568062,-0.008804159238934517,0.06266618520021439,-0.0022355266846716404,0.0007696269894950092,-8.316860528598865e-39,1789113724.7712834
2641.741,-0.3126253027300408,-0.4989313840731202,0.4432066535257152,0.12290413450721376,-2.59665926404795,0.9899017596384961,1,2,0.7339978218078613,-1.4260130685618897,1.7909024397479456,-2.70060457805776,-1.2730887571917933,-0.8099330107318323,-0.000344767642673105,-0.030325504019856453,0.0,-8.500635158270597e-05,-2.1249363271635957e-05,-0.0,1789113724.8712034
2641.841,-0.3124349401994609,-0.49876932947423824,0.44351021192305445,0.12306061199752252,-2.5961279389013536,0.9901980851683481,1,2,0.7340133190155029,-1.42677195489917,1.7911503950702112,-2.7005988560118617,-1.2731011549579065,-0.809976879750387,-5.709343895432539e-05,-0.00014512031339108944,0.01255867537111044,0.001576686161570251,-8.925880683818832e-05,-2.6952406528835127e-07,1789113724.9712577
2641.941,-0.31187120803613816,-0.49826795264497814,0.4407664882276946,0.12208133548204336,-2.601744599556573,0.986736877761751,1,2,0.7340253591537476,-1.4267395746758957,1.7965353170977991,-2.700531621972555,-1.2731125990497034,-0.8099606672870081,-0.0,0.0003717546060215682,0.09938233345746994,0.0001711491495370865,-9.811903929540707e-17,-0.0,1789113725.0712817
2642.0409999999997,-0.3105612887555182,-0.4970722697733207,0.4346250185802536,0.11998169480665287,-2.6141140946412085,0.9790730576085852,1,2,0.7340013980865479,-1.4267167013934632,1.808756176625387,-2.7006670437254847,-1.2730734984027308,-0.8100045363055628,0.0,4.184302451903932e-05,0.11916287988424301,-0.0031405785121023655,-0.0,-0.0003826695028692484,1789113725.171288
2642.141,-0.30969457702747344,-0.49626450058863103,0.4307362802413058,0.11859601402520484,-2.6219167255550295,0.9741166489681503,1,2,0.7339736819267273,-1.4267514509013672,1.8165796438800257,-2.70078768352651,-1.2731087843524378,-0.8100321928607386,-8.576370419177692e-06,-1.093347427762483e-35,0.03843994811177254,-0.00019273707584943622,-0.0,-0.00022198620717972517,1789113725.271253
2642.241,-0.3095849997328528,-0.4961984047674958,0.4304562169054836,0.1186851993972048,-2.6221313345008905,0.9739995207111697,1,2,0.7340133190155029,-1.4267838460258027,1.8173096815692347,-2.701273580590719,-1.2730901877032679,-0.8100803534137171,-5.605193857299268e-45,-0.00039143735193647444,-6.101966937421821e-05,-0.0220560934394598,-0.0,-0.00017311915871687233,1789113725.3712835
2642.341,-0.3095768593839493,-0.4962077793860193,0.4306020255740853,0.11893830546871698,-2.6209750694364384,0.9747059262607956,1,2,0.7340372800827026,-1.426774339084961,1.817324463521139,-2.702425619164938,-1.2731087843524378,-0.8100994269000452,0.00012067781062796712,3.0213594072847627e-05,-0.0,-0.00046840737923048437,-0.0,-0.00012954440899193287,1789113725.4712842
2642.441,-0.30956453114831406,-0.49621034271750497,0.4305354310501436,0.11893224249591862,-2.62110155974591,0.9745631407477521,1,2,0.7340648174285889,-1.426739589577057,1.8174117247210901,-2.702409883538717,-1.2731645742999476,-0.8101084868060511,2.3306195946998992e-26,6.252798630157486e-05,0.0013417114969342947,-0.00011940285912714899,-0.00012842925207223743,-9.105295612243935e-05,1789113725.5712607
2642.5409999999997,-0.3096060168791592,-0.4961962631550365,0.4305157617890307,0.11879992719541604,-2.621133795970979,0.9744901051082008,1,2,0.7340013980865479,-1.426703543668129,1.8174050490008753,-2.7023941479124964,-1.2731917540179651,-0.8100884596454065,0.0,0.0002207745856139809,0.00015067881031427532,-2.168762330256868e-05,-0.00022038853785488755,-5.424702612799592e-05,1789113725.6712375
2642.641,-0.3095975443930256,-0.49619734676006494,0.4304983807453846,0.11878380678430399,-2.6211840404186684,0.9744991064415789,1,2,0.7340096831321716,-1.4266999524882813,1.8174365202533167,-2.7023941479124964,-1.273172680531637,-0.8100646177874964,0.0,1.7287169612245634e-05,2.7449734261608683e-05,-0.0,-6.689259316772223e-05,-0.0,1789113725.7712102
2642.741,-0.3096148694153439,-0.49618891973631796,0.430447472006966,0.11875881574285725,-2.6212806673056908,0.9743186789530973,1,2,0.7339893579483032,-1.426664189701416,1.8174808661090296,-2.7023421726622523,-1.2732399145709437,-0.8101118246661585,-0.0002291982964379713,0.0002554568345658481,0.002429637359455228,6.569402640207538e-23,-0.0010929075069725513,-0.0,1789113725.8712327
2642.841,-0.3094783782347143,-0.49606390573403825,0.42976773274058355,0.11844007841387039,-2.6226598191084904,0.9734054316238707,1,2,0.7339966297149658,-1.4266126912883301,1.8187759558307093,-2.702334543267721,-1.273297135029928,-0.810068432484762,-0.00015988048107828945,0.00017401216609869152,0.022814001888036728,9.343770943814889e-05,-0.0004038287734147161,-0.0,1789113725.9712255
2642.941,-0.3091014298829477,-0.4957066111617674,0.42810195959284447,0.11782606231239441,-2.6260345273029424,0.9711840734332522,1,2,0.7339845895767212,-1.4266317647746583,1.822120491658346,-2.702323099175924,-1.2733591238604944,-0.8100922743426722,-5.371546285459772e-05,7.526358240284026e-05,0.04097385331988335,3.252297519837355e-14,-0.00011110829655081034,-0.0,1789113726.0712235
2643.0409999999997,-0.30867186426768506,-0.4953187048175324,0.42621636131155805,0.11717095995750874,-2.6298622983769206,0.9687853290550174,1,2,0.7339809536933899,-1.426604227428772,1.8258689085589808,-2.7023455105223597,-1.2733400503741663,-0.8101008574115198,0.0,9.420698188478127e-05,0.03061351366341114,0.0,-6.961247709114105e-05,-0.0,1789113726.1712103
2643.141,-0.30852544333462134,-0.4951675957622201,0.42549117341569487,0.11688789027471815,-2.6313612926348995,0.967839680786904,1,2,0.7339532375335693,-1.4265732330134888,1.8272770086871546,-2.7023102245726527,-1.2733247915851038,-0.8101084868060511,0.0,5.1532355428207666e-05,0.0007210418698377907,0.0,-0.0,-0.0,1789113726.2712452
2643.241,-0.30852529258798245,-0.4951592279474913,0.4254941653385106,0.1168278902963663,-2.63136057546724,0.9678336115776096,1,2,0.7339449524879456,-1.426592306499817,1.8272917906390589,-2.7023102245726527,-1.2733400503741663,-0.8100765387164515,-1.401298464324817e-45,2.2658448870060965e-05,0.0001095764891942963,0.0,-0.0,-0.0,1789113726.3712618
2643.341,-0.30852615305498615,-0.49515249326255273,0.4255030290175685,0.11677899819548963,-2.6313511213561034,0.9678390372802679,1,2,0.7339364886283875,-1.426611379986145,1.82729417482485,-2.7023068867125453,-1.273348633443014,-0.8100493589984339,-0.0002690502442419529,8.88424547156319e-05,0.00035665775067172945,0.0,-0.0,-0.0,1789113726.4712982
2643.441,-0.3085591616820194,-0.4951363818984746,0.42545046897324806,0.11669687013951825,-2.6314337634622547,0.9677370967197139,1,2,0.7338777184486389,-1.4265647393516083,1.827346150075094,-2.7023054562010707,-1.273360554371969,-0.8100646177874964,-0.00017439293151255697,0.00017499286332167685,0.00013896074960939586,1.9000419015924308e-08,-8.267660939516421e-44,-0.0,1789113726.5712972
2643.5409999999997,-0.3085787406770839,-0.4951350886309923,0.42544759298861257,0.11669586763449405,-2.631421541876151,0.9677110187271445,1,2,0.733853816986084,-1.4265407782844086,1.827324692402975,-2.7023054562010707,-1.273367706929342,-0.8100913206683558,-0.00017553401994518936,0.00010498058691155165,2.2293849610832694e-07,6.043881512596272e-05,-0.0,-0.0,1789113726.671284
2643.641,-0.3085897568260729,-0.49512514359127757,0.4254436010895915,0.11659512082556107,-2.6314452612100525,0.9677191739514664,1,2,0.7338262796401978,-1.4265443992665787,1.8273361364947718,-2.7023021183409632,-1.273360554371969,-0.8100407759295862,-0.00014327364624477923,4.867455327683956e-09,-0.0,2.802596928649634e-45,-0.0,-0.0,1789113726.771309
2643.741,-0.3085682301254933,-0.4951299039410628,0.42546625542824,0.11671627828976186,-2.6313665461080773,0.9677357281607746,1,2,0.733860969543457,-1.4265754979899903,1.8273327986346644,-2.702330251733297,-1.2733762899981897,-0.8100960890399378,-4.095565600437112e-05,0.0,-0.0,0.0,-0.0,-0.0,1789113726.8713014
2643.841,-0.3086137175139796,-0.49510443598577364,0.42544918939442466,0.11649627739201782,-2.6313111398135978,0.9674495155143075,1,2,0.7338142991065979,-1.4265564245036622,1.8273361364947718,-2.7023335895934046,-1.2736194769488733,-0.8100755850421351,-0.0009261946543119848,0.0,-0.0,0.0,-0.010317102074623108,-0.0,1789113726.971242
2643.941,-0.30905114140485307,-0.4948284531906013,0.42540894014723096,0.11485680026260656,-2.630855393158129,0.9657482913908679,1,2,0.7331547141075134,-1.426533581023552,1.8273213545428675,-2.7022868595519007,-1.2749593893634241,-0.8100374380694788,-0.006496615242213011,0.0,4.3567008106037974e-05,0.0,-0.0021478382404893637,-0.0,1789113727.071244
2644.0409999999997,-0.3090676635415863,-0.4948004229208036,0.4254151715795558,0.11479153734493674,-2.6307941995277195,0.9657658394945605,1,2,0.73309725522995,-1.4265683454326172,1.8273642698871058,-2.7023455105223597,-1.2749560515033167,-0.8100374380694788,0.0004090062284376472,0.0,7.016437302809209e-05,0.0,-0.00014133691729512066,-0.0,1789113727.1712987
2644.141,-0.3090824278598944,-0.49478752186728914,0.4254375235445371,0.11480912763615839,-2.630697823264073,0.9657916436390206,1,2,0.7330625057220459,-1.426587553029396,1.8273542563067835,-2.70239319423818,-1.2749560515033167,-0.8100755850421351,0.00011818378698080778,3.420740509829526e-39,5.9381422033766285e-05,-0.0002453153720125556,-2.864532416971545e-17,-0.0,1789113727.2712986
2644.241,-0.30905452826737,-0.49479185390312364,0.42542884025568495,0.11483146993032917,-2.630703520092089,0.9658135723654625,1,2,0.7331020832061768,-1.426604227428772,1.8274005095111292,-2.70243038753652,-1.2749593893634241,-0.8100526968585413,0.00010831632243935019,-0.00011092925706179813,5.004333606482625e-24,-0.0009430301724933088,-0.0,-0.0,1789113727.3712893
2644.341,-0.3090685499320034,-0.49478580706234254,0.42547736197818997,0.11482494178938744,-2.6305243596248378,0.9659394813076532,1,2,0.7330745458602905,-1.426623435025551,1.827357594166891,-2.7025462589659632,-1.2749436537372034,-0.8100445906268519,1.9043171671794884e-22,-3.7094094295753166e-05,-1.6551117301786406e-13,-0.0009139010799117386,-0.0,-0.0,1789113727.4713144
2644.441,-0.3090446085133005,-0.49479308854749715,0.4257090722714339,0.11518382353980583,-2.6288662017375435,0.9670477206959192,1,2,0.7331057190895081,-1.426659272318222,1.827388111745016,-2.7041856251158656,-1.2749126593219202,-0.8100445906268519,0.0,-3.941129510138119e-39,-0.0,-0.020469358190894127,-0.0,-0.0,1789113727.5713105
2644.5409999999997,-0.30904527485381506,-0.4948058505467597,0.4262856633901708,0.11592979189738849,-2.6247303159511155,0.9697093018050742,1,2,0.7331140041351318,-1.4266832780889054,1.8273780981646937,-2.7082272968687953,-1.2748926321612757,-0.810028378163473,0.0,-0.00011785700917243958,0.0002925624721683562,-0.05641467124223709,-2.3566894138354324e-24,-0.0,1789113727.6713166
2644.641,-0.3089950550616852,-0.49478545443729566,0.4271728205054872,0.1173492605657539,-2.617122002599275,0.9744894404905852,1,2,0.7331415414810181,-1.4267034840634842,1.8277953306781214,-2.716086050073141,-1.2749117056476038,-0.8100517431842249,0.00014273470151238143,-0.0007574319024570286,0.00808447040617466,-0.09458956122398376,-0.0,-0.0,1789113727.771311
2644.741,-0.3087957552791956,-0.49459964894055225,0.42729339043438913,0.11832599659633111,-2.6114608566314814,0.9780703655889422,1,2,0.7331224679946899,-1.4267274600318451,1.8296154181109827,-2.723442693749899,-1.274895970021383,-0.8100321928607386,2.213335392298177e-05,-0.00027472840156406164,0.029692405834794044,-0.02970246598124504,-0.0,-0.0,1789113727.8712583
2644.841,-0.30806167859722916,-0.4939694759698477,0.42437321900741054,0.11734499425575518,-2.617274207385692,0.9744523441674589,1,2,0.7331655621528625,-1.4267874223044892,1.835606877003805,-2.7236882648863734,-1.2749078909503382,-0.8100135962115687,-4.1250556068514e-21,-0.00030214869184419513,0.10034740716218948,-0.00042339370702393353,-0.0,-0.0,1789113727.9713173
2644.941,-0.305948006052417,-0.49203584883537765,0.4159044844787716,0.11450325538091394,-2.633406092476398,0.9642621708787849,1,2,0.7331224679946899,-1.4268197578242798,1.8531587759601038,-2.725365778008932,-1.2748993078814905,-0.810035530720846,0.0,-0.00029765604995191097,0.23944620788097382,-0.06416724622249603,-0.0,-0.0,1789113728.0713038
2645.0409999999997,-0.30291528653935046,-0.48931931851929233,0.4074442433392848,0.114679872528727,-2.6329693173425386,0.9646800485201432,1,2,0.7331057190895081,-1.4269584876349946,1.8773158232318323,-2.749852319756979,-1.2748482863055628,-0.8100207487689417,-1.296988049943722e-22,-0.001972258323803544,0.239846333861351,-0.4604642391204834,-0.0,-0.0,1789113728.1712184
2645.141,-0.3001833908754951,-0.48687769076550147,0.40653273160727654,0.12326153267065379,-2.5847676258033285,0.9948453887447137,1,2,0.7330541610717773,-1.4270315927318116,1.8985479513751429,-2.8182555637755335,-1.2748516241656702,-0.8100207487689417,-0.00011101926793344319,-0.0036384817212820053,0.1649198681116104,-0.8340316414833069,1.1803201645232964e-12,1.465155635344099e-40,1789113728.2712119
2645.241,-0.29753169073589997,-0.48457140749219596,0.4133528794345139,0.13613382502718832,-2.5095324433407393,1.039589676325398,1,2,0.733069658279419,-1.4299415808967133,1.9113171736346644,-2.901252409020895,-1.2748311201678675,-0.810000244771139,2.6645848265616223e-05,-0.06429249048233032,0.09283923357725143,-0.7385161519050598,0.0007982903043739498,9.092472464544699e-05,1789113728.3712769
2645.341,-0.29331540882353,-0.4808242832127583,0.4228556817901798,0.1457064233538847,-2.4504716773137485,1.0729320001306926,1,2,0.7330660820007324,-1.4423895490220566,1.9209664503680628,-2.9554249248900355,-1.2747166792498987,-0.8099201361285608,0.0001218414181494154,-0.1825801581144333,0.10682772845029831,-0.3306916356086731,0.0003228233545087278,0.0007592091569676995,1789113728.4711967
2645.441,-0.28641951851637404,-0.474594463838842,0.4288740390876283,0.14798835238669283,-2.434595492609367,1.0816380418123401,1,2,0.7330505847930908,-1.466967449789383,1.9377639929400843,-2.9629036388792933,-1.2747204939471644,-0.8098176161395472,3.105684299953282e-05,-0.2865596413612366,0.26027536392211914,0.0006223988020792603,0.00017913991177920252,0.0004751366504933685,1789113728.5712829
2645.5409999999997,-0.27584246624459646,-0.4650524973435791,0.4271792697752212,0.14693843868876005,-2.4408015123785742,1.0783900864458877,1,2,0.7330421209335327,-1.4983842980912705,1.975119415913717,-2.9629036388792933,-1.2746885458575647,-0.8098214308368128,7.42688186092153e-44,-0.32418036460876465,0.47955548763275146,9.759671956999227e-05,5.996409527142532e-05,0.00011878743680426851,1789113728.6712193
2645.641,-0.2648143294244587,-0.45503535121102706,0.4175029634992089,0.14319035012335854,-2.463021991550037,1.066283024007217,1,2,0.7329270839691162,-1.5251808551004906,2.0233853499041956,-2.9630352459349574,-1.2747004667865198,-0.8097980658160608,-0.0006235329201444983,-0.20427046716213226,0.4387160837650299,-0.0002746547688730061,0.0,2.0309567844378762e-05,1789113728.771269
2645.741,-0.25840495606443836,-0.44923342826296114,0.4085424603635431,0.14005154565670713,-2.482390250302556,1.0555242341988935,1,2,0.7328789830207825,-1.5375855353525658,2.055092159901754,-2.963686605493063,-1.274708096181051,-0.8098328749286097,3.272894900874235e-05,-0.05766451358795166,0.17026789486408234,-0.011417997069656849,0.0,0.0,1789113728.8711789
2645.841,-0.25728680914909413,-0.44825959486101763,0.4080072843510261,0.14060642688047392,-2.479291999178374,1.0572990825327837,1,2,0.7329221963882446,-1.5396316696754475,2.0599997679339808,-2.9695455036559046,-1.274712864552633,-0.8098252455340784,0.0,-0.0019253569189459085,-0.0003265583945903927,-0.14179754257202148,-0.00011009732406819239,0.0,1789113728.9712842
2645.941,-0.25696929879528996,-0.4478997265524515,0.41181427415426275,0.14510810034980656,-2.450359460146527,1.0732166386755417,1,2,0.7327818870544434,-1.5396423668465395,2.060003105794088,-2.997336050073141,-1.2747371832477015,-0.8098376433001917,-0.0034432022366672754,-7.11128959665075e-05,-2.8306228979361305e-43,-0.38595929741859436,-0.00019485550001263618,0.0,1789113729.07123
2646.0409999999997,-0.2562094547609757,-0.4472065607095177,0.4180314300762477,0.15254032493414488,-2.4025846640890896,1.0987908293641877,1,2,0.7327184677124023,-1.5396112960628052,2.0599992910968226,-3.0431133709349574,-1.274764362965719,-0.809821907673971,-7.564353200537745e-25,1.1591619413395498e-16,0.0001156256694230251,-0.49164435267448425,-9.927890641847625e-05,0.0,1789113729.1711817
2646.141,-0.2551066526257116,-0.4462872521514715,0.42453143429939083,0.16041503814992555,-2.3518815816813556,1.1249331866041756,1,2,0.7327663898468018,-1.5396148723414917,2.0600574652301233,-3.091490407983297,-1.2747371832477015,-0.8098490873919886,0.00015313547919504344,0.0,0.0001480762002756819,-0.45770248770713806,-9.472777618835763e-43,0.0,1789113729.2712755
2646.241,-0.2540921462617456,-0.44540539607309604,0.42962986761508176,0.16644619678333553,-2.3116003174323025,1.1448603078957078,1,2,0.7327700257301331,-1.539621989508607,2.06006890932192,-3.1296965084471644,-1.274747673665182,-0.8098843733416956,-4.587822208144921e-34,0.0,0.00029982690466567874,-0.26863032579421997,-0.0,0.0,1789113729.3711913
2646.341,-0.2537428842356103,-0.4451302296355149,0.43105454870959703,0.16819906455922384,-2.2999944515044017,1.150528584703387,1,2,0.7328143119812012,-1.5396112960628052,2.0601561705218714,-3.140789648095602,-1.2747367064105433,-0.8098772207843226,0.0001478784397477284,0.0,0.0013622044352814555,-0.0004782890609931201,-0.0,0.0,1789113729.4711883
2646.441,-0.2536606089517808,-0.44504724475335555,0.43068163952466954,0.16804540941490215,-2.3008112725602827,1.1501221228364356,1,2,0.732803463935852,-1.5395958342454215,2.060934368764059,-3.1408101520934046,-1.274752442036764,-0.8098652998553675,0.0001183464628411457,6.186407456114548e-26,0.0123972799628973,-9.310035238740966e-05,-0.0,0.0,1789113729.5712817
2646.5409999999997,-0.2533959692843236,-0.4448403656794979,0.42994387316227184,0.16797441262632118,-2.30185922348813,1.149656440684199,1,2,0.732846736907959,-1.539630488758423,2.0627573172198694,-3.1416145763792933,-1.2747367064105433,-0.8098772207843226,0.00020550607587210834,0.0,0.025177648290991783,-0.006796805188059807,-0.0,0.0,1789113729.6712794
2646.641,-0.2527545955433872,-0.44430514990750153,0.4278879796124032,0.1675535961883329,-2.3054017971238925,1.1479765754084925,1,2,0.73291015625,-1.5396663353643198,2.067545239125387,-3.143022199670309,-1.274747673665182,-0.8098891417132776,0.00019850600801873952,-8.037109364522621e-05,0.062416888773441315,-0.044573958963155746,-0.0,0.0,1789113729.7712517
2646.741,-0.2516805675306061,-0.44332957562405123,0.4263433487117071,0.16826206433530777,-2.300405403450414,1.1504483014564926,1,2,0.7328742742538452,-1.5396459505758067,2.0739477316485804,-3.1541859112181605,-1.274712864552633,-0.8098652998553675,4.6630699216620997e-05,-2.7522713935468346e-05,0.06399443745613098,-0.169108584523201,-0.0,0.0,1789113729.8713107
2646.841,-0.25034376974619477,-0.4421345645380699,0.4259030813666444,0.17024682061057825,-2.2866918817413207,1.1570179446662767,1,2,0.7328670620918274,-1.5396233846298237,2.0803116003619593,-3.1735340557494105,-1.2747405211078089,-0.8098652998553675,0.0,0.0,0.0729784443974495,-0.19591429829597473,-0.0,0.0,1789113729.9713156
2646.941,-0.24848737980879732,-0.4404994952618366,0.42381633367688903,0.17179969847156026,-2.2763309011942425,1.1620314855460412,1,2,0.7328897714614868,-1.5396340054324646,2.0903967062579554,-3.1934148273863734,-1.274712864552633,-0.8098457495318812,0.0,0.0,0.13839253783226013,-0.212923064827919,-0.0,-4.034214740045172e-08,1789113730.0712411
2647.0409999999997,-0.2455196350571801,-0.4378253495205848,0.4180932258018447,0.17228776613319371,-2.2728722623855,1.1636886614576087,1,2,0.7328585982322693,-1.5396148723414917,2.108885113392965,-3.215191503564352,-1.2747438589679163,-0.8098376433001917,0.0,0.0,0.2156737893819809,-0.21101900935173035,-0.0,-0.0,1789113730.1712377
2647.141,-0.24185553781929015,-0.43452054725023087,0.4100586300379479,0.17185478905791468,-2.27581340155576,1.1623767267277338,1,2,0.7328143119812012,-1.5396233846298237,2.1322882811175745,-3.235828538934225,-1.2747486273394983,-0.8098104635821741,-0.00019500542839523405,0.0,0.23746323585510254,-0.2306540608406067,-0.0,-0.0,1789113730.271232
2647.241,-0.2383413137289422,-0.4313838846606571,0.40423442007876326,0.17272799024491986,-2.270309618414866,1.1650299749474835,1,2,0.7328179478645325,-1.5396148723414917,2.152414623891012,-3.261163373986715,-1.2747557798968714,-0.8098328749286097,-8.127601176965982e-05,0.0,0.17819927632808685,-0.24927957355976105,-0.0,-0.0,1789113730.3712492
2647.341,-0.23561725720670498,-0.42893541416212455,0.3991035224546014,0.17272115277686062,-2.270405536192336,1.165057583358381,1,2,0.732793927192688,-1.5396029514125367,2.1684520880328577,-3.2771383724608363,-1.274745289479391,-0.8098138014422815,-1.5938560692617398e-13,0.0,0.11959870904684067,-0.061986394226551056,-0.0,-0.0,1789113730.471288
2647.441,-0.23474627487817748,-0.42819416149261896,0.39665025986848246,0.17210926581224992,-2.275551209987493,1.1626778574732284,1,2,0.7328575849533081,-1.5396148723414917,2.174202267323629,-3.278027673760885,-1.2747405211078089,-0.8098414579974573,4.944255852024071e-05,2.053681055258494e-05,0.009836539626121521,-0.0004940814687870443,-0.0,-0.0,1789113730.5713081
2647.5409999999997,-0.23477717393856978,-0.4281503419221607,0.39670970555529134,0.17201050775586044,-2.2749837946900087,1.1628707222745949,1,2,0.7327471375465393,-1.5396065146527071,2.1742213408099573,-3.278576990167135,-1.2747681776629847,-0.8098138014422815,-0.00026426007389090955,-1.4155158169160131e-05,-0.0,-0.022631585597991943,-0.0,-0.0,1789113730.6713243
2647.641,-0.23444101199537593,-0.42788403116009444,0.39800694666268965,0.17358582796781233,-2.2645531863156365,1.1677847624286093,1,2,0.7327939867973328,-1.539614887242653,2.1742098967181605,-3.2883945904173792,-1.2747681776629847,-0.8098414579974573,-5.459673411678523e-05,0.0,-0.0,-0.20432496070861816,-0.0,-0.0,1789113730.7713344
2647.741,-0.23331211127112106,-0.4268970503441882,0.40227984755027496,0.17852031523304923,-2.2297389055628196,1.1838368349053887,1,2,0.7328022718429565,-1.5396269124797364,2.174210850392477,-3.3211552105345667,-1.2747681776629847,-0.8098600546466272,0.0001122249523177743,0.0,-4.559942728129728e-18,-0.45059090852737427,-0.0,-0.0,1789113730.8712153
2647.841,-0.2314551559021403,-0.4252512580582557,0.40851705197929394,0.18561845078448796,-2.177727429594244,1.2069518615122463,1,2,0.7327867746353149,-1.5395873592099925,2.1742427984820765,-3.3700229130186976,-1.274771515523092,-0.809845272694723,7.520084909629077e-05,0.0,0.00010150181333301589,-0.46915897727012634,-0.0,-0.0,1789113730.9713094
2647.941,-0.23013457069813006,-0.4240975864997758,0.4124775253175397,0.19010383026436412,-2.1442846878275907,1.2213195738603768,1,2,0.7328022718429565,-1.5396065034768363,2.1742199102984827,-3.4012633762755335,-1.2747486273394983,-0.809829060231344,4.4974674212505004e-41,0.0,9.798052633414045e-05,-0.11753686517477036,-0.0,-0.0,1789113731.0713136
2648.0409999999997,-0.23005172039332294,-0.4240454172166741,0.412524764015536,0.19030323877297414,-2.143104860503665,1.2218096076224711,1,2,0.7328419089317322,-1.5395153921893616,2.1744101683246058,-3.4026433430113734,-1.274771515523092,-0.809845272694723,1.0865669528748801e-24,0.00048773997696116567,0.0021207830868661404,0.0001584809651831165,-0.0,-0.0,1789113731.1713011
2648.141,-0.22994781862383476,-0.42394621361473206,0.41218540723064073,0.1901848770230816,-2.1438556115980685,1.221482664041214,1,2,0.7328346371650696,-1.5395154070905228,2.175206009541647,-3.402736803094381,-1.2747834364520472,-0.8098414579974573,0.0,0.00012156035518273711,0.02021736279129982,6.888096686452627e-05,-0.0,-0.0,1789113731.2712817
2648.241,-0.22932280299290794,-0.42337973252963856,0.4100760658785564,0.18950887192221577,-2.1490187570020463,1.219328252990394,1,2,0.7328227758407593,-1.5395224590650578,2.179991070424215,-3.4026972256102503,-1.2747681776629847,-0.8098376433001917,0.0,0.00011870517482748255,0.08120670914649963,0.0,-0.0,-0.0,1789113731.371301
2648.341,-0.22771876455904333,-0.4219529789965748,0.4048317913097022,0.18786390444400497,-2.161843436095546,1.2139152560685256,1,2,0.7328454852104187,-1.5395068687251587,2.1919077078448694,-3.4026504955687464,-1.274771515523092,-0.809845272694723,0.0,4.0951737901195884e-05,0.16037383675575256,0.0,-0.0,-0.0,1789113731.471207
2648.441,-0.22531662827165427,-0.4197434680607389,0.397184558515134,0.1852889870036439,-2.1805734969472437,1.2058308089461254,1,2,0.7327591776847839,-1.539513935600855,2.209442440663473,-3.402649065057272,-1.2747796217547815,-0.809845272694723,0.0,0.0,0.16757674515247345,0.0,-0.0,-0.0,1789113731.5712886
2648.5409999999997,-0.2236481388001554,-0.4182531806219976,0.392184711757067,0.1836604957147982,-2.1928951818107425,1.2005366960083736,1,2,0.7327628135681152,-1.5395272833159943,2.2209952513324183,-3.402666231194967,-1.2747405211078089,-0.8098252455340784,-0.00010574223415460438,0.0,0.057012077420949936,0.0,-0.0,-0.0,1789113731.671224
2648.641,-0.22347060714696868,-0.4181054278317196,0.39167630072443665,0.18350248831995736,-2.194180427795277,1.1999739540663357,1,2,0.7327854633331299,-1.5395308297923584,2.2221630255328577,-3.4026271305479945,-1.2747557798968714,-0.8098252455340784,-1.850596790941283e-40,0.0,-0.0,0.0,-0.0,-0.0,1789113731.7712882
2648.741,-0.22348230771266284,-0.418113234881775,0.3916385415836825,0.18351889270667118,-2.1943530828990556,1.1999214653998485,1,2,0.732771098613739,-1.539487925623991,2.222175900136129,-3.402520795861715,-1.2747095266925257,-0.809845272694723,-1.3588827811814573e-15,0.0,-1.1860423001053277e-05,0.001630148384720087,-0.0,-0.0,1789113731.8712838
2648.841,-0.22347606245948548,-0.4181236535428136,0.39158842480437095,0.18346137943041235,-2.1947196890514586,1.1997792527688524,1,2,0.7328022718429565,-1.539498497997858,2.222210709248678,-3.4022113285460414,-1.2747286001788538,-0.8098176161395472,0.0,0.00022478609753306955,0.00043372713844291866,0.0038489666767418385,-3.9182162578924643e-35,-0.0,1789113731.9712887
2648.941,-0.22351160861683966,-0.41814860493506795,0.3914669400189486,0.1833533118172703,-2.1954472111621213,1.1994745536790437,1,2,0.7327867150306702,-1.5394195590964337,2.222243134175436,-3.401644369164938,-1.274708096181051,-0.8098104635821741,0.00010217323870165274,0.0009666472324170172,0.0003024311736226082,0.009219295345246792,-0.0,-0.0,1789113732.0712922
2649.0409999999997,-0.22358947027290493,-0.41823674907739705,0.39117888235796605,0.18310204820923445,-2.197540284569756,1.1985570172438489,1,2,0.732821524143219,-1.539303020840027,2.222243134175436,-3.3998004398741664,-1.2747204939471644,-0.8098138014422815,-4.0977618482429534e-05,0.005298319272696972,0.00012977320875506848,0.055702418088912964,7.105278200469911e-05,-0.0,1789113732.171271
2649.141,-0.2240861128144344,-0.4186496475927767,0.389594585969442,0.18130646294472255,-2.2104468411154135,1.192821955523948,1,2,0.732771098613739,-1.5391951364329834,2.222231690083639,-3.387787004510397,-1.2746852079974573,-0.8098176161395472,-1.6314713469078868e-11,0.0001492725423304364,4.0747474838731534e-11,0.19412167370319366,5.424336902031883e-32,-0.0,1789113732.2712572
2649.241,-0.2250387322582905,-0.4195099562327671,0.38615961710491525,0.17738859800353995,-2.2387139228666566,1.1800617416098433,1,2,0.7328094840049744,-1.5391795572689553,2.222224537526266,-3.361246248284811,-1.2746971289264124,-0.8097909132586878,0.0,9.381751442560926e-05,-0.0,0.36414283514022827,0.0,-0.0,1789113732.371324
2649.341,-0.2266934952924395,-0.4209516140991597,0.37952297295231335,0.16976033727747275,-2.2922925805308814,1.1549237621424402,1,2,0.7327903509140015,-1.5391520907035847,2.2222469488727015,-3.310765405694479,-1.2747004667865198,-0.8098176161395472,0.0,0.0,-0.0,0.6274769306182861,0.0,-0.0,1789113732.4712253
2649.441,-0.22862498789440078,-0.42261574298856713,0.36992312546919953,0.15843943271066854,-2.368244546167562,1.1172969970164142,1,2,0.7327556014060974,-1.5391710561564942,2.222224537526266,-3.238680501977438,-1.274712864552633,-0.8098142782794397,0.0,0.0,-0.0,0.7815331220626831,0.0,-0.0,1789113732.5713143
2649.5409999999997,-0.23015590415325157,-0.42391806325363734,0.3590750459118784,0.1453146736629385,-2.451991614898141,1.0729224395344226,1,2,0.732733964920044,-1.539207176571228,2.2221954504596155,-3.158536573449606,-1.2747486273394983,-0.8098052183734339,-0.00156106345821172,-7.713607919868082e-05,-0.0005059284740127623,0.7334922552108765,-0.0007511006551794708,-0.0,1789113732.6712575
2649.641,-0.23090711188257226,-0.4245921235450625,0.34955021635506817,0.13369330720132383,-2.5238458247100826,1.032455508475708,1,2,0.7327950596809387,-1.5391830962947388,2.222238842641012,-3.0893284283080042,-1.2746685186969202,-0.8098247686969202,0.0025032286066561937,-0.00013336731353774667,1.9451877608656076e-10,0.6350656747817993,1.286442784476094e-05,0.0,1789113732.7713203
2649.741,-0.23118554275753286,-0.42481100104762587,0.3418930428396559,0.12388006803732972,-2.581080854356564,0.9983913790117814,1,2,0.7328058481216431,-1.5391866241446515,2.222203079854147,-3.0336648426451625,-1.2746565977679651,-0.8097775618182581,-1.1911036946760945e-43,0.0,-0.0,0.47163090109825134,0.0,1.3981886481939654e-10,1789113732.8712628
2649.841,-0.23119114000545674,-0.4247941085585239,0.3367174029367299,0.11715823235055549,-2.619340170688379,0.9746865188860524,1,2,0.7328094840049744,-1.5391675283065815,2.2222145239459437,-2.9962650738158167,-1.274637524281637,-0.8097813765155237,0.0,0.0,-0.0,0.2828431725502014,4.9855236284201965e-05,9.679869981482625e-05,1789113732.9713142
2649.941,-0.23113863193977938,-0.4247153024310326,0.33380480778307153,0.1132815441772828,-2.6408102450874225,0.9610092458948846,1,2,0.7327831387519836,-1.5391830962947388,2.222231690083639,-2.975158830682272,-1.2746408621417444,-0.8097975889789026,0.0,2.800796391966287e-05,-0.0,0.12137503921985626,0.0,7.319627457595242e-34,1789113733.0712197
2650.0409999999997,-0.23112513234072313,-0.4246968637018198,0.3334503611023921,0.11279887937966694,-2.64339993502473,0.9593283464128244,1,2,0.7327783107757568,-1.539198664282896,2.2222545782672327,-2.972612520257467,-1.2746527830706995,-0.8097975889789026,0.0,2.2997042833594605e-05,-0.0,0.00015066938067320734,0.0,0.0,1789113733.1713405
2650.141,-0.23112775503811128,-0.42469962487213603,0.33344267423710294,0.11279212086996579,-2.643448039950652,0.9593016994158831,1,2,0.7327783107757568,-1.5391866241446515,2.2222464720355433,-2.972570081750387,-1.274649445210592,-0.8097975889789026,0.0,-2.6620511593592443e-24,-0.0,6.761118129361421e-05,0.0,0.0,1789113733.2713046
2650.241,-0.2311253689347145,-0.4247021882501812,0.33344803627694297,0.11280590870298975,-2.643392202697394,0.9592936235056142,1,2,0.732793927192688,-1.5391830962947388,2.222243134175436,-2.9726158581175746,-1.2746875921832483,-0.8098009268390101,0.0,0.0,-0.0,0.0,0.0,0.0,1789113733.3712246
2650.341,-0.23111424082920307,-0.4247017080960518,0.3334229901265655,0.11278044437549439,-2.6434890637619537,0.9592504216578619,1,2,0.7328094840049744,-1.5391710561564942,2.222274128590719,-2.9725734196104945,-1.2746875921832483,-0.8097775618182581,0.0,0.0,-0.0,0.0,0.0,0.0,1789113733.4713004
2650.441,-0.231135869210125,-0.42470406382627096,0.33344240493168076,0.11273181680115875,-2.6434392383694783,0.9592985959955279,1,2,0.7327783107757568,-1.5391640377095719,2.2222283522235315,-2.972588201562399,-1.2746718565570276,-0.80975848833193,0.0,0.0,-0.0,0.0,0.0,0.0,1789113733.5712821
2650.5409999999997,-0.23111767844247327,-0.4247163925657956,0.333445222676972,0.11281971800977425,-2.6434104039722275,0.9592844037005446,1,2,0.7328323721885681,-1.5391591501287003,2.2222211996661585,-2.972607275048727,-1.2747066656695765,-0.8097813765155237,0.0,0.0,-0.0,0.0,0.0,0.0,1789113733.671351
2650.641,-0.23113061422738304,-0.4247084711312261,0.3334398718490078,0.11278108355474589,-2.6434325151183238,0.9592931571540279,1,2,0.7327939867973328,-1.5391556334546586,2.2222283522235315,-2.972598215142721,-1.2746756712542933,-0.8097813765155237,8.030419779685197e-33,0.0,-0.0,0.0,0.0,0.0,1789113733.7712777
2650.741,-0.23113605883970423,-0.42469973848648357,0.3334321074680086,0.11278493667632192,-2.6434640904254274,0.9592510688843277,1,2,0.732771098613739,-1.5391640302589913,2.222243134175436,-2.972561021844381,-1.2746723333941858,-0.8098123709308069,0.0,0.0,-0.0,1.5987024783837385e-15,0.0,0.0,1789113733.871212
2650.841,-0.23112817421626192,-0.42469976085476846,0.3334320428660455,0.11275710990677187,-2.643469702377587,0.9592751503896321,1,2,0.7327818870544434,-1.5391710561564942,2.2222545782672327,-2.9725734196104945,-1.2746685186969202,-0.8097775618182581,0.0,0.0,-0.0,0.0,0.0,0.0,1789113733.9712594
2650.941,-0.23114189837340832,-0.42470038584809006,0.3334431548705309,0.11275548711571909,-2.643446629559297,0.9592730499329707,1,2,0.7327628135681152,-1.5391710561564942,2.222224537526266,-2.972557683984274,-1.2746685186969202,-0.809793774281637,0.0,0.0,-0.0,0.0,0.0,0.0,1789113734.07133
2651.0409999999997,-0.23111747328061102,-0.4247028144760523,0.3334315105538249,0.11278703654704939,-2.6434619152396803,0.9592685505597639,1,2,0.7328058481216431,-1.539174535577633,2.2222617308246058,-2.9725834331908167,-1.274684254323141,-0.8097813765155237,0.0,0.0,-0.0,0.0,0.0,0.0,1789113734.1712224
2651.141,-0.23114447206110064,-0.42470115974602035,0.33345199259041813,0.11270668652401969,-2.643433015629918,0.9592845739145192,1,2,0.7327628135681152,-1.5391780522516747,2.2222111860858362,-2.972557683984274,-1.2746804396258753,-0.80975848833193,-8.181680821113062e-29,0.0,-0.0,0.0,0.0,0.0,1789113734.2713108
2651.241,-0.2311235060542467,-0.4247041388583891,0.3334541113999004,0.11276245395074995,-2.643399475845276,0.9593265467774941,1,2,0.7327975630760193,-1.5391900923899193,2.2222355047809046,-2.9726106129088343,-1.2746766249286097,-0.80975848833193,6.663339445367455e-05,0.0,-0.0,0.0,0.0,0.0,1789113734.3712456
2651.341,-0.2311583084604795,-0.42469842466017954,0.33357234120686796,0.1127565313379561,-2.64303506016821,0.9595186960852923,1,2,0.7327388525009155,-1.5392994967154046,2.2221158186541956,-2.9727236233153285,-1.274684254323141,-0.8097694555865687,-0.00011278597958153114,-0.0011589272180572152,-0.0008404430700466037,-0.0005498633254319429,0.0,0.0,1789113734.4713464
2651.441,-0.23115955439184888,-0.42471198716466757,0.33385075811030956,0.11293634475895778,-2.6422192444297368,0.9600791623877358,1,2,0.7327542901039124,-1.539590911274292,2.2218754927264612,-2.97300448040151,-1.2746604124652308,-0.8097694555865687,-1.0330915481426571e-26,-0.010465692728757858,-0.005764647386968136,-0.0029413665179163218,0.0,0.0,1789113734.5713727
2651.5409999999997,-0.23123563342643785,-0.4247893693266888,0.3361869561340459,0.11430946008614305,-2.634636072874238,0.96499620175436,1,2,0.7327579259872437,-1.5418594379774113,2.2199657599078577,-2.9763013325133265,-1.2746089140521448,-0.8097613493548792,0.0,-0.041902121156454086,-0.040176164358854294,-0.0934673622250557,0.0,0.0,1789113734.6713235
2651.641,-0.23193056401530773,-0.42542089634457636,0.34483179837084865,0.1196272782001677,-2.6044125204895106,0.9839915142374028,1,2,0.7327663898468018,-1.5482378036579867,2.211755100880758,-2.9913517437376917,-1.2746241728412073,-0.8097541967975062,0.0,-0.08273971825838089,-0.12767623364925385,-0.16945980489253998,0.0,0.0,1789113734.7713993
2651.741,-0.23338735837421365,-0.4267041018055605,0.35890894787241356,0.1268489202209877,-2.5620360510882882,1.0097513219356802,1,2,0.732733964920044,-1.5583696824363251,2.1953166166888636,-3.006103654901022,-1.2746599356280726,-0.8097732702838343,2.367098240465532e-30,-0.11656549572944641,-0.19457316398620605,-0.08958011865615845,1.5595370725070626e-14,0.0,1789113734.8713794
2651.841,-0.23514971723363384,-0.4282615308593297,0.3738086191315173,0.1325388470671625,-2.527362145174887,1.0301458678348459,1,2,0.7327184677124023,-1.5695301393610244,2.1744259039508265,-3.007695337335104,-1.274691406880514,-0.8097575346576136,-8.493486529914662e-05,-0.10314080119132996,-0.20702338218688965,-3.068864318889848e-15,0.0,0.0,1789113734.9713807
2651.941,-0.23762920039041008,-0.4298003707278992,0.38604085014749046,0.1354803199779201,-2.5001142123834543,1.0451839584997444,1,2,0.7316440343856812,-1.5761829815306605,2.154545609151022,-3.007308622399801,-1.2747605482684534,-0.8097131888019007,-0.02848522551357746,-0.007200760301202536,-0.19177010655403137,0.0026448259595781565,-0.0009917882271111012,0.0012353261699900031,1789113735.0714095
2652.0409999999997,-0.2426022725436075,-0.43055473345618156,0.39265153622924015,0.12842763291557546,-2.4888489000126555,1.048986632257618,1,2,0.7257835268974304,-1.576083322564596,2.1386235396014612,-3.0015937290587367,-1.27488881746401,-0.8086746374713343,-0.0883612334728241,0.00025029407697729766,-0.11808006465435028,0.18967784941196442,-0.00018486572662368417,0.027215253561735153,1789113735.1714518
2652.141,-0.24965375699751022,-0.4287103652480469,0.3893889939419174,0.1027761472220744,-2.52975127819582,1.019999458856069,1,2,0.7129674553871155,-1.576083322564596,2.131256405507223,-2.952690740624899,-1.2749236265765589,-0.8071396986590784,-0.16106973588466644,0.0,-0.03599707409739494,0.7578805088996887,-6.817102257627994e-05,0.0013289505150169134,1789113735.2714097
2652.241,-0.25851463165849237,-0.42403613813179103,0.3773608627734012,0.059302671033099455,-2.619047131109659,0.9573482992405732,1,2,0.6932814121246338,-1.5761109791197718,2.129617993031637,-2.8598185978331507,-1.2749269644366663,-0.8069480101214808,-0.24477677047252655,0.0,-0.00819092895835638,1.0082480907440186,-0.0,0.0013289733324199915,1789113735.3713317
2652.341,-0.2711697575347491,-0.4158130074409445,0.3662564411550612,-0.00034596056263977237,-2.7014635666143936,0.8916229012438746,1,2,0.6628480553627014,-1.5760957203307093,2.126392189656393,-2.7681385479369105,-1.2749007383929651,-0.8068965117083948,-0.3718472421169281,-5.933776265010238e-05,-0.05808304622769356,0.8016623258590698,-0.00012461055302992463,0.00018110749078914523,1789113735.4713662
2652.441,-0.288979007077472,-0.40410987971072043,0.3605434184431739,-0.0730947929322862,-2.752304640677515,0.8398623215661958,1,2,0.6202967166900635,-1.576089998284811,2.118277374898092,-2.698287149468893,-1.2749436537372034,-0.8068841139422815,-0.46501967310905457,3.447839480941184e-05,-0.11092092841863632,0.5894448161125183,-3.829558536949662e-08,8.491899643559009e-05,1789113735.5713544
2652.5409999999997,-0.30971287137257886,-0.3909120638083763,0.36071717452783647,-0.14816968888961404,-2.7739474733330187,0.8049895869526035,1,2,0.572451651096344,-1.5759998760619105,2.1034444014178675,-2.6480709515013636,-1.2749159971820276,-0.8069432417498987,-0.48801058530807495,0.0025267743039876223,-0.18155540525913239,0.453635573387146,-7.594833677162117e-15,0.0,1789113735.6713398
2652.641,-0.33132406878031967,-0.3775870067681225,0.36614496865971813,-0.21819893266317555,-2.7741817765490233,0.7837434453249537,1,2,0.5247471928596497,-1.5759641132750453,2.0814693609820765,-2.6108609638609828,-1.274947468434469,-0.8069518248187464,-0.46005040407180786,9.308951121056452e-05,-0.2466730773448944,0.2885596752166748,1.5560690371785313e-05,9.052336780804136e-35,1789113735.7712412
2652.741,-0.3511085644449734,-0.36565412438796635,0.37495443292122765,-0.2749845596313262,-2.7591749191354147,0.7740987481550773,1,2,0.48296478390693665,-1.5756284199156703,2.0560620466815394,-2.586841722527975,-1.2749117056476038,-0.8069518248187464,-0.37540605664253235,0.006385286804288626,-0.25812944769859314,0.2041444182395935,3.577596987634832e-26,0.0,1789113735.871327
2652.841,-0.3661593166594018,-0.3568135378593271,0.3837912491626698,-0.315117016357738,-2.7452719548903755,0.7682696142115316,1,2,0.4526115357875824,-1.5751563511290492,2.031585995350973,-2.5660392246642054,-1.2748878637896937,-0.8069561163531702,-0.21189682185649872,0.0018467777408659458,-0.23995520174503326,0.17920225858688354,0.0,0.0,1789113735.9713082
2652.941,-0.3734215505133641,-0.35518931143717564,0.39344397758146665,-0.32446716731967995,-2.731707662574066,0.7716224092517072,1,2,0.44318678975105286,-1.5749970875182093,2.0081380049334925,-2.553160329858297,-1.2748997847186487,-0.8068931738482874,0.008247319608926773,0.004618775099515915,-0.2304985076189041,0.1525350660085678,0.0,0.0,1789113736.0712347
2653.0409999999997,-0.37600516384320515,-0.35677374341778106,0.3991178936856204,-0.3287064338980397,-2.7461518690882305,0.7635682866282696,1,2,0.44389021396636963,-1.5747229061522425,1.9864891211139124,-2.5171028576292933,-1.2748878637896937,-0.8068326155291956,-0.00011394370085326955,0.007715029176324606,-0.18364371359348297,0.6281925439834595,4.764414778704378e-44,0.000887768401298672,1789113736.1713321
2653.141,-0.3754795073927797,-0.3565113281394569,0.39371787057113516,-0.35250956586405835,-2.812694198977577,0.7236432033883271,1,2,0.44395363330841064,-1.574134965936178,1.9753220717059534,-2.437392374078268,-1.2748878637896937,-0.8068202177630823,-0.000356770382495597,0.00031870396924205124,-0.04119112342596054,0.8741382360458374,0.0,5.1649290981004015e-05,1789113736.2712328
2653.241,-0.3723524460834635,-0.35497017201339137,0.3822723019765125,-0.3828674711168245,-2.8947417906801687,0.6709768653730602,1,2,0.44393324851989746,-1.57277311901235,1.9745953718768519,-2.351800581017965,-1.274876896535055,-0.8068044821368616,-0.00010058372572530061,0.012197410687804222,-0.0007015735027380288,0.7593804597854614,0.0,2.3467106075258926e-05,1789113736.3713126
2653.341,-0.36966762557009775,-0.3536734416831916,0.37511472796894124,-0.40288350212607643,-2.9474941892070534,0.6348892911003966,1,2,0.44395363330841064,-1.572437425652975,1.97443133989443,-2.295892377892965,-1.2749117056476038,-0.8068326155291956,2.2030488253221847e-05,0.0001426673261448741,-0.0052878363057971,0.3527137041091919,0.0,0.0,1789113736.471227
2653.441,-0.3691572830384058,-0.3533801436580183,0.37300467985195096,-0.4081388495110366,-2.9609063709879866,0.6254269683732556,1,2,0.44386741518974304,-1.5715118847289027,1.9743951002704065,-2.2824093304076136,-1.274895970021383,-0.8068679014789026,0.0,0.01427533570677042,-1.9450224471807324e-37,-0.0006573921418748796,0.0,0.0,1789113736.5713186
2653.5409999999997,-0.3691622568641967,-0.35341625140211386,0.3729437709951543,-0.40801260409898155,-2.9609855236325338,0.6254566017658226,1,2,0.44392135739326477,-1.5713802776732386,1.974419895802633,-2.282520433465475,-1.2748521010028284,-0.8069041411029261,0.0004039532213937491,-0.0004673427320085466,0.0,-0.000555417500436306,0.00018956077110487968,0.0,1789113736.67129
2653.641,-0.36915183627101184,-0.3534090203216878,0.3729109303124241,-0.4080141375863944,-2.9610792110930313,0.6254081491240865,1,2,0.4439142048358917,-1.5713769398131312,1.9744752089129847,-2.2824818096556605,-1.2748373190509241,-0.8069313208209437,5.161713852430694e-05,-7.319364522118121e-05,0.0006285184645093977,-0.00010268683399772272,6.1023354646749794e-05,-9.425378812011331e-05,1789113736.7712498
2653.741,-0.36914348206676584,-0.35338309778516663,0.3728361543187862,-0.40816295293370386,-2.9612353766412767,0.6252197468576105,1,2,0.4438817501068115,-1.5713564358153285,1.974591080342428,-2.282421728173727,-1.2748802343951624,-0.8069160620318812,-0.0001933097082655877,0.0004477871989365667,0.0008075584191828966,-1.190823746881214e-25,1.961817850054744e-44,-1.5259424583288772e-13,1789113736.8712626
2653.841,-0.3691420003550106,-0.353378784798824,0.3728272173176144,-0.40819542900112515,-2.961261445801131,0.6251760525372658,1,2,0.4438781440258026,-1.5713564358153285,1.974602524434225,-2.2823978863158167,-1.274895970021383,-0.8069084326373499,-7.628570165252313e-05,-1.7514292267151177e-05,0.00012766211875714362,-0.0,0.0,-0.0,1789113736.9712832
2653.941,-0.36913360763782976,-0.35337479179576586,0.3728035247688621,-0.40821117234852444,-2.96133245141629,0.625125089669066,1,2,0.4438781440258026,-1.571353097955221,1.9746387640582483,-2.2823616466917933,-1.274895970021383,-0.8069160620318812,-4.203895392974451e-45,0.0,0.0004978207871317863,-0.0,0.0,-0.0,1789113737.0712683
2654.0409999999997,-0.36914587611028205,-0.3533838323467413,0.37278185205093806,-0.4082504628720799,-2.961398226404311,0.6250998007169962,1,2,0.4438817501068115,-1.5712930164732875,1.9746173063861292,-2.282335420648092,-1.274884049092428,-0.8069003264056605,0.0,0.002585914684459567,-1.6868882084963843e-05,-0.0,0.0,-0.0,1789113737.1713107
2654.141,-0.3691744493081468,-0.35341161403171995,0.3728343402116441,-0.40814965732479086,-2.9612326330614063,0.6252988974170653,1,2,0.44389861822128296,-1.571252008477682,1.9745038191424769,-2.282464643517965,-1.2748358885394495,-0.8068965117083948,0.0006451193476095796,-0.0001058231428032741,-0.0013901501661166549,1.7021310088785693e-18,4.8721390569988565e-24,-0.0,1789113737.2712305
2654.241,-0.36900657596206937,-0.35362627911239447,0.37290070593046304,-0.40733125647909035,-2.96121736640868,0.62551027861696,1,2,0.44444844126701355,-1.5712553463377894,1.974405590687887,-2.2826043568053187,-1.2748444716082972,-0.8068521658526819,0.007760598324239254,-5.356859037419781e-05,-0.0009571975097060204,-0.0003180754720233381,9.67868254519999e-05,-0.0,1789113737.3713217
2654.341,-0.3689050194612289,-0.35374761169406216,0.3729139891876292,-0.40744804352018804,-2.9613058369676337,0.6256093038203833,1,2,0.44476357102394104,-1.5712429485716761,1.9743669668780726,-2.2826081715025843,-1.2748411337481897,-0.80646258989443,0.002126930747181177,0.0,-0.00034522986970841885,-3.495344574603017e-21,6.404210313537424e-34,0.016759663820266724,1789113737.471321
2654.441,-0.36873760326620153,-0.3543256706385709,0.37357324586982577,-0.425932335742878,-2.960210605915044,0.6280846025901269,1,2,0.44598931074142456,-1.5712362728514613,1.972999397908346,-2.2826010189452113,-1.2748482863055628,-0.7926877180682581,0.024430731311440468,0.0,-0.03898223116993904,-0.0,0.0,0.33812060952186584,1789113737.5713053
2654.5409999999997,-0.3691592043018709,-0.35664626374996994,0.3781539659522025,-0.5066841171874605,-2.9504606639560746,0.6411854878358227,1,2,0.4499194324016571,-1.5711943111815394,1.9635384718524378,-2.282597681085104,-1.2748482863055628,-0.7330005804644983,0.05750839784741402,0.00033692241413518786,-0.15542270243167877,-0.0,0.0,0.8370299339294434,1789113737.671321
2654.641,-0.37097118266580054,-0.36055135868110616,0.3878138394466071,-0.6210775522931676,-2.927544400445813,0.6651630746187438,1,2,0.4554826021194458,-1.5707628324019716,1.9433634916888636,-2.2825738392271937,-1.2748358885394495,-0.6464884916888636,0.05042528733611107,0.02146894857287407,-0.2368696928024292,-0.0,0.0,0.8017146587371826,1789113737.7713454
2654.741,-0.37500477359925727,-0.3646070231146977,0.3955956838958189,-0.706064990899729,-2.9069513673784453,0.6845451584631865,1,2,0.45923784375190735,-1.5639211123673995,1.9207060972796839,-2.2825499973692835,-1.2748048941241663,-0.5818665663348597,0.030815860256552696,0.12659494578838348,-0.19190150499343872,-0.0,2.2828321264573015e-13,0.49918463826179504,1789113737.8713439
2654.841,-0.38005659866783986,-0.36966768261598315,0.39229180626265003,-0.7433714939223119,-2.9106367324682036,0.6826073971176031,1,2,0.463748037815094,-1.5433637027493496,1.906529728566305,-2.282565256158346,-1.2746565977679651,-0.5547049681292933,0.06600277870893478,0.27097055315971375,-0.0956665426492691,-0.0,0.0012972885742783546,-0.00490271020680666,1789113737.9713233
2654.941,-0.38366098437961793,-0.37722616540118903,0.37816856789926667,-0.741543235474314,-2.939860727470629,0.6603866555072195,1,2,0.4737623929977417,-1.5108513173512002,1.9015682379352015,-2.2826291523375453,-1.2746565977679651,-0.5547445456134241,0.13333427906036377,0.3687324523925781,-0.02281740866601467,3.049323195759609e-28,0.0001252876390935853,-0.00010650514741428196,1789113738.0712702
2655.0409999999997,-0.38503303901088054,-0.38702729003177183,0.3602698431260579,-0.7345284106953468,-2.977471664805526,0.6319249706744106,1,2,0.4892841577529907,-1.4737511959723015,1.8989766279803675,-2.2830807171263636,-1.2746565977679651,-0.5547359625445765,0.15715232491493225,0.3570331931114197,-0.033702198415994644,-0.021915115416049957,6.492726356555067e-08,-4.249478600463364e-17,1789113738.1713228
2655.141,-0.38658698909275385,-0.39531816817886506,0.34558268257229835,0.7230401544111773,2.984770558430987,-0.6037277846512445,1,2,0.5017380714416504,-1.441334293489792,1.8941872755633753,-2.2836114368834437,-1.2746875921832483,-0.5547049681292933,0.08699734508991241,0.3015753924846649,-0.05746988579630852,-0.00018391056801192462,0.0,-0.0,1789113738.271358
2655.241,-0.3904321227307834,-0.40007568123435994,0.3319732593794393,0.7189393334950017,2.9717353469426784,-0.5742077298704232,1,2,0.5060521960258484,-1.4116624903729935,1.8895357290851038,-2.2835809193053187,-1.274684254323141,-0.55469257036318,0.005969862453639507,0.3017999231815338,-0.033899638801813126,-1.0807636499521323e-05,0.0,-0.0,1789113738.3713586
2655.341,-0.39509174360409133,-0.4027016863242662,0.3170429727850819,0.7214754509247189,2.9563182068217597,-0.542434221796582,1,2,0.506091833114624,-1.382029117350914,1.8873499075519007,-2.2836080990233363,-1.2746527830706995,-0.55469257036318,0.0,0.28718143701553345,-0.011390556581318378,-0.0,0.0,-0.0,1789113738.4713051
2655.441,-0.39852296437808626,-0.40463241084276924,0.3027117489438846,0.7238286989868152,2.94126267213718,-0.5121186803094446,1,2,0.5061218738555908,-1.3555037391236802,1.8872059027301233,-2.2836390934386195,-1.2746923605548304,-0.5546811262713831,0.0002415261697024107,0.241828054189682,-0.00015652002184651792,-0.0,0.0,-0.0,1789113738.5713592
2655.5409999999997,-0.4008654514973976,-0.40597328113643116,0.29180739714659876,0.7255202925829342,2.929656701328057,-0.48931941795405576,1,2,0.5061769485473633,-1.3354893189719697,1.8871377150165003,-2.2836128673949183,-1.2747204939471644,-0.5546377340899866,9.085002966457978e-05,0.16135500371456146,-0.00012336824147496372,-0.0,-0.00015838470426388085,-0.0,1789113738.6713464
2655.641,-0.40216294724709317,-0.40670181447777415,0.2853176913816825,0.7264404519565346,2.9227180935408286,-0.4759218670360635,1,2,0.5061805248260498,-1.3236516130021592,1.8871410528766077,-2.283628603021139,-1.2747166792498987,-0.5546687285052698,3.0923652957426384e-05,0.08247128129005432,-6.244573160074651e-05,-0.0,-8.019909728318453e-05,-0.0,1789113738.7713861
2655.741,-0.4026381641791683,-0.4069477488680148,0.28289198077023714,0.7268321368674654,2.920104589879259,-0.4709233365033806,1,2,0.506149411201477,-1.3192472618869324,1.8871544043170374,-2.283623834649557,-1.2747204939471644,-0.5546773115741175,9.51972854178219e-23,0.01008642464876175,-0.0,-0.0,-0.0,0.0,1789113738.871334
2655.841,-0.4026398318216253,-0.4069368782681236,0.28280789370120574,0.726852845194632,2.920018602052681,-0.4707255750931278,1,2,0.5061326026916504,-1.3191464108279725,1.8872173468219202,-2.2836200199522914,-1.2747324148761194,-0.55469257036318,-0.00015056796837598085,9.265455446438864e-05,-3.3792607076182103e-35,-0.0,-0.0,0.0,1789113738.9713407
2655.941,-0.4026223369169039,-0.4069179201529793,0.2827679563003972,0.7268483998538674,2.9199526687133757,-0.47054454364913517,1,2,0.5061205625534058,-1.3191464108279725,1.8872855345355433,-2.283537527123922,-1.274747673665182,-0.554720703755514,-9.007500921143219e-05,3.038707836822141e-05,0.00016585680714342743,-0.0,-8.515768422512338e-05,0.0,1789113739.071342
2656.0409999999997,-0.40262792191088365,-0.40692198271636676,0.2827648162429636,0.7268288445979354,2.919979101149373,-0.4705532231844278,1,2,0.5061241388320923,-1.3191275757602234,1.8872750441180628,-2.283563276330465,-1.274759594594137,-0.5547321478473108,-0.000175910783582367,0.0,0.00015337640070356429,-0.0,-4.863086523103702e-14,0.0,1789113739.1713476
2656.141,-0.4026441696242812,-0.4069021402312615,0.28276338212678775,0.7269265167417931,2.9199524780522808,-0.4705204503232771,1,2,0.5060797333717346,-1.3191309732249756,1.8872750441180628,-2.2835360966124476,-1.2747681776629847,-0.5547135511981409,-0.00021499696595128626,0.0,8.711119880899787e-05,-0.0,-7.996738713700324e-05,0.0,1789113739.2713351
2656.241,-0.4026470696515831,-0.4068758299063368,0.2827460814383869,0.7269716433878299,2.9199334111956237,-0.4704522925738379,1,2,0.5060379505157471,-1.3191430133632203,1.8873241583453577,-2.283520837823385,-1.2747834364520472,-0.5547321478473108,-6.032437158864923e-05,0.0,-0.0,-0.0,-9.832575292162415e-13,0.0,1789113739.3713455
2656.341,-0.4026332787907332,-0.406903157903457,0.28277483391208635,0.7268862159732982,2.919956620360034,-0.4705502302131589,1,2,0.5060882568359375,-1.3191616994193573,1.8872864882098597,-2.2835289440550746,-1.274752442036764,-0.5547288099872034,0.0,0.0,-0.0,-0.0,-0.0,0.0,1789113739.4713326
2656.441,-0.40265967103496714,-0.40687477941177463,0.2827612310546481,0.7270357382412593,2.9199229471618953,-0.4705079695211576,1,2,0.5060225129127502,-1.3191464108279725,1.8872969786273401,-2.283527990380758,-1.2747681776629847,-0.5546978155719202,0.0,0.0,-0.0,-0.0,-0.0,0.0,1789113739.571331
2656.5409999999997,-0.4026312705931218,-0.40690476869837977,0.28276370186352373,0.7269065710803156,2.9199337209248823,-0.47047669175848533,1,2,0.5060953497886658,-1.3191464108279725,1.8872817198382776,-2.283489843408102,-1.2747681776629847,-0.5547135511981409,0.0,0.0,-0.0,-0.0,-3.6574838683932344e-27,0.0,1789113739.6713438
2656.641,-0.4026655417657066,-0.40688071161549516,0.2827629292530904,0.7269830243867521,2.9199494658136387,-0.4705393595310458,1,2,0.5060260891914368,-1.3191309732249756,1.8872793356524866,-2.2835480175414027,-1.274764362965719,-0.5547288099872034,0.0,0.0,-0.0,-0.0,-0.0,0.0,1789113739.7712834
2656.741,-0.40264433294916124,-0.4068791586300653,0.2827493886225256,0.7269604759577287,2.9199289983832784,-0.47044848713794774,1,2,0.5060451030731201,-1.3191464108279725,1.8873170057879847,-2.283504625360006,-1.2747800985919397,-0.5547321478473108,0.0,0.0,-0.0,-0.0,-0.0,0.0,1789113739.871339
2656.841,-0.40265589220334325,-0.406874391383979,0.282743088526364,0.7269751699753143,2.9199675570548966,-0.4704348109931827,1,2,0.5060332417488098,-1.3191275757602234,1.8873136679278772,-2.2835360966124476,-1.2748144308673304,-0.5547407309161585,0.0,0.0,-0.0,-0.0,-0.0,0.0,1789113739.971318
2656.941,-0.40263873830376007,-0.4068883892206693,0.28273070531164396,0.726937166902171,2.919894290798391,-0.47043423887416624,1,2,0.5060607194900513,-1.3191155356219788,1.8873241583453577,-2.2835117779173792,-1.274757210408346,-0.5547288099872034,0.0,0.0,-0.0,-0.0,-0.0,0.0,1789113740.0714028
2657.0409999999997,-0.40264631077343893,-0.406883692593759,0.2827479647730382,0.7269529991592955,2.9199122261516877,-0.47044204412905805,1,2,0.5060486793518066,-1.3191343706897278,1.887301270161764,-2.2834860287108363,-1.274769131337301,-0.5547321478473108,0.0,0.0,2.0965452352274136e-33,-0.0,-0.0,0.0,1789113740.1712918
2657.141,-0.4026373503279996,-0.4068974793752876,0.28275932530481873,0.7269191360368961,2.9199603083033434,-0.470509069098579,1,2,0.5060797333717346,-1.3191430133632203,1.887301270161764,-2.283546587029928,-1.2747762838946741,-0.554720703755514,0.0,0.0,-0.0,-0.0,-0.0,0.0,1789113740.2713177
2657.241,-0.40264863514302274,-0.40688682741946336,0.2827535336828643,0.7269757418568181,2.9199145689333297,-0.47050735446174535,1,2,0.5060486793518066,-1.3191343706897278,1.887301270161764,-2.2835313282408656,-1.274752442036764,-0.5547097365008753,5.3215680964058265e-05,0.0,-0.0,-0.0,-0.0,0.0,1789113740.371353
2657.341,-0.40265058076695187,-0.4068834708838245,0.28273850931374633,0.7269857535344777,2.9199046597476057,-0.47043705958899096,1,2,0.5060451030731201,-1.3191155356219788,1.8873046080218714,-2.2835079632201136,-1.2747724691974085,-0.5547135511981409,0.0,0.0,-0.0,-0.0,-0.0,0.0,1789113740.4712896
2657.441,-0.4026325880134857,-0.40689664291549865,0.2827421133373387,0.726947874692507,2.9199293649335525,-0.47043461027983613,1,2,0.506084680557251,-1.3191275757602234,1.8873136679278772,-2.283520837823385,-1.2747882048236292,-0.5547011534320276,0.0,0.0,-0.0,-0.0,-0.0,0.0,1789113740.571297
2657.5409999999997,-0.402640849762201,-0.40689324668679866,0.2827383177887755,0.7269207070737391,2.91992621933015,-0.4704704366947494,1,2,0.5060678124427795,-1.3191155356219788,1.8873136679278772,-2.2835399113097132,-1.274764362965719,-0.5547321478473108,0.0,0.0,-0.0,-0.0,-5.0209190095029566e-27,0.0,1789113740.671342
2657.641,-0.40263495978653274,-0.40689294595068953,0.2827676082296475,0.7269188786455916,2.9199510286966497,-0.47053991602209916,1,2,0.5060713291168213,-1.3191650968841095,1.8873103300677698,-2.2835432491698207,-1.274757210408346,-0.5547249952899378,0.0,0.0,-0.0,-0.0,-0.0,0.0,1789113740.7713578
2657.741,-0.4026588868667692,-0.4068779349180288,0.28276424663552163,0.7269744499265214,2.9199422410288514,-0.47048793821564744,1,2,0.5060296654701233,-1.3191464406302948,1.887282673512594,-2.2835003338255824,-1.2747762838946741,-0.5547359625445765,0.0,0.0,-0.0,-0.0,-0.0,0.0,1789113740.8712752
2657.841,-0.4026404495178525,-0.40689159369450645,0.2827384783797855,0.7269410587112816,2.9199115038484837,-0.4704724112864718,1,2,0.5060642957687378,-1.319118933086731,1.8873170057879847,-2.2835360966124476,-1.274757210408346,-0.5547202269183558,0.0,0.0,-0.0,-0.0,-0.0,0.0,1789113740.9713457
2657.941,-0.40264611552737695,-0.4068828218809624,0.2827353944856964,0.7269562369935458,2.9199099256174286,-0.47041977492716897,1,2,0.5060486793518066,-1.319118933086731,1.8873136679278772,-2.2835003338255824,-1.2747762838946741,-0.5547321478473108,0.0,0.0,-0.0,0.0,-0.0,0.0,1789113741.0713482
2658.0409999999997,-0.40264257279967086,-0.40688802003535546,0.2827346229094265,0.7269644058761038,2.919916546350447,-0.4704324193944071,1,2,0.5060607194900513,-1.3191155356219788,1.8873170057879847,-2.2835241756834925,-1.2747800985919397,-0.5547135511981409,0.0,0.0,-0.0,0.0,-0.0,0.0,1789113741.1713457
2658.141,-0.4026583718585238,-0.4068797858678171,0.2827375697189456,0.7269794819965871,2.919914978241851,-0.47048978891585674,1,2,0.5060296654701233,-1.3191087704947968,1.8873103300677698,-2.28355135540151,-1.274757210408346,-0.5547288099872034,0.0,0.0,-0.0,0.0,-0.0,0.0,1789113741.271343
2658.241,-0.4026401937812631,-0.4068972308578603,0.28274224201906806,0.7269108020585623,2.9199348716785987,-0.47046222739334054,1,2,0.5060761570930481,-1.3191155356219788,1.887301270161764,-2.283527990380758,-1.2747724691974085,-0.5547321478473108,0.0,0.0,-0.0,0.0,-0.0,0.0,1789113741.3713295
2658.341,-0.40263936704386366,-0.4068905723854649,0.28273687309113715,0.7269522389618379,2.9199101949890194,-0.4703928611863668,1,2,0.5060690641403198,-1.319118933086731,1.8873046080218714,-2.283480783502096,-1.2747882048236292,-0.5547168890582483,0.0,0.0,-0.0,0.0,-0.0,0.0,1789113741.4713302
2658.441,-0.40265704639869837,-0.4068831279311869,0.282744970624356,0.7269472717594235,2.919929441733626,-0.47049174039094477,1,2,0.5060367584228516,-1.3191155356219788,1.8872979323016565,-2.2835360966124476,-1.2747605482684534,-0.5547445456134241,0.0,0.0,-0.0,0.0,-0.0,0.0,1789113741.5713744
2658.5409999999997,-0.40263090610387237,-0.4068920808337078,0.28272625840144994,0.7269196254191814,2.9199045883472126,-0.4704076168747778,1,2,0.5060761570930481,-1.3191155356219788,1.8873332182513636,-2.2835117779173792,-1.2747724691974085,-0.5547288099872034,0.0,0.0,-0.0,0.0,-0.0,0.0,1789113741.671375
2658.641,-0.40263526154799273,-0.40689156435341434,0.2827445175154788,0.7269248643912251,2.9199486900953975,-0.4704247692605694,1,2,0.5060761570930481,-1.3191343706897278,1.8873136679278772,-2.2835117779173792,-1.2747991720782679,-0.5547288099872034,0.0,0.0,-0.0,0.0,-0.0,0.0,1789113741.7713876
2658.741,-0.40263734277316354,-0.4068813578475095,0.28270770322350247,0.726973853327833,2.919837551792165,-0.4703727081985536,1,2,0.5060486793518066,-1.319096879368164,1.8873480002032679,-2.2834893665709437,-1.274745289479391,-0.5547168890582483,0.0,0.0,-0.0,0.0,-0.0,0.0,1789113741.8713508
2658.841,-0.40264929247823866,-0.4068881050678135,0.28274235398472974,0.726951026034071,2.91991621577483,-0.47044145417645644,1,2,0.506053626537323,-1.3191155356219788,1.887294117604391,-2.2835008106627406,-1.2747724691974085,-0.5547288099872034,0.0,0.0,-0.0,2.7619141183015257e-27,-0.0,-1.4102533600808282e-14,1789113741.9713655
2658.941,-0.40265057833484924,-0.40687733790468306,0.28272026096989306,0.7270023836947012,2.9198729125236067,-0.4704127258257185,1,2,0.5060332417488098,-1.319100247030594,1.887329403554098,-2.2835151157774867,-1.2747605482684534,-0.5547135511981409,0.0,0.0,-0.0,0.0,-0.0,-0.0,1789113742.0713527
2659.0409999999997,-0.4026580996945173,-0.40687272378683814,0.28272330257859635,0.7269997893900432,2.919912740979704,-0.4704320863779524,1,2,0.5060226321220398,-1.319100247030594,1.887329403554098,-2.2835470638670863,-1.2747800985919397,-0.5547288099872034,0.0,0.0,-0.0,0.0,-0.0,-0.0,1789113742.1713464
2659.141,-0.4026531329224263,-0.40687744835181344,0.28272335224709444,0.7269839448578073,2.919893194850023,-0.4704084132083817,1,2,0.5060332417488098,-1.319100247030594,1.8873208204852503,-2.2835117779173792,-1.2747724691974085,-0.5547288099872034,0.0,0.0,-0.0,0.0,-0.0,-0.0,1789113742.2713454
2659.241,-0.40264066354148853,-0.4068873661945986,0.2827343979847998,0.726954462256482,2.9199074836497405,-0.4704186175401393,1,2,0.5060607194900513,-1.319118933086731,1.8873170057879847,-2.283504625360006,-1.2747762838946741,-0.554720703755514,0.0,0.0,-0.0,0.0,-0.0,-0.0,1789113742.3713474
2659.341,-0.4026609008238313,-0.4068853903117683,0.2827518092517315,0.7269679369932901,2.9199640934690865,-0.4705018132592071,1,2,0.5060415863990784,-1.3191155356219788,1.8872864882098597,-2.283558507958883,-1.2747872511493128,-0.5547288099872034,0.0,0.0,-0.0,0.0,-0.0,-0.0,1789113742.4713333
2659.441,-0.40264237907806344,-0.40689016240178316,0.28273920310065703,0.7269310353784243,2.9199371745676435,-0.47045382037223105,1,2,0.5060642957687378,-1.319118933086731,1.8873136679278772,-2.283535142938131,-1.2747800985919397,-0.5547321478473108,0.0,0.0,-0.0,0.0,-0.0,-0.0,1789113742.5713654
2659.5409999999997,-0.4026331127268424,-0.40690437618296255,0.28273380815934457,0.7268688609818897,2.919916160446872,-0.47043761276404955,1,2,0.5060917139053345,-1.3191036742976685,1.887301270161764,-2.2835079632201136,-1.2747605482684534,-0.5547445456134241,0.0,0.0,-0.0,0.0,-0.0,-0.0,1789113742.6713693
2659.641,-0.40263863089215984,-0.4068876724579805,0.28273244804836273,0.7269295364090977,2.9199224623320275,-0.47041431916065757,1,2,0.506064236164093,-1.3191189032844086,1.887322727833883,-2.2835117779173792,-1.2747834364520472,-0.5547359625445765,0.0,0.0,-0.0,0.0,-0.0,-0.0,1789113742.7713249
2659.741,-0.4026476062113945,-0.4068809477795319,0.28274598541389256,0.7269640441460542,2.9199120109125647,-0.4704696428196234,1,2,0.5060416460037231,-1.3191343706897278,1.8873136679278772,-2.2835151157774867,-1.2747605482684534,-0.5547288099872034,0.0,0.0,-0.0,0.0,-0.0,-0.0,1789113742.8713682
2659.841,-0.4026419500631111,-0.4068816883110657,0.282718267512162,0.7269828813333901,2.9198427805822087,-0.4703873347421742,1,2,0.5060451626777649,-1.3191036444953461,1.887329403554098,-2.2834769688048304,-1.274745289479391,-0.5547135511981409,0.0,0.0,-0.0,1.103960377492263e-28,-0.0,-0.0,1789113742.9713364
2659.941,-0.4026369087635456,-0.40688919912994753,0.28274841510844034,0.7269205596466279,2.9199179128740558,-0.47046290110920536,1,2,0.506064236164093,-1.3191411358169098,1.8873136679278772,-2.28350367168569,-1.2747605482684534,-0.5547359625445765,0.0,0.0,-0.0,0.0,-0.0,-0.0,1789113743.0713015
2660.0409999999997,-0.40265427901375445,-0.40686579063735484,0.28273673919841497,0.7270082883898182,2.919919921324807,-0.4704075143545534,1,2,0.5060176849365234,-1.3191343706897278,1.887329403554098,-2.28350367168569,-1.2747953573810022,-0.5547321478473108,0.0,0.0,-0.0,0.0,-0.0,-0.0,1789113743.1712615
2660.141,-0.40264218133744883,-0.4068864945208779,0.2827351332683824,0.726968663056782,2.9199227013543076,-0.4704143620903343,1,2,0.5060607194900513,-1.319118933086731,1.8873170057879847,-2.2835151157774867,-1.2747920195208948,-0.5547135511981409,0.0,0.0,-0.0,0.0,-0.0,-0.0,1789113743.2712798
2660.241,-0.4026407041900941,-0.4068882970263835,0.28274043784187985,0.7269348832925319,2.919935750699074,-0.4704309344790821,1,2,0.506064236164093,-1.319125698213913,1.8873136679278772,-2.2835151157774867,-1.2747882048236292,-0.5547321478473108,0.0,0.0,-0.0,0.0,-0.0,-0.0,1789113743.371282
2660.341,-0.4026419172749776,-0.40688770398776336,0.282733617035246,0.7269208622363168,2.919926305594505,-0.4704256181983444,1,2,0.5060607194900513,-1.3191155356219788,1.8873170057879847,-2.2835151157774867,-1.2747796217547815,-0.5547445456134241,0.0,0.0,-0.0,0.0,-0.0,-0.0,1789113743.4713767
2660.441,-0.4026562604841079,-0.4068861137869472,0.2827500726040506,0.7269956470549084,2.919906681743891,-0.4704881410552087,1,2,0.5060416460037231,-1.319118933086731,1.8872864882098597,-2.2835189304747523,-1.274757210408346,-0.5547049681292933,0.0,0.0,-0.0,0.0,-0.0,-0.0,1789113743.5713751
2660.5409999999997,-0.40263054941643395,-0.4068905526120555,0.2827353458570252,0.7269160553357308,2.9199101111102572,-0.4704374048391536,1,2,0.5060726404190063,-1.3191309732249756,1.8873332182513636,-2.2835151157774867,-1.274764362965719,-0.5547321478473108,0.0,0.0,-0.0,0.0,-0.0,-0.0,1789113743.6713321
2660.641,-0.4026417225353342,-0.4068876227843217,0.28273584515290845,0.7269434762984666,2.919881521472166,-0.47043048357565315,1,2,0.5060556530952454,-1.319118933086731,1.8873103300677698,-2.2834845981993617,-1.274750057850973,-0.5547288099872034,0.0,0.0,-0.0,0.0,-0.0,-0.0,1789113743.7713494
2660.741,-0.40261803987754374,-0.4068982474507774,0.28273278319434214,0.7269371248723051,2.9198772149516534,-0.4704048058861764,1,2,0.506095290184021,-1.3191343706897278,1.887336556111471,-2.283487936059469,-1.2747605482684534,-0.5546944777118128,0.0,0.0,-0.0,3.44871575872358e-27,-0.0,-0.0,1789113743.8712857
2660.841,-0.4026358409863113,-0.4068838650979899,0.282725630436071,0.7269719143542821,2.919900454224404,-0.4703405034962766,1,2,0.506064236164093,-1.319118933086731,1.8873260656939905,-2.283469339410299,-1.27480394044985,-0.5547135511981409,0.0,0.0,-0.0,0.0,-0.0,-0.0,1789113743.9713619
2660.941,-0.4026374879145029,-0.40689569283168675,0.282717797650442,0.7269661150853987,2.919873432211287,-0.4703748292864413,1,2,0.5060760974884033,-1.319088177090027,1.8873136679278772,-2.2834931812682093,-1.2747724691974085,-0.5546978155719202,0.0,0.0,-0.0,0.0,-0.0,-0.0,1789113744.0712707
2661.0409999999997,-0.40264249483606873,-0.40689243441464545,0.28275354742760844,0.7269474638278026,2.919956008084567,-0.47044899113941263,1,2,0.5060713291168213,-1.3191344004920502,1.887294117604391,-2.2835151157774867,-1.2748001257525843,-0.5547168890582483,0.0,0.0,-0.0,0.0,-0.0,-0.0,1789113744.1712632
2661.141,-0.40265916022621995,-0.4068702270035864,0.28273567035498287,0.7270074504765528,2.9199201609684557,-0.470427811380926,1,2,0.5060191750526428,-1.319118933086731,1.8873170057879847,-2.2835189304747523,-1.2747882048236292,-0.5547288099872034,0.0,0.0,-0.0,0.0,-0.0,-0.0,1789113744.2712686
2661.241,-0.4026411900669533,-0.4068990140844399,0.28275065306407154,0.7269253206357609,2.9199083320877013,-0.47045138064193076,1,2,0.5060760974884033,-1.3191223007491608,1.8872793356524866,-2.283480306664938,-1.2747605482684534,-0.554720703755514,0.0,0.0,-0.0,0.0,-0.0,-0.0,1789113744.3713129
2661.341,-0.4026279835132734,-0.40689268843894993,0.28274016340862984,0.7269136730436075,2.919934367028537,-0.47041179538266725,1,2,0.5060831308364868,-1.3191377383521576,1.8873260656939905,-2.28350367168569,-1.2747920195208948,-0.5547288099872034,0.0,0.0,-0.0,0.0,-0.0,-0.0,1789113744.4712915
2661.441,-0.4026381637735288,-0.40688906361529636,0.28273607932823225,0.7269360364956422,2.9198999303811295,-0.47041572938218434,1,2,0.506064236164093,-1.3191223007491608,1.8873136679278772,-2.283487936059469,-1.2747681776629847,-0.5547288099872034,0.0,0.0,-0.0,0.0,-0.0,-0.0,1789113744.571366
2661.5409999999997,-0.40264441154347186,-0.4068749199671795,0.2827224452134872,0.7269595915702476,2.9199098382520288,-0.47035560009785965,1,2,0.5060415863990784,-1.3191155356219788,1.8873332182513636,-2.2834845981993617,-1.2747991720782679,-0.5547445456134241,0.0,0.0,8.349075051196675e-25,0.0,-0.0,-0.0,1789113744.671379
2661.641,-0.4026330978782602,-0.4068976729956736,0.2827491627009473,0.7269033580637481,2.9199170400189582,-0.470424721025437,1,2,0.5060831904411316,-1.3191343706897278,1.887294117604391,-2.283469339410299,-1.2747724691974085,-0.5547321478473108,0.0,0.0,-0.0,3.6659679697782785e-35,-0.0,-0.0,1789113744.771302
2661.741,-0.4026541998357238,-0.40687940908527975,0.2827268573906526,0.7269761692788467,2.919903159630243,-0.4704035686614063,1,2,0.5060367584228516,-1.3191002172282715,1.8873103300677698,-2.28350367168569,-1.2747800985919397,-0.5547321478473108,0.0,0.0,-0.0,0.0,-0.0,-0.0,1789113744.871293
2661.841,-0.4026418863281757,-0.40688362160022884,0.2827316343059869,0.7269715637805186,2.919896052605848,-0.4704038669046107,1,2,0.5060536861419678,-1.319118933086731,1.8873208204852503,-2.283495088616842,-1.2747762838946741,-0.5547168890582483,0.0,0.0,-0.0,0.0,-0.0,-0.0,1789113744.971364
2661.941,-0.40263245326370384,-0.40687875390426276,0.2827157670314431,0.7269745469616063,2.9198547484901085,-0.47035601038406716,1,2,0.5060521960258484,-1.319118933086731,1.8873518149005335,-2.283473154107565,-1.274764362965719,-0.5547168890582483,0.0,0.0,-0.0,0.0,-0.0,-0.0,1789113745.0713577
2662.0409999999997,-0.4026627047130412,-0.4068719901235034,0.2827555365526362,0.7269890774500616,2.919906962773159,-0.4704642618654755,1,2,0.5060141086578369,-1.3191377383521576,1.8872864882098597,-2.283476491967672,-1.2747605482684534,-0.5547407309161585,0.0,0.0,-0.0,0.0,-0.0,-0.0,1789113745.171361
2662.141,-0.4026661631494703,-0.40687134059018465,0.2827474422455044,0.7270137754142341,2.9199178177524883,-0.4704342422263866,1,2,0.5060142278671265,-1.3191223007491608,1.8872869650470179,-2.283487936059469,-1.2747848669635218,-0.5547288099872034,0.0,0.0,-0.0,0.0,-0.0,-0.0,1789113745.2712922
2662.241,-0.4026325493736823,-0.40688113471184806,0.28272126670655895,0.7269696292051233,2.919885016444196,-0.4703399746150214,1,2,0.5060607194900513,-1.3191223007491608,1.8873408476458948,-2.283469339410299,-1.2747920195208948,-0.5547168890582483,0.0,0.0,-0.0,0.0,-0.0,-0.0,1789113745.3713152
2662.341,-0.40264779503849213,-0.4068820066685749,0.2827592012893947,0.7269581694317059,2.919945051516048,-0.4704473090723054,1,2,0.5060486793518066,-1.319149838095047,1.887294117604391,-2.283487936059469,-1.2747920195208948,-0.5547321478473108,0.0,0.0,-0.0,8.849538256267208e-30,-0.0,-0.0,1789113745.471321
2662.441,-0.402645415935654,-0.4068828460510878,0.2827322406283892,0.7269611643436505,2.9198958335544023,-0.4704053702223914,1,2,0.5060486793518066,-1.3191155356219788,1.8873136679278772,-2.283487936059469,-1.2747724691974085,-0.5547288099872034,0.0,0.0,-0.0,0.0,-0.0,-0.0,1789113745.5713873
2662.5409999999997,-0.4026410656386024,-0.40689199026997686,0.2827378192395943,0.7269233702679773,2.919909333115245,-0.47040532161988446,1,2,0.5060677528381348,-1.3191155356219788,1.8872979323016565,-2.283476491967672,-1.2747762838946741,-0.5547359625445765,0.0,0.0,-0.0,0.0,-0.0,-0.0,1789113745.6713822
2662.641,-0.4026367780645592,-0.4068891476864991,0.28273428763286224,0.7269047498475044,2.9199144224090965,-0.47044601092442556,1,2,0.506064236164093,-1.3191223007491608,1.8873260656939905,-2.2835189304747523,-1.2747605482684534,-0.5547478834735315,0.0,0.0,-0.0,0.0,-0.0,-0.0,1789113745.7713666
2662.741,-0.40265462036509203,-0.4068849757719548,0.2827321222641797,0.7269395272588781,2.919923044903664,-0.4704246200361096,1,2,0.5060451626777649,-1.3190983098796387,1.8872979323016565,-2.283510824243063,-1.2747796217547815,-0.5547478834735315,0.0,0.0,-0.0,0.0,-0.0,-0.0,1789113745.8713574
2662.841,-0.4026350726220561,-0.40688598410697563,0.28272658467016826,0.7269353975883363,2.919885346275331,-0.4704060880031732,1,2,0.5060607194900513,-1.319118933086731,1.8873332182513636,-2.283495088616842,-1.2747605482684534,-0.5547321478473108,0.0,0.0,-0.0,0.0,-0.0,-0.0,1789113745.9713824
2662.941,-0.4026452026441393,-0.406880976641171,0.28273005509618265,0.7269886348221708,2.919871793970998,-0.4703853234568128,1,2,0.5060451626777649,-1.3191155356219788,1.8873136679278772,-2.2834674320616664,-1.2747681776629847,-0.5547135511981409,0.0,0.0,-0.0,0.0,-0.0,-0.0,1789113746.0713248
2663.0409999999997,-0.40265030225459253,-0.40687491200174347,0.28273151129140817,0.7269887059689981,2.919863194177642,-0.47038186589522435,1,2,0.5060297846794128,-1.319118933086731,1.8873103300677698,-2.2834488354124964,-1.2747610251056116,-0.5547288099872034,0.0,0.0,-0.0,0.0,-0.0,-0.0,1789113746.1712663
2663.141,-0.40265135815988384,-0.40688096915777155,0.28272831659293385,0.7269976029069064,2.9198784984382224,-0.47037122520386715,1,2,0.5060417056083679,-1.3191036444953461,1.887301270161764,-2.283464094201559,-1.2747796217547815,-0.5547135511981409,0.0,0.0,-0.0,0.0,-0.0,-0.0,1789113746.2712948
2663.241,-0.40265107298889463,-0.40687318536655837,0.28273279154645065,0.7270325381003679,2.919852975004453,-0.47038918451533446,1,2,0.5060262680053711,-1.3191222709468384,1.8873136679278772,-2.283456941644186,-1.2747605482684534,-0.5547011534320276,0.0,0.0,-0.0,0.0,-0.0,-0.0,1789113746.3712647
2663.341,-0.4026482935749129,-0.4068819216675448,0.28273732260180073,0.726941996431101,2.919918608475177,-0.4703751441252993,1,2,0.5060486793518066,-1.319118933086731,1.8872979323016565,-2.2834602795042933,-1.2747953573810022,-0.5547478834735315,0.0,0.0,-0.0,0.0,-0.0,-0.0,1789113746.4712713
2663.441,-0.40262502707792813,-0.4069003202203148,0.2827294502913589,0.7269119888548558,2.919889272591256,-0.4703691733608707,1,2,0.5060951709747314,-1.3191155356219788,1.8873136679278772,-2.283464094201559,-1.2747762838946741,-0.5547168890582483,0.0,0.0,-0.0,1.4976738300429052e-19,-0.0,-0.0,1789113746.5712774
2663.5409999999997,-0.40263923903377324,-0.40688694678590703,0.2827441993669684,0.7269663213332035,2.9198831067036326,-0.4703879780441839,1,2,0.5060607194900513,-1.3191343706897278,1.8872979323016565,-2.283440252343649,-1.2747724691974085,-0.5547135511981409,0.0,0.0,-0.0,0.0,-0.0,-0.0,1789113746.6712902
2663.641,-0.40263525701021813,-0.4068908734403732,0.28271868579560633,0.7269254586978193,2.9198726614711332,-0.47038653602402763,1,2,0.5060677528381348,-1.3191002768329163,1.8873260656939905,-2.2834869823851527,-1.274757210408346,-0.5547321478473108,0.0,0.0,-0.0,0.0,-0.0,-0.0,1789113746.7712824
2663.741,-0.402647982938273,-0.4068817734223945,0.28271430246838813,0.72702194113302,2.9198683652756787,-0.4703257194404887,1,2,0.5060486793518066,-1.319088266496994,1.8873136679278772,-2.2834674320616664,-1.2747953573810022,-0.5546940008746546,0.0,0.0,-0.0,0.0,-0.0,-0.0,1789113746.8712912
2663.841,-0.40263717104408125,-0.40688673027685035,0.28271002289233704,0.726967411558152,2.919848727019169,-0.47034278821717396,1,2,0.5060607194900513,-1.319091574554779,1.887329403554098,-2.2834674320616664,-1.274764362965719,-0.5547135511981409,0.0,0.0,-0.0,0.0,-0.0,-0.0,1789113746.9713657
2663.941,-0.4026421386552577,-0.40688814516683036,0.28273507344674176,0.7269689972671916,2.9198753041028462,-0.4703635417391495,1,2,0.5060607194900513,-1.3191155654243012,1.887294117604391,-2.2834369144835414,-1.2747762838946741,-0.5547135511981409,0.0,0.0,-0.0,0.0,-0.0,-0.0,1789113747.0712998
