controller_time_s,tcp_x,tcp_y,tcp_z,tcp_rx,tcp_ry,tcp_rz,gripper_state,gripper_event_counter,actual_q_0,actual_q_1,actual_q_2,actual_q_3,actual_q_4,actual_q_5,actual_qd_0,actual_qd_1,actual_qd_2,actual_qd_3,actual_qd_4,actual_qd_5,host_receive_time_s
5385.617,-0.44795764541279187,-0.4779542889828266,0.339775752599617,1.135130659704815,2.8938619255770295,-0.026745245252934948,0,0,0.6091042757034302,-1.1708106261542817,1.46550161043276,-1.8609034023680628,-1.5287464300738733,-0.21470767656435186,0.0,0.0,-0.0,-0.0,0.0,0.0,1789028779.119489
5385.717,-0.4480056723094744,-0.47798049701063694,0.33962100702299985,1.1351270472411608,2.89374483471674,-0.02643792608119083,0,0,0.6090970635414124,-1.1705473822406312,1.4654739538775843,-1.8609124622740687,-1.5287616888629358,-0.21469337144960576,0.00016284664161503315,0.0011692297412082553,-0.0,-0.0,-0.00014446972636505961,0.0,1789028779.206455
5385.817,-0.44798612870663984,-0.47798841218535365,0.3396032198661688,1.1350164351977376,2.8937559000911772,-0.026366398482838012,0,0,0.6091246604919434,-1.1705438953689118,1.46550161043276,-1.8608881435790003,-1.5287616888629358,-0.21473580995668584,6.493546243291348e-05,0.00010220308467978612,-0.0,-0.0,-7.209985051304102e-05,0.0,1789028779.3064785
5385.9169999999995,-0.44797145960865703,-0.4779992382563427,0.3396223650408131,1.1350442782787955,2.893792734246982,-0.02641749905242959,0,0,0.6091545820236206,-1.17056958497081,1.46550161043276,-1.8609158001341761,-1.528780762349264,-0.21469670930971319,0.0,0.0,-0.0,-0.0,-0.0,0.0,1789028779.4063187
5386.017,-0.44797922021098774,-0.47801073302413977,0.33961885300953465,1.1349995515106241,2.893802038425047,-0.026453626672439938,0,0,0.6091593503952026,-1.1705387395671387,1.4654706160174769,-1.8609305820860804,-1.5287616888629358,-0.21472055116762334,0.0,0.0,-0.0,-0.0,-5.577060801091366e-17,0.0,1789028779.5066147
5386.117,-0.44797997770083736,-0.47801086631046535,0.33959035336606797,1.134980549166472,2.8937769695088096,-0.026371959347245386,0,0,0.6091593503952026,-1.1705078941634675,1.4654858748065394,-1.8609158001341761,-1.5287650267230433,-0.21472722688783819,0.0,0.0,-0.0,-0.0,-0.0,0.0,1789028779.6065001
5386.217,-0.44799181102547825,-0.47799375818955053,0.3395945822891362,1.1350360609200483,2.8937736142495427,-0.026388539697869407,0,0,0.6091282367706299,-1.170523391371109,1.46550161043276,-1.8609339199461878,-1.528773609791891,-0.21472388902773076,0.0,0.0,-0.0,-0.0,-0.0,0.0,1789028779.706416
5386.317,-0.4479843273751464,-0.4779903510281853,0.33961416363379915,1.1350438677140902,2.8937532565580155,-0.02639378855653841,0,0,0.6091282367706299,-1.1705542367747803,1.4654925505267542,-1.8608881435790003,-1.5287583510028284,-0.2147148291217249,0.0,0.0,-0.0,-0.0,-0.0,0.0,1789028779.806303
5386.4169999999995,-0.4479918498420745,-0.477990552754611,0.3396079691231213,1.1350480270573138,2.893755433311699,-0.026436298942760224,0,0,0.6091198921203613,-1.1705421668342133,1.4654982725726526,-1.8609305820860804,-1.5287464300738733,-0.21472055116762334,0.0,0.0,-0.0,-0.0,-0.0,0.0,1789028779.9062548
5386.517,-0.4479813137432697,-0.47798877754046526,0.3396116583209732,1.1350476247836618,2.893763226388683,-0.026366069419257187,0,0,0.6091318130493164,-1.170557664041855,1.46550161043276,-1.860884805718893,-1.5287769476519983,-0.21471149126161748,0.0,0.0,-0.0,-0.0,-0.0,0.0,1789028780.0062387
5386.617,-0.4479848878644582,-0.47799792119472956,0.33959391843141923,1.1349941464972761,2.8937808196864907,-0.026358559759071688,0,0,0.6091402769088745,-1.170523391371109,1.4654977957354944,-1.8609091244139613,-1.5287769476519983,-0.21473914781679326,0.0,0.0,-0.0,-0.0,-0.0,0.0,1789028780.1062775
5386.717,-0.4479822465326829,-0.4779899590051438,0.33958222837049507,1.1350494515844898,2.8937200213106427,-0.02634937489197671,0,0,0.6091282367706299,-1.1705302757075806,1.4655326048480433,-1.8609124622740687,-1.5287497679339808,-0.21470433870424444,0.0,0.0,-0.0,-0.0,-0.0,0.0,1789028780.2062447
5386.817,-0.44798986303364946,-0.47799384116867094,0.3395987065322327,1.1350007381322735,2.8937789912711547,-0.026403927453645327,0,0,0.6091282367706299,-1.1705302757075806,1.46550161043276,-1.8609305820860804,-1.5287616888629358,-0.2147463003741663,0.0,0.0,-0.0,-0.0,-0.0,0.0,1789028780.3062189
5386.9169999999995,-0.4479936276894705,-0.4779875519734429,0.3395831161356826,1.1350637679400108,2.8937220629399922,-0.026341869310856157,0,0,0.6091163158416748,-1.1705165070346375,1.4655101935016077,-1.8609034023680628,-1.5287583510028284,-0.21470815340151006,0.0,0.0,-0.0,-0.0,-0.0,0.0,1789028780.4064717
5387.017,-0.4479925673209,-0.477990169815999,0.3395917056167886,1.135035338949025,2.8937174730944824,-0.026386007475061014,0,0,0.6091163158416748,-1.170523391371109,1.46550161043276,-1.8609034023680628,-1.5287306944476526,-0.21472388902773076,0.0,0.0,-0.0,-0.0,-0.0,0.0,1789028780.5062048
5387.117,-0.4479993344135639,-0.47798594085318635,0.33960349193368067,1.1350187028866898,2.893762462070469,-0.026392554978822213,0,0,0.6091091632843018,-1.1705302757075806,1.4654858748065394,-1.8609034023680628,-1.5287583510028284,-0.21475106874574834,0.0,0.0,-0.0,-0.0,-0.0,0.0,1789028780.6062155
5387.217,-0.44798879499261063,-0.4779962961885712,0.339585122544629,1.1349868048107352,2.8937544505375334,-0.026346848520813284,0,0,0.6091318130493164,-1.170511321430542,1.4654982725726526,-1.8609000645079554,-1.5287583510028284,-0.2147463003741663,0.0,0.0,-0.0,-0.0,-0.0,0.0,1789028780.7062151
5387.317,-0.4479900723503379,-0.47799119449886746,0.3395871516732918,1.1350349587828903,2.8937541214515208,-0.026378436481115958,0,0,0.6091246604919434,-1.170523391371109,1.4655173460589808,-1.8609339199461878,-1.5287616888629358,-0.21472388902773076,0.0,0.0,-0.0,-0.0,-0.0,0.0,1789028780.8063133
5387.4169999999995,-0.4479861750369273,-0.477999660146864,0.3395813063710714,1.135010664077353,2.893751133678936,-0.026350530442670553,0,0,0.6091389656066895,-1.1705078941634675,1.4655049482928675,-1.8609158001341761,-1.5287616888629358,-0.21472388902773076,0.0,0.0,-0.0,-0.0,-0.0,0.0,1789028780.906322
5387.517,-0.44799225199671955,-0.47798573830266144,0.33960461913526707,1.1350247293460645,2.8937415576157575,-0.026396328007160578,0,0,0.6091127991676331,-1.1705421668342133,1.4654982725726526,-1.860896726647848,-1.5287426153766077,-0.21473914781679326,0.0,0.0,-0.0,-0.0,-0.0,0.0,1789028781.006267
5387.617,-0.44796812023148114,-0.47800296327696357,0.3395977900282502,1.1349408101473741,2.893791159761701,-0.02637874423007065,0,0,0.6091593503952026,-1.1705456239036103,1.4655211607562464,-1.8609158001341761,-1.5287616888629358,-0.21475440660585576,0.0,0.0,-0.0,-0.0,-0.0,0.0,1789028781.106316
5387.717,-0.44798222203260313,-0.4780011803391078,0.3396070878092229,1.1349927229968733,2.8937946570419153,-0.026377058690457242,0,0,0.6091474294662476,-1.1705337029746552,1.4654820601092737,-1.8609000645079554,-1.528780762349264,-0.21473580995668584,0.0,0.0,-0.0,-0.0,-0.0,0.0,1789028781.2063303
5387.817,-0.44797968745134514,-0.47800267063269264,0.3396122784008869,1.1349973643907192,2.89380123347924,-0.026406540327304853,0,0,0.6091510057449341,-1.1705421668342133,1.4654858748065394,-1.8609158001341761,-1.5287769476519983,-0.2147305647479456,0.0,0.0,-0.0,-0.0,-0.0,0.0,1789028781.3061755
5387.9169999999995,-0.44798915244032295,-0.4779956658875571,0.33960614329378824,1.1350223748267605,2.8937695523889535,-0.026456181722704888,0,0,0.6091282367706299,-1.1705387395671387,1.46550161043276,-1.8609501324095667,-1.5287426153766077,-0.2147305647479456,0.0,0.0,-0.0,-0.0,-0.0,0.0,1789028781.4063034
5388.017,-0.447994707151717,-0.4779968273316956,0.33959312741395803,1.1350048587031158,2.8937720969625054,-0.026382587978038722,0,0,0.6091282367706299,-1.1705113512328644,1.4654853979693812,-1.8609191379942835,-1.5287650267230433,-0.21474248567690069,0.0,0.0,-0.0,-0.0,-0.0,0.0,1789028781.5062745
5388.117,-0.4479962127731528,-0.4780081186364226,0.3396032177052603,1.1350182382212535,2.893781556395013,-0.026433979553186375,0,0,0.6091402769088745,-1.170502857570984,1.4654558340655726,-1.8609339199461878,-1.5287583510028284,-0.21472388902773076,0.0,0.0,-0.0,-0.0,-0.0,0.0,1789028781.6063235
5388.217,-0.44800432481581154,-0.4779796121522955,0.339603169496612,1.135092175380444,2.8937460480186,-0.02641041539275529,0,0,0.6090971231460571,-1.1705352824977417,1.4654982725726526,-1.860927244225973,-1.5287616888629358,-0.2147148291217249,0.0,0.0,-0.0,-0.0,-0.0,0.0,1789028781.706319
5388.317,-0.4479951662276719,-0.47799713951811246,0.33959752343184135,1.1350126911934397,2.893762261096078,-0.026367533457641933,0,0,0.6091282367706299,-1.170511321430542,1.4654706160174769,-1.8608929119505824,-1.5287650267230433,-0.21473580995668584,0.0,0.0,-0.0,-0.0,-0.0,0.0,1789028781.806332
5388.4169999999995,-0.44799705961058695,-0.4779844287615386,0.33959336753256786,1.1350357003805114,2.8937699222173388,-0.026359836771818593,0,0,0.6091127395629883,-1.1705268186381836,1.4655049482928675,-1.8609158001341761,-1.528780762349264,-0.21473914781679326,0.0,0.0,-0.0,-0.0,-0.0,0.0,1789028781.906342
5388.517,-0.4479920342629423,-0.4779878652850126,0.3396196477207405,1.1350465180684775,2.8937487288363215,-0.026420176160861782,0,0,0.6091163158416748,-1.1705524784377594,1.4654787222491663,-1.8608881435790003,-1.5287464300738733,-0.21472388902773076,4.748985697885022e-37,0.00022525465465150774,-0.0,-0.0,-0.0,0.0,1789028782.0063381
5388.617,-0.44799160563418006,-0.4780020443873934,0.33954798773281136,1.135018500771322,2.893665628604941,-0.0262655605882012,0,0,0.6091318130493164,-1.170459972029068,1.46550161043276,-1.8608724079527796,-1.5287273565875452,-0.21470815340151006,0.0,0.001091222045943141,-0.0,-0.0,-0.0,0.0,1789028782.1063504
5388.717,-0.44746171571776194,-0.47864309618280304,0.3391174197766547,1.1330131739465996,2.8941525651466122,-0.025244878550052453,0,0,0.6104434728622437,-1.1698049169829865,1.4655221144305628,-1.8608676395811976,-1.528848950062887,-0.21472388902773076,0.04322562366724014,0.01778421737253666,-0.0,-0.0,-0.0014700262108817697,0.0,1789028782.2063498
5388.817,-0.4421354541037836,-0.48369912227642337,0.3387167437730725,1.1166114631242328,2.900360742912092,-0.023872237727879168,0,0,0.6217310428619385,-1.1691908997348328,1.465536896382467,-1.8608795605101527,-1.529172722493307,-0.2147310415851038,0.20043352246284485,0.00017485272837802768,-0.0,-0.0,-0.001038131769746542,0.0,1789028782.3069286
5388.9169999999995,-0.4298674366888083,-0.4946226761068665,0.3388535960021862,1.0801393728058915,2.914030978851901,-0.023735347280157536,0,0,0.6467786431312561,-1.1693617862514039,1.4655068556415003,-1.861006876031393,-1.529064957295553,-0.2147429625140589,0.28585824370384216,-0.001307260594330728,-4.111777161597274e-05,-0.0002633222029544413,-4.9661652155919e-05,0.0,1789028782.4062896
5389.017,-0.4159057145247326,-0.5063853162137149,0.3389010090852803,1.0394290713805516,2.928591008848195,-0.023130351316602682,0,0,0.6746248602867126,-1.1694679719260712,1.4655540625201624,-1.8610230884947718,-1.5290287176715296,-0.21472055116762334,0.2633347809314728,-0.002080461708828807,-8.170383640482282e-12,-0.00033394480124115944,9.23599783281929e-19,0.0,1789028782.5063102
5389.117,-0.4050068039408227,-0.5151325664277634,0.3390584398135983,1.008144406779994,2.939542003670724,-0.023029730177596207,0,0,0.6959502100944519,-1.1696526569179078,1.465494457875387,-1.861131330529684,-1.5290358702289026,-0.21472055116762334,0.16503629088401794,-0.0048583741299808025,-0.0,-0.0031333300285041332,0.0,0.0,1789028782.6063342
5389.217,-0.398839644640669,-0.5198926362444232,0.33923497756089915,0.990687385018829,2.94560053664466,-0.023299853229406236,0,0,0.7078301906585693,-1.1698971849730988,1.4654911200152796,-1.8613139591612757,-1.5290253798114222,-0.21472388902773076,0.07412469387054443,-0.0002709094260353595,7.006492321624085e-44,-0.0005166493938304484,0.0,0.0,1789028782.7063012
5389.317,-0.3960517313746216,-0.5219998140570996,0.3393575700371072,0.9828638460459317,2.9483587992974556,-0.0235451799030218,0,0,0.7131619453430176,-1.1700647634318848,1.4654858748065394,-1.8614422283568324,-1.5290477911578577,-0.21472388902773076,0.034060705453157425,-0.003919196780771017,-0.0,-0.0007462215144187212,0.0,0.0,1789028782.8062549
5389.4169999999995,-0.3939363157906436,-0.5234089379628143,0.3402904016999626,0.9774767451300387,2.9512642113986254,-0.026390716405159786,0,0,0.7169854044914246,-1.1714028281024476,1.4655121008502405,-1.8623219929137171,-1.5290406386004847,-0.21473580995668584,0.055379897356033325,-0.027764054015278816,-0.0,-0.024621278047561646,0.0,0.0,1789028782.9062176
5389.517,-0.3897397577970766,-0.5251760856744555,0.3451568316155718,0.9691808656984708,2.958669235615084,-0.03866842430397938,0,0,0.7233796715736389,-1.178698257809021,1.4655049482928675,-1.8642293415465296,-1.528989617024557,-0.21472388902773076,0.07163423299789429,-0.12762726843357086,-0.0,-0.015031950548291206,0.0,0.0,1789028783.0063324
5389.617,-0.3829816011139355,-0.5261889695415499,0.3562639359672931,0.9590870524884337,2.9707084754042907,-0.06225406574327143,0,0,0.7316224575042725,-1.1960881811431427,1.4655211607562464,-1.8643881283202113,-1.528984848652975,-0.21472055116762334,0.10500209033489227,-0.2090013325214386,-0.0,-0.00012771615001838654,0.0,0.0,1789028783.1062841
5389.717,-0.37217897768613367,-0.5285095917339806,0.37043708378867046,0.9403759507502442,2.987192020036495,-0.09253707073662207,0,0,0.7458133697509766,-1.2184620064548035,1.4655469099627894,-1.864314695397848,-1.5289691130267542,-0.2147463003741663,0.1620107740163803,-0.2076849639415741,0.0002661479520611465,0.00037697856896556914,0.0,0.0,1789028783.2063003
5389.817,-0.35976121536934125,-0.5320343353899644,0.38295562489741,-0.9156045412912088,-3.002126761166612,0.11996786412270495,0,0,0.7634023427963257,-1.238332675104477,1.4655612150775355,-1.8643819294371546,-1.5289056936847132,-0.21472055116762334,0.17342470586299896,-0.20279599726200104,4.035684105474502e-05,5.6288183259312063e-05,0.00019046715169679374,0.0,1789028783.3063638
5389.9169999999995,-0.34820942991254755,-0.5344735602391426,0.3952207312061085,-0.888682544380499,-2.9998192912101636,0.14632571766232982,0,0,0.779093861579895,-1.2579625707915802,1.465565029774801,-1.864251276055807,-1.5289414564715784,-0.21472055116762334,0.148800790309906,-0.1736287772655487,-0.0,4.61752018563013e-19,6.931889947736636e-05,0.0,1789028783.4062316
5390.017,-0.33715740662501226,-0.5382559636163939,0.4026301586175234,-0.8614496679773486,-3.0019245194306814,0.16252997984759915,0,0,0.7959825396537781,-1.2698980432799836,1.465576473866598,-1.8641711674132289,-1.5288985411273401,-0.21472722688783819,0.17743609845638275,-0.06854627281427383,9.568059613229707e-05,0.00019143089593853801,4.583181760524057e-34,0.0,1789028783.5062344
5390.117,-0.3271743234998275,-0.5436401256301497,0.4043175692326886,-0.834726892167847,-3.0088490762274143,0.1665154814020206,0,0,0.8136065602302551,-1.2726154190352936,1.4655855337726038,-1.8642307720580042,-1.5289056936847132,-0.2147305647479456,0.17600692808628082,-0.006976012140512466,0.0001238690601894632,7.207487942650914e-05,0.0,0.0,1789028783.6062415
5390.217,-0.31727548574199665,-0.5494339467597465,0.40440167941012833,-0.8077587822052361,-3.0171234851481166,0.16692969354441223,0,0,0.8316711783409119,-1.272758887415268,1.465590778981344,-1.8642102680602015,-1.5289023558246058,-0.21472055116762334,0.18718455731868744,2.4476650651195087e-05,0.00024013641814235598,1.6450941552675013e-16,0.0,0.0,1789028783.7062354
5390.317,-0.30539321650207957,-0.5560685639975056,0.40422055710985133,-0.7756893815878747,-3.0268411121023724,0.16662274872694782,0,0,0.8531166315078735,-1.2727316182902833,1.4659135977374476,-1.8641711674132289,-1.5289762655841272,-0.21472388902773076,0.24577924609184265,6.950358510948718e-05,0.01111451257020235,4.5871577974633355e-18,0.0,0.0,1789028783.8063037
5390.4169999999995,-0.2898215323855385,-0.563422233754966,0.40173011208050735,-0.7361047492042406,-3.0408661032866213,0.15986344871460986,0,0,0.879968523979187,-1.2727145713618775,1.4709060827838343,-1.8640552959837855,-1.5289776960956019,-0.21471149126161748,0.2873591482639313,0.0004759044386446476,0.09225381910800934,0.003449656069278717,0.0,0.0,1789028783.906307
5390.517,-0.2716274752492587,-0.569501048458515,0.39393167911535654,-0.6942448238753429,-3.060272212193839,0.13793360438973604,0,0,0.9091076254844666,-1.2726597350886841,1.4866536299334925,-1.863960405389303,-1.5289467016803187,-0.21472388902773076,0.26987552642822266,-0.00019482814241200686,0.19675536453723907,5.0060894864145666e-05,0.0,0.0,1789028784.0062954
5390.617,-0.2574637758038772,-0.5717630621997558,0.38316429278710346,0.6617285733141866,3.059553269581358,-0.10629674265161179,0,0,0.9296901822090149,-1.2727146011641999,1.5087583700763147,-1.8640552959837855,-1.5289776960956019,-0.2147310415851038,0.13777165114879608,-0.00019144188263453543,0.22880765795707703,-0.00017919103265739977,0.0,0.0,1789028784.1063156
5390.717,-0.2505737007427756,-0.5707987872844149,0.3734298525492994,0.6482567983464325,3.0545796878381255,-0.07742397666229689,0,0,0.9378347396850586,-1.27257593095813,1.5286405722247522,-1.8640243015685023,-1.529006306325094,-0.21473914781679326,0.04139208048582077,0.00043016343261115253,0.1777908056974411,-5.6896155001595616e-05,2.5890810816404618e-40,0.0,1789028784.2063162
5390.817,-0.24819238644782324,-0.5685848053441357,0.36570524896392065,0.6459180306518378,3.0488408939048965,-0.05461480856893563,0,0,0.9388492107391357,-1.2722611886313935,1.5442855993853968,-1.8640462360777796,-1.5290253798114222,-0.21473914781679326,-0.0011396340560168028,0.004329095594584942,0.12909084558486938,-0.0,0.0,0.0,1789028784.306337
5390.9169999999995,-0.24713390693675863,-0.56714700177032,0.3609328412207722,0.6454219648028567,3.045013427232921,-0.04059136283581369,0,0,0.9388577342033386,-1.271678165798523,1.5535028616534632,-1.8640037975706996,-1.5290220419513147,-0.21472388902773076,-5.439894812298007e-05,0.006328214891254902,0.05615895241498947,-2.5593034856235273e-15,-4.291942058344601e-38,0.0,1789028784.4068058
5391.017,-0.24680310409726025,-0.5666907589129112,0.3596137534940981,0.6453183595454516,3.043922878405482,-0.036621807423691574,0,0,0.9388558864593506,-1.2716457408717652,1.5562141577350062,-1.863962789575094,-1.5290339628802698,-0.2147000471698206,-2.9368915035099443e-15,8.188169886125252e-05,0.0027034978847950697,0.00023557012900710106,-0.0,0.0,1789028784.5062823
5391.117,-0.24675602819840856,-0.5667058842559556,0.3594978646856923,0.6451490248858365,3.043765431543974,-0.036035242262468944,0,0,0.9389297962188721,-1.2715155643275757,1.5562356154071253,-1.863692422906393,-1.5290101210223597,-0.21472055116762334,-0.0002606595226097852,0.00563050014898181,0.00020471724565140903,0.002427209634333849,-0.0,0.0,1789028784.6062663
5391.217,-0.24695252264488565,-0.5669126587738311,0.35820591701660787,0.6450913321936197,3.0426871701612885,-0.03199418556893727,0,0,0.9388766884803772,-1.2695933443358918,1.5563471953021448,-1.8629070721068324,-1.5290616194354456,-0.21472055116762334,0.0005482332780957222,0.04753394052386284,0.0028452195692807436,0.04284215718507767,-0.0,0.0,1789028784.7062595
5391.317,-0.2465244687175021,-0.5684893000900901,0.35093896431392685,0.6409256242985526,3.0361817768868065,-0.006467817097139405,0,0,0.9409827589988708,-1.2588842076114197,1.5565536657916468,-1.855870863000387,-1.5290582815753382,-0.21472722688783819,0.042365897446870804,0.16255760192871094,0.000287445931462571,0.06997330486774445,-0.0,0.0,1789028784.8063858
5391.4169999999995,-0.24741746083195573,-0.5718399110129208,0.33852413962774497,0.6365558354458608,3.0278548297498022,0.024447050066369446,0,0,0.9430193305015564,-1.2386717063239594,1.5565455595599573,-1.8542248211302699,-1.5290253798114222,-0.21473580995668584,0.00218769209459424,0.21303878724575043,0.00010163644765270874,6.126725202193484e-05,-0.0,0.0,1789028784.9064326
5391.517,-0.2493374197315011,-0.5744353902568023,0.32702525603247334,0.6354911444055962,3.0198917367907536,0.050875809311562055,0,0,0.9429524540901184,-1.2197913390449067,1.55652362505068,-1.854274412194723,-1.529013458882467,-0.2147463003741663,-0.00021827503223903477,0.16376416385173798,-0.0,-0.00038444166420958936,-0.0,0.0,1789028785.006284
5391.617,-0.25037412388982966,-0.5763750918270725,0.31841146388926345,0.6339067025665578,3.0139739544739905,0.07049066191144882,0,0,0.9434251189231873,-1.2057500344565888,1.55656606355776,-1.8543478451170863,-1.5289862791644495,-0.21473580995668584,0.020704735070466995,0.10740111023187637,-0.0,-7.872340938774869e-05,-0.0,0.0,1789028785.1062891
5391.717,-0.24786816769505227,-0.578141233136205,0.3150290800146899,0.6260722275670347,3.0131692211529133,0.07873041291256481,0,0,0.9484167695045471,-1.200658456688263,1.5571039358722132,-1.8542586765685023,-1.529001537953512,-0.21472055116762334,0.08176791667938232,0.007628546096384525,0.014892696402966976,-5.921048271010255e-35,-0.0,0.0,1789028785.2062628
5391.817,-0.24026079774298387,-0.5805844166248848,0.3136035330544342,0.6072328787458533,3.0159607842721763,0.08369844859265166,0,0,0.9608340859413147,-1.2005675596049805,1.5600736776935022,-1.8542129002013148,-1.5290220419513147,-0.21472388902773076,0.1565985232591629,0.00279795890673995,0.0638314038515091,-1.921093438177326e-24,-0.0,0.0,1789028785.3062804
5391.9169999999995,-0.2296349204329946,-0.5817087728902384,0.3079802903802681,0.583468835735558,3.015647990493377,0.10159571417585182,0,0,0.9761891961097717,-1.2004922193339844,1.572263542805807,-1.8542639217772425,-1.5290525595294397,-0.21473580995668584,0.14987297356128693,0.0007923117955215275,0.16360579431056976,-0.0,-0.0,0.0,1789028785.4062912
5392.017,-0.219829451690385,-0.5803584648146798,0.2992585259735847,0.5641820101820707,3.011042920136992,0.12907655508270158,0,0,0.9883647561073303,-1.2005075973323365,1.5915048758136194,-1.8542963467040003,-1.529006306325094,-0.2147305647479456,0.07897429913282394,0.0,0.2169281244277954,4.673159137608847e-35,-0.0,0.0,1789028785.506297
5392.117,-0.21595650477435566,-0.5761035013698064,0.28991195439427564,0.5608355950448324,3.002187599838392,0.15811608984374942,0,0,0.9898630976676941,-1.2004511815360566,1.6122673193561,-1.8543445072569789,-1.5290444532977503,-0.21472388902773076,-0.023290589451789856,0.0010318395216017962,0.18347549438476562,0.0,-0.0,0.0,1789028785.6063068
5392.217,-0.2155379180096288,-0.5717796889871435,0.28289662260630316,0.5650252560049452,2.9937108608411758,0.17979920933873814,0,0,0.9864664077758789,-1.2004273694804688,1.6280348936664026,-1.8543054066100062,-1.5290220419513147,-0.21470815340151006,-0.03383558988571167,0.0008686214569024742,0.14003212749958038,-2.311793395604056e-10,-0.0,0.0,1789028785.7062187
5392.317,-0.21536291729498516,-0.5686572313169673,0.2774774657483421,0.5682153034788061,2.9871095166968713,0.1962307810819139,0,0,0.9838054180145264,-1.1996661883643647,1.6393206755267542,-1.8542891941466273,-1.5290101210223597,-0.21473914781679326,-0.017540957778692245,0.017029622569680214,0.07682130485773087,-0.0,-0.0,0.0,1789028785.8062563
5392.4169999999995,-0.21551426777702923,-0.5674403155462673,0.27362228863281457,0.5697611825332068,2.9829288241573226,0.20689232436169208,0,0,0.9824556708335876,-1.1968772274306794,1.6443637053119105,-1.8543068371214808,-1.5290373007403772,-0.21472055116762334,-0.0050300611183047295,0.04504156485199928,0.016323968768119812,-0.0,-0.0,0.0,1789028785.9062088
5392.517,-0.216085875712402,-0.5682621478160584,0.26801155920105213,0.5691829347705534,2.9783118279429055,0.2199439488284387,0,0,0.9824113845825195,-1.1874557000449677,1.6444290320025843,-1.8542725048460902,-1.5290182272540491,-0.21473914781679326,-0.0006688394933007658,0.13348381221294403,-8.544783486286178e-05,-0.0,-0.0,0.0,1789028786.0062392
5392.617,-0.21692563838185067,-0.5695512954818,0.25897552419109016,0.5681565402646646,2.9709198703728474,0.2407162939514926,0,0,0.9824307560920715,-1.1722220939448853,1.6444290320025843,-1.8543359241881312,-1.5290444532977503,-0.21473580995668584,-5.320362834027037e-05,0.16599400341510773,-7.715917860195987e-08,-0.0,-0.0,0.0,1789028786.1062553
5392.717,-0.21794115951172166,-0.570759243533637,0.24904555158926828,0.5674729923373386,2.9624633739427675,0.2633646339640201,0,0,0.9821166396141052,-1.1555285316756745,1.6444256941424769,-1.854356428185934,-1.5290048758136194,-0.21474248567690069,-0.007252315524965525,0.15142208337783813,-0.0,-0.0001463552180211991,-5.263277032004013e-42,0.0,1789028786.2062378
5392.817,-0.2185678998477253,-0.5714704649951442,0.24234999183476108,0.5670918385778402,2.9566682898640706,0.2786179629642549,0,0,0.9818949699401855,-1.1443388921073456,1.644480053578512,-1.8543445072569789,-1.5290048758136194,-0.21468955675234014,-0.0011139466660097241,0.07719733566045761,0.00020046801364514977,-8.094255463220179e-05,-0.0,0.0,1789028786.3062377
5392.9169999999995,-0.21881634225942356,-0.5718536961308017,0.2388634494301129,0.5666006272650866,2.9536734981105854,0.2865534014131158,0,0,0.9818997383117676,-1.1384875041297455,1.6444581190692347,-1.8543054066100062,-1.529001537953512,-0.21473580995668584,3.9881178963696584e-05,0.04939796030521393,6.470752850873396e-05,-6.640275797198766e-23,-0.0,0.0,1789028786.406234
5393.017,-0.21907014303291605,-0.5722196220704091,0.23522565915314453,0.5662041259574312,2.9505547583220975,0.2948289056375588,0,0,0.9818878173828125,-1.1324125987342377,1.6444767157184046,-1.854293008843893,-1.5290406386004847,-0.21472055116762334,0.00011878613440785557,0.07319024205207825,-0.0,-3.4710382112254016e-26,-0.0,0.0,1789028786.5063329
5393.117,-0.21935606606639801,-0.5727156418160286,0.23008598747134382,0.5655419575150086,2.9460769708337367,0.30642854530668506,0,0,0.9819393754005432,-1.1238592129996796,1.6445401350604456,-1.8542996845641078,-1.5290167967425745,-0.21469670930971319,0.000171343213878572,0.0830298587679863,0.0005809511058032513,-0.0,-0.0,0.0,1789028786.6062489
5393.217,-0.21952846082285754,-0.573180206246148,0.22524472075176596,0.5645911182272929,2.941911783088976,0.3173182739316015,0,0,0.9821226596832275,-1.1158052247813721,1.6445959250079554,-1.854319234887594,-1.5290101210223597,-0.2147582213031214,0.0016662169946357608,0.08022654056549072,0.0004632735508494079,-0.0,-0.0,0.0,1789028786.7062263
5393.317,-0.21950266598927695,-0.5735990087244202,0.22141351352026786,0.5635417617168086,2.9386906938339648,0.3259230100662655,0,0,0.9825398325920105,-1.1094036859324952,1.6445935408221644,-1.8543397388853968,-1.5290029684649866,-0.21473914781679326,0.0035494535695761442,0.040901727974414825,0.00030965794576331973,-0.0,-0.0,0.0,1789028786.8062732
5393.4169999999995,-0.21941212274210972,-0.5735827746029514,0.22039262380731578,0.5632583999364899,2.937765864983213,0.32847395324404544,0,0,0.9826550483703613,-1.1079703730395813,1.644980255757467,-1.8542849026122035,-1.5290373007403772,-0.21472388902773076,0.003088913392275572,0.00024324656988028437,0.008976107463240623,-0.0,-0.0,0.0,1789028786.9062772
5393.517,-0.21879306489055042,-0.5735299110304698,0.21994208077319685,0.5620057655633361,2.9375100902093387,0.32997641143480766,0,0,0.983466386795044,-1.1078182023814698,1.6458547751056116,-1.8542567692198695,-1.5290373007403772,-0.21472388902773076,0.008637477643787861,0.0022184927947819233,0.01310244482010603,6.007942944711114e-22,-0.0,0.0,1789028787.0062807
5393.617,-0.21819954177485312,-0.5732464150782179,0.21886377158666664,0.5610389145366598,2.9364640940661126,0.3331851205375098,0,0,0.984028697013855,-1.107123152618744,1.647470776234762,-1.8542176685728968,-1.5290339628802698,-0.21471149126161748,0.0015158234164118767,0.01804541051387787,0.02002020552754402,9.933709952747449e-05,-0.0,0.0,1789028787.1062717
5393.717,-0.2178456376920503,-0.5726422904832187,0.21597821507560533,0.5607347062787212,2.9334484408412376,0.3407683232856488,0,0,0.9839661121368408,-1.1041248005679627,1.650163475667135,-1.8542567692198695,-1.5290730635272425,-0.21469670930971319,8.547354050417978e-35,0.03819511830806732,0.03343338891863823,4.3598865066807864e-32,-0.0,0.0,1789028787.2062457
5393.817,-0.21732470452353764,-0.5718744221889415,0.21138762123391736,0.5599995181372425,2.928689961645323,0.35253555437267586,0,0,0.9839732646942139,-1.0989034634879609,1.65381366411318,-1.8543034992613734,-1.5290563742267054,-0.21474248567690069,-1.5244084631647166e-31,0.06717917323112488,0.030180690810084343,0.0,-0.0,0.0,1789028787.3063233
5393.9169999999995,-0.2170288804490995,-0.5714277423349626,0.20674455206860434,0.5593686998139907,2.9239866701917263,0.36398823068583636,0,0,0.9839625358581543,-1.0927798312953492,1.656278435383932,-1.854281564752096,-1.5290339628802698,-0.21473914781679326,0.0,0.04822439327836037,0.01606271229684353,0.0,-0.0,0.0,1789028787.406237
5394.017,-0.2169667325160023,-0.5713932053467699,0.20393562155686104,0.5589535092645315,2.9213065497268733,0.37053949925151014,0,0,0.9840129017829895,-1.088544861679413,1.6569965521441858,-1.854312082330221,-1.5290301481830042,-0.2147148291217249,-2.8768977271968134e-30,0.025997411459684372,0.0005012322799302638,0.0,-0.0,0.0,1789028787.5062265
5394.117,-0.21699312737378146,-0.5714294839431606,0.20319439047899268,0.558830952572741,2.9206306038794514,0.37219015792694565,0,0,0.9840092658996582,-1.087314025764801,1.6570170561419886,-1.8543206653990687,-1.5290339628802698,-0.21473580995668584,0.0,0.0002858435909729451,0.0002581911685410887,0.0,-0.0,0.0,1789028787.6062913
5394.217,-0.21695053756303287,-0.5714211640929214,0.20315987125676463,0.5587786172251885,2.9205803671781445,0.3723598754572735,1,1,0.984061062335968,-1.0872973066619416,1.6570699850665491,-1.8542691669859828,-1.5290339628802698,-0.2147148291217249,0.0001568421721458435,0.0004137609212193638,0.00029069578158669174,0.0,-0.0,0.0,1789028787.7062294
5394.317,-0.21697277181104788,-0.5714282671317773,0.20312562680401175,0.5587791112966167,2.9205872295777207,0.37241336613547665,1,1,0.984041690826416,-1.0872183305076142,1.657041374837057,-1.8542920551695765,-1.529064957295553,-0.2147305647479456,0.0004225140146445483,0.0008886795258149505,0.0006011996301822364,0.0,-0.0,0.0,1789028787.806234
5394.4169999999995,-0.21686766587869624,-0.571363274818988,0.20284677670592044,0.5586376546470528,2.9202879810588107,0.3732211623687841,1,1,0.9841279983520508,-1.08696664989505,1.6573603788958948,-1.8542639217772425,-1.529064957295553,-0.21471149126161748,0.0001053765372489579,0.0033304437529295683,0.0032994993962347507,0.0,-0.0,0.0,1789028787.9062426
5394.517,-0.21688796032855265,-0.5713254704383288,0.20274452305285054,0.5586936342293772,2.920167349947243,0.37347239676154514,1,1,0.9840657711029053,-1.086862401371338,1.657463852559225,-1.8542796574034632,-1.5290730635272425,-0.21472388902773076,6.301218804529405e-41,0.0001630509359529242,0.0002455972717143595,0.0,-0.0,0.0,1789028788.0062428
5394.617,-0.21688912219268253,-0.571335352019389,0.20275480685004194,0.5586858246596634,2.9201552376703392,0.37344068425995297,1,1,0.9840693473815918,-1.0868587654880066,1.6574295202838343,-1.854260583917135,-1.5290492216693323,-0.21472722688783819,-3.514794661896303e-05,1.7275549907935783e-05,0.00010487650433788076,0.0,-0.0,0.0,1789028788.1062415
5394.717,-0.21686767928758285,-0.5713226145240727,0.2027518566038386,0.5586549665581553,2.9201742314962646,0.3734925916903098,1,1,0.9840920567512512,-1.0868899387172242,1.6574834028827112,-1.854260583917135,-1.52907640138735,-0.21472388902773076,-3.5711436794372275e-05,2.9167386635658434e-27,1.536168019811157e-05,0.0,-0.0,0.0,1789028788.2062461
5394.817,-0.21689457759634923,-0.571321410638218,0.20274943089283748,0.5587236581607066,2.9201335795843137,0.37346909199981876,1,1,0.9840487837791443,-1.086870865230896,1.6574605146991175,-1.8542567692198695,-1.5290492216693323,-0.21472055116762334,-1.401298464324817e-45,0.0,1.9704400395057345e-39,0.0,-0.0,0.0,1789028788.3062422
5394.9169999999995,-0.21690708034756018,-0.5713200893314148,0.20276098229425607,0.5587484610390074,2.9201723593226068,0.37341318361192305,1,1,0.9840333461761475,-1.0868863624385376,1.6574605146991175,-1.8542920551695765,-1.5290687719928187,-0.21472055116762334,0.0,0.0,-0.0,0.0,-0.0,0.0,1789028788.4062567
5395.017,-0.2168915285657297,-0.5713213704897419,0.20274536147964475,0.5586937166157573,2.9201572560286464,0.37341210603857616,1,1,0.9840524196624756,-1.0868744415095826,1.6574867407428187,-1.854319234887594,-1.529045883809225,-0.21473914781679326,-1.0249829784925168e-07,0.0,-0.0,0.0,-0.0,0.0,1789028788.5065534
5395.117,-0.2169052937736301,-0.5713269081712746,0.2027602478471221,0.5587721801262368,2.9201288011753777,0.37342960688804244,1,1,0.984036922454834,-1.086870865230896,1.6574328581439417,-1.854253431359762,-1.5290373007403772,-0.214701000844137,0.0,0.0,-0.0,0.0,-0.0,0.0,1789028788.60624
5395.217,-0.21690349700661754,-0.5713214390629934,0.2027802669947822,0.5587194591027704,2.9201829947470657,0.3733519107800248,1,1,0.984036922454834,-1.0869175058654328,1.657459561024801,-1.8542963467040003,-1.5290525595294397,-0.21473914781679326,0.0,0.0,-0.0,0.0,-0.0,0.0,1789028788.706254
5395.317,-0.2168977524897092,-0.5713301035262432,0.20276634840425778,0.5587127257965709,2.9201676376142336,0.37339281793181545,1,1,0.9840524196624756,-1.0868827563575287,1.6574400107013147,-1.854281564752096,-1.5290492216693323,-0.21472722688783819,0.0,0.0,-0.0,0.0,-0.0,0.0,1789028788.806282
5395.4169999999995,-0.2169346384969175,-0.5713165650626516,0.2027819789512627,0.5588155805651992,2.9201461866542155,0.37334073728222006,1,1,0.9839863181114197,-1.086906687622406,1.6574366728412073,-1.854281564752096,-1.5290373007403772,-0.21472388902773076,-6.769437463011185e-37,-6.669075810350478e-05,-0.0,0.0,-0.0,0.0,1789028788.906286
5395.517,-0.2169371116451364,-0.5713240617363994,0.20281055480598575,0.5588354965561403,2.9201950378929133,0.37322305833756464,1,1,0.9839898347854614,-1.0869414967349549,1.657424275075094,-1.8543244800963343,-1.5290373007403772,-0.21471149126161748,0.0,-8.454455382889137e-05,-0.0,0.0,-0.0,0.0,1789028789.006298
5395.617,-0.21695449399655733,-0.5713189296199863,0.20282409115466113,0.5588588437185178,2.920217893161822,0.3731715666879609,1,1,0.9839625358581543,-1.0869620007327576,1.657424275075094,-1.8543445072569789,-1.5290477911578577,-0.21472388902773076,0.0,-0.000151999804074876,-0.0,0.0,-0.0,0.0,1789028789.1062589
5395.717,-0.21695716238036877,-0.5713819967756812,0.20317903455468178,0.5588693200188419,2.9207928507757535,0.37169700184065696,1,1,0.9840092658996582,-1.0874687296203156,1.6573837439166468,-1.8548861942686976,-1.5289982000934046,-0.21472722688783819,0.0,-0.00942295417189598,-0.00026906668790616095,-0.003160098334774375,-0.0,0.0,1789028789.2062607
5395.817,-0.21705591088040999,-0.5715166558055077,0.20361593994361227,0.5590230165544423,2.921871746596061,0.3690316763215512,1,1,0.9839934706687927,-1.0880163770965119,1.6573470274554651,-1.856298109094137,-1.5289824644671839,-0.21473580995668584,0.0,-0.006989822722971439,-0.00014277266745921224,-0.030344214290380478,-0.0,0.0,1789028789.3062708
5395.9169999999995,-0.2173377627560244,-0.5719325565535133,0.20529700817689756,0.5595373869645651,2.9257191685000197,0.35966275006435083,1,1,0.983985185623169,-1.0902728897384186,1.657323185597555,-1.8610602817931117,-1.5289810339557093,-0.21473580995668584,4.2949613998644054e-05,-0.04081849008798599,-8.72377204359509e-05,-0.07111702114343643,-0.0,0.0,1789028789.4062731
5396.017,-0.21759286144345485,-0.5723149814890874,0.20950719645109567,0.5604473909334825,2.9324330419434603,0.3430877079261197,1,1,0.983985185623169,-1.096623257999756,1.6573322455035608,-1.8671418629088343,-1.5289743582354944,-0.21472388902773076,1.2684074135904666e-05,-0.07763337343931198,-1.2592732076272412e-25,-0.036835234612226486,-0.0,0.0,1789028789.506271
5396.117,-0.21741125281075113,-0.5720747193526686,0.2136985842369396,0.5609356728502711,2.936465256901052,0.333160015518969,1,1,0.984028697013855,-1.1036143463901062,1.657374684010641,-1.8676372967162074,-1.5290167967425745,-0.21472388902773076,0.0,-0.04682846739888191,-0.0,-4.909329436486587e-05,-0.0,0.0,1789028789.606259
5396.217,-0.2173267367139237,-0.5719373586176333,0.21582727680126518,0.5612036583108544,2.938348230875774,0.32826363266934727,1,1,0.9840143322944641,-1.1071460408023377,1.6573322455035608,-1.8676897488036097,-1.5289691130267542,-0.21473914781679326,2.8582844606717117e-05,-0.02760971151292324,-0.0,-0.0006644253735430539,-0.0,0.0,1789028789.7062945
5396.317,-0.21721862953331297,-0.5717563210957665,0.21869340201516796,0.5616195494797623,2.941039178645452,0.32140698332705053,1,1,0.9840006828308105,-1.1118986469558259,1.6573165098773401,-1.8680292568602503,-1.5289657751666468,-0.21472388902773076,0.0,-0.06780333071947098,-4.64718796138186e-05,-0.00998539850115776,-0.0,0.0,1789028789.8063416
5396.4169999999995,-0.2173916849590873,-0.5720114711897756,0.22526079265817425,0.5627916500127327,2.9497264797519915,0.2990598916687824,1,1,0.9840006828308105,-1.1218295854381104,1.6568616072284144,-1.874247213403219,-1.5289624373065394,-0.21470815340151006,-6.914372352184728e-05,-0.12683804333209991,-0.013610226102173328,-0.14004021883010864,-0.0,0.0,1789028789.9063454
5396.517,-0.21861028278964045,-0.573790281117513,0.23584449156808165,0.5651922710422839,2.968063853718817,0.2502892725588934,1,1,0.9839577674865723,-1.135458157663681,1.6547210852252405,-1.8944694004454554,-1.529001537953512,-0.21469670930971319,9.980897719537448e-33,-0.1294126808643341,-0.02707977034151554,-0.21275831758975983,-0.0,0.0,1789028790.0062354
5396.617,-0.21947951124339915,-0.5751038165712838,0.24436977057871523,0.5669002702305725,2.982409696015239,0.21023658778879598,1,1,0.9839613437652588,-1.1463613671115418,1.653224293385641,-1.9113394222655238,-1.528989617024557,-0.21473580995668584,-0.00014602107694372535,-0.09201755374670029,-0.00701292185112834,-0.14724722504615784,-0.0,0.0,1789028790.1063313
5396.717,-0.21996165764164308,-0.5757598237165589,0.2507577516238637,0.5682778563589915,2.9928627363654625,0.179921086615665,1,1,0.9839012622833252,-1.155064896946289,1.6530783812152308,-1.9245039425291957,-1.5290120283709925,-0.21472055116762334,-0.0018744588596746325,-0.08836283534765244,-0.0004480583011172712,-0.11483598500490189,-0.0,0.0,1789028790.2062902
5396.817,-0.22056974100506216,-0.5758367157419663,0.2564832516301425,0.570363115702487,3.0005447275301553,0.15601864894905385,1,1,0.9831259250640869,-1.1632288259318848,1.6529548803912562,-1.933420320550436,-1.5289743582354944,-0.21473914781679326,-0.005006897728890181,-0.07131223380565643,-0.002408858621492982,-0.06686973571777344,-0.0,0.0,1789028790.306238
5396.9169999999995,-0.22075238822741028,-0.5758943781666092,0.261051985900245,0.5713125046520826,3.005740985783927,0.13994410934820056,1,1,0.9829306602478027,-1.1695832175067444,1.6521123091327112,-1.9377838573851527,-1.5289824644671839,-0.21472722688783819,-0.0007171928882598877,-0.05214138329029083,-0.016393564641475677,-0.021290434524416924,-0.0,0.0,1789028790.4063323
5397.017,-0.22098044311367576,-0.5760035270459203,0.2649005472692934,0.5720356163738607,3.0089386982630093,0.12976339822628288,1,1,0.9827184677124023,-1.1743643444827576,1.6499593893634241,-1.938143869439596,-1.5289743582354944,-0.2147305647479456,-0.006354477256536484,-0.047464706003665924,-0.022541025653481483,-0.0006490106461569667,-0.0,0.0,1789028790.5062952
5397.117,-0.22165564299933982,-0.5762540147691958,0.26953354422679876,0.573604594595249,3.0126159131726715,0.11749425118615073,1,1,0.982023298740387,-1.1794890326312562,1.6464617888080042,-1.9382897816100062,-1.528989617024557,-0.21470481554140264,-0.013241687789559364,-0.06290814280509949,-0.053754448890686035,-0.001898928894661367,-0.0,0.0,1789028790.6063745
5397.217,-0.22418472792911676,-0.5764204368202969,0.27745259025941915,0.579404878488587,3.0182656623285777,0.09582676914323571,1,1,0.9786970615386963,-1.187537507419922,1.639618221913473,-1.938744684258932,-1.5289810339557093,-0.21472388902773076,-0.06030789017677307,-0.10150756686925888,-0.07859155535697937,-0.007795642130076885,-0.0,0.0,1789028790.7063303
5397.317,-0.2302124251404538,-0.5752163642513389,0.28839414775062555,0.5946323103125317,3.0241287459246786,0.06643648295638886,1,1,0.9693309664726257,-1.198967234497406,1.6306236425982874,-1.9389258823790492,-1.5289810339557093,-0.21472055116762334,-0.1293802559375763,-0.12160513550043106,-0.09778470546007156,-0.0002670950489118695,-0.0,0.0,1789028790.806321
5397.4169999999995,-0.24090266311311453,-0.5714996805196598,0.29867305960166546,0.6228084398310496,3.026392621895764,0.03899157471671086,1,1,0.9513375759124756,-1.210075781946518,1.6227524916278284,-1.9389096699156703,-1.5289929548846644,-0.21475106874574834,-0.2239413857460022,-0.10469434410333633,-0.05040033906698227,-8.561024151276797e-05,-0.0,0.0,1789028790.9062994
5397.517,-0.25562428296296563,-0.5641495008342978,0.3051825585154263,0.6640296756516668,3.02223557823479,0.022230390445489148,1,1,0.9245288372039795,-1.2195122700980683,1.6209963003741663,-1.9389168224730433,-1.529001537953512,-0.21472055116762334,-0.30390191078186035,-0.0782022699713707,-0.00010718014527810737,-5.465064010866787e-44,-0.0,0.0,1789028791.0063128
5397.617,-0.2717193177456184,-0.5555468497914047,0.31107646296670605,0.7096847229900571,3.0167151526459355,0.005358003936116137,1,1,0.8947504162788391,-1.2284555298141022,1.6202696005450647,-1.9405576191344203,-1.529008690510885,-0.2147463003741663,-0.27552780508995056,-0.10612159222364426,-0.019441217184066772,-0.06483611464500427,-0.0,0.0,1789028791.1063068
5397.717,-0.28574791744616473,-0.5480482169281807,0.3202124203041873,0.7506055687835842,3.018540753980563,-0.03206906889815814,1,1,0.8688939213752747,-1.2408304077437897,1.6194470564471644,-1.9535938702025355,-1.5289929548846644,-0.21472055116762334,-0.24282191693782806,-0.14482398331165314,-0.000356359058059752,-0.1673789769411087,-0.0,0.0,1789028791.2063224
5397.817,-0.29877739433108785,-0.5393581145049806,0.33030664922730024,0.7915378978532562,3.0194208895381225,-0.06733819380653319,1,1,0.8431017398834229,-1.2559872728637238,1.6194937864886683,-1.9633165798582972,-1.5289862791644495,-0.21470433870424444,-0.2744239270687103,-0.1377212554216385,-0.00010638684761943296,-0.014892769046127796,-0.0,0.0,1789028791.3063185
5397.9169999999995,-0.3129635131505613,-0.5289219783676811,0.33751282968812035,0.8366604465985094,3.0132890468533287,-0.08449049416374274,1,1,0.8139550685882568,-1.2679923337749024,1.6195018927203577,-1.9633227787413539,-1.5290048758136194,-0.2147310415851038,-0.30871108174324036,-0.10002940893173218,-1.931480255734641e-05,-7.625426223967224e-05,-0.0,0.0,1789028791.4063275
5398.017,-0.3285651011487209,-0.5178523867133116,0.34198475528527483,0.8850615788863874,3.0037358503531237,-0.0951826100863997,1,1,0.7823955416679382,-1.275451437836029,1.6194904486285608,-1.9633194408812464,-1.528994385396139,-0.21473914781679326,-0.3162355422973633,-0.056428536772727966,-1.1586379720523343e-16,-9.215352439473357e-12,-2.858172774722334e-05,0.0,1789028791.5063307
5398.117,-0.3439480414904915,-0.5068289457036979,0.34460035235529285,0.9324884116903759,2.992410769546503,-0.1013969597673328,1,1,0.7512623071670532,-1.2798340183547516,1.6194937864886683,-1.9632946453490199,-1.5290101210223597,-0.21472388902773076,-0.2966126799583435,-0.023690134286880493,-0.0,-0.0,-1.104430793930078e-05,0.0,1789028791.606309
5398.217,-0.3577650893663208,-0.49698956847478637,0.34512554475736,0.9742780462590097,2.9804447263230327,-0.10276821208950399,1,1,0.7235119342803955,-1.2806972426227112,1.6194780508624476,-1.9633146725096644,-1.5290101210223597,-0.21473914781679326,-0.26526105403900146,-0.00033603416522964835,-0.0,-0.0,-0.0,0.0,1789028791.7063217
5398.317,-0.3706151556823584,-0.4874555611795214,0.3451869653868077,1.0134825330222914,2.968317466560079,-0.1030147319723021,1,1,0.6973769068717957,-1.2808072131923218,1.6194904486285608,-1.9633308849730433,-1.5290287176715296,-0.21470815340151006,-0.2567382752895355,-0.0007991165039129555,-6.25062602921389e-05,-6.099848051433894e-29,-0.0,0.0,1789028791.8062809
5398.4169999999995,-0.3814843018300814,-0.47900537829799034,0.34516176673081506,1.0469996074155796,2.9574146912816053,-0.10303867036775222,1,1,0.6748946309089661,-1.280767635708191,1.6194937864886683,-1.9633308849730433,-1.5290220419513147,-0.21472388902773076,-0.19841329753398895,-1.7232141544809565e-05,-4.192684718873352e-05,-6.498393486253917e-05,-0.0,0.0,1789028791.9062517
5398.517,-0.3902716144226672,-0.47188560177734096,0.3452130987448373,1.074521226323081,2.9482044986235607,-0.10328448373209102,1,1,0.6564234495162964,-1.2808036667159577,1.6194384733783167,-1.9633633098998011,-1.528989617024557,-0.21469670930971319,-0.18393121659755707,-0.00037607320700772107,-0.00018234887102153152,-0.0003053683612961322,-0.0,0.0,1789028792.00628
5398.617,-0.3986006570299972,-0.4648698298339135,0.3452044690502869,1.1008514662315636,2.939129655115327,-0.10328115852351603,1,1,0.6386455297470093,-1.280796543960907,1.6194489637957972,-1.9633704624571742,-1.5290287176715296,-0.2147310415851038,-0.16458262503147125,5.923184653511271e-05,-0.0002396800700807944,-0.00011677728616632521,-0.0,0.0,1789028792.1062486
5398.717,-0.4049709198468825,-0.45933874631890365,0.3451759540403937,1.1212116509808212,2.931885716355768,-0.10315264712250302,1,1,0.6248762607574463,-1.2807472509196778,1.6194327513324183,-1.9633070431151332,-1.5290616194354456,-0.21473580995668584,-0.11955157667398453,0.0005736539023928344,-7.871291018091142e-05,-4.573209432673364e-12,-0.0,0.0,1789028792.2062614
5398.817,-0.40988222710439326,-0.4549804103544942,0.34513824461806764,1.1370479308096708,2.9261386236754787,-0.10306849991743665,1,1,0.6141617894172668,-1.2806767982295533,1.6194222609149378,-1.963301797906393,-1.5290802160846155,-0.21472055116762334,-0.0991705134510994,0.00183596252463758,-0.0,-1.6110263151172045e-28,-0.0,0.0,1789028792.3062472
5398.9169999999995,-0.4141455053832031,-0.4511000516262801,0.34508807647981576,1.1509220767998158,2.920954421868595,-0.10288752852422559,1,1,0.6047465205192566,-1.2806239885142823,1.6194451490985315,-1.9632278881468714,-1.52907640138735,-0.21470433870424444,-0.09267228841781616,0.0001635271473787725,-0.0,0.0001043382435454987,-0.0,0.0,1789028792.4062548
5399.017,-0.4170360058793832,-0.4484776113261712,0.3448838739467525,1.1601579375039348,2.9172782473739614,-0.10228661314068398,1,1,0.5983881950378418,-1.2803248029998322,1.6194694677936,-1.963095327416891,-1.5290854612933558,-0.21473914781679326,-0.03910458832979202,0.0013865700457245111,-0.0,0.0022621173411607742,-0.00012625381350517273,0.0,1789028792.506263
5399.117,-0.41780016146971455,-0.4478521811023423,0.34457409155092483,1.162454169229789,2.9160632139121603,-0.10138830877493776,1,1,0.5968056917190552,-1.2798518401435395,1.6194871107684534,-1.9629160366454066,-1.5291059652911585,-0.21468955675234014,-2.9694059711093956e-11,0.012223667465150356,0.00010011390259023756,0.0020241413731127977,-8.843389514368027e-05,0.0,1789028792.6062574
5399.217,-0.4179108474356291,-0.4480105346430453,0.34390238705812803,1.1620541416385552,2.9156053277465124,-0.09985391697628081,1,1,0.596924364566803,-1.2787410777858277,1.6194985548602503,-1.9628917179503382,-1.529133145009176,-0.21472055116762334,0.002106181113049388,0.01460913848131895,1.232823041040704e-29,0.00039996119448915124,-7.227043533930555e-05,0.0,1789028792.7062504
5399.317,-0.41823831751164564,-0.44817703043661,0.34260114108132866,1.1617942390906155,2.9144353312626623,-0.09690713308350034,1,1,0.59684157371521,-1.2766425174525757,1.619582478200094,-1.9628235302367152,-1.5291126410113733,-0.21472055116762334,0.00021468143677338958,0.02859203889966011,0.0004252480866853148,0.0008311422425322235,-0.0,0.0,1789028792.80625
5399.4169999999995,-0.41867589885709316,-0.4484543549036156,0.3407997639760162,1.1613147975829985,2.912853398643987,-0.09282221040261249,1,1,0.5968068242073059,-1.273673729305603,1.6196087042437952,-1.9626966915526332,-1.5290854612933558,-0.21472055116762334,0.0,0.031754858791828156,0.00020010629668831825,0.0006875834078527987,-0.0,0.0,1789028792.9062614
5399.517,-0.41928997955467123,-0.44892307652554203,0.33817116383840573,1.1605058773872223,2.910694962507212,-0.08703067694703182,1,1,0.5968739986419678,-1.2692710322192688,1.6195867697345179,-1.9626714191832484,-1.5290854612933558,-0.2147000471698206,0.001053410698659718,0.0572507306933403,-3.0805907737310298e-30,0.00038342649349942803,-0.0,0.0,1789028793.0062835
5399.617,-0.42003696257283735,-0.4497895356779178,0.3341055121691375,1.1585997061692186,2.90759258112819,-0.07807401168733329,1,1,0.5973638892173767,-1.2624952358058472,1.6195791403399866,-1.9626208744444789,-1.5290940443622034,-0.21472722688783819,0.0021268159616738558,0.08116818219423294,-0.0,0.00012438981502782553,-0.0,0.0,1789028793.1062765
5399.717,-0.42128836835981925,-0.4506056149011685,0.3288186025063661,1.1571621779429055,2.903187557852787,-0.0666252960585422,1,1,0.5973087549209595,-1.2536999148181458,1.6195929686175745,-1.962684770623678,-1.5291007200824183,-0.2147463003741663,-0.00034573444281704724,0.08266951143741608,-0.0,2.22139606194105e-05,-0.0,0.0,1789028793.2062774
5399.817,-0.42236230642971007,-0.4512523659444552,0.3242626094012972,1.1560855714359695,2.8992630888906716,-0.056772191320338034,1,1,0.597185492515564,-1.2461449664882203,1.6196039358722132,-1.9626919231810511,-1.5290902296649378,-0.21471149126161748,-0.0032667447812855244,0.07149073481559753,-4.541559158600371e-34,0.0,-0.0,0.0,1789028793.306314
5399.9169999999995,-0.4231568762174794,-0.45166578411735736,0.3210177040126445,1.1553761059336054,2.896447460114063,-0.04975621640341194,1,1,0.5970093011856079,-1.2407539051822205,1.619582478200094,-1.9626795254149378,-1.5291045347796839,-0.21473580995668584,-0.00010398481390438974,0.03898197039961815,-0.0,0.0,-0.0,0.0,1789028793.4063134
5400.017,-0.42361133089927266,-0.45182170016769524,0.31930726260591247,1.1552008739942448,2.894845169275863,-0.046058754622977385,1,1,0.596794843673706,-1.2379435759833832,1.6196039358722132,-1.9626537762083949,-1.5290887991534632,-0.21472388902773076,-0.00568266911432147,0.018293160945177078,-0.0,0.0,-0.0,0.0,1789028793.5063117
5400.117,-0.424007274832722,-0.4515395009698369,0.31907726922365626,1.156220747823505,2.8942261580536934,-0.04559387092592419,1,1,0.5960390567779541,-1.237548516397812,1.6195858160602015,-1.9626571140685023,-1.5290821234332483,-0.2147310415851038,-0.004512195009738207,0.0020464526023715734,-0.0,0.0,-0.0,0.0,1789028793.6062534
5400.217,-0.42446715441208566,-0.4512533102273206,0.3187280926141361,1.1572818318799123,2.893500383661863,-0.04490966963515284,1,1,0.5952196717262268,-1.2369346481612702,1.6195462385760706,-1.9626919231810511,-1.5290821234332483,-0.21475440660585576,-0.017114920541644096,0.008161699399352074,-0.0,0.0,-0.0,0.0,1789028793.70628
5400.317,-0.4255096134973306,-0.450574599947612,0.3177782563456711,1.1598471266647108,2.8915919277864885,-0.04281871994873184,1,1,0.5933292508125305,-1.2353953880122681,1.619577709828512,-1.9626490078368128,-1.529121224080221,-0.21468955675234014,-0.015344548039138317,0.03252764418721199,-0.0,0.0,-0.0,0.0,1789028793.8063235
5400.4169999999995,-0.4263513040252383,-0.4505577818410167,0.31557186569060364,1.1603499972255298,2.8892662821617088,-0.03819934368002337,1,1,0.5925210118293762,-1.2317160826972504,1.6195462385760706,-1.9627005062498988,-1.5290940443622034,-0.21470433870424444,-0.013476472347974777,0.0372990258038044,-0.0,8.192869547910241e-23,-0.0,0.0,1789028793.9063134
5400.517,-0.42758739406151625,-0.4502184894858582,0.31308874637448647,1.1619191947064342,2.886244161221672,-0.032896124257078295,1,1,0.5909169316291809,-1.2276189488223572,1.6195452849017542,-1.9626809559264125,-1.5291126410113733,-0.21472055116762334,-0.016667287796735764,0.03421623259782791,-8.51434888318181e-05,0.0,-0.0,0.0,1789028794.0063183
5400.617,-0.42871958995320564,-0.4499057005300061,0.31081090315901444,1.1633649234047188,2.883442496136545,-0.02810042266969862,1,1,0.5894435048103333,-1.223848746424057,1.6195290724383753,-1.962684770623678,-1.5291007200824183,-0.21472388902773076,-0.010924171656370163,0.04329047352075577,-0.0,0.0,-0.0,0.0,1789028794.10628
5400.717,-0.43052466815990204,-0.44897845820135834,0.3083236772346715,1.1668216567325047,2.8796305682525984,-0.022906494626475888,1,1,0.5865182280540466,-1.2197744113257905,1.6195653120623987,-1.9627047977843226,-1.5291007200824183,-0.21473914781679326,-0.057632170617580414,0.023572513833642006,-0.0,0.0,-0.0,0.0,1789028794.206313
5400.817,-0.4330761510709597,-0.4467748270439535,0.3075642108213871,1.1743010338938864,2.8758998768896022,-0.02145367612835119,1,1,0.5811746120452881,-1.2185093027404328,1.619549576436178,-1.9627205334105433,-1.529114071522848,-0.21473914781679326,-0.03231693059206009,0.0033799302764236927,-1.205477273558131e-09,-0.0,-0.0,0.0,1789028794.3062606
5400.9169999999995,-0.43397640267299925,-0.4459255899207279,0.30752121731410537,1.1771522107770427,2.874725962976477,-0.02143992494257222,1,1,0.5791934132575989,-1.2184232634356995,1.6195343176471155,-1.962743421594137,-1.529121224080221,-0.21473580995668584,-0.00934684555977583,3.6646757439022616e-41,-0.0,-0.0,-0.0,0.0,1789028794.4063153
5401.017,-0.4342292234437384,-0.4456740624758866,0.30748692610606265,1.1779713560503378,2.874327056210386,-0.02131224754487439,1,1,0.5786189436912537,-1.218386010532715,1.6195462385760706,-1.9626809559264125,-1.529121224080221,-0.21472722688783819,-0.0007708456832915545,0.0022033273708075285,-0.0,-0.0,-9.290797772505514e-15,0.0,1789028794.506352
5401.117,-0.4343596107173601,-0.4458237291713672,0.3065454821241977,1.1775567735756538,2.8735649586688985,-0.01925686588068025,1,1,0.5787109732627869,-1.2168754798224946,1.6195924917804163,-1.9626556835570277,-1.5291484037982386,-0.21472388902773076,0.002747160382568836,0.03524261340498924,-0.0,0.00011161869770148769,-9.394578955834731e-05,0.0,1789028794.606391
5401.217,-0.4350450819836679,-0.4463596118876752,0.3028051850985148,1.1762464276954323,2.8704017946373406,-0.011387091321584872,1,1,0.5788295269012451,-1.210704193716385,1.6195710341082972,-1.9626761875548304,-1.529166046773092,-0.21472055116762334,0.00013466084783431143,0.0751461535692215,-0.0,6.98206276865676e-05,-0.00018801656551659107,0.0,1789028794.7063663
5401.317,-0.43599566060937084,-0.44677253364542335,0.29857332227923805,1.175354710382714,2.866543465168531,-0.00258286831632015,1,1,0.5785349011421204,-1.2037092608264466,1.6195185820208948,-1.9627119503416957,-1.5291522184955042,-0.21472388902773076,-0.0033449747134000063,0.050882887095212936,-0.0,2.3356703460929466e-19,-7.544321852037683e-05,0.0,1789028794.8063323
5401.4169999999995,-0.43663936106643136,-0.4467228974201765,0.296608504238192,1.1756464929094634,2.864428043658014,0.0014944072474168525,1,1,0.5778836011886597,-1.2005088192275544,1.619549576436178,-1.962715288201803,-1.529133145009176,-0.21473914781679326,-0.009177752770483494,0.019070589914917946,-0.0,0.0,-0.0,0.0,1789028794.906362
5401.517,-0.4370273731563675,-0.44687690327855545,0.29472231026025597,1.1752728278642284,2.8626824814997454,0.005478339411718975,1,1,0.5777482986450195,-1.1974567037871857,1.6195996443377894,-1.9627005062498988,-1.5291536490069788,-0.21472388902773076,-2.3356529709417373e-05,0.04057386517524719,-0.0,0.0,-0.0,0.0,1789028795.006363
5401.617,-0.4375881244345279,-0.44707926515315466,0.29221143779984604,1.1748296178626674,2.860334908854421,0.010683478224382169,1,1,0.5775207281112671,-1.193319932823517,1.6195691267596644,-1.9627086124815882,-1.5291536490069788,-0.21471149126161748,-0.0008469002204947174,0.049983929842710495,-0.0,0.0,-0.0,0.0,1789028795.1063523
5401.717,-0.437983194319814,-0.4473464756778709,0.29001254714732255,1.1740897207409344,2.8584675204538534,0.015187943408701693,1,1,0.5775339603424072,-1.1896932286075135,1.6195462385760706,-1.9627791843810023,-1.529172722493307,-0.2147429625140589,-1.4979596345597037e-32,0.010931545868515968,-0.0,0.0,-0.0,0.0,1789028795.2063434
5401.817,-0.4379320755746305,-0.44739742255383763,0.29005844843978745,1.1740157268646063,2.8585332843139155,0.015017077726067167,1,1,0.5776430368423462,-1.1897528928569336,1.6195343176471155,-1.9628197155394496,-1.529133145009176,-0.21469289461244756,0.0007638491806574166,-0.00022776816331315786,-0.0,-0.00014973331417422742,-0.0,0.0,1789028795.3063312
5401.9169999999995,-0.43790416298938173,-0.4474091943109251,0.29002376420977705,1.1738963887232663,2.858526424453383,0.015122669351444937,1,1,0.5776835680007935,-1.189732478266098,1.6195791403399866,-1.962799688378805,-1.5291298071490687,-0.21472388902773076,0.0011381162330508232,5.044659337727353e-05,-0.0,-4.496919791563414e-05,-0.0,0.0,1789028795.406291
5402.017,-0.43785755146195765,-0.44743308664582027,0.28997961903863667,1.173806677287888,2.858476694079909,0.015322808572349316,1,1,0.5777590870857239,-1.189703808431961,1.6196211020099085,-1.9627205334105433,-1.5291364828692835,-0.21469289461244756,0.00016777457494754344,0.0001762507890816778,0.00044068851275369525,1.6809233689854413e-39,-0.0,0.0,1789028795.5062928
5402.117,-0.4378586960872173,-0.4474207017875614,0.2899030969161982,1.1737618542597892,2.858389183210423,0.015518900506596817,1,1,0.577739953994751,-1.1896261137774964,1.6196802298175257,-1.9626966915526332,-1.5291298071490687,-0.21472055116762334,8.048635208979249e-05,0.00013974124158266932,0.00023135555966291577,6.65620609652251e-05,-0.0,0.0,1789028795.606282
5402.217,-0.43786329557196324,-0.4474137375050668,0.2898963213701954,1.1737553711594437,2.858385583144438,0.01549786234064617,0,2,0.5777243375778198,-1.1896247428706666,1.6196993033038538,-1.962724348107809,-1.5291178862201136,-0.21473914781679326,7.900143828010187e-05,9.867447806755081e-05,0.00018234601884614676,0.0,-0.0,0.0,1789028795.706261
5402.317,-0.43785768507059675,-0.44741336858381625,0.28987690615061584,1.173781847385382,2.8583174155972992,0.015542076839284094,0,2,0.5777243375778198,-1.1896093052676697,1.6197174231158655,-1.9627047977843226,-1.5290902296649378,-0.21470815340151006,1.7277762811500168e-14,8.708234236110002e-05,0.00017480547830928117,0.0,-0.0,0.0,1789028795.8062782
5402.4169999999995,-0.4378485448323215,-0.4474230352984126,0.2898778909206505,1.1737256931157938,2.8583758226568867,0.015512207259610382,0,2,0.5777482986450195,-1.1896128219417115,1.6197288672076624,-1.9627472362914027,-1.5291059652911585,-0.2147310415851038,0.0,1.2611686178923354e-44,0.0001453135919291526,0.0,-0.0,0.0,1789028795.906281
5402.517,-0.43782819546287827,-0.44743695194348576,0.2898990422108522,1.1736824833183248,2.8583807955127933,0.015498055021601615,0,2,0.5777830481529236,-1.1896439057639618,1.6197150389300745,-1.9627038441100062,-1.5290902296649378,-0.21472388902773076,7.867751264711842e-05,0.0,0.00016483408398926258,0.0,-0.0,0.0,1789028796.006278
5402.617,-0.4378284352385975,-0.4474269618028891,0.2899106859404746,1.173683607752947,2.858422199817599,0.015462185264887176,0,2,0.5777722597122192,-1.1896749299815674,1.6197379271136683,-1.962736269036764,-1.529109303151266,-0.2147429625140589,9.041572047863156e-05,0.0,8.82103995536454e-05,0.0,-0.0,0.0,1789028796.1062806
5402.717,-0.43778367397423834,-0.44743535891281316,0.28986923690212757,1.173620405306172,2.858423962372983,0.015630687962091088,0,2,0.5778307914733887,-1.1896749299815674,1.619826618825094,-1.962724348107809,-1.5291522184955042,-0.21472388902773076,0.00024750555166974664,0.0,0.0002441987453494221,0.0,-0.0,0.0,1789028796.206276
5402.817,-0.4378067373568513,-0.44742003942660197,0.28984323091894526,1.1736692536299098,2.858316338748219,0.015608157523409747,0,2,0.577777087688446,-1.1896367830089112,1.6198356787311,-1.962736269036764,-1.5290783087359827,-0.21472388902773076,9.542173211229965e-05,0.0,0.00034788443008437753,0.0,-0.0,0.0,1789028796.3062696
5402.9169999999995,-0.43773184634423074,-0.44747945541658374,0.28982636371627235,1.1734508034490232,2.8583912771690594,0.015668860821617312,0,2,0.5779268741607666,-1.1896367830089112,1.6198728720294397,-1.962736269036764,-1.5290868918048304,-0.21472388902773076,0.002721537370234728,0.0,0.0005284826620481908,0.0,-0.0,0.0,1789028796.4062996
5403.017,-0.4376667906691246,-0.4475261921885515,0.2897956576508287,1.1732588412401854,2.8584598975959703,0.015811368634272672,0,2,0.5780560970306396,-1.18962116659198,1.6199148336993616,-1.962715288201803,-1.5291298071490687,-0.21472722688783819,0.0008910199976526201,0.0,0.0017220951849594712,0.0,-0.0,0.0,1789028796.5062854
5403.117,-0.43760253619687833,-0.4474947514476486,0.2896723281088149,1.1731868131763605,2.858310197568442,0.016195798903380843,0,2,0.5780715942382812,-1.1896093052676697,1.6201632658587855,-1.962677618066305,-1.5291364828692835,-0.21472388902773076,0.00012928456999361515,0.0,0.0005845315172336996,0.0,-0.0,0.0,1789028796.606288
5403.217,-0.4375084755330579,-0.4475747665938,0.2896890465689967,1.1729228940710918,2.8584677831778356,0.016128029030838716,0,2,0.5782667994499207,-1.1896523994258423,1.6201961676227015,-1.9627329311766566,-1.5291450659381312,-0.21472388902773076,0.0054266201332211494,0.0,0.0002733161672949791,0.0,-0.0,0.0,1789028796.706293
5403.317,-0.43726875982255764,-0.44780056991384887,0.28968340626186145,1.1721831486251968,2.8587477713696554,0.01612967462855125,0,2,0.578786313533783,-1.1896607440761109,1.620223347340719,-1.962748189965719,-1.5291178862201136,-0.21471673647035772,0.0005710834520868957,-7.357985305134207e-05,0.00014420345542021096,0.0,-0.0,0.0,1789028796.8065825
5403.4169999999995,-0.437058940152166,-0.44799293105829713,0.2897883046840811,1.1715768634406847,2.8591524012218947,0.015874122997276596,0,2,0.5792403221130371,-1.1898114842227479,1.6202076117144983,-1.9628077946104945,-1.529133145009176,-0.21472055116762334,0.009398005902767181,-0.0007131128222681582,2.3171427528723143e-05,-0.00012611702550202608,-0.0,0.0,1789028796.9063263
5403.517,-0.4359337519882436,-0.4490775904803668,0.28994382668179847,1.1681172153333022,2.8607843548282474,0.015544338060235769,0,2,0.5817341208457947,-1.1900234681418915,1.6201680342303675,-1.9628917179503382,-1.529128376637594,-0.21469289461244756,0.0464242622256279,-0.006880949251353741,-0.0,-0.0004233422805555165,-0.0,0.0,1789028797.0063052
5403.617,-0.4329773453333472,-0.4517955125226083,0.29039079439266147,1.1591300130387274,2.864887230687685,0.014841626733104681,0,2,0.5881102681159973,-1.190767155294754,1.6201847235309046,-1.9628917179503382,-1.5290940443622034,-0.21469289461244756,0.07125166058540344,-0.0089563624933362,-0.0,-0.00012798044190276414,-0.0,0.0,1789028797.1063387
5403.717,-0.4290494354660614,-0.45527302669073305,0.2914125543949609,1.147519071705651,2.870750876199387,0.01284618325702329,0,2,0.5964309573173523,-1.1924063724330445,1.6201813856707972,-1.9630896053709925,-1.529128376637594,-0.21472388902773076,0.08831203728914261,-0.021317332983016968,-0.0,-0.0010074216406792402,-0.0,0.0,1789028797.2062786
5403.817,-0.42425121053196096,-0.45930427233759524,0.2929977292341506,1.1337567509266762,2.8778156746381414,0.009862686242905056,0,2,0.6063216924667358,-1.194999561910965,1.6201813856707972,-1.963107248345846,-1.5291126410113733,-0.2147463003741663,0.10134321451187134,-0.03696971759200096,2.0175113604636863e-05,-0.00023779239563737065,-9.97464599805653e-09,0.0,1789028797.3062842
5403.9169999999995,-0.41992744697306555,-0.46197644490348316,0.2973554100886525,1.124012424590311,2.8858687143611856,0.0009132001794936879,0,2,0.6139737367630005,-1.202204094534256,1.6202657858477991,-1.9631225071349085,-1.5290663878070276,-0.2147310415851038,0.04138743132352829,-0.10886117070913315,0.00023090375179890543,-9.21613973332569e-05,-0.0,0.0,1789028797.4063547
5404.017,-0.41750633880962273,-0.46134253730915387,0.30674934798312437,1.1246208771596808,2.8947696899070805,-0.018980080430465174,0,2,0.6154410243034363,-1.217633233671524,1.6202505270587366,-1.9631225071349085,-1.5291245619403284,-0.21470815340151006,0.00017723580822348595,-0.1994679868221283,3.9738311897963285e-05,-3.234681309176796e-26,-0.0,0.0,1789028797.506352
5404.117,-0.41477345929214926,-0.4591638706140307,0.32028960019250885,1.1288036698181323,2.90598121124667,-0.04792377508827708,0,2,0.6151295304298401,-1.2403256756118317,1.6206749121295374,-1.9630681476988734,-1.529133145009176,-0.21473580995668584,0.002892907941713929,-0.23216432332992554,0.014542828314006329,-3.802126838681012e-31,-0.0,0.0,1789028797.6063433
5404.217,-0.41075338698201974,-0.4567459515090463,0.3332648043365488,1.1313908819189942,2.91678491874902,-0.07538218445881942,0,2,0.6157286167144775,-1.2641416055015107,1.6235597769366663,-1.9630657635130824,-1.5291417280780237,-0.21473580995668584,0.015246211551129818,-0.24193976819515228,0.05027444660663605,-0.0,-0.0,0.0,1789028797.7063675
5404.317,-0.4049701589607903,-0.4544115973741354,0.34264050187294487,1.13012363898736,2.9250189145676897,-0.09377675922378771,0,2,0.6181830763816833,-1.286231742506363,1.6315858999835413,-1.9629909000792445,-1.529236141835348,-0.21470815340151006,0.03353003039956093,-0.20190905034542084,0.11600489914417267,0.00015835317026358098,-0.0011281532933935523,0.0,1789028797.8064294
5404.4169999999995,-0.39703061915016685,-0.45281671525055067,0.3451481092732534,1.1220212363928583,2.9285885687227426,-0.09529254062484864,0,2,0.6238348484039307,-1.3030603390983124,1.6472509543048304,-1.962987562219137,-1.529266659413473,-0.21470815340151006,0.06757889688014984,-0.15672247111797333,0.20138613879680634,7.326695049414411e-05,-0.00015619891928508878,0.0,1789028797.906419
5404.517,-0.38678090099648127,-0.44925340639206224,0.34066293220327437,1.112070015410543,2.925030803187231,-0.07776068610565762,0,2,0.6292296648025513,-1.3191493612578888,1.6765707174884241,-1.9630300007262171,-1.52934438387026,-0.21472722688783819,0.0669483169913292,-0.14813360571861267,0.35977834463119507,6.625819006953956e-14,-0.00029456347692757845,0.0,1789028798.0063105
5404.617,-0.3728248193425255,-0.44448036935562646,0.3290791476560346,1.0964131258370453,2.915065676835754,-0.04069116702321163,0,2,0.6369598507881165,-1.3343354624560853,1.719884220753805,-1.963062425652975,-1.529304329548971,-0.21469289461244756,0.07291517406702042,-0.15250597894191742,0.49130403995513916,0.0,-9.275314369006082e-05,0.0,1789028798.1063566
5404.717,-0.35794600301733726,-0.437201686128947,0.31478753282200966,1.0829101025120211,2.9003217887563504,0.004399385595465835,0,2,0.6424281001091003,-1.350622684960701,1.7706869284259241,-1.9631344280638636,-1.529273811970846,-0.21473247209657842,0.04288700222969055,-0.16438697278499603,0.49332818388938904,-0.00020894028421025723,-1.7859476060299649e-37,0.0,1789028798.206369
5404.817,-0.34540901677407243,-0.42968930560142304,0.304109028100215,1.0744801978359468,2.8876070559756286,0.03931179731275672,0,2,0.6452268362045288,-1.3672477167895813,1.814254109059469,-1.9631549320616664,-1.5292499701129358,-0.21472388902773076,0.019357699900865555,-0.16141080856323242,0.36733898520469666,-0.0001891030406113714,-0.0,0.0,1789028798.3063822
5404.9169999999995,-0.33611476389509803,-0.42554777405834093,0.29900160887838406,1.0659369612536007,2.8825280906898483,0.05739532729196417,0,2,0.6495755910873413,-1.3803321582129975,1.8412345091449183,-1.9631549320616664,-1.529261891041891,-0.21472388902773076,0.06688790023326874,-0.09444788843393326,0.17145220935344696,7.696336901119594e-09,-0.0,0.0,1789028798.4063835
5405.017,-0.32912449257085746,-0.42780215499677915,0.2993256338869705,1.0492959766864955,2.8886059260583608,0.058450547952622604,0,2,0.6611223220825195,-1.3863273721984406,1.8475688139544886,-1.9631277523436488,-1.5292499701129358,-0.21472388902773076,0.16944466531276703,-0.026234691962599754,-0.0010973784374073148,0.0,-0.0,0.0,1789028798.5063703
5405.117,-0.3196911468627597,-0.4347921293485739,0.2994429466754498,1.018015305283166,2.90027414562341,0.05941976522074873,0,2,0.6828364133834839,-1.3866625887206574,1.8476789633380335,-1.96303190807485,-1.5292533079730433,-0.2147310415851038,0.2535167336463928,0.001237381948158145,0.0008985045133158565,0.00025176259805448353,-0.0,0.0,1789028798.606357
5405.217,-0.3081000421749742,-0.4430769272914339,0.2993310732089365,0.9797761818789366,2.91378503521405,0.06116117687025453,0,2,0.7092379927635193,-1.3865117740682145,1.8477399984942835,-1.9629680118956507,-1.5292652289019983,-0.21472055116762334,0.27177220582962036,0.0013184532290324569,0.0008469375898130238,0.0007136712083593011,-0.0,0.0,1789028798.706281
5405.317,-0.2962240304692775,-0.451106272688806,0.29929256619947375,0.9411248532722909,2.927022585397489,0.06266451697771001,0,2,0.7358110547065735,-1.3864518863013764,1.8477557341205042,-1.9629670582213343,-1.529304329548971,-0.21472388902773076,0.2618730068206787,0.0001879009505501017,8.479173993691802e-05,0.00015115983842406422,-0.0,0.0,1789028798.806282
5405.4169999999995,-0.28522691546725165,-0.4581503757771592,0.299135374364889,0.9056867155149813,2.93839735168906,0.06453070793629194,0,2,0.7600118517875671,-1.386195794945099,1.8477628866778772,-1.962748189965719,-1.529285732899801,-0.2147429625140589,0.22341907024383545,0.0021783302072435617,2.348581529955334e-28,0.00024796734214760363,-0.0,0.0,1789028798.9062824
5405.517,-0.27667460792916715,-0.46365710800897664,0.29810490502835557,0.8776883132172484,2.946196289815784,0.06822863732274982,0,2,0.7789692878723145,-1.3842349660447617,1.8477590719806116,-1.9626676044859828,-1.5292890707599085,-0.21472388902773076,0.15063998103141785,0.040136873722076416,-0.0,0.000460941024357453,-0.0,0.0,1789028799.006304
5405.617,-0.2713924963151307,-0.4678105110638835,0.2945213800642641,0.8582190807154981,2.9485848306977887,0.07811879541745063,0,2,0.7917207479476929,-1.3773470979980011,1.8477047125445765,-1.9626246891417445,-1.529304329548971,-0.21468955675234014,0.1113506555557251,0.09264097362756729,3.577407270016096e-36,0.00011974642984569073,-0.0,0.0,1789028799.1062973
5405.717,-0.2683620758395508,-0.4710803601934649,0.289013921847162,0.8444952821800783,2.9471883462978044,0.0926030863513337,0,2,0.8002018332481384,-1.3668211114457627,1.8476842085467737,-1.9626523456969203,-1.529285732899801,-0.21473580995668584,0.05215129256248474,0.11299798637628555,-0.0,4.173921834681724e-19,-0.0,0.0,1789028799.2063088
5405.817,-0.26877465833424047,-0.4724569211692624,0.2828910907609678,0.841287871022826,2.941910919250011,0.10820140530008715,0,2,0.8014501929283142,-1.3551549178412934,1.8476651350604456,-1.9626761875548304,-1.5292819182025355,-0.2147582213031214,-0.0009594220318831503,0.13743223249912262,-0.00011324023944325745,1.6452714841561078e-12,-0.0,0.0,1789028799.306301
5405.9169999999995,-0.2700534059368352,-0.4737600951293486,0.27463548745974936,0.8395455342621169,2.9339285063704184,0.1290359048042722,0,2,0.8014190793037415,-1.3394887310317536,1.8476527372943323,-1.9626881084837855,-1.529311482106344,-0.21472388902773076,5.929316466790624e-05,0.17223699390888214,-7.020581688266248e-05,0.0,-0.0,0.0,1789028799.406348
5406.017,-0.2712784025159154,-0.4750793856666285,0.2657095827105384,0.8374302601773823,2.925208462285433,0.15133426550403636,0,2,0.8014741539955139,-1.3226318818381806,1.8476718107806605,-1.9627191028990687,-1.529304329548971,-0.21472722688783819,-0.00018843488942366093,0.16118009388446808,-0.0,0.0,-0.0,0.0,1789028799.5063486
5406.117,-0.2723421838476861,-0.4762028841853009,0.25742521717301586,0.8354886811621821,2.916943425228826,0.17186329207748804,0,2,0.801485002040863,-1.3070100110820313,1.847649399434225,-1.9627086124815882,-1.529261891041891,-0.21472722688783819,-5.709302786272019e-05,0.14658798277378082,-0.0,0.0,-0.0,0.0,1789028799.6063874
5406.217,-0.2731474117810167,-0.47704050482228455,0.25059593249259593,0.8338879492973319,2.91009141613033,0.1887057994346233,0,2,0.801485002040863,-1.2941954594901581,1.8476718107806605,-1.9627119503416957,-1.5292804876910608,-0.21472388902773076,-3.3117845305241644e-05,0.11685524135828018,-0.0,0.0,-0.0,0.0,1789028799.706299
5406.317,-0.27387176079128417,-0.47778701057494233,0.2440966440183693,0.8323587887137961,2.903475224121433,0.20459975241157477,0,2,0.8014693260192871,-1.2819934648326416,1.8476527372943323,-1.962715288201803,-1.5292652289019983,-0.21472388902773076,4.314656265672228e-37,0.12337394058704376,-0.0,0.0,-0.0,0.0,1789028799.8063135
5406.4169999999995,-0.2745045875213206,-0.47847302955752075,0.23761544537825777,0.8307678915050071,2.8968435331343834,0.22044159712480266,0,2,0.8015053272247314,-1.2698775690845032,1.8476651350604456,-1.962684770623678,-1.5292890707599085,-0.21470433870424444,0.0,0.1164671927690506,-1.469118741248649e-28,0.0,-0.0,0.0,1789028799.906374
5406.517,-0.2750217782177086,-0.4790455125598657,0.2319836763227504,0.8292962738166023,2.891051400181507,0.2340035688958116,0,2,0.8015413284301758,-1.2593226891807099,1.847633186970846,-1.962731500665182,-1.5292652289019983,-0.21473580995668584,0.0001950293662957847,0.0925149917602539,-0.0,0.0,-0.0,0.0,1789028800.0063179
5406.617,-0.2754401016854798,-0.47948975657676995,0.22696944607326436,0.8280886350516613,2.8858445856347066,0.24615258988697844,0,2,0.8015568256378174,-1.2499867540648957,1.8476594130145472,-1.9627210102477015,-1.5293081442462366,-0.2147000471698206,8.773407171247527e-05,0.08931257575750351,-0.0,0.0,-0.0,0.0,1789028800.106319
5406.717,-0.2757418755742331,-0.4798229552372953,0.22314408287577042,0.8270969906069662,2.881829482666572,0.25531963413506703,0,2,0.8015748262405396,-1.242840127354004,1.847640339528219,-1.962724348107809,-1.5292890707599085,-0.21470815340151006,0.0011622878955677152,0.059664443135261536,-0.0,0.0,-0.0,0.0,1789028800.206302
5406.817,-0.27586344650610156,-0.4800579939555704,0.2206876282020025,0.8262633268397608,2.8793042651209917,0.26118398475539567,0,2,0.8017090559005737,-1.2382631760886689,1.8476436773883265,-1.962743421594137,-1.5292699972735804,-0.21472722688783819,0.001997927436605096,0.02819559909403324,-0.0,0.0,-0.0,0.0,1789028800.3063493
5406.9169999999995,-0.27586189373044817,-0.48012342984905915,0.2200600344956991,0.8259558594275024,2.8787012968525953,0.2627600839550943,0,2,0.8018012642860413,-1.237108127479889,1.8476560751544397,-1.9627119503416957,-1.529304329548971,-0.21473914781679326,0.0001832493144320324,0.0005924136494286358,-0.0,0.0,-0.0,0.0,1789028800.4063497
5407.017,-0.275846049290776,-0.4801422692110015,0.21997326384283178,0.8258914601018909,2.878603307896095,0.26299263614748947,0,2,0.8018445372581482,-1.2369453471950074,1.847649399434225,-1.962684770623678,-1.529292408620016,-0.21472388902773076,0.00020456589118111879,0.002602899447083473,-0.0,0.0,-0.0,0.0,1789028800.5063171
5407.117,-0.27581786727455665,-0.48018593799604026,0.21978715224126932,0.8257203319746468,2.8784418412850368,0.26342607854250377,0,2,0.8019356727600098,-1.2365909975818177,1.847640339528219,-1.962691446343893,-1.5292771498309534,-0.21472055116762334,0.003426099196076393,0.0023991712369024754,-0.0,0.0,-0.0,0.0,1789028800.6063287
5407.217,-0.27572921537340833,-0.4802283944099623,0.21976531563939083,0.8254501250344425,2.8785238242237328,0.2634932217101488,0,2,0.8021115064620972,-1.2365707916072388,1.8476718107806605,-1.9627119503416957,-1.5292890707599085,-0.21473247209657842,0.0014626258052885532,0.00010731870861491188,-0.0,0.0,-0.0,0.0,1789028800.7062962
5407.317,-0.2753689582225091,-0.48044003498186866,0.21975191868569433,0.8243885601387025,2.878881894444459,0.2636268338282671,0,2,0.8028701543807983,-1.236538366680481,1.8476594130145472,-1.9627005062498988,-1.5293009916888636,-0.21472055116762334,0.019899878650903702,0.0005219884915277362,-0.0,0.0,-0.0,0.0,1789028800.8063452
5407.4169999999995,-0.27403096436556174,-0.4812143212025164,0.21974112099016607,0.8204127951859369,2.8801941639899185,0.26393464600155087,0,2,0.8056583404541016,-1.2365036469748993,1.8476370016681116,-1.962684770623678,-1.529261891041891,-0.2147310415851038,0.02647591196000576,0.00012236762268003076,-0.0,0.0,-0.0,0.0,1789028800.9062822
5407.517,-0.27341720211574183,-0.4815574044225591,0.21974532744054903,0.8186179366473526,2.880816655703855,0.26404458887288185,0,2,0.8069249987602234,-1.2365228694728394,1.8476560751544397,-1.9627038441100062,-1.5292580763446253,-0.2147310415851038,0.0006615863530896604,1.1166613148816396e-05,-0.0,0.0,-0.0,0.0,1789028801.006328
5407.617,-0.2734240387644972,-0.4815408447200435,0.21973673232570579,0.8186624559257635,2.8807866515550464,0.2641161025065889,1,3,0.8068974018096924,-1.2365265053561707,1.8476765791522425,-1.962672849694723,-1.529273811970846,-0.21472388902773076,0.0,0.0,-0.0,-1.9698837240153975e-39,-0.0,0.0,1789028801.1062784
5407.717,-0.2734067525855226,-0.4815497834969314,0.21971635135754514,0.818638320856794,2.880774614795883,0.2641204248401536,1,3,0.8069285750389099,-1.2364989084056397,1.8476980368243616,-1.9627109966673792,-1.5292547384845179,-0.21470815340151006,0.0,0.0001719255087664351,-0.0,-0.0,-5.717203847448144e-39,0.0,1789028801.206269
5407.817,-0.2734256649002113,-0.4815496378599222,0.2197087156527717,0.8186752597841768,2.8807714466450576,0.2641902181844345,1,3,0.8069093227386475,-1.236463026409485,1.8476617972003382,-1.9626761875548304,-1.5292890707599085,-0.2147000471698206,0.0,0.00021429068874567747,-0.0,-0.0,-0.0,0.0,1789028801.306264
5407.9169999999995,-0.2734305431029014,-0.4815439368511771,0.2196946885074942,0.8186529894553959,2.880736442423069,0.2642264171837165,1,3,0.8068925738334656,-1.236443893318512,1.847668472920553,-1.962660928765768,-1.529273811970846,-0.21472722688783819,0.0,7.605661812704057e-05,-0.0,-0.0,-0.0,0.0,1789028801.4063022
5408.017,-0.273434448360802,-0.48153539824603114,0.2197161878717932,0.8187122190867,2.880726464963525,0.2641713641466932,1,3,0.8068734407424927,-1.2364905637553711,1.8476765791522425,-1.9626556835570277,-1.5292580763446253,-0.21470767656435186,-2.2412999101106834e-07,0.0,-0.0,-0.0,-0.0,0.0,1789028801.506279
5408.117,-0.2734333310923093,-0.48151149907522106,0.2196854032978822,0.818727388719717,2.8806850354120477,0.2642985912550229,1,3,0.8068482875823975,-1.2364786726287385,1.847734276448385,-1.9626370869078578,-1.5292804876910608,-0.2147148291217249,-0.0002716512535698712,1.370841124154931e-29,0.00013690644118469208,2.78078058357778e-08,-0.0,0.0,1789028801.6063185
5408.217,-0.2734543066392552,-0.4815113460156547,0.21967277825659082,0.8187365950988901,2.8806376324603646,0.2642889028962173,1,3,0.8068134784698486,-1.2364390653422852,1.847712818776266,-1.9626370869078578,-1.5292461554156702,-0.21473914781679326,-0.00012214032176416367,0.00010013831342803314,7.050782005535439e-05,0.0,-0.0,0.0,1789028801.7062705
5408.317,-0.2734696812738018,-0.48151109113106505,0.21966873354760041,0.8187897423038949,2.8806342711122706,0.2642724093611863,1,3,0.8067931532859802,-1.2364199322513123,1.847701374684469,-1.9626594982542933,-1.5292499701129358,-0.21472388902773076,-0.00028990779537707567,0.0,-0.0,2.311421598134743e-18,-0.0,0.0,1789028801.8063405
5408.4169999999995,-0.27349348629361514,-0.4814742461332662,0.21964772420059334,0.8188862948071438,2.8805728655665694,0.2643932709231222,1,3,0.8067187070846558,-1.2364199322513123,1.8477466742144983,-1.9626208744444789,-1.5292771498309534,-0.21472388902773076,-0.00014842870587017387,1.641727761743689e-37,-0.0,0.0,-0.0,0.0,1789028801.9063172
5408.517,-0.2734891101903944,-0.4814774580165625,0.21966154978871813,0.8188566776677152,2.8805855049383715,0.2643427569462623,1,3,0.8067259192466736,-1.2364426416209717,1.847743336354391,-1.9626242123045863,-1.529261891041891,-0.21473914781679326,-7.293318049050868e-05,0.0,-0.0,0.0,-0.0,0.0,1789028802.0062678
5408.617,-0.27347503434951076,-0.4814991307871593,0.21966176270063004,0.8188369695327017,2.8806045576815347,0.2643363235057136,1,3,0.806772768497467,-1.2364199322513123,1.847712818776266,-1.962628027001852,-1.529261891041891,-0.21470815340151006,0.0,0.0,-0.0,1.9337918807682476e-43,-0.0,0.0,1789028802.1062748
5408.717,-0.27347995323656465,-0.48149408231542684,0.21967783851078743,0.8188597708166482,2.88062509223497,0.26429280253939813,1,3,0.8067609071731567,-1.2364511054805298,1.8477161566363733,-1.9626370869078578,-1.5292685667621058,-0.21470767656435186,-6.119017780292779e-05,0.0,-0.0,0.0,-0.0,0.0,1789028802.2063136
5408.817,-0.27348777692162063,-0.48147956332983693,0.21967162035363358,0.818881299874724,2.880577135644176,0.2642874015909142,1,3,0.8067259192466736,-1.236459420328476,1.847743336354391,-1.9626370869078578,-1.5292375723468226,-0.21472388902773076,-8.678067388245836e-05,-6.062128159101121e-05,-0.0,0.0,-0.0,0.0,1789028802.3062646
5408.9169999999995,-0.2734919742490614,-0.48149949970174216,0.2196934988727729,0.818835116785632,2.8806667042088234,0.2641666860033625,1,3,0.8067488670349121,-1.236463026409485,1.8477047125445765,-1.962698598901266,-1.5292533079730433,-0.2147429625140589,-2.802596928649634e-45,-3.3880343835335225e-05,3.2216869385592872e-06,0.0,-0.0,0.0,1789028802.4062612
5409.017,-0.27350773306344056,-0.4814835082617189,0.21969269949676262,0.8189466894096459,2.880590625506951,0.26418634692368353,1,3,0.8067019581794739,-1.236471490269043,1.8477118651019495,-1.9626642666258753,-1.5292256514178675,-0.21470815340151006,-1.401298464324817e-45,-0.0,-0.0,0.0,-0.0,0.0,1789028802.5062985
5409.117,-0.2735100649260041,-0.48149870983919185,0.219741583673467,0.8189625091679065,2.8806949949204115,0.2640040147362534,1,3,0.8067212700843811,-1.2365300518325348,1.84767991701235,-1.9627276859679164,-1.52924091020693,-0.21469289461244756,-8.798276394372806e-05,-0.0001794306153897196,-0.0,0.0,-0.0,0.0,1789028802.6063073
5409.217,-0.2735001292249246,-0.4815084389117572,0.2199622570934076,0.8189502162315634,2.8809997602404214,0.26333025046527375,1,3,0.8067452311515808,-1.2369010609439393,1.847647492085592,-1.9628402195372523,-1.529228989277975,-0.21472388902773076,0.0,-0.0041593448258936405,-0.00030558666912838817,-0.0006468180799856782,-0.0,0.0,1789028802.706275
5409.317,-0.2735143095114584,-0.4815427894937157,0.22032669709966174,0.8190544081726774,2.881586989681538,0.26200229625039645,1,3,0.8067691326141357,-1.2374720734408875,1.8475759665118616,-1.963226934472555,-1.5292204062091272,-0.21472055116762334,0.0001370525424135849,-0.01053683366626501,-0.0006594546721316874,-0.0005105107557028532,-0.0,0.0,1789028802.8063004
5409.4169999999995,-0.2735056479658098,-0.4815173318925232,0.22254076542225049,0.8197798766951738,2.884537155478475,0.2552407487451462,1,3,0.8067500591278076,-1.2413118046573182,1.8474367300616663,-1.964494367639059,-1.5292170683490198,-0.21471149126161748,1.0283284911528218e-14,-0.08208691328763962,-0.002258514054119587,-0.035303253680467606,-0.0,0.0,1789028802.906423
5409.517,-0.27360123500357497,-0.481688447863019,0.2300979863467806,0.8223412891812075,2.8965145447357097,0.22764072417993883,1,3,0.8068482279777527,-1.2541125875762482,1.847384277974264,-1.9729839764037074,-1.5292170683490198,-0.21472388902773076,0.0005172843229956925,-0.16547560691833496,-0.00033427472226321697,-0.15357163548469543,-0.0,0.0,1789028803.0063918
5409.617,-0.27387884752343494,-0.48201920694190153,0.24120821714943222,0.826428049936693,2.914897622216956,0.1837301093724484,1,3,0.806912899017334,-1.2724542182734986,1.8473518530475062,-1.9882799587645472,-1.5292442480670374,-0.21469289461244756,0.0008377781487070024,-0.1965034008026123,-0.000617088342551142,-0.10517280548810959,-0.0,0.0,1789028803.106327
5409.717,-0.27313317356807026,-0.48136679473779515,0.2524360445981872,0.8292360240630041,2.9285934176393544,0.1498024547839396,1,3,0.8070889711380005,-1.292314038877823,1.8471654097186487,-1.9939919910826625,-1.52924091020693,-0.21470815340151006,0.0005553122027777135,-0.19255080819129944,-0.003822116646915674,-0.011840175837278366,-0.0,0.0,1789028803.2063234
5409.817,-0.27181781078185663,-0.4803969800058594,0.26296292543153166,0.830763686483339,2.939080317664601,0.12349153075615851,1,3,0.8076282739639282,-1.3112996977618714,1.8463400045977991,-1.994032999078268,-1.52924091020693,-0.21472388902773076,0.009574217721819878,-0.18484319746494293,-0.013040329329669476,-0.00016036788292694837,-0.0,0.0,1789028803.306303
5409.9169999999995,-0.2703052970407747,-0.47999353560330504,0.273227456679512,0.8307539186723905,2.949685336846786,0.09728119959344654,1,3,0.8091655969619751,-1.3286717993072052,1.844067398701803,-1.9940725765623988,-1.5292184988604944,-0.21472388902773076,0.015596139244735241,-0.1675228327512741,-0.0318734236061573,-0.0002201618772232905,-0.0,0.0,1789028803.4063234
5410.017,-0.2691434336829385,-0.4805023184910243,0.2838417562425998,0.829754312728617,2.961018781512277,0.0693788831447955,1,3,0.8114252090454102,-1.344030426149704,1.8385079542743128,-1.994032999078268,-1.5292723814593714,-0.21470767656435186,0.0318099781870842,-0.12819521129131317,-0.09511235356330872,-8.013600017875433e-05,-0.0,0.0,1789028803.5063047
5410.117,-0.26898174507635586,-0.48395536482608303,0.2942089730212219,0.8251051814675903,2.973474218532442,0.04012130113732723,1,3,0.816081702709198,-1.351894588475563,1.8245332876788538,-1.993953367272848,-1.5292428175555628,-0.21472388902773076,0.053228165954351425,-0.02145485207438469,-0.188363179564476,-1.5120189822415142e-11,-0.0,0.0,1789028803.606311
5410.217,-0.27187276204991734,-0.48972353524631584,0.3049220266022466,0.8223933300987876,2.986114668115482,0.007630405065039332,1,3,0.8194906711578369,-1.3519233179143448,1.8006323019610804,-1.993955751458639,-1.529261891041891,-0.21472055116762334,0.01164141483604908,7.584628747281386e-07,-0.2765560746192932,0.00017484328418504447,-0.0,0.0,1789028803.7063017
5410.317,-0.2772204020104355,-0.4965903330373189,0.31991900332846934,0.8232827116416949,3.001531022888896,-0.03750172087293185,1,3,0.8209154605865479,-1.3516527724317093,1.7673261801349085,-1.9937659702696742,-1.529290501271383,-0.21473914781679326,0.028260638937354088,0.0005888015148229897,-0.38630959391593933,0.0003467199276201427,-0.00029197061667218804,0.0,1789028803.8063235
5410.4169999999995,-0.28209721933817467,-0.5060326147012042,0.3400385891459148,0.8192716516851446,3.022038561541152,-0.09738445535779,1,3,0.8260343074798584,-1.3511705559543152,1.7234199682818812,-1.99346985439443,-1.5293968359576624,-0.21472388902773076,0.07149172574281693,0.0087260901927948,-0.47894784808158875,0.005608343984931707,-0.0012321133399382234,0.0,1789028803.9063165
5410.517,-0.28549330522729555,-0.517591126074122,0.3625877992712117,-0.8021578216461002,-3.0198664216643354,0.16334341260215937,1,3,0.835336446762085,-1.3481788796237488,1.6723740736590784,-1.993110796014303,-1.5294774214373987,-0.21470815340151006,0.11179110407829285,0.05406934395432472,-0.5271437764167786,0.004333685617893934,-0.0033671946730464697,0.0,1789028804.006328
5410.617,-0.28702680235314,-0.5304500208855101,0.3821894893820056,-0.7765351259077758,-3.0052941060028084,0.21699091268963497,1,3,0.8481057286262512,-1.3388840717128296,1.6200287977801722,-1.9894429645934046,-1.5295527617083948,-0.21472388902773076,0.14299842715263367,0.13748428225517273,-0.5178424119949341,0.06832665950059891,-0.00022865887149237096,0.0,1789028804.1063204
5410.717,-0.28711229529675014,-0.543691629839936,0.3950903954544267,-0.7517602669972323,-3.0014732330861342,0.24389440579358285,1,3,0.8626137375831604,-1.3219459813884278,1.570367161427633,-1.976328035394186,-1.5295527617083948,-0.21473914781679326,0.1463233232498169,0.19486156105995178,-0.47585955262184143,0.18574070930480957,-0.00010328160715289414,0.0,1789028804.206327
5410.817,-0.2870919263131956,-0.5562451073142398,0.39929953719970174,-0.7326471639517629,-3.009656750100269,0.23839733794390544,1,3,0.8760057687759399,-1.297723190193512,1.5268157164203089,-1.952630182305807,-1.5295527617083948,-0.21472722688783819,0.11639385670423508,0.2642710506916046,-0.3853980004787445,0.29551541805267334,-1.7206137466889775e-39,0.0,1789028804.306353
5410.9169999999995,-0.2871483324331358,-0.5663730639070007,0.3942787597503504,-0.7217494203973928,-3.0291089374701503,0.1986072609107238,1,3,0.8863878846168518,-1.2698519390872498,1.494643513356344,-1.9190036259093226,-1.529550854359762,-0.21473914781679326,0.08666051924228668,0.28868231177330017,-0.2671419382095337,0.37822797894477844,-0.0,0.0,1789028804.4063365
5411.017,-0.28764055015087236,-0.5735937019267028,0.38262151295168867,-0.7181251286119094,-3.0527690772063294,0.13938326227225323,1,3,0.8930485844612122,-1.2416663628867646,1.474942986165182,-1.8846360645689906,-1.5295198599444788,-0.21472388902773076,0.048413876444101334,0.2777707576751709,-0.13977794349193573,0.2962353527545929,-0.0,0.0,1789028804.506339
5411.117,-0.2892077702193757,-0.5789960245053405,0.36897858338774525,0.7119707263605729,3.045168202891581,-0.08881880611464499,1,3,0.8964570760726929,-1.2154888671687623,1.464867893849508,-1.865223070184225,-1.5295098463641565,-0.21473914781679326,0.03253462165594101,0.24751538038253784,-0.07267116010189056,0.08000524342060089,-0.0,0.0,1789028804.606391
5411.217,-0.2906957654521933,-0.5841549444325712,0.35598189444691,0.7058203188753941,3.0382532255315375,-0.05976633410766262,1,3,0.8996648192405701,-1.1920437675765534,1.4606707731830042,-1.8640600643553675,-1.529525105153219,-0.21471149126161748,0.03414594382047653,0.22087882459163666,-0.030853908509016037,1.704959841544005e-41,-0.0,0.0,1789028804.7063503
5411.317,-0.2912241376152327,-0.5885405849516576,0.3447488397288738,0.6992423104093138,3.032694667752203,-0.03592672070753315,1,3,0.9032444357872009,-1.1724277597716828,1.4579017798053187,-1.8640958271422328,-1.5294979254352015,-0.21472388902773076,0.03699604794383049,0.16749678552150726,-0.026252228766679764,0.0,-0.0,0.0,1789028804.8063293
5411.4169999999995,-0.2914264715954627,-0.592426819024981,0.3376494713126708,0.6932895376400064,3.029939765074652,-0.022072332322908856,1,3,0.90671306848526,-1.157787786131241,1.452998463307516,-1.8640905819334925,-1.5295284430133265,-0.2147463003741663,0.03794487565755844,0.12603165209293365,-0.0765799805521965,0.0,-0.0,0.0,1789028804.9063501
5411.517,-0.29157950203941446,-0.5969569767917907,0.33488392755927343,0.6869556398758571,3.0306998511696746,-0.019740923948680475,1,3,0.9108078479766846,-1.1460560423186799,1.4428017775165003,-1.8640552959837855,-1.529525105153219,-0.21473914781679326,0.03856499865651131,0.10798560082912445,-0.13599610328674316,0.0,-0.0,0.0,1789028805.0063968
5411.617,-0.2920049151013738,-0.6025371448106072,0.3368140568984186,0.6803068369108151,3.035398707527118,-0.030370640366837585,1,3,0.9154999852180481,-1.1365165275386353,1.4256499449359339,-1.8640667400755824,-1.529525105153219,-0.2147148291217249,0.05458199232816696,0.08714485913515091,-0.19864535331726074,0.0,-0.0,0.0,1789028805.106361
5411.717,-0.29276517377897976,-0.6094360030277445,0.34148708688212137,0.6727740444219878,3.0426627471395964,-0.04938451231210212,1,3,0.9209284782409668,-1.126500980263092,1.4020493666278284,-1.8640157184996546,-1.5295751730548304,-0.21473914781679326,0.052574533969163895,0.1159413605928421,-0.2712637186050415,2.3809844684412166e-17,-0.0,0.0,1789028805.206356
5411.817,-0.2946475394142312,-0.6164932612140152,0.34638043096391946,0.6672995810592844,3.049631054827303,-0.07002400667450294,1,3,0.9250434041023254,-1.1150514644435425,1.376000706349508,-1.8639675579466761,-1.5295560995685022,-0.21470433870424444,0.030160482972860336,0.11440306156873703,-0.25495460629463196,0.00036308731068857014,-0.0,0.0,1789028805.3064032
5411.9169999999995,-0.2975788868396708,-0.622242449546502,0.3491717267819717,0.6652935692856367,3.0541055040567837,-0.08490200952671781,1,3,0.9266718626022339,-1.1031360787204285,1.3536246458636683,-1.863931795159811,-1.5295284430133265,-0.21471149126161748,0.008405536413192749,0.12191355228424072,-0.19617658853530884,0.0002657059230841696,-0.0,0.0,1789028805.4063637
5412.017,-0.3009382853003973,-0.6274826139501555,0.3474546962210525,0.6644054099424018,3.0553082114545855,-0.08859948749660515,1,3,0.9273231625556946,-1.0878088635257264,1.3356698195086878,-1.863903661767477,-1.5295284430133265,-0.21469289461244756,0.0030369460582733154,0.17280986905097961,-0.1435113400220871,0.00015740827075205743,-0.0,0.0,1789028805.5063384
5412.117,-0.3036895506768887,-0.6312645584562258,0.34108974294752265,0.6638218530214095,3.0529429459042703,-0.07919992476845028,1,3,0.9274067878723145,-1.0719230336001893,1.3263452688800257,-1.8639198742308558,-1.5295560995685022,-0.2147429625140589,0.0004041060747113079,0.1532348096370697,-0.04218195751309395,6.405208841897547e-05,-0.0,0.0,1789028805.6063893
5412.217,-0.3053571744167454,-0.633499459427288,0.33147724378588034,0.6630963202119488,3.0477219832012823,-0.059775423182363265,1,3,0.9273985028266907,-1.0571645659259339,1.3252018133746546,-1.8639246426024378,-1.5295284430133265,-0.21472388902773076,0.00023747372324578464,0.13587519526481628,-3.983656642958522e-05,0.0,-0.0,0.0,1789028805.706387
5412.317,-0.30632571182798524,-0.6348066443044958,0.324670745072708,0.6625668408576539,3.0438948309107654,-0.04578013152706183,1,3,0.9274032115936279,-1.047318474655487,1.3252165953265589,-1.8639589748778285,-1.5295284430133265,-0.21469670930971319,4.701783836935647e-05,0.06515688449144363,-1.4460021020568092e-06,0.0,-0.0,0.0,1789028805.806332
5412.4169999999995,-0.3068072237820517,-0.6354690693979641,0.3210571453845128,0.6622289738951118,3.0418183335016313,-0.038314952042626575,1,3,0.9274140000343323,-1.042127088909485,1.3252528349505823,-1.8639279804625453,-1.529513184224264,-0.21470433870424444,-2.252612466691062e-05,0.04086000472307205,-0.0,0.0,-0.0,0.0,1789028805.9063861
5412.517,-0.3071020248177474,-0.6358157703939614,0.3190858123003683,0.6621447199101427,3.040653229847397,-0.03430923884206693,1,3,0.9273673295974731,-1.0392823976329346,1.3252576033221644,-1.863943716088766,-1.5294860045062464,-0.21469289461244756,0.0,0.0171938668936491,0.00014026787539478391,0.0,-4.331850907638957e-31,0.0,1789028806.0063334
5412.617,-0.3072692001900577,-0.6360024508343307,0.3180082742808297,0.6620340260287537,3.04005911026669,-0.032156378872977516,1,3,0.9273350238800049,-1.0377265375903626,1.3252657095538538,-1.863990922967428,-1.5294893423663538,-0.21473914781679326,-0.00017752176790963858,0.014404860325157642,9.471140219829977e-05,0.0,-0.0,0.0,1789028806.1063654
5412.717,-0.30740367739664504,-0.6361453622807905,0.31707722074212547,0.6620597054017376,3.0394836286158617,-0.030152057897928113,1,3,0.9273038506507874,-1.0364126724055787,1.3252938429461878,-1.8639246426024378,-1.529499355946676,-0.2147000471698206,-7.403100607916713e-05,0.011390973813831806,0.0001529142609797418,0.0,-0.0,0.0,1789028806.2063818
5412.817,-0.30748805876808283,-0.636248168441023,0.31641205742165557,0.6619851840498141,3.039082989557393,-0.028788945317772388,1,3,0.927291989326477,-1.0354897540858765,1.325348202382223,-1.863931795159811,-1.5294807592975062,-0.21472055116762334,-8.449829739878647e-43,0.002452300628647208,0.00016478911857120693,0.0,-0.0,0.0,1789028806.3063345
5412.9169999999995,-0.30749616158360193,-0.6362642435231398,0.3163160486338984,0.6619898808895655,3.0389917455051885,-0.028598508369341285,1,3,0.927291989326477,-1.0353579086116333,1.3253563086139124,-1.8639236889281214,-1.529449764882223,-0.21470767656435186,-4.225655337392451e-32,0.0006062784814275801,0.00012177143071312457,0.0,-0.0,0.0,1789028806.4063334
5413.017,-0.3075399920841259,-0.6362696715738916,0.31619593978293176,0.6620436582750576,3.0389296797627035,-0.028351505293596483,0,4,0.9272487163543701,-1.0351900619319458,1.3253663221942347,-1.8639351330199183,-1.529468838368551,-0.21471149126161748,-8.727896783966571e-05,0.0035295530688017607,0.0001361801114398986,0.0,-0.0,0.0,1789028806.5063915
5413.217,-0.307552012217507,-0.6363408896443548,0.31585348063430363,0.6619121604461793,3.0387480814701346,-0.027642370650129748,0,4,0.9272955656051636,-1.0347069662860413,1.325381104146139,-1.863931795159811,-1.5294655005084437,-0.2147310415851038,-5.143953239894472e-05,0.001534011447802186,2.6970106773660518e-05,0.0,-0.0,0.0,1789028806.7564561
5413.317,-0.307584608741866,-0.6363417266507442,0.3157773431761913,0.6619488645649267,3.0386972003562005,-0.027469182091961496,0,4,0.9272595643997192,-1.0345989626697083,1.325381104146139,-1.8639198742308558,-1.5294721762286585,-0.21473914781679326,0.0,0.001220046542584896,1.9889326722477563e-05,0.0,-0.0,0.0,1789028806.8063588
5413.4169999999995,-0.3075865251722944,-0.6363475080305689,0.31570814067756314,0.6619326382184442,3.038635578510816,-0.02731918394455375,0,4,0.9272595643997192,-1.0345187944224854,1.3254082838641565,-1.8639127216734828,-1.5294531027423304,-0.2147429625140589,-0.00013357352872844785,0.001201752107590437,8.983555744634941e-05,0.0,-0.0,0.0,1789028806.906336
5413.517,-0.30759879829159864,-0.6363785826149574,0.3155489376617795,0.661970861760628,3.0385351298521535,-0.027016205260363052,0,4,0.9272716045379639,-1.0342945617488404,1.3254206816302698,-1.8639351330199183,-1.529449764882223,-0.21469670930971319,-5.3770654631080106e-05,0.0038777559529989958,8.189109939849004e-05,0.0,-0.0,0.0,1789028807.0063956
5413.617,-0.3076838482880471,-0.6364825304161746,0.31494637345223475,0.661890970567896,3.0381961581287533,-0.025781433344479864,0,4,0.9272631406784058,-1.033424274330475,1.3254173437701624,-1.863931795159811,-1.5294531027423304,-0.21472388902773076,-9.8040095524054e-26,0.007833054289221764,6.671356095466763e-05,0.0,-0.0,0.0,1789028807.1063328
5413.717,-0.30773096134079786,-0.636500125824389,0.31463906528743835,0.661915137006516,3.037970860459853,-0.0250597492672016,0,4,0.9272226095199585,-1.0330406588367005,1.3254922072040003,-1.8638764820494593,-1.529444996510641,-0.2147277037249964,-0.0002855564816854894,0.0009503070032224059,0.0007041431381367147,0.0,-0.0,0.0,1789028807.2063448
5413.817,-0.3079285928226853,-0.6364856163947922,0.31411771468295413,0.6622500811920956,3.03755190584475,-0.024003496239504832,0,4,0.9269769787788391,-1.0323804181865235,1.3256328741656702,-1.8639127216734828,-1.529412094746725,-0.21471864381899053,-0.01008985098451376,0.0011711381375789642,0.0034210486337542534,1.2902094339258136e-31,-0.0,0.0,1789028807.3063326
5413.9169999999995,-0.3109076890548203,-0.634795130701168,0.314352771155195,0.6696779087966821,3.03602291775193,-0.02456879306155353,0,4,0.9220739603042603,-1.0331042569926758,1.3262274901019495,-1.8640672169127406,-1.5293524901019495,-0.21473914781679326,-0.09505265951156616,-0.008836736902594566,0.01894993521273136,-0.0003015011898241937,0.00017402645607944578,0.0,1789028807.4063447
5414.017,-0.3197129655798616,-0.628738278055482,0.3149662103817512,0.6930621634084726,3.0307270117517153,-0.02447552915014024,0,4,0.9066768884658813,-1.0369904798320313,1.3306363264666956,-1.864239355126852,-1.5293405691729944,-0.2147277037249964,-0.20286525785923004,-0.058154258877038956,0.06873694807291031,-0.000529104087036103,8.709426037967205e-05,0.0,1789028807.5063434
5414.117,-0.3328898562655044,-0.6185972752116368,0.31704549331789234,0.7295860844117004,3.022648147473454,-0.026061461248020855,0,4,0.8826225399971008,-1.045343355541565,1.338424030934469,-1.8643747768797816,-1.5293596426593226,-0.2147277037249964,-0.25230374932289124,-0.10952454805374146,0.09128576517105103,-0.0017536485102027655,1.974010108364117e-30,0.0,1789028807.6063848
5414.217,-0.34391769266467376,-0.6073186341606048,0.32178543160674694,0.7644158265836205,3.0158520581873667,-0.03177076301050141,0,4,0.8597859144210815,-1.0599256318858643,1.349558178578512,-1.8646017513670863,-1.5293610731707972,-0.21473580995668584,-0.19785703718662262,-0.18267428874969482,0.12212458997964859,-0.0016644486458972096,0.0,0.0,1789028807.7064126
5414.317,-0.35020486489777897,-0.5964655176424358,0.33113559269836557,0.7916256018166771,3.013488703929423,-0.045924998247680565,0,4,0.8423817753791809,-1.082579569225647,1.3623030821429651,-1.8645745716490687,-1.5294035116778772,-0.21469670930971319,-0.1513579785823822,-0.25323057174682617,0.12875838577747345,-0.00020019988005515188,0.0,0.0,1789028807.8063269
5414.4169999999995,-0.3516813507687642,-0.5867764144240052,0.34359153470499415,0.8098134330377585,3.0153202069992573,-0.06640851355458682,0,4,0.8311623334884644,-1.110826389198639,1.3760469595538538,-1.8645931682982386,-1.529393498097555,-0.2147277037249964,-0.08148530125617981,-0.31167080998420715,0.14716416597366333,-3.6221026707791324e-16,0.0,0.0,1789028807.9063745
5414.517,-0.34879236582977685,-0.5784437664000932,0.356600887236359,0.8190791951259959,3.0196568528784105,-0.08780174115762765,0,4,0.8259382247924805,-1.141576127415039,1.3915169874774378,-1.864554067651266,-1.5293968359576624,-0.21472388902773076,-0.032504525035619736,-0.3206169307231903,0.14670296013355255,-0.0,0.0,0.0,1789028808.0063472
5414.617,-0.34393029677360665,-0.5700255873235428,0.37167575844024275,0.8256622559702348,3.0261259228376263,-0.11436187432792723,0,4,0.8227077126502991,-1.1761619013598938,1.407241169606344,-1.8645898304381312,-1.5294035116778772,-0.21469289461244756,-0.03392207249999046,-0.3836510479450226,0.17795465886592865,-0.0,0.0,0.0,1789028808.1063683
5414.717,-0.33733947470125686,-0.5605042739369788,0.3879236419626558,-0.8275962065582128,-3.0201321240071928,0.14285783097308943,0,4,0.8201784491539001,-1.2153286200812836,1.4257047812091272,-1.864514490167135,-1.529393498097555,-0.21470767656435186,-0.0187299195677042,-0.39105239510536194,0.18179836869239807,0.0002124690217897296,0.0,0.0,1789028808.206362
5414.817,-0.33016492279218396,-0.5504920688158186,0.40165451009333947,-0.8285091238229161,-3.010484195829988,0.1657412671618909,0,4,0.8177028894424438,-1.253713772898056,1.447171990071432,-1.8644153080382289,-1.5294140020953577,-0.2147429625140589,-0.03220291808247566,-0.3683702051639557,0.2555249333381653,0.0006158666219562292,3.078348083835479e-38,0.0,1789028808.3063567
5414.9169999999995,-0.3235103205160356,-0.5394919302743431,0.4085834680319277,-0.8341925747540707,-3.005801356301781,0.17281132285679182,0,4,0.8134015202522278,-1.2882072192481537,1.4764440695392054,-1.864422460595602,-1.52940541902651,-0.21470433870424444,-0.06434111297130585,-0.33763569593429565,0.34734222292900085,7.912854198366404e-05,0.0,0.0,1789028808.4063687
5415.017,-0.31864065785651263,-0.5253560438614814,0.4103716709893471,-0.8502549899114578,-3.003151354449914,0.16697362603246366,0,4,0.8031597137451172,-1.3230145436576386,1.5155037085162562,-1.8644501171507777,-1.529435936604635,-0.2147277037249964,-0.1399407535791397,-0.35720670223236084,0.4435950517654419,0.0,0.0,0.0,1789028808.5063212
5415.117,-0.31551105994912654,-0.5081811179750166,0.40755002924357575,-0.8772813594924304,-3.001778387901589,0.14980034434610406,0,4,0.7866207361221313,-1.3582164657166977,1.5633686224566858,-1.8644787273802699,-1.5294087568866175,-0.21470767656435186,-0.18346650898456573,-0.33692771196365356,0.5069308280944824,-5.591415902017616e-05,0.0,0.0,1789028808.6063302
5415.217,-0.31309820147428574,-0.490719544975964,0.4015791493012469,-0.9084477219930837,-3.0016866024848956,0.12597027497051888,0,4,0.7679335474967957,-1.390385092501976,1.6131599585162562,-1.8645011387267054,-1.5294392744647425,-0.2147000471698206,-0.19616860151290894,-0.29597440361976624,0.47930583357810974,-3.489841077031412e-21,0.0,0.0,1789028808.7063355
5415.317,-0.3125565502595561,-0.4747023101487324,0.3955830124165159,0.9389523757092941,2.9915753242282053,-0.10396165897657021,0,4,0.7478048205375671,-1.4170165669969101,1.6559537092791956,-1.864497800866598,-1.5293968359576624,-0.21469289461244756,-0.213172048330307,-0.22842469811439514,0.36891794204711914,-0.0,0.0,0.0,1789028808.8063633
5415.4169999999995,-0.3173435638915445,-0.4611544032630965,0.3897548500409408,0.9736608637006029,2.9744068007454505,-0.08504100334826717,0,4,0.7236036062240601,-1.4316773277572175,1.684490982686178,-1.8644100628294886,-1.529393498097555,-0.21473914781679326,-0.26496562361717224,-0.05928680673241615,0.1935984492301941,0.00015876354882493615,0.0,0.0,1789028808.9063566
5415.517,-0.3291725980399902,-0.4497099212069511,0.38437149595520703,1.0173471739865065,2.9548019858740684,-0.07010430496665558,0,4,0.6933606863021851,-1.4324972343495865,1.6965535322772425,-1.8643747768797816,-1.5294020811664026,-0.21472388902773076,-0.33509328961372375,0.0050806389190256596,0.05846660956740379,0.0010275199310854077,0.0,0.0,1789028809.0063376
5415.617,-0.3430911100084932,-0.4388370898674983,0.38370619001686235,1.0642991662446906,2.9381791921374703,-0.06849505723965967,0,4,0.6615440845489502,-1.4324900221875687,1.697895352040426,-1.8642269573607386,-1.5294187704669397,-0.21469289461244756,-0.28427499532699585,9.4283686039735e-22,9.772863995749503e-05,0.0008367621921934187,-0.00026147367316298187,0.0,1789028809.1063445
5415.717,-0.3531848739231033,-0.43050133782380123,0.38319164614880047,1.0988440063056497,2.925486951609606,-0.06707503063091771,0,4,0.6379850506782532,-1.4324338895133515,1.6988652388202112,-1.864063402215475,-1.5295937697040003,-0.21472388902773076,-0.17256079614162445,0.00027045540628023446,0.024603456258773804,0.00038756095455028117,-0.00197175913490355,0.0,1789028809.2064152
5415.817,-0.3565312996707635,-0.42662204606328186,0.3810980968700367,1.1120442192018023,2.918337319321707,-0.06137370563953208,0,4,0.6285337805747986,-1.4324303281358262,1.703210179005758,-1.8640390835204066,-1.5296672026263636,-0.21473580995668584,-0.026634059846401215,6.752752233296633e-05,0.0797925740480423,0.00011600836296565831,-0.00027641007909551263,0.0,1789028809.3063498
5415.9169999999995,-0.3541987908896559,-0.42460604547613334,0.37383819051221867,1.1103501504373843,2.9104318135518965,-0.04151354086257686,0,4,0.6280428767204285,-1.4324494165233155,1.718400780354635,-1.864063402215475,-1.5296452681170862,-0.21472388902773076,-0.00019062981300521642,0.0,0.25008830428123474,2.5143423044937663e-05,-7.765997725073248e-05,0.0,1789028809.406367
5416.017,-0.34774934148107395,-0.4199507533234745,0.35664302373632284,1.1043021665078319,2.8917113400660006,0.005737230482491692,0,4,0.6280739307403564,-1.4324578803828736,1.7547491232501429,-1.8640920124449671,-1.5296366850482386,-0.21472388902773076,0.0,0.0,0.46938323974609375,7.418908467732975e-18,-2.550863468622931e-39,0.0,1789028809.506418
5416.117,-0.33776123099285993,-0.4127074754158458,0.3327613238282187,1.095350462455086,2.864032540070167,0.07169689032776243,0,4,0.6280653476715088,-1.4324734073928376,1.8063519636737269,-1.8642140827574671,-1.5296157042132776,-0.2147277037249964,-5.0301143346587196e-05,-6.84754122630693e-05,0.5266919136047363,-0.001265659579075873,-0.0,0.0,1789028809.606404
5416.217,-0.32769865728487124,-0.40536396950561937,0.31129352461018533,1.086742264582403,2.837244097252377,0.13162153260030324,0,4,0.6279743909835815,-1.4324615013650437,1.8539727369891565,-1.8642546139159144,-1.529576603566305,-0.21472388902773076,-0.0009040153818204999,-0.0,0.4087575078010559,-7.832347182556987e-05,-0.0,0.0,1789028809.7063947
5416.317,-0.32068504424464317,-0.40026210304869153,0.2973826135484549,1.0807921921313404,2.818886218205708,0.17090800137556753,0,4,0.6279386281967163,-1.432098702793457,1.8851583639727991,-1.8641792736449183,-1.529576603566305,-0.21469670930971319,-0.0002879890671465546,0.016537295654416084,0.20500387251377106,-1.195027330376204e-41,-0.0,0.0,1789028809.8064065
5416.4169999999995,-0.3198751358716382,-0.3995700375252274,0.29321453662509706,1.079268386362917,2.8134934524711714,0.18208063707832198,0,4,0.6277672052383423,-1.4284524035504838,1.8906176725970667,-1.86423983196401,-1.52960712114443,-0.21469670930971319,-0.0048790303990244865,0.03013191744685173,-0.0021249863784760237,-0.0003308603772893548,-0.0,0.0,1789028809.9063501
5416.517,-0.3209365230357507,-0.3991467056688322,0.29190751997423553,1.0814214900292478,2.81073357252795,0.1851702904276883,0,4,0.625802755355835,-1.4257951241782685,1.8905962149249476,-1.8641883335509242,-1.5295732657061976,-0.21472055116762334,-0.039765387773513794,0.02520228922367096,3.9100959904279627e-16,-5.659724774886854e-05,-0.0,0.0,1789028810.0064194
5416.617,-0.3229827444941455,-0.39814417116108664,0.2898848054891162,1.0862285827284135,2.8059236362314133,0.1898215007273295,0,4,0.621739387512207,-1.4217022520354767,1.8905962149249476,-1.8641921482481898,-1.5296004454242151,-0.21472388902773076,-0.04505958780646324,0.05622158572077751,-0.00033244790392927825,5.906821120904576e-29,-0.0,0.0,1789028810.1064389
5416.717,-0.32613858947994334,-0.396834357498298,0.28587056147794465,1.0926848047726276,2.797571790076226,0.1992253470582559,0,4,0.6158817410469055,-1.4135801953128357,1.890571419392721,-1.8641401729979457,-1.529619042073385,-0.21470767656435186,-0.06327034533023834,0.11366523802280426,-8.498914394294843e-05,0.0,-0.0,0.0,1789028810.2064393
5416.817,-0.33015418556702897,-0.3958842725133877,0.2780077717506932,1.09796324550818,2.7842608987383493,0.21772988952224004,0,4,0.6096409559249878,-1.3977372509292145,1.8905747572528284,-1.8641954861082972,-1.529576603566305,-0.21471149126161748,-0.06823734194040298,0.18277297914028168,-1.2932390260169537e-36,0.0,-0.0,0.0,1789028810.3063972
5416.9169999999995,-0.3348862238026379,-0.39473242611990444,0.26786357003407263,1.1035871172947627,2.7673407647499952,0.24136971541800978,0,4,0.6023135185241699,-1.377394677405693,1.8905847708331507,-1.8642221889891566,-1.5295613447772425,-0.21472388902773076,-0.08124057948589325,0.20669682323932648,-0.0,4.288230942448552e-34,-0.0,0.0,1789028810.406401
5417.017,-0.3395518520406937,-0.39341628778385535,0.2574836482961543,1.1090880115640138,2.749883790666754,0.26511675476079744,0,4,0.594875693321228,-1.3566006285003205,1.8905156294452112,-1.8642741642394007,-1.5295799414264124,-0.21472055116762334,-0.07526915520429611,0.19188418984413147,-0.0003183613298460841,-9.634546586312354e-05,-0.0,0.0,1789028810.506379
5417.117,-0.3432176996088432,-0.39235829099616,0.24813515488378038,1.1126854147635703,2.7344736203228375,0.28630305739565365,0,4,0.5890409350395203,-1.3380277019790192,1.8905485312091272,-1.8642741642394007,-1.529576603566305,-0.21472388902773076,-0.04566773399710655,0.17217537760734558,-0.00010752255911938846,-1.874375448348433e-34,-0.0,0.0,1789028810.6063976
5417.217,-0.3451378986597847,-0.392337334015819,0.24011289957299323,1.1118549697091866,2.7229152831039856,0.3046471759808665,0,4,0.586875319480896,-1.3221122336438675,1.8905418554889124,-1.8642431698241175,-1.529558006917135,-0.21473914781679326,-0.009559438563883305,0.1467752605676651,8.373204334135123e-25,-0.0,-0.0,0.0,1789028810.7063687
5417.317,-0.3461021388970566,-0.39294820456492086,0.23237510889456733,1.108379140921874,2.7130056245143637,0.3224789882343548,0,4,0.586815357208252,-1.3067816358855744,1.8905189673053187,-1.86423983196401,-1.529576603566305,-0.21471149126161748,-0.00012265575060155243,0.16045448184013367,-0.0,-0.0,-0.0,0.0,1789028810.8064187
5417.4169999999995,-0.34691352007688997,-0.3935038540305992,0.22477257361754538,1.1047879570329202,2.703254935957826,0.3398101493306742,0,4,0.5868261456489563,-1.291777030830719,1.8905370871173304,-1.8642741642394007,-1.52956468263735,-0.21472388902773076,-4.541108467037702e-08,0.1377958506345749,-0.0,-0.0,-0.0,0.0,1789028810.9063342
5417.517,-0.3474811759215421,-0.39386682740384454,0.21887722772187054,1.1020110763649775,2.6955853389824598,0.3532260387237653,0,4,0.5867913961410522,-1.2801810067943116,1.890566651021139,-1.8642341099181117,-1.5295613447772425,-0.2147429625140589,-8.432805043412372e-05,0.10745876282453537,1.800701225116276e-33,-3.270688750944828e-07,-0.0,0.0,1789028811.0063803
5417.617,-0.34784725276292855,-0.3941829858721735,0.21404849467410186,1.0995774913873395,2.689373027946133,0.36421267588637773,0,4,0.5869075655937195,-1.2706951361945649,1.8905928770648401,-1.8642026386656703,-1.52958852449526,-0.2147277037249964,0.00014579511480405927,0.07995930314064026,0.00014721241313964128,-0.0,-0.0,0.0,1789028811.1064284
5417.717,-0.3481179146455429,-0.39438766779958967,0.2104600150308235,1.0977959391047925,2.6846750167926636,0.37231765941135325,0,4,0.586938738822937,-1.2636393469623108,1.8905928770648401,-1.8641559086241664,-1.5295732657061976,-0.21473914781679326,0.0,0.06874599307775497,7.819516758900136e-05,-0.0,-0.0,0.0,1789028811.2063737
5417.817,-0.3483185843908433,-0.3946303466948825,0.20682009885672736,1.0958544958995666,2.680022883047945,0.38052773424640446,0,4,0.5871148109436035,-1.2564865213683625,1.890599552785055,-1.8641559086241664,-1.5295918623553675,-0.2147148291217249,0.0001346183562418446,0.07726100832223892,1.170212367579184e-26,1.0853218441626562e-17,-0.0,0.0,1789028811.306409
5417.9169999999995,-0.34859133543470183,-0.39482310935414827,0.20256907302368007,1.0937806423460241,2.6744570419184663,0.39001027702049124,0,4,0.5871268510818481,-1.2481628817370911,1.8906453291522425,-1.864183088342184,-1.5295971075641077,-0.21472388902773076,5.6795634009176865e-05,0.07526417821645737,-0.0,0.0,-0.0,0.0,1789028811.4063458
5418.017,-0.3487843834847104,-0.3949815318300727,0.19925960767577794,1.0921098120054291,2.670084696749605,0.39730093705433805,0,4,0.5871580243110657,-1.241655246620514,1.8906381765948694,-1.8641993008055628,-1.5295355955706995,-0.2147463003741663,0.00012186376261524856,0.05171362683176994,5.568117489744565e-18,0.0,-0.0,0.0,1789028811.5063653
5418.117,-0.34887641073930326,-0.39501292917335823,0.19783880364754236,1.0914984502788165,2.6681711635079055,0.40053312954898584,0,4,0.5871148109436035,-1.2388819319060822,1.8906539122210901,-1.8641592464842738,-1.529576603566305,-0.21472388902773076,-2.4292876332765445e-05,0.005641105119138956,9.520295861875638e-05,0.0,-0.0,0.0,1789028811.6063929
5418.217,-0.3489191010410098,-0.3949965851610043,0.19783310056189823,1.0916198287147838,2.6681098254527114,0.4004787136171985,1,5,0.5870369672775269,-1.238844947223999,1.8906224409686487,-1.864183088342184,-1.5295527617083948,-0.21471149126161748,-0.00013399308954831213,0.00015086689381860197,9.546738874632865e-05,0.0,-0.0,0.0,1789028811.706391
5418.317,-0.3488883396646127,-0.3950121081096517,0.19779716783325726,1.0914858086965202,2.6681116863415197,0.4005518016456799,1,5,0.5870944261550903,-1.2387981575778504,1.8906577269183558,-1.8641993008055628,-1.52954608598818,-0.2147429625140589,-5.7719273172551766e-05,1.0643385621733614e-06,7.665230487959798e-35,0.0,-0.0,0.0,1789028811.8064187
5418.4169999999995,-0.3488907151492661,-0.39501812103530387,0.19783182187128096,1.0915206245727316,2.6681382862524203,0.40047617338694347,1,5,0.5870993137359619,-1.238848553305008,1.8906310240374964,-1.864183088342184,-1.5295336882220667,-0.21472388902773076,0.0,0.0,-0.0,0.0,-0.0,0.0,1789028811.9063957
5418.517,-0.34890381782253144,-0.3950055172522141,0.19781086097087902,1.0915501253265179,2.6681182239337127,0.40051341743631164,1,5,0.5870681405067444,-1.238813803797104,1.8906434218036097,-1.864206930200094,-1.5295527617083948,-0.2147277037249964,0.0,0.0,-0.0,0.0,-0.0,0.0,1789028812.0064049
5418.617,-0.34889954669866774,-0.39500599484718213,0.19782617572559835,1.0915225068823584,2.6681539004038504,0.40053220659374683,1,5,0.5870789289474487,-1.2388413709453125,1.890634838734762,-1.864175935784811,-1.5295799414264124,-0.21473914781679326,0.0,2.823537994912423e-30,-0.0,0.0,-0.0,0.0,1789028812.1064167
5418.717,-0.3488979865025276,-0.3950041239741454,0.1978202516281835,1.0915288427277325,2.668177027637461,0.4005090898238347,1,5,0.5870789289474487,-1.2388413709453125,1.8906586805926722,-1.8642260036864222,-1.5295870939837855,-0.21473914781679326,0.0,0.0,-0.0,0.0,-0.0,0.0,1789028812.2064228
5418.817,-0.3488894572467002,-0.3950153589471832,0.1978380729616135,1.0915685722516968,2.6681635569865656,0.4004934519900399,1,5,0.5871028900146484,-1.2388652128032227,1.8906381765948694,-1.8641921482481898,-1.5295680204974573,-0.21468955675234014,0.0,0.0,-0.0,0.0,-0.0,0.0,1789028812.3063416
5418.9169999999995,-0.3488921854491855,-0.39502016618068414,0.1978451750275358,1.0914932620648186,2.668235398869116,0.4004397114553029,1,5,0.5871101021766663,-1.2388723653605958,1.890634838734762,-1.8642307720580042,-1.5295799414264124,-0.2147463003741663,0.0,0.0,-0.0,0.0,-0.0,0.0,1789028812.4063482
5419.017,-0.34889711739061163,-0.3949981500848737,0.19782337747083728,1.091570447319634,2.668109100461116,0.40047449203840624,1,5,0.5870596766471863,-1.2388568681529541,1.8906691710101526,-1.8642078838744105,-1.5295336882220667,-0.21472388902773076,0.0,0.0,-0.0,0.0,-0.0,0.0,1789028812.5064237
5419.117,-0.34891295329005556,-0.3950126877857335,0.19784256748466544,1.0915615072873568,2.6681678591335602,0.40039947328500375,1,5,0.5870668888092041,-1.2388532918742676,1.8906152884112757,-1.8642260036864222,-1.5295370260821741,-0.21473580995668584,0.0,0.0,-0.0,0.0,-0.0,0.0,1789028812.6063316
5419.217,-0.34889202791218255,-0.39502846447594164,0.19785718578257339,1.0915401199330588,2.6682051127113446,0.4003774343660796,1,5,0.5871148109436035,-1.2388842862895508,1.890618626271383,-1.8642269573607386,-1.5295336882220667,-0.21471149126161748,-7.85396354343026e-23,0.0,2.4879337935153715e-35,7.780284229375045e-12,-0.0,0.0,1789028812.7063107
5419.317,-0.34891625369273616,-0.3950416851741451,0.1978970477987506,1.0915751119553365,2.66837252255041,0.40015733695665245,1,5,0.5871148109436035,-1.2389251452735444,1.8905895392047327,-1.8643695316710414,-1.529558006917135,-0.21472388902773076,0.000602235144469887,-0.000665147032123059,-0.0,-0.0013343226164579391,-0.0,0.0,1789028812.8064249
5419.4169999999995,-0.34878358217668953,-0.3952035509105434,0.19819396569776332,1.0913080438095075,2.669264221150871,0.3992481855359322,1,5,0.5875306129455566,-1.2394504410079499,1.890566651021139,-1.8647266827025355,-1.5295918623553675,-0.21468907991518194,0.004097433295100927,-0.004387031774967909,-0.00011626972263911739,-0.00044249388156458735,-0.0,0.0,1789028812.9064693
5419.517,-0.34877685537689623,-0.3951862070106144,0.1981719278877695,1.0912671433798875,2.669215079192613,0.39933079102504987,1,5,0.5875102281570435,-1.2394396525672455,1.890606705342428,-1.8646980724730433,-1.529595200215475,-0.21472388902773076,-0.00014187586202751845,-1.9451709340478907e-11,-0.0,-6.177708564791828e-05,-0.0,0.0,1789028813.0064237
5419.617,-0.3487964399491004,-0.3951584814661756,0.1981213749962178,1.0912877857007628,2.669059344492578,0.3994976233732167,1,5,0.5874419808387756,-1.2393523317626496,1.8906109968768519,-1.8646213016905726,-1.5295870939837855,-0.2147429625140589,-9.04424668988213e-05,9.744520502863452e-05,0.00011965419253101572,0.00016181379032786936,-0.0,0.0,1789028813.1064224
5419.717,-0.3487745972543097,-0.3951568203855718,0.1981171735149884,1.0913031250330514,2.6690202792628654,0.39955895029101407,1,5,0.587462306022644,-1.2393703323653718,1.8906415144549769,-1.8645860157408656,-1.5295832792865198,-0.21470433870424444,0.0,-6.418112984362724e-19,1.1692238331306726e-05,2.5219880626536906e-05,-0.0,0.0,1789028813.2064373
5419.817,-0.34830596015381793,-0.39561446284882773,0.19815330392362493,1.089676923837696,2.670016566321434,0.39963332658010664,1,5,0.5887307524681091,-1.2393835347941895,1.8905780951129358,-1.8646894894041957,-1.5296366850482386,-0.2147277037249964,0.025459010154008865,0.0,-0.0,1.2975674002066104e-14,-0.00038920933729968965,0.0,1789028813.3064
5419.9169999999995,-0.3483754092246209,-0.3959415984114406,0.19995240106851825,1.0905976266528585,2.674502191709676,0.3926464177777386,1,5,0.5891871452331543,-1.242509887819626,1.8905065695392054,-1.8677236042418421,-1.5296209494220179,-0.2147277037249964,0.001678608125075698,-0.05772433429956436,-0.001138692838139832,-0.0633542537689209,-9.518120350548998e-05,0.0,1789028813.4064374
5420.017,-0.34985197295374987,-0.3971321592334117,0.20717233256334294,1.097503623633546,2.695242175837268,0.3576276503816306,1,5,0.5895190238952637,-1.254333720808365,1.8904498259173792,-1.8865982494749964,-1.5296209494220179,-0.21472388902773076,0.010937937535345554,-0.18132874369621277,-0.0003777611127588898,-0.3582814037799835,-2.1172469879217773e-35,0.0,1789028813.5064452
5420.117,-0.3523952456886522,-0.4007821438315455,0.22155252257358748,1.108889729866168,2.741338931058358,0.27896782774849543,1,5,0.5926550626754761,-1.2762526732734223,1.8904650847064417,-1.93272127727651,-1.5296300093280237,-0.2147429625140589,0.07096178084611893,-0.23463520407676697,5.0995305200807195e-11,-0.5202642679214478,-0.0,0.0,1789028813.6064131
5420.217,-0.35104340652717425,-0.4075839534878866,0.23619047222423586,1.1070790031530002,2.7921023453864016,0.19684191827479608,1,5,0.6049525737762451,-1.2973572176745911,1.890477482472555,-1.981415411035055,-1.5296209494220179,-0.21473914781679326,0.162750244140625,-0.19980452954769135,-0.0,-0.4440658986568451,-0.0,0.0,1789028813.7064345
5420.317,-0.3469976719253408,-0.41437135383012397,0.2502783297642706,1.0976610674771543,2.8356713329619696,0.125613045986036,1,5,0.6200447678565979,-1.318260834818222,1.8904579321490687,-2.0193706951537074,-1.5296123663531702,-0.2147277037249964,0.14708729088306427,-0.20631682872772217,-0.0,-0.3004358112812042,-0.0,0.0,1789028813.8064024
5420.4169999999995,-0.34028372362841003,-0.4194809390983371,0.26225815577995804,1.0821697256492355,2.864074286403953,0.08282607349153914,1,5,0.6354997754096985,-1.3387188923409958,1.8904383818255823,-2.0336820087828578,-1.5296090284930628,-0.21472055116762334,0.16500741243362427,-0.19738826155662537,-0.0,-0.00823954027146101,-0.0,0.0,1789028813.9064345
5420.517,-0.33127481145181625,-0.4243713290458275,0.27153813505031027,1.0597129348845395,2.883683021438317,0.061065966091581964,1,5,0.6533758640289307,-1.3564777833274384,1.8904226461993616,-2.0337125263609828,-1.5296090284930628,-0.21472007433046514,0.19306643307209015,-0.16386303305625916,-0.000746722100302577,-1.8293978428118862e-05,-0.0,0.0,1789028814.006414
5420.617,-0.32203062564762525,-0.4293946751388134,0.27976905664436885,1.0355233590139867,2.902065830084954,0.041454138487076554,1,5,0.6719328761100769,-1.3720793587020417,1.8901551405536097,-2.033694406548971,-1.52958852449526,-0.21473914781679326,0.16960367560386658,-0.15298135578632355,-0.006474371068179607,-1.273602127623355e-15,-0.0,0.0,1789028814.1064186
5420.717,-0.31493598577012566,-0.4339830343449416,0.2875441249902007,1.0154750748463757,2.918153433416893,0.021965462471479624,1,5,0.6874213218688965,-1.384353594189026,1.8869369665728968,-2.0336462459959925,-1.5296366850482386,-0.21469623247255498,0.16313159465789795,-0.08007414638996124,-0.07913685590028763,-0.0,-0.0,0.0,1789028814.2063766
5420.817,-0.311174361631757,-0.441842611754912,0.29623923780140227,0.9944038849126704,2.9360117189002573,-0.0027445527404392836,1,5,0.7036358118057251,-1.3871857684901734,1.8706191221820276,-2.0336343250670375,-1.5296090284930628,-0.2147467772113245,0.14580859243869781,-0.0003076202410738915,-0.23453542590141296,-0.0,-9.539597933044629e-19,0.0,1789028814.306402
5420.9169999999995,-0.31201092937172814,-0.45105833924124333,0.3095522992827362,0.9802944587208667,2.9564091877574956,-0.04190552188249253,1,5,0.715877890586853,-1.387038381104805,1.8407982031451624,-2.033529897729391,-1.529640022908346,-0.21472055116762334,0.09860687702894211,0.0013809094671159983,-0.3684937059879303,0.0009421391878277063,-0.0,0.0,1789028814.4064095
5421.017,-0.3165523762291784,-0.4609255607360144,0.3285389205700089,0.9729775074211957,2.9794489117172263,-0.09766020359964002,1,5,0.7241314649581909,-1.3865643751672287,1.7988107840167444,-2.0332428417601527,-1.5296452681170862,-0.21473580995668584,0.07114711403846741,0.011363555677235126,-0.4578545093536377,0.0016856325091794133,-0.0,0.0,1789028814.5064251
5421.117,-0.3219331478663119,-0.4716313012591117,0.34983451494169626,-0.9555117629643602,-2.970912120688676,0.15809028355129767,1,5,0.7321875691413879,-1.3836914014867325,1.7499492804156702,-2.0324136219420375,-1.5296896139727991,-0.21475488344301397,0.09254574775695801,0.06145621836185455,-0.5216327905654907,0.028880929574370384,-0.0006861975998617709,0.0,1789028814.6064405
5421.217,-0.32730520942348645,-0.48391988745542386,0.36744893149732427,-0.934700406615775,-2.95881042557437,0.19981497727512748,1,5,0.7419793605804443,-1.3709916186383744,1.696164909993307,-2.0229393444456996,-1.5297802130328577,-0.21475488344301397,0.10341187566518784,0.18371355533599854,-0.5537337064743042,0.18326100707054138,-0.0005999096320010722,0.0,1789028814.7064452
5421.317,-0.33288389528642415,-0.4964700589557655,0.3779395395718912,-0.9206078191703113,-2.962411165320953,0.20302641625921306,1,5,0.751402735710144,-1.3475407820991059,1.639721695576803,-1.992216249505514,-1.5297649542437952,-0.21472055116762334,0.08034847676753998,0.27871379256248474,-0.5671457648277283,0.43147096037864685,-8.808898564893752e-05,0.0,1789028814.8063776
5421.4169999999995,-0.33917225889729524,-0.507172337951094,0.38210928445477943,-0.9172936665729184,-2.9795257251759617,0.1683552968942979,1,5,0.7573391795158386,-1.3181940478137513,1.5837958494769495,-1.93935026744985,-1.5297616163836878,-0.21472007433046514,0.03566936030983925,0.3052741587162018,-0.5450819134712219,0.5739963054656982,-1.7875349876213777e-17,0.0,1789028814.906374
5421.517,-0.346093175116196,-0.5160953745832195,0.38258967540235117,-0.9201132395406796,-2.999567430318005,0.12019692533012147,1,5,0.7601940035820007,-1.2871035498431702,1.5319765249835413,-1.8826662502684535,-1.5297868887530726,-0.21475106874574834,0.029309844598174095,0.3171013593673706,-0.5020976066589355,0.5294541716575623,-0.0,0.0,1789028815.0064378
5421.617,-0.3534942870084834,-0.5243027766203804,0.3815786926058651,0.9162803040588503,2.9905334111704294,-0.0793027726545865,1,5,0.7615500688552856,-1.2562158864787598,1.4854047934161585,-1.8372794590392054,-1.529759709035055,-0.21472388902773076,0.0001583244011271745,0.2853042185306549,-0.4165867865085602,0.32829567790031433,-0.0,0.0,1789028815.1064253
5421.717,-0.3613517925887323,-0.5318234506535878,0.38085586697836576,0.9159347685172522,2.98898799499149,-0.07429403976896523,1,5,0.76156085729599,-1.230174497967102,1.4509466330157679,-1.8252598247923792,-1.5297868887530726,-0.21469670930971319,0.00019176324713043869,0.24546799063682556,-0.2666258215904236,-0.00041286315536126494,-0.0,0.0,1789028815.206413
5421.817,-0.3675929819949828,-0.5379385586423235,0.37598288648124567,0.915243175404023,2.9877889812909064,-0.07019038368735259,1,5,0.7617167830467224,-1.2068586212447663,1.4306028524981897,-1.8252564869322718,-1.5297682921039026,-0.2147467772113245,0.003700046567246318,0.21532298624515533,-0.12856750190258026,-7.388113590423018e-05,-0.0,0.0,1789028815.3064182
5421.9169999999995,-0.3710014484647007,-0.5419988721263398,0.36483860988148054,0.9121374669063893,2.9808979531443374,-0.048036791949497976,1,5,0.7626075744628906,-1.1855565172484894,1.4254596869098108,-1.8252598247923792,-1.5297682921039026,-0.2147310415851038,0.017491858452558517,0.20568975806236267,0.00032594730146229267,-2.5220194057231144e-29,-0.0,0.0,1789028815.4064267
5422.017,-0.3731133440813374,-0.5451364805093026,0.3521624207391555,0.9081198874904794,2.9723646005280773,-0.02126864360333093,1,5,0.7638389468193054,-1.1658667188933869,1.4254286924945276,-1.8252870045103968,-1.5297444502459925,-0.2147000471698206,0.0037035145796835423,0.1802969127893448,1.740899824653752e-05,-0.0,-0.0,0.0,1789028815.5064254
5422.117,-0.37498517655317926,-0.5473138906480357,0.34186612703737573,0.9056261429921529,2.965095179695658,0.00031349435087383605,1,5,0.7642549276351929,-1.1500050884536286,1.4254630247699183,-1.8252836666502894,-1.529759709035055,-0.21472388902773076,0.0041659739799797535,0.1409926861524582,-0.0,-0.0,-0.0,0.0,1789028815.6064079
5422.217,-0.3761803982501074,-0.5490678896757993,0.33384825018593706,0.9032253394375592,2.959485997097223,0.016995897638794576,1,5,0.7649179100990295,-1.137657718067505,1.425424877797262,-1.8252564869322718,-1.529759709035055,-0.21469670930971319,0.011297854594886303,0.11234728991985321,-0.0,-0.0,-0.0,0.0,1789028815.7064216
5422.317,-0.3761390567845827,-0.5512871686374485,0.32671230567856685,0.8982614862122881,2.955352561790884,0.03177108126700019,1,5,0.7674040794372559,-1.1266951125911255,1.425391976033346,-1.8252870045103968,-1.5297682921039026,-0.21468907991518194,0.03396986797451973,0.10871879011392593,-0.0004011782875750214,-4.2404458708923465e-18,-0.0,0.0,1789028815.8063982
5422.4169999999995,-0.3749764366432407,-0.5541707092438883,0.31948561406642306,0.890432171660504,2.9519714402738364,0.04680361099079667,1,5,0.7717955708503723,-1.115656779413559,1.4253957907306116,-1.8252746067442835,-1.5297682921039026,-0.21470767656435186,0.053144749253988266,0.10260459035634995,-6.9221350713633e-05,-1.4977715181885287e-05,-0.0,0.0,1789028815.906383
5422.517,-0.3736904640726877,-0.5568458226256755,0.3129247773378157,0.8829014970198678,2.949027655141442,0.060389522307972766,1,5,0.7760743498802185,-1.1056670409492035,1.425415341054098,-1.825298925439352,-1.5297749678241175,-0.2147310415851038,0.03176531568169594,0.0946817696094513,-7.222476415336132e-05,-7.709865299630862e-29,-0.0,0.0,1789028816.0064235
5422.617,-0.37288218287274255,-0.5590269643181749,0.3068640181218406,0.8771009299472682,2.9459101723569217,0.07282542892367351,1,5,0.7792892456054688,-1.0963763159564515,1.4253118673907679,-1.825298925439352,-1.5297530333148401,-0.21470767656435186,0.02471514418721199,0.08955438435077667,-0.0005301600322127342,-0.0,-0.0,0.0,1789028816.1064441
5422.717,-0.37348420267961446,-0.5600740208873601,0.3013390217375263,0.8753580957290276,2.9419712852008515,0.08396865732842135,1,5,0.7797707319259644,-1.0879002076438447,1.4251888434039515,-1.8253261051573695,-1.529759709035055,-0.21472388902773076,-0.00034075931762345135,0.07342775166034698,-0.004389627370983362,-9.0673898927122e-22,-0.0,0.0,1789028816.2064095
5422.817,-0.3739780220130417,-0.5606339949616631,0.2981588367300104,0.8747014977437148,2.9396042029775615,0.09032402603179181,1,5,0.7798451781272888,-1.0828779500773926,1.4248922506915491,-1.825292249719137,-1.52977162996401,-0.2147000471698206,-1.0213876755684013e-23,0.02816370129585266,-0.004555847495794296,-0.0,-0.0,0.0,1789028816.30636
5422.9169999999995,-0.37425650253519055,-0.5608828990363917,0.29784747114369625,0.8746826622140159,2.939517455007959,0.09059342429939164,1,5,0.7798175811767578,-1.08176942289386,1.423978630696432,-1.825292249719137,-1.5297868887530726,-0.21472388902773076,1.577571856614668e-05,0.00036527655902318656,-0.020297188311815262,-0.0,-0.0,0.0,1789028816.4064085
5423.017,-0.37507981402580043,-0.5616792968997938,0.3000377880782211,0.8752905617915563,2.9418796688709423,0.08423152938694183,1,5,0.7797900438308716,-1.0817573827556153,1.419211212788717,-1.825292249719137,-1.5297444502459925,-0.21472055116762334,0.0,0.0003606340615078807,-0.07693933695554733,-0.0,-0.0,0.0,1789028816.5064158
5423.117,-0.37704422766121193,-0.5635918732357325,0.30539669982952095,0.8767367241951525,2.9476790164833537,0.06878252554214895,1,5,0.7797529101371765,-1.0817298156074067,1.4075959364520472,-1.8252836666502894,-1.5297444502459925,-0.21470767656435186,-0.0010135938646271825,0.00012831123603973538,-0.1434526890516281,-0.0,-0.0,0.0,1789028816.606356
5423.217,-0.37911129717771846,-0.5656038912042387,0.3112255601286872,0.8782167974293658,2.953873668205367,0.05204188618196151,1,5,0.7797132730484009,-1.0817179542830964,1.3950608412372034,-1.8252598247923792,-1.5297444502459925,-0.2147310415851038,-0.00018804665887728333,9.651773143559694e-05,-0.08822096139192581,-0.0,-0.0,0.0,1789028816.7064826
5423.317,-0.37985317763893667,-0.566384891844408,0.31294954485033866,0.8785976864334316,2.9558329908865133,0.04683265343203785,1,5,0.7797648310661316,-1.0811833602241059,1.3906062285052698,-1.825235982934469,-1.5297682921039026,-0.2147277037249964,0.0006652746815234423,0.01859072968363762,-0.008176536299288273,-0.0,-0.0,0.0,1789028816.8064625
5423.4169999999995,-0.3802214099134695,-0.5666914847013786,0.3108783380997978,0.8782964727889003,2.954292814071256,0.0510130365471364,1,5,0.7797014117240906,-1.0780675870231171,1.3905747572528284,-1.8252088032164515,-1.52977162996401,-0.2147467772113245,-0.0002256647276226431,0.04465131461620331,1.1422267679590183e-21,0.0001368458615615964,-0.0,0.0,1789028816.906435
5423.517,-0.38116938274692874,-0.5670965356069396,0.3068424712022161,0.8784743919270297,2.951043345782314,0.05902683695321584,1,5,0.7791274189949036,-1.0720409613898774,1.3905862013446253,-1.825242658654684,-1.5297477881061,-0.21471149126161748,-0.010446470230817795,0.06757623702287674,-0.0,5.030161264585331e-05,-0.0,0.0,1789028817.0063365
5423.617,-0.38310433422718676,-0.5669201426705559,0.3023050752615169,0.8808853895715191,2.9466596486588266,0.06794232523186353,1,5,0.7769033312797546,-1.065288857822754,1.3906167189227503,-1.8252669773497523,-1.5297201315509241,-0.21473580995668584,-0.030424602329730988,0.07110043615102768,-0.0,0.0,-0.0,0.0,1789028817.106425
5423.717,-0.3856329376570285,-0.5662887509666111,0.2977741764641989,0.8849536343848722,2.941664008885602,0.07681000872629747,1,5,0.7735807299613953,-1.0585590165904541,1.390637222920553,-1.8252164326109828,-1.5296691099749964,-0.21470767656435186,-0.041360460221767426,0.06320097297430038,-0.0,0.0,-0.0,0.0,1789028817.2064688
5423.817,-0.3883340563204072,-0.5652059147373611,0.2945334426212958,0.890095066637348,2.9374206060778154,0.08302479583668482,1,5,0.7696219682693481,-1.0537353318980713,1.390637222920553,-1.8252235851683558,-1.529696289693014,-0.2147429625140589,-0.039453934878110886,0.03150023892521858,5.591772423940711e-05,0.0,-0.0,0.0,1789028817.306422
5423.9169999999995,-0.39085676482398357,-0.5638183647414663,0.2929084174368629,0.8957659871136147,2.9342471756837276,0.08604546103950067,1,5,0.7655293941497803,-1.0513582986644288,1.3906920591937464,-1.8252088032164515,-1.529696289693014,-0.21473962465395147,-0.04097363352775574,0.0183879341930151,0.0003614237648434937,4.863192639391334e-13,-0.0,0.0,1789028817.4064438
5424.017,-0.39282753849775154,-0.5626942992320586,0.29181755502445694,0.9003228026783215,2.9318450731813632,0.08801022517715071,1,5,0.762290894985199,-1.0497436088374634,1.390700642262594,-1.8251997433104457,-1.5296738783465784,-0.21470767656435186,-0.021846037358045578,0.0164148211479187,0.0001710038777673617,0.0,-0.0,0.0,1789028817.5064228
5424.117,-0.3939708662740855,-0.5623473383658371,0.289661486064391,0.9021732451824266,2.9294386732557367,0.09222945187407199,1,5,0.7607430815696716,-1.046603040104248,1.3907883802997034,-1.8251759014525355,-1.529677693043844,-0.21469623247255498,-0.011723153293132782,0.051687076687812805,0.0005510399932973087,4.1965954964579463e-23,-0.0,0.0,1789028817.606424
5424.217,-0.3948941386549865,-0.5626293196504627,0.2855577445497067,0.9022525532494452,2.926063997548948,0.10023928936315642,1,5,0.7601028680801392,-1.0404789012721558,1.390744988118307,-1.825191160241598,-1.5297234694110315,-0.21473962465395147,-0.0013169904705137014,0.07703583687543869,9.283054532716051e-05,5.20775283803232e-05,-0.0,0.0,1789028817.7064385
5424.317,-0.3958193737148755,-0.5635007446762814,0.2783963247679597,0.9008954725013018,2.9205066339014096,0.11417412856631043,1,5,0.7600789070129395,-1.0298596781543274,1.390744988118307,-1.825212141076559,-1.5296843687640589,-0.21472388902773076,-0.00011938733223360032,0.11552797257900238,1.019737672331164e-37,0.0,-0.0,0.0,1789028817.8064613
5424.4169999999995,-0.3966925290568937,-0.5642670770810589,0.27143336905107457,0.8996426291730135,2.915059039016977,0.1277205948250553,1,5,0.7600032687187195,-1.0195649427226563,1.3907573858844202,-1.8252088032164515,-1.529696289693014,-0.21470767656435186,-0.0007498245104216039,0.08622709661722183,-0.0,2.2372115011243254e-12,-4.817690128448219e-33,0.0,1789028817.906441
5424.517,-0.3970650145676389,-0.5646859007050947,0.2679096891599304,0.8988583984410353,2.912340548939424,0.13448122350742758,1,5,0.7600657343864441,-1.014340953235962,1.3907411734210413,-1.8252507648863734,-1.5296810309039515,-0.2147000471698206,-1.9649536625365727e-05,0.018015502020716667,-0.0,0.0,-0.0,0.0,1789028818.0064368
5424.617,-0.39712026213877577,-0.5647249515589651,0.26764761518307056,0.8987934955427217,2.912172846792463,0.13491287705973457,0,6,0.7600513696670532,-1.0139094156077881,1.3906829992877405,-1.8252941570677699,-1.5296843687640589,-0.2147277037249964,0.0,-0.0003379780682735145,-0.0,0.0,-0.0,0.0,1789028818.1064794
5424.717,-0.3971084332716749,-0.5647058609897724,0.26760809524512336,0.8987670188045032,2.9121095737601808,0.13507168857891422,0,6,0.7600430250167847,-1.0139044684222718,1.3907540480243128,-1.825247427026266,-1.5296843687640589,-0.2147429625140589,4.38515780842863e-05,0.0,-0.0,0.0,-0.0,0.0,1789028818.2064574
5424.817,-0.39710064174426324,-0.564714478407387,0.26762789431562406,0.8988196391143731,2.912081785629081,0.13503317774413112,0,6,0.76005619764328,-1.013920084839203,1.3907292524920862,-1.8252235851683558,-1.5296571890460413,-0.21469289461244756,2.777199260492469e-12,0.0,-0.0,0.0,-0.0,0.0,1789028818.3063855
5424.9169999999995,-0.39708076961050937,-0.5647298297176673,0.267600573810377,0.8987683739395734,2.912096705912858,0.13507557815410534,0,6,0.7600945830345154,-1.013889030819275,1.3907483259784144,-1.8252507648863734,-1.5296691099749964,-0.21468907991518194,3.460475636529736e-05,0.0,-0.0,0.0,-0.0,0.0,1789028818.4064517
5425.017,-0.39706334202899696,-0.5647447964705107,0.26759895114686116,0.898731372332827,2.912123439184675,0.1350906645478363,0,6,0.7601305842399597,-1.0138819378665467,1.3907411734210413,-1.8252507648863734,-1.5296843687640589,-0.21468049684633428,0.00013880197366233915,0.0,-0.0,0.0,-0.0,0.0,1789028818.5064602
5425.117,-0.39699894757543946,-0.5647775503991898,0.2676418278832816,0.8985223008706515,2.9122252108999764,0.13498988258037609,0,6,0.7602300047874451,-1.0139559668353577,1.3907612005816858,-1.8252712688841761,-1.5296757856952112,-0.2147310415851038,0.0005136618274264038,0.0,-0.0,-7.86312649276547e-16,-0.0,0.0,1789028818.6064568
5425.217,-0.3970230406134791,-0.564768316861638,0.2679848563155421,0.8987370523189828,2.9126278981853266,0.13390994894137873,0,6,0.760195255279541,-1.0143841069987793,1.3907097021686,-1.8256150684752406,-1.5296724478351038,-0.21469289461244756,0.00023827134282328188,-0.006726142019033432,-0.0,-0.0010236504022032022,-0.0,0.0,1789028818.706413
5425.317,-0.39697885634706476,-0.5647210498505302,0.26868569336160514,0.8988696096297553,2.9133341936706314,0.1321255240796249,0,6,0.7601867914199829,-1.0153754514506836,1.3907130400287073,-1.8259731731810511,-1.5296486059771937,-0.2147310415851038,2.439422928408349e-30,-0.011929255910217762,-0.0,-0.008884278126060963,-0.0,0.0,1789028818.806432
5425.4169999999995,-0.3968983404824179,-0.5646705053152551,0.2699656638158839,0.8992073413767643,2.9147655038232045,0.1286776036622849,0,6,0.7602192163467407,-1.0171446365169068,1.3906973044024866,-1.8268372021117152,-1.5296724478351038,-0.21471149126161748,0.00013868043606635183,-0.02809155359864235,-0.0,-0.001667929464019835,-0.0,0.0,1789028818.9063685
5425.517,-0.39662950556615895,-0.5644332598628197,0.27239798130167037,0.8996686235033302,2.916787780778751,0.12368854590513649,0,6,0.7602419257164001,-1.02069844425235,1.390681568776266,-1.8270718059935511,-1.5296724478351038,-0.21472388902773076,5.057286157748265e-42,-0.05131639912724495,-0.0,-0.0008688635425642133,-0.0,0.0,1789028819.006426
5425.617,-0.3961464555809488,-0.5639722582975705,0.27642666246430747,0.9004738896912609,2.9199207377656187,0.11584150501858877,0,6,0.7602454423904419,-1.0266645711711426,1.3906973044024866,-1.8270946941771449,-1.5296724478351038,-0.21471864381899053,1.542970130685717e-05,-0.06374654173851013,-0.0,-0.00023178155242931098,-0.0,0.0,1789028819.1064434
5425.717,-0.39561972789368627,-0.5634886527075316,0.2805992259305012,0.9012513851586219,2.923164736873267,0.1076911248096838,0,6,0.7602694630622864,-1.0328378838351746,1.3906939665423792,-1.8271104298033656,-1.5296724478351038,-0.2147277037249964,0.0,-0.05241212621331215,-0.0,-8.881826215656474e-05,-0.0,0.0,1789028819.2063787
5425.817,-0.3952631139221199,-0.5631821644090667,0.28321405161189106,0.9016914070167099,2.925215052875289,0.10258814266604753,0,6,0.7603102326393127,-1.0367195767215271,1.3907063643084925,-1.8271218738951625,-1.5296877066241663,-0.21473962465395147,0.00019979306671302766,-0.016481319442391396,-0.0,-1.0860063098517332e-42,-0.0,0.0,1789028819.3064344
5425.9169999999995,-0.3951971999983329,-0.5631209925878741,0.2837452113039071,0.9018442136335704,2.9255935470851395,0.10154328477105595,0,6,0.7603102922439575,-1.037495033150055,1.3906868139850062,-1.827111383477682,-1.5296724478351038,-0.21470433870424444,0.00010790319356601685,-0.0002405246050329879,-0.0,-4.604158675647341e-05,-0.0,0.0,1789028819.406503
5426.017,-0.3952123008162975,-0.5631030836779948,0.283722081150931,0.9018613194199281,2.925592914576504,0.10152423438579121,0,6,0.7602756023406982,-1.0374915164760132,1.3907468954669397,-1.827186723748678,-1.5296724478351038,-0.2147277037249964,4.729779902845621e-05,-0.00031838874565437436,-0.0,-0.0014806566759943962,-0.0,0.0,1789028819.506443
5426.117,-0.3952897150571988,-0.5632083742100579,0.2839539229616148,0.9020047457372729,2.9263718535178045,0.09954041277780912,0,6,0.760306715965271,-1.037639097576477,1.390716854725973,-1.828505655328268,-1.5296571890460413,-0.21472388902773076,0.0003574307484086603,-0.002273385412991047,-8.239176531787962e-05,-0.03452515974640846,-0.0,0.0,1789028819.6064692
5426.217,-0.39565978491447584,-0.5636027767280052,0.28462580639455193,0.9026475400842395,2.9292682369968412,0.09223673573592711,0,6,0.7603511810302734,-1.0379040402225037,1.390670124684469,-1.8337346516051234,-1.5296691099749964,-0.21470767656435186,0.0006483528995886445,-0.0019524034578353167,-4.431642810232006e-05,-0.07071895152330399,-0.0,0.0,1789028819.7063982
5426.317,-0.3962320182415991,-0.5641588536208687,0.2853583990508177,0.9035314704524061,2.93317945802614,0.08221506872093694,0,6,0.7603594660758972,-1.0379794400981446,1.390670124684469,-1.8412324390807093,-1.5296691099749964,-0.21472388902773076,0.0001113886755774729,-0.00022167761926539242,-4.820466717277371e-43,-0.0840316116809845,-0.0,0.0,1789028819.8064597
5426.4169999999995,-0.3968789464557041,-0.5650272899051239,0.2863088855307769,0.904383460140343,2.938601029363553,0.06851357131547335,0,6,0.7606269121170044,-1.0379865926555176,1.390681568776266,-1.8515831432738246,-1.5296877066241663,-0.21472388902773076,0.006200933828949928,-9.68266831478104e-05,-3.047786340748788e-17,-0.11751615256071091,-0.0,0.0,1789028819.9064565
5426.517,-0.39743380655479477,-0.566033971733274,0.2873258660258904,0.9049461025816776,2.9443759545827177,0.05386679984044403,0,6,0.7611292600631714,-1.0379865926555176,1.390700642262594,-1.8626109562315882,-1.5296724478351038,-0.21472007433046514,0.003990129567682743,0.0,-8.856206294532844e-43,-0.11099829524755478,-0.0,0.0,1789028820.0064616
5426.617,-0.39807242243462726,-0.5669511271770326,0.288335440926866,0.9057148324931533,2.94991493833464,0.039464925320843273,0,6,0.7614529728889465,-1.0379673999599,1.3906882444964808,-1.8734103641905726,-1.5296810309039515,-0.21472388902773076,0.0033873592037707567,0.0,-0.0,-0.10645904392004013,-0.0,0.0,1789028820.106459
5426.717,-0.39891086806132775,-0.5679082389784492,0.2895388174427497,0.9068900360445352,2.9561076901488614,0.02280192662947839,0,6,0.7616136074066162,-1.0379865926555176,1.390670124684469,-1.8858028850951136,-1.5296843687640589,-0.21472388902773076,0.0024919905699789524,0.0,-0.0,-0.14386726915836334,-0.0,0.0,1789028820.2063932
5426.817,-0.39987458784845803,-0.5689859665161467,0.29092088713072883,0.9082169905447726,2.9631087826273736,0.003573318919698748,0,6,0.7617729902267456,-1.037991539841034,1.3906768004046839,-1.9000846348204554,-1.5296843687640589,-0.21473962465395147,0.0012891397345811129,-0.00014066729636397213,-0.0,-0.12058569490909576,-0.0,0.0,1789028820.3063815
5426.9169999999995,-0.40082639646925694,-0.5699609043759105,0.29230498891046225,0.9096293710154174,2.9696268737692333,-0.014903630946590673,0,6,0.7618330121040344,-1.0380548995784302,1.3906586805926722,-1.9136554203429164,-1.5296691099749964,-0.21472388902773076,0.0003975063737016171,-0.0002734608424361795,-0.0,-0.16244493424892426,-0.0,0.0,1789028820.4063885
5427.017,-0.40203460080690206,-0.5710901381510982,0.2939363133658345,0.9114107687081509,2.9774034430815934,-0.03738291016316157,0,6,0.7618018388748169,-1.0380429786494751,1.3906920591937464,-1.930258413354391,-1.5296996275531214,-0.21473962465395147,0.00010979136277455837,-8.125490421662107e-05,-0.0,-0.13075067102909088,-0.0,0.0,1789028820.5063846
5427.117,-0.40230625277888027,-0.5713168162283427,0.2941024850089373,0.9118094587843805,2.978725510855441,-0.04151014673230044,0,6,0.76175856590271,-1.0378165406039734,1.3907025496112269,-1.933498045007223,-1.5296538511859339,-0.2147153059588831,2.2811737700743697e-40,0.0032777423039078712,0.00023339895415119827,0.001037766458466649,-0.0,0.0,1789028820.6064267
5427.217,-0.40235734030311987,-0.5713172663437288,0.2937956474709722,0.9118156749209934,2.9784559946706217,-0.04071969369955739,0,6,0.7617095708847046,-1.0374148052981873,1.3907411734210413,-1.933366437951559,-1.5296691099749964,-0.21472055116762334,-0.0001431274286005646,0.0023832235019654036,0.00012295792112126946,0.000533261860255152,-0.0,0.0,1789028820.706546
5427.317,-0.4023353685103865,-0.5713366901623995,0.2937448902400865,0.9117051940747618,2.9784300433706066,-0.04054403193281644,0,6,0.7617526650428772,-1.037347750072815,1.3907378355609339,-1.9333034954466761,-1.5296724478351038,-0.2147429625140589,-6.648017733823508e-05,0.000645248219370842,6.526199719525394e-11,0.00018419852131046355,-0.0,0.0,1789028820.8065398
5427.4169999999995,-0.40233960665951124,-0.571329420599097,0.29375024809517464,0.9117750999072701,2.9784064373632195,-0.0405383553929929,0,6,0.7617407441139221,-1.03735967100177,1.3907411734210413,-1.9332910976805628,-1.5296724478351038,-0.21470767656435186,0.0,0.00011264245404163375,2.6130874175578356e-05,0.00010687244503060356,-0.0,0.0,1789028820.9064035
5427.517,-0.4023775493901009,-0.5713052851817874,0.2937178419782452,0.9118387219461607,2.978344148127044,-0.04046919762819945,0,6,0.7616748213768005,-1.0373202723315735,1.3907502333270472,-1.9332791767516078,-1.5296571890460413,-0.21472388902773076,0.0,7.020604971330613e-05,1.06582938315114e-05,6.578012835234404e-05,-0.0,0.0,1789028821.0064228
5427.617,-0.4023730299420561,-0.5713001388811885,0.2937098867381457,0.9118382230363271,2.978357373663803,-0.04040483668682765,0,6,0.7616783976554871,-1.0373237890056153,1.390768829976217,-1.9332639179625453,-1.5296877066241663,-0.21472388902773076,0.0,6.258642679313198e-05,-0.0,0.0,-0.0,0.0,1789028821.106431
5427.717,-0.4023553229792416,-0.5713153560560921,0.29370128538890616,0.9117699406361996,2.978358922521351,-0.04041302470862825,0,6,0.7617095708847046,-1.0373117488673707,1.3907721678363245,-1.9332753620543421,-1.5296691099749964,-0.21473485628236944,0.0,0.0,-0.0,0.0,-0.0,0.0,1789028821.2064376
5427.817,-0.40235086595542907,-0.5713106204933651,0.29369093229646526,0.9117591388282634,2.9783439015904136,-0.04035146975480362,0,6,0.7617095708847046,-1.0373117488673707,1.3907883802997034,-1.9332481823363246,-1.5296724478351038,-0.21473962465395147,0.0,0.0,-0.0,0.0,-0.0,0.0,1789028821.3064158
5427.9169999999995,-0.40238725457300567,-0.5713028078826062,0.2937121344111602,0.9118839910801982,2.97836226692452,-0.04046793692164188,0,6,0.7616663575172424,-1.037308232193329,1.3907502333270472,-1.933305402795309,-1.5296843687640589,-0.21470767656435186,0.0,0.0,-0.0,0.0,-0.0,0.0,1789028821.4064512
5428.017,-0.4023505965536675,-0.5713129244499431,0.2937100607667337,0.9117883460609996,2.9783406858822508,-0.04042883419791679,0,6,0.7617095708847046,-1.0373308819583436,1.3907797972308558,-1.9332672558226527,-1.5296538511859339,-0.21472007433046514,0.0,3.36574885295704e-05,-0.0,2.864843040618731e-24,-0.0,0.0,1789028821.5064027
