controller_time_s,tcp_x,tcp_y,tcp_z,tcp_rx,tcp_ry,tcp_rz,gripper_state,gripper_event_counter,actual_q_0,actual_q_1,actual_q_2,actual_q_3,actual_q_4,actual_q_5,actual_qd_0,actual_qd_1,actual_qd_2,actual_qd_3,actual_qd_4,actual_qd_5,host_receive_time_s
2437.486,-0.4479352552007069,-0.4779564440184439,0.33977705633139116,1.1350631405797327,2.8938900927530087,-0.026728727046577184,0,0,0.6091281771659851,-1.1708416801742096,1.4655407110797327,-1.8609034023680628,-1.5287535826312464,-0.2147310415851038,0.0,0.0,-0.0,0.0,-0.0,0.0,1788853956.1157625
2437.586,-0.4479316362763446,-0.4779747214322403,0.33955850115394565,1.1349744987488073,2.8937022261853502,-0.026234313561891008,0,0,0.6091546416282654,-1.170605794792511,1.4656818548785608,-1.8609000645079554,-1.5287535826312464,-0.21472055116762334,0.00014498442760668695,0.000989888678304851,0.000330577400745824,0.0,-0.000130910164443776,0.0,1788853956.2026114
2437.6859999999997,-0.4479469595695274,-0.4779618425213125,0.3395541239679395,1.1350193778020903,2.893704084834979,-0.02620955850790922,0,0,0.6091281771659851,-1.1705985826304932,1.4656818548785608,-1.8609034023680628,-1.5287774244891565,-0.21472055116762334,7.221118721645325e-05,6.821241549914703e-05,0.00010426014341646805,0.0,-7.396137516479939e-05,0.0,1788853956.30262
2437.786,-0.4479334577359265,-0.47797694052577766,0.33952518998541453,1.1349472589359195,2.893672908834087,-0.026167384254546733,0,0,0.6091546416282654,-1.1705675584128876,1.4657004515277308,-1.8609000645079554,-1.5287459532367151,-0.2147310415851038,0.0,0.0,0.0,0.0,-0.0,0.0,1788853956.4029024
2437.886,-0.44793861677534275,-0.4779800740284862,0.33954915069414365,1.1349739567532044,2.8936873578404483,-0.026277015372965288,0,0,0.6091510653495789,-1.1705829066089173,1.4656780401812952,-1.860934396783346,-1.528726879750387,-0.21472055116762334,0.0,0.0,-0.0,0.0,-0.0,0.0,1788853956.5028496
2437.986,-0.44794717932224043,-0.4779667530660178,0.3395618808293464,1.1349852622462635,2.8937129100870065,-0.026244428924329228,0,0,0.6091318130493164,-1.1705985826304932,1.465665642415182,-1.8609034023680628,-1.5287616888629358,-0.21473914781679326,0.0,0.0,-0.0,0.0,-0.0,0.0,1788853956.6029367
2438.086,-0.44796074806330616,-0.47796647563778794,0.3395338994491426,1.1350140260486827,2.8936819800695606,-0.026189827723053567,0,0,0.6091198921203613,-1.1705518823913117,1.4656623045550745,-1.8609072170653285,-1.5287655035602015,-0.21472722688783819,0.0,0.0,-0.0,0.0,-0.0,0.0,1788853956.7027903
2438.1859999999997,-0.44794734388780016,-0.47796671108682426,0.33956535482251504,1.1350568846054092,2.893715669944515,-0.026243121934702976,0,0,0.6091353893280029,-1.1706022185138245,1.465665642415182,-1.8609158001341761,-1.5287860075580042,-0.21469289461244756,0.0,0.0,-0.0,0.0,-8.969919983354646e-37,0.0,1788853956.8026042
2438.286,-0.4479352497018577,-0.4779739445077955,0.3395407942397574,1.1349685522257351,2.8936994980427166,-0.02621087009028756,0,0,0.6091510653495789,-1.1705865424922486,1.4656971136676233,-1.8609191379942835,-1.5287578741656702,-0.21472722688783819,2.43130143644521e-05,0.0,-0.0,0.0,-0.0,0.0,1788853956.9023633
2438.386,-0.4479595778143152,-0.4779605152911588,0.3395530652316443,1.1350170652254261,2.893698673826435,-0.026240565311005562,0,0,0.6091127395629883,-1.1705829066089173,1.465665642415182,-1.8609158001341761,-1.5287616888629358,-0.21473580995668584,1.0342849236621987e-05,0.0,-0.0,0.0,-0.0,0.0,1788853957.0023568
2438.486,-0.4479426516904628,-0.47796640092437487,0.3395277812676319,1.1349980784127784,2.8936778411767934,-0.026177686566680028,0,0,0.6091353893280029,-1.170574740772583,1.4657085577594202,-1.8609191379942835,-1.5287616888629358,-0.21472055116762334,0.0,0.0,-1.9773340311024875e-35,0.0,-0.0,0.0,1788853957.1024075
2438.586,-0.4479435341751772,-0.47796892208279723,0.3395461586219631,1.1349968743054795,2.8937127753332836,-0.026209163951727118,0,0,0.6091402769088745,-1.1705865424922486,1.4656856695758265,-1.8609191379942835,-1.5287774244891565,-0.21472388902773076,0.0,0.0,-0.0,0.0,-0.0,0.0,1788853957.2023404
2438.6859999999997,-0.4479290028868584,-0.47798227046824826,0.33953291414248654,1.1349365997537124,2.8936992145027163,-0.026194595155055924,0,0,0.6091666221618652,-1.170574740772583,1.4656971136676233,-1.8609158001341761,-1.5287535826312464,-0.2147310415851038,0.0,0.0,-0.0,0.0,-0.0,0.0,1788853957.302408
2438.786,-0.4479559388814248,-0.4779616531320359,0.3395426189722222,1.1350194724810503,2.8936966764144945,-0.02619321982084592,0,0,0.6091198921203613,-1.170574740772583,1.4656747023211878,-1.8609072170653285,-1.5287774244891565,-0.21472722688783819,0.0,0.0,-0.0,0.0,-0.0,0.0,1788853957.4023457
2438.886,-0.4479564709517908,-0.4779535823339326,0.3395555783808007,1.135046098351278,2.893707638043584,-0.026240825629984057,0,0,0.609109103679657,-1.1706022185138245,1.465689484273092,-1.8609310589232386,-1.5287774244891565,-0.21472388902773076,0.0,-3.767072875859867e-09,-0.0,0.0,-0.0,0.0,1788853957.5024834
2438.986,-0.44792820181052867,-0.47797838666892345,0.33956319809006474,1.1350022123926369,2.8937240240445905,-0.026228947685028613,0,0,0.6091666221618652,-1.1706093412688752,1.4656780401812952,-1.8609072170653285,-1.528780762349264,-0.21469670930971319,0.0,0.0,-0.0,0.0,-0.0,0.0,1788853957.602374
2439.086,-0.44794038275587134,-0.47796811876939865,0.3395146407055995,1.1349789406612758,2.893654356824038,-0.02611983336811236,0,0,0.6091390252113342,-1.1705590945533295,1.4657085577594202,-1.8608876667418421,-1.5287578741656702,-0.21472388902773076,0.0,0.0,-0.0,0.0,-0.0,0.0,1788853957.702322
2439.1859999999997,-0.44792946339219175,-0.47796942586540603,0.33951763017031683,1.1349613461841834,2.8936597716255505,-0.026105654197955772,0,0,0.6091510653495789,-1.170574740772583,1.4657209555255335,-1.8608762226500453,-1.5287616888629358,-0.21472388902773076,0.0,0.0,-0.0,0.0,-0.0,0.0,1788853957.8023326
2439.286,-0.44794859403900444,-0.4779763124504239,0.3395109764945508,1.1349689434593042,2.8936630570270916,-0.026098957555493706,0,0,0.609143853187561,-1.1705278915217896,1.4656708876239222,-1.8608724079527796,-1.5287688414203089,-0.21472722688783819,0.0,4.860954749830171e-09,-0.0,0.0,-0.0,0.0,1788853957.9023955
2439.386,-0.447855532384596,-0.47804831612809656,0.3394819891130485,1.1347043113148243,2.8937669634380176,-0.026015198840869943,0,0,0.6093236207962036,-1.1705255669406434,1.4657333532916468,-1.8608952961363734,-1.5287979284869593,-0.2147310415851038,0.012227984145283699,0.0008856409112922847,0.0001940075308084488,0.0,-3.957569001345297e-22,0.0,1788853958.0023842
2439.486,-0.4464006427501477,-0.47941808209827386,0.33945174605859163,1.130283871622436,2.8957349153192236,-0.025635303301968566,0,0,0.6124249696731567,-1.1704679888537903,1.4657209555255335,-1.8609143696227015,-1.529109303151266,-0.21473914781679326,0.05026130750775337,0.00012102301843697205,2.8274120268179104e-05,0.0,-0.0004220203554723412,0.0,1788853958.102372
2439.586,-0.4422132429316056,-0.48329161785520647,0.3392705574257916,1.1176315861162283,2.900455379566198,-0.024780557420010285,0,0,0.6211552023887634,-1.17025978982959,1.4657967726336878,-1.8608008823790492,-1.52924091020693,-0.21470433870424444,0.12485525012016296,0.012661770917475224,0.0008830601000227034,0.0008193363901227713,-0.0021508680656552315,0.0,1788853958.202382
2439.6859999999997,-0.4360840451337335,-0.48896012716457216,0.33894373923079046,1.0989685868971713,2.9071376431155698,-0.02392671305341095,0,0,0.6339159607887268,-1.1697401863387604,1.4657982031451624,-1.8608676395811976,-1.5291569868670862,-0.21470433870424444,0.10243787616491318,-0.000989696942269802,0.0001458343758713454,3.616230242187157e-05,5.326856262399815e-05,0.0,1788853958.3023689
2439.786,-0.43293923827763553,-0.4917367373166116,0.3389398684655399,1.0895715733920943,2.9106378641586104,-0.02376109978343665,0,0,0.6403186321258545,-1.1697557133487244,1.4658330122577112,-1.8608952961363734,-1.5291693846331995,-0.21475440660585576,0.035213615745306015,7.525032560806721e-05,0.00011695989815052599,2.167281364571407e-16,6.429984333098228e-16,0.0,1788853958.4023736
2439.886,-0.4314258816781037,-0.49306989562330183,0.33889622547357723,1.085118077963564,2.9122343496536325,-0.023582201018306024,0,0,0.643398106098175,-1.1697052878192444,1.4658568541156214,-1.8608952961363734,-1.5291693846331995,-0.21472055116762334,0.018921805545687675,0.0,0.00027245236560702324,0.0,0.0,0.0,1788853958.5024571
2439.986,-0.4311180045875455,-0.49333110236698285,0.3389089286438804,1.084201018325283,2.912580355215842,-0.023564102402343013,0,0,0.6440136432647705,-1.1697281760028382,1.4658568541156214,-1.860875745812887,-1.529177490864889,-0.21473580995668584,0.001015842310152948,3.773980279220268e-05,6.160030170576647e-05,0.0,0.0,0.0,1788853958.602339
2440.086,-0.431110411205344,-0.49334218200051344,0.3389056785625705,1.0842285583002575,2.912587372264111,-0.023546290453338576,0,0,0.6440376043319702,-1.169717327957489,1.4658497015582483,-1.8608795605101527,-1.5291970411883753,-0.21469670930971319,0.0017124685691669583,6.375908012677918e-43,5.500814222614281e-05,0.0,0.0,0.0,1788853958.7024336
2440.1859999999997,-0.43032033723372165,-0.4939680954426645,0.33878990856636615,1.0819297220309374,2.9132800988865397,-0.023191422808667705,0,0,0.6455573439598083,-1.1697088939002533,1.4660804907428187,-1.860870977441305,-1.5291860739337366,-0.21472388902773076,0.036130670458078384,0.0,0.005610035732388496,0.0,0.0,0.0,1788853958.8024154
2440.286,-0.42720285182536355,-0.49618201390894756,0.3379581705711597,1.0733483862098474,2.91541419321891,-0.020760942608657056,0,0,0.6512485146522522,-1.1697042149356385,1.4678290526019495,-1.8608795605101527,-1.5291741530047815,-0.21472388902773076,0.08095791190862656,0.0,0.03046584315598011,0.0,0.0,0.0,1788853958.9024029
2440.386,-0.42300586192360773,-0.49869453537192865,0.3361567860241849,1.0623758183182264,2.917283067137766,-0.015600950575863519,0,0,0.6583589911460876,-1.1697293680957337,1.4716756979571741,-1.8609339199461878,-1.5291932264911097,-0.21473580995668584,0.05685083568096161,0.0,0.047424137592315674,0.0,0.0,0.0,1788853959.0024378
2440.486,-0.4189168004355838,-0.5002782593519157,0.3330831909538695,1.052819825568414,2.917057278151355,-0.006773559901687583,0,0,0.6642524600028992,-1.1697808069041749,1.478234593068258,-1.860875745812887,-1.5292251745807093,-0.21471149126161748,0.06813488900661469,-0.00048123628948815167,0.0858626663684845,0.0,-3.5203251513848954e-07,0.0,1788853959.1024044
2440.586,-0.4143052102777268,-0.5015946094875767,0.3293260765282826,1.0426872671025218,2.916144387304938,0.003930249538003104,0,0,0.6703522205352783,-1.170226351623871,1.4868419806109827,-1.8610183201231898,-1.5291970411883753,-0.21472388902773076,0.030843107029795647,-0.01670527458190918,0.05711748078465462,-0.0005332838627509773,-0.0,0.0,1788853959.2023077
2440.6859999999997,-0.4130668292090721,-0.501715183288319,0.33050514965925704,1.0409509786897966,2.917724705402831,0.0017632543181331098,0,0,0.6717160940170288,-1.1729514461806794,1.4880569616900843,-1.8611980877318324,-1.5292084852801722,-0.2147310415851038,0.0005549295456148684,-0.041253384202718735,0.000692854868248105,-0.0002315330202691257,-0.0,0.0,1788853959.3023145
2440.786,-0.4126571346465223,-0.5016675459324001,0.3315819833210891,1.040717457187632,2.918750622297234,-0.0003991328421390603,0,0,0.6720622777938843,-1.174681620006897,1.4880994001971644,-1.8611709080138148,-1.5292208830462855,-0.21472055116762334,0.013980039395391941,-0.0002648665686137974,0.00012874152162112296,5.6034423323580995e-05,-0.0,0.0,1788853959.4022624
2440.886,-0.41138931307991455,-0.5026932134829121,0.3315976674422555,1.0370346634303274,2.9200562124023626,-0.00037592133016571853,0,0,0.674565315246582,-1.1747246843627472,1.4881275335894983,-1.8611861668028773,-1.5291970411883753,-0.21473914781679326,0.020863410085439682,-0.0013571231393143535,0.00020038893853779882,3.5446786029916376e-33,-0.0,0.0,1788853959.5024393
2440.986,-0.4111037359341398,-0.5027124417598093,0.33222481799798853,1.0367404453207412,2.9207103895445665,-0.001638296249228163,0,0,0.6748719811439514,-1.1757149261287232,1.4881275335894983,-1.8611670933165492,-1.5292051474200647,-0.21473580995668584,0.0003143359499517828,-0.015836045145988464,8.957621321314946e-05,1.2994654322990697e-37,-0.0,0.0,1788853959.6023045
2441.086,-0.40908251166164233,-0.5041176371430645,0.331900954782752,1.031201400888221,2.9223361035265247,-0.0004249604281050461,0,0,0.6786073446273804,-1.1757832330516358,1.4888923803912562,-1.8610998592772425,-1.529309097920553,-0.21473437944521123,0.07236827909946442,0.00010724319872679189,0.024084841832518578,0.00015051456284709275,-0.00024340467643924057,0.0,1788853959.7022698
2441.1859999999997,-0.4023984309685385,-0.5083282483738603,0.33000152233743035,1.0133732410267324,2.9263276350360363,0.005237268780586942,0,0,0.6904082298278809,-1.1758108001998444,1.4929769674884241,-1.8611513576903285,-1.5292852560626429,-0.21472722688783819,0.15192292630672455,-8.547964534955099e-05,0.07228954136371613,5.771306314272806e-05,-8.542559226043522e-05,0.0,1788853959.8022914
2441.286,-0.39536330593826674,-0.5089072035157708,0.3277794521589684,1.000994737187903,2.9267922457708924,0.01439657452919107,0,0,0.6982342004776001,-1.1819774073413392,1.5060437361346644,-1.861281534234518,-1.5292208830462855,-0.21470815340151006,3.5876402648682415e-07,-0.1447599232196808,0.16898654401302338,-0.00042825547279790044,0.0001951265730895102,0.0,1788853959.902289
2441.386,-0.3898880555620996,-0.5048735015431315,0.3293626992765515,0.9997238810498656,2.9261514367564048,0.017082770299718244,0,0,0.698952853679657,-1.19778265178714,1.5238059202777308,-1.8612424335875453,-1.529280964528219,-0.21470433870424444,0.020195482298731804,-0.1740744709968567,0.185590460896492,2.1833815480931662e-05,-0.0001891430583782494,0.0,1788853960.0024035
2441.486,-0.3825953856669358,-0.5005600320935988,0.3310346452298269,0.9960310553227656,2.9260070659925166,0.020469923407740433,0,0,0.7012366056442261,-1.2165790361217041,1.5451176802264612,-1.861241956750387,-1.5292928854571741,-0.21473914781679326,0.0006912644021213055,-0.2052227407693863,0.2152688205242157,2.982821417288985e-22,-5.7547436881577596e-05,0.0,1788853960.1023934
2441.586,-0.3770557624057688,-0.4957723986691971,0.3344772226140603,0.996469493368493,2.9266156578060376,0.01853917171256151,0,0,0.7011181712150574,-1.2357510191253205,1.5628250280963343,-1.8612109623351039,-1.529288117085592,-0.21472722688783819,-0.00293337763287127,-0.17540444433689117,0.1480432152748108,0.0,-7.882698400268895e-13,0.0,1788853960.2022932
2441.6859999999997,-0.37359555678016265,-0.4928649881927255,0.3386048953196103,0.9971682030926056,2.9289315873936084,0.012274092041042432,0,0,0.7011444568634033,-1.2496579152396698,1.571991268788473,-1.8611790142455042,-1.5292580763446253,-0.21469289461244756,0.0,-0.097442626953125,0.028971979394555092,2.998587774025348e-14,-0.0,0.0,1788853960.3023136
2441.786,-0.3726712720303894,-0.49252563406425487,0.3409072058192323,0.9968614983244926,2.931079579362651,0.007445515475620477,0,0,0.7017120718955994,-1.2538385850242157,1.5724476019488733,-1.861131330529684,-1.529285732899801,-0.21469670930971319,0.00041540159145370126,-1.0056960597637499e-08,-3.3746294596181747e-32,0.00015001778956502676,-0.0,0.0,1788853960.4023685
2441.886,-0.3726254773580098,-0.4924292521571037,0.34064515507098564,0.9968499067299246,2.93077808314772,0.008198781900851725,0,0,0.7016401886940002,-1.2537943881801148,1.5729430357562464,-1.8611036739745082,-1.5292928854571741,-0.21472388902773076,-0.00022329895000439137,-0.0012389073381200433,0.002265435643494129,0.00013708946062251925,-1.8271750779064178e-10,0.0,1788853960.5023708
2441.986,-0.3725865699144706,-0.4924098950945744,0.3406671727445164,0.9968295149671301,2.9307766394692947,0.008125157826476262,0,0,0.7016522288322449,-1.2539069515517731,1.5730465094195765,-1.861131330529684,-1.5292614142047327,-0.21472388902773076,-4.6060064399447943e-35,-0.004858506843447685,0.00125589850358665,4.3464584450703114e-05,-0.0,0.0,1788853960.6024144
2442.086,-0.37257460867506303,-0.492112280145626,0.341213373864927,0.9975102681136289,2.9309832453759195,0.006977731278431273,0,0,0.701284646987915,-1.2550032895854493,1.5732868353473108,-1.8611170254149378,-1.5292375723468226,-0.21470433870424444,-0.00040857752901501954,-0.01118474081158638,0.006139629054814577,-0.0,-0.0,0.0,1788853960.7023826
2442.1859999999997,-0.3720961373861915,-0.491759084149448,0.3427970433013782,0.9977503666380899,2.932345198783423,0.0035597121921341094,0,0,0.7013564109802246,-1.2578794223121186,1.5736091772662562,-1.8611585102477015,-1.5292652289019983,-0.21472388902773076,0.00012464546307455748,-0.03965837135910988,0.002002730267122388,-0.0,-0.0,0.0,1788853960.8023014
2442.286,-0.37133266341668403,-0.4914663467999431,0.3448056666027887,0.99754571750036,2.9341841472038546,-0.0007249182443902131,0,0,0.701807975769043,-1.261441932325699,1.5738828817950647,-1.8611108265318812,-1.529269043599264,-0.21472388902773076,0.00031573991873301566,-0.024871429428458214,0.004392862785607576,-0.0,-0.0,0.0,1788853960.902293
2442.386,-0.3712001068383388,-0.49134102224769916,0.3450550328947405,0.9976390900307162,2.9343313037766134,-0.0011537252664737124,0,0,0.701792299747467,-1.2620858711055298,1.574167553578512,-1.8610760174193324,-1.5292723814593714,-0.21470815340151006,-0.0003007763298228383,-0.0003436650731600821,0.004888868425041437,-0.0,-0.0,0.0,1788853961.002291
2442.486,-0.3700795772575488,-0.4903349718974775,0.3419321097881229,0.9967666771001075,2.9309541501157605,0.007688232043999101,0,0,0.7017157077789307,-1.2621372503093262,1.5808623472796839,-1.861035009423727,-1.5292566458331507,-0.2147463003741663,6.353144271997735e-05,-0.0008468632586300373,0.14507170021533966,0.00015797532978467643,-0.0,0.0,1788853961.1022868
2442.586,-0.36543658633544257,-0.4863876659077716,0.3306208843940115,0.9933845906832423,2.9184883145161393,0.03991096707595025,0,0,0.701688289642334,-1.2631823879531403,1.6064398924456995,-1.8611227474608363,-1.529248062764303,-0.21472388902773076,-0.0007720860885456204,-0.02869444340467453,0.3566018044948578,1.8082910173689015e-05,5.602123821596764e-25,0.0,1788853961.2022233
2442.6859999999997,-0.357970885193073,-0.4795916108172114,0.31807018495824724,0.9901192325585465,2.9029814128748166,0.0776635094599838,0,0,0.7010533213615417,-1.2706797879985352,1.643365208302633,-1.8616095981993617,-1.5292132536517542,-0.21469289461244756,-0.013703321106731892,-0.13323894143104553,0.34121984243392944,-0.00042264244984835386,0.0001343483163509518,0.0,1788853961.3022707
2442.786,-0.3508008223914195,-0.4735037443862358,0.3159190521514801,0.9887212528366418,2.897946672109212,0.08988705793253379,0,0,0.7010247111320496,-1.2879577440074463,1.6699932257281702,-1.8615347347655238,-1.5292370955096644,-0.21473914781679326,-8.481190799510236e-40,-0.16377083957195282,0.20040057599544525,8.266892109531909e-05,2.9934992198832333e-05,0.0,1788853961.4022784
2442.886,-0.34733808097185637,-0.47053137542331963,0.3174631423777277,0.9889058034516973,2.898058833688126,0.08938546812905376,0,0,0.7009648084640503,-1.2994052928737183,1.6809576193438929,-1.8614112339415492,-1.5292218367206019,-0.21472388902773076,-0.0006324932328425348,-0.03864524886012077,0.04112475365400314,0.0009034733520820737,0.0,0.0,1788853961.502373
2442.986,-0.34732556027740213,-0.4704888565954976,0.3166758994233412,0.9887160414691095,2.8971484333866164,0.09168242702539917,0,0,0.7009300589561462,-1.2985253495028992,1.681530777608053,-1.861124177972311,-1.5292723814593714,-0.2147148291217249,-7.753550016786903e-05,0.00948149524629116,9.898652933770791e-05,0.0018359600799158216,2.778124362494642e-26,0.0,1788853961.6022837
2443.086,-0.34768458269529634,-0.470809888755495,0.3147064194008228,0.9881060784990504,2.8952487313110558,0.09644495947450914,0,0,0.7009576559066772,-1.2951314610293885,1.681570831929342,-1.860908647576803,-1.5293081442462366,-0.21472722688783819,-8.635080768915754e-15,0.06322278827428818,0.00016413003322668374,0.003130537923425436,-0.0001004627047223039,0.0,1788853961.7022622
2443.1859999999997,-0.348529159672147,-0.47163038507018445,0.310103158751187,0.9866270724263799,2.890925614968912,0.10703081413275607,0,0,0.7010929584503174,-1.2870724660209198,1.6815670172320765,-1.860784193078512,-1.529297176991598,-0.21473914781679326,0.000889980117790401,0.11947920173406601,7.646375161129981e-05,0.00030566216446459293,-0.00013340097211766988,0.0,1788853961.802257
2443.286,-0.3499791624938728,-0.47281808644249623,0.3027573345588008,0.9847244498726102,2.883951223645632,0.12353868688775366,0,0,0.7010329961776733,-1.2741844219020386,1.6815312544452112,-1.8608352146544398,-1.529297176991598,-0.21472722688783819,-0.00013927095278631896,0.12214020639657974,4.0227551456850394e-39,2.8240159736014903e-05,-5.968176992610097e-05,0.0,1788853961.902256
2443.386,-0.3508146114979433,-0.473766277569872,0.2973569784753397,0.9828389962873954,2.8790013432451036,0.13559770456752254,0,0,0.7013517022132874,-1.2647731465152283,1.6815632025348108,-1.860927244225973,-1.5293167273150843,-0.21469289461244756,0.021635061129927635,0.04952511936426163,-0.0,2.7750146769121214e-33,-0.0,0.0,1788853962.0022683
2443.486,-0.3491055034377387,-0.47499895567094796,0.29679642918958704,0.9775737723510082,2.880256933931158,0.13728472796910363,0,0,0.7049130797386169,-1.2641089421561738,1.6819542090045374,-1.8608643017210902,-1.529297176991598,-0.21469670930971319,0.02573978155851364,-0.0004192549386061728,0.011131636798381805,-3.308107625343837e-05,-0.0,0.0,1788853962.1022592
2443.586,-0.34825036194148534,-0.4747943286084428,0.29557209683505603,0.9761082328453292,2.8791526996540897,0.1408734231976857,0,0,0.7056132555007935,-1.2639818650535126,1.684537712727682,-1.8608352146544398,-1.5293281714068812,-0.21472722688783819,0.005787564907222986,0.0008923998684622347,0.05359647423028946,-6.312098651703114e-28,-0.0,0.0,1788853962.2022688
2443.6859999999997,-0.34565717998208817,-0.4726660404831798,0.2901659069046735,0.9740618175810533,2.8723998768269077,0.15646729146788205,0,0,0.7057163119316101,-1.2639375788024445,1.6966941992389124,-1.8608352146544398,-1.5293057600604456,-0.21471149126161748,6.775744986953214e-05,0.0005425997660495341,0.17397776246070862,-0.0,-0.0,0.0,1788853962.302272
2443.786,-0.3417456941232704,-0.46932111857481024,0.2821269944925885,0.9711602986718494,2.862087879225756,0.1797934651026651,0,0,0.7057018876075745,-1.2638933819583436,1.7149751822101038,-1.8608395061888636,-1.5293281714068812,-0.21470815340151006,1.0361657587054651e-05,0.0002706924278754741,0.19236698746681213,-0.0,-6.684705251963241e-25,0.0,1788853962.4023213
2443.886,-0.33855589781820766,-0.46658536772138753,0.2755302035598988,0.9687294446903542,2.8534539645868064,0.19892331145994963,0,0,0.7056779265403748,-1.2634936434081574,1.7296655813800257,-1.8608161411681117,-1.52934438387026,-0.21471149126161748,0.0,0.014360163360834122,0.06350678205490112,-0.0,-0.0,0.0,1788853962.5023162
2443.986,-0.3388944793559449,-0.46632141631645707,0.2745276620788377,0.969451815321402,2.8519691859350247,0.20118356268658955,0,0,0.7049226760864258,-1.2621529263309021,1.730262581502096,-1.8608914814391078,-1.5293248335467737,-0.2147310415851038,-0.007707602344453335,0.007917029783129692,-3.417674815864302e-05,9.80908925027372e-45,-0.0,0.0,1788853962.6022913
2444.086,-0.3390786453608062,-0.46646441050006143,0.2732695182565532,0.9691147232790707,2.85059817521361,0.20403141447810078,0,0,0.7048938274383545,-1.2599441570094605,1.7303021589862269,-1.8608504734435023,-1.5292781035052698,-0.21472388902773076,-4.124006227357313e-05,0.03067953698337078,-0.0,0.0,-0.0,0.0,1788853962.7027314
2444.1859999999997,-0.3395517296040763,-0.46686852029265097,0.27010074455084304,0.9681560979983392,2.8473447959006686,0.2112638075547029,0,0,0.7048987150192261,-1.2542686027339478,1.7302516142474573,-1.8607646427550257,-1.529321018849508,-0.21472388902773076,-6.917197682908102e-32,0.09480385482311249,7.164823909988627e-05,0.0001621880364837125,-0.0,0.0,1788853962.8022273
2444.286,-0.3405838845192124,-0.4678221733531408,0.26262804577877974,0.9658012752268289,2.839716211090032,0.22783433186673643,0,0,0.7049862146377563,-1.240904526119568,1.7301834265338343,-1.8608643017210902,-1.529304329548971,-0.21472055116762334,0.00015986298967618495,0.154501810669899,-0.0008820408256724477,1.3185699572204612e-05,-0.0,0.0,1788853962.9022439
2444.386,-0.34150751124468687,-0.4685714800686017,0.25582702853729483,0.9638406429780081,2.8326144926409405,0.24283876581386893,0,0,0.7049226760864258,-1.228804962044098,1.7301624456988733,-1.860927244225973,-1.5292852560626429,-0.21471149126161748,-3.9731647120788693e-05,0.08540846407413483,-0.00017397264309693128,-0.00010763343016151339,-0.0,0.0,1788853963.0022986
2444.486,-0.341864052424654,-0.4688849597366301,0.2528863467278833,0.9629007604544964,2.8295571779120228,0.24935913203030727,0,0,0.7049345374107361,-1.22359253585849,1.7301624456988733,-1.8609200916686,-1.5293009916888636,-0.21472722688783819,-2.6395480745122768e-05,0.019143952056765556,-7.774060941301286e-05,-2.6240422812406905e-06,-0.0,0.0,1788853963.102287
2444.586,-0.3419051424400867,-0.468956868445432,0.2524127520114766,0.9626957605930375,2.8291286315305815,0.25046537233585514,0,0,0.7049934267997742,-1.2227307719043274,1.730128590260641,-1.8609034023680628,-1.5293563047992151,-0.2147148291217249,0.0,0.01421667356044054,-0.0,-0.0,-0.0,0.0,1788853963.2023165
2444.6859999999997,-0.3420956630381009,-0.46915254712135684,0.2509405751129504,0.9621506877067135,2.827637108494216,0.2536927752089966,0,0,0.7050377726554871,-1.220030502682068,1.7300017515765589,-1.8608914814391078,-1.5293644110309046,-0.21473914781679326,0.0006091818795539439,0.03932330012321472,-0.0044818478636443615,-0.0,-0.00038831832353025675,0.0,1788853963.302258
2444.786,-0.34223922415231656,-0.4696510856287087,0.24820014966684512,0.9606124076551298,2.8251240745925714,0.25972957335213936,0,0,0.7055497169494629,-1.2150237721255799,1.7297957579242151,-1.8609191379942835,-1.5294159094439905,-0.21473914781679326,0.001473399344831705,0.06153503805398941,-0.0007733686361461878,-0.0,-0.0002577849372755736,0.0,1788853963.4022055
2444.886,-0.34259845825414786,-0.46993560517616406,0.245357359329971,0.9598146352890945,2.8220976258764914,0.2658777489956906,0,0,0.705510139465332,-1.2099405092052002,1.729727570210592,-1.860955377618307,-1.5293811003314417,-0.21472388902773076,-8.870024430507328e-06,0.023577185347676277,-0.00036488278419710696,-0.0,-2.6357298338552937e-05,0.0,1788853963.5023012
2444.986,-0.34261276792704,-0.46999084485947656,0.24502169678387525,0.9595962092408438,2.821814939742997,0.26669757118903314,0,0,0.7055773138999939,-1.2093288463405152,1.7296951452838343,-1.8609158001341761,-1.5294364134417933,-0.21473914781679326,0.0030648314859718084,0.00012805369624402374,-0.001496714074164629,-0.0,-3.974122955696657e-05,0.0,1788853963.6023047
2445.086,-0.3425677492961417,-0.4704940422128133,0.24539252775178497,0.9587456373354707,2.822864083283031,0.2656274114733111,0,0,0.7063170671463013,-1.2091135543635865,1.728509251271383,-1.8609239063658656,-1.5295007864581507,-0.21473914781679326,0.012863471172749996,0.001188116380944848,-0.030374856665730476,-0.0,-0.0004500715003814548,0.0,1788853963.7023015
2445.1859999999997,-0.34350991898618505,-0.4715966102345251,0.24736419551499517,0.9590342228768686,2.8259510984031393,0.2598413052737215,0,0,0.7067258954048157,-1.2091144782355805,1.7237699667560022,-1.8609200916686,-1.5295441786395472,-0.2147148291217249,0.00032387831015512347,0.00011391229782020673,-0.06699847429990768,-0.0,-0.00011251031537540257,0.0,1788853963.8023055
2445.286,-0.3456799239094325,-0.4734771804219755,0.25122042251057936,0.9605313907488927,2.831440262743774,0.24834121090882494,0,0,0.7067570686340332,-1.2091015142253418,1.7145312468158167,-1.8609191379942835,-1.5295046011554163,-0.21473914781679326,0.0003250839654356241,0.00031682272674515843,-0.09858022630214691,-0.0,-3.025074714609491e-29,0.0,1788853963.9021733
2445.386,-0.34652835746125343,-0.4742068316013068,0.25267582231598446,0.961091475114029,2.833535487544238,0.24408261384404756,0,0,0.7067726850509644,-1.2089902621558686,1.7109039465533655,-1.860854288140768,-1.5295527617083948,-0.2147463003741663,0.0004170055326540023,0.008442282676696777,0.0006772259366698563,0.0006732806214131415,-0.0005149758071638644,0.0,1788853964.0022
2445.486,-0.3462108096407643,-0.4746780870282573,0.25127730829505357,0.9592940610255505,2.832668446933177,0.24737100380336124,0,0,0.7077714204788208,-1.206573562031128,1.710935417805807,-1.8608080349364222,-1.529628101979391,-0.21473580995668584,0.016370955854654312,0.04366210103034973,9.313960617873818e-05,9.200207568937913e-05,-0.0002910564362537116,0.0,1788853964.1022596
2445.586,-0.3453778378889336,-0.4760422522796193,0.2471878418304727,0.9542259354648538,2.8299885401667293,0.25660788282893154,0,0,0.7105290293693542,-1.1994014543345948,1.7109039465533655,-1.860812326470846,-1.5296605269061487,-0.21473914781679326,0.03375508636236191,0.10614928603172302,2.495221774188354e-37,1.6367312254172797e-26,-0.000294776342343539,0.0,1788853964.2022908
2445.6859999999997,-0.34508917426335034,-0.4774044339661174,0.24047959121338708,0.9492997979089506,2.824171503657522,0.27130223543716936,0,0,0.7126404047012329,-1.1876838964274903,1.7109077612506312,-1.8608876667418421,-1.5296123663531702,-0.21472388902773076,0.005447996314615011,0.10630272328853607,-0.0,0.0,-6.883800961077213e-05,0.0,1788853964.3021898
2445.786,-0.3454345916944687,-0.4776241959038702,0.23746530873387472,0.9485179908195422,2.8209647914261553,0.277754723960405,0,0,0.7125277519226074,-1.1824537080577393,1.7109511534320276,-1.8609310589232386,-1.52958852449526,-0.2147429625140589,-0.00042774234316311777,-0.0007029222906567156,7.396030559903011e-05,0.0,-6.221408886111432e-14,0.0,1788853964.4022365
2445.886,-0.34540775717699307,-0.4776555148465347,0.23758351495036006,0.948491377707256,2.8211258417182528,0.277476021587532,0,0,0.7125983834266663,-1.1826117795756836,1.7108853499041956,-1.8609358272948207,-1.5295804182635706,-0.21472055116762334,0.00019998206698801368,0.0007049382547847927,-2.3866057745181024e-05,-0.00015698843344580382,-0.0,0.0,1788853964.5021975
2445.986,-0.3454075689674093,-0.4776210500123738,0.23748029428266726,0.9484863552406275,2.8209746993464995,0.27772519279824426,0,0,0.7125517129898071,-1.1825135809234162,1.710998837147848,-1.860934396783346,-1.5295727888690394,-0.2147429625140589,1.2461968095411956e-31,0.0008249650127254426,0.0004880808119196445,-1.1123260264866985e-05,-0.0,0.0,1788853964.6022418
2446.086,-0.34539381892597953,-0.4776140848618428,0.2374930436182625,0.9484765653019795,2.82095894381689,0.2777730336391109,0,0,0.712558925151825,-1.182551996116974,1.7110102812396448,-1.8608724079527796,-1.529576603566305,-0.21473914781679326,0.0,0.00012492349196691066,0.00011457873188192025,-0.0,-0.0,0.0,1788853964.702232
2446.1859999999997,-0.34539218607510525,-0.47762394108423195,0.23749157923833186,0.9484650467100699,2.820987004823245,0.27774210250944237,0,0,0.7125744223594666,-1.182539926176407,1.7110031286822718,-1.8609067402281703,-1.5295804182635706,-0.21473580995668584,0.0,0.00023936234356369823,5.3684885331251e-17,-0.0,-0.0,0.0,1788853964.8022065
2446.286,-0.34539815022461706,-0.47760915783687463,0.2374700929927727,0.9485360551530916,2.8209030737527674,0.2777880266099698,0,0,0.7125433087348938,-1.182524399166443,1.711031738911764,-1.8608948192992152,-1.5295527617083948,-0.21470815340151006,0.0,5.101149872643873e-05,2.141884702720483e-41,-0.0,-0.0,0.0,1788853964.9022174
2446.386,-0.34539688721621326,-0.4776236131310391,0.237480078744418,0.9484719928757774,2.820947773494145,0.2777242595033601,0,0,0.7125625610351562,-1.1825208228877564,1.7110069433795374,-1.8609191379942835,-1.5295456091510218,-0.21473914781679326,0.0,0.0,-0.0,-0.0,-0.0,0.0,1788853965.0022116
2446.486,-0.34541266039655544,-0.4776046210213093,0.23750948315357373,0.9485603131847624,2.820929376160792,0.277743460285712,0,0,0.7125229239463806,-1.1825674635222931,1.7109878698932093,-1.8608490429320277,-1.52956468263735,-0.21471673647035772,-5.1077317039016634e-05,0.0,-0.0,-0.0,-0.0,0.0,1788853965.1021488
2446.586,-0.34543049441185836,-0.4775925577807985,0.2374740300608772,0.948581172489833,2.8208941259175333,0.2777518212079771,0,0,0.7124845385551453,-1.1825208228877564,1.7110193411456507,-1.8609067402281703,-1.5295527617083948,-0.21473580995668584,0.0,0.0,-0.0,-0.0,-0.0,0.0,1788853965.2022548
2446.6859999999997,-0.34542281852599643,-0.4776017019603331,0.23748090761353272,0.9485478361092102,2.820925182438852,0.2777485054430338,0,0,0.712507426738739,-1.182524399166443,1.7110069433795374,-1.8609034023680628,-1.52956468263735,-0.21473914781679326,-2.8923002090643087e-38,0.0,-0.0,-0.0,-0.0,0.0,1788853965.3022585
2446.786,-0.3454500361204854,-0.47758923601091796,0.23750380207882796,0.9486347008900149,2.820912699081749,0.2777151522272269,0,0,0.7124605774879456,-1.182543472652771,1.710973087941305,-1.8608762226500453,-1.5295680204974573,-0.21472722688783819,0.0,0.0,-0.0,-0.0,-0.0,0.0,1788853965.4021804
2446.886,-0.3454300710885756,-0.47760270512892,0.23747664309039052,0.9485518013364733,2.8209292015194167,0.27778290200881667,0,0,0.7125037908554077,-1.1825053256801148,1.7109878698932093,-1.8608881435790003,-1.529583756123678,-0.21473914781679326,0.0,0.0,-0.0,-0.0,-0.0,0.0,1788853965.502235
2446.986,-0.34540694560746954,-0.4776017399293766,0.23746771794964297,0.9485166516585202,2.8208912452865698,0.2777999473725244,1,1,0.7125229239463806,-1.1825208228877564,1.7110298315631312,-1.8608795605101527,-1.5295494238482874,-0.21473914781679326,0.0,0.0,-0.0,-0.0,-0.0,0.0,1788853965.6021411
2447.086,-0.34541646266672366,-0.4776003390591334,0.2374852462920577,0.948561151052198,2.8208903043501627,0.27773401615498167,1,1,0.712507426738739,-1.1825398963740845,1.711015526448385,-1.8608881435790003,-1.5295332113849085,-0.21472722688783819,0.0,0.0,-0.0,-0.0,-0.0,0.0,1788853965.7022552
2447.1859999999997,-0.3454301362238765,-0.47759719892172336,0.23749164481539503,0.9485775981408886,2.820922366694734,0.27771217878397864,1,1,0.7124917507171631,-1.1825398963740845,1.7110031286822718,-1.8609067402281703,-1.5295565764056605,-0.21473580995668584,0.0,0.0,-0.0,-0.0,-0.0,0.0,1788853965.8022144
2447.286,-0.34543547989114426,-0.4775991707139087,0.23748520296887693,0.9486036881620464,2.8209010053889827,0.27772069434626384,1,1,0.7124869227409363,-1.1825208228877564,1.710991684590475,-1.8609034023680628,-1.5295489470111292,-0.21472055116762334,0.0,0.0,-0.0,-0.0,-0.0,0.0,1788853965.9024715
2447.386,-0.3454319609337839,-0.4775952059870588,0.23747318218741942,0.948632071453533,2.820894026868183,0.27780794655473096,1,1,0.7124917507171631,-1.182508961563446,1.7109997908221644,-1.8608795605101527,-1.529583756123678,-0.21469289461244756,0.0,0.0,-0.0,-0.0,-2.5896175429807045e-05,0.0,1788853966.0021858
2447.486,-0.3454368462082792,-0.47758413283318,0.23748270542902017,0.9486253968867004,2.8208888005305575,0.2777700581779405,1,1,0.7124688625335693,-1.1825363498977204,1.711015526448385,-1.86088289837026,-1.5295680204974573,-0.21472055116762334,0.0,0.0,-0.0,-0.0,-0.0,0.0,1788853966.1021624
2447.586,-0.3454177015142261,-0.47760769563848343,0.2374907566284693,0.9485586228368226,2.82090837509618,0.2777050382336305,1,1,0.7125157117843628,-1.182536320095398,1.7109993139850062,-1.8609000645079554,-1.5295332113849085,-0.21472388902773076,0.0,0.0,-0.0,-0.0,-0.0,0.0,1788853966.2021506
2447.6859999999997,-0.34542412587064464,-0.47760207752041994,0.2374896179470315,0.9485720708097747,2.820917764129449,0.27771315739932423,1,1,0.7125037908554077,-1.182536320095398,1.7110031286822718,-1.8609067402281703,-1.5295494238482874,-0.21472722688783819,0.0,0.0,-0.0,-0.0,-0.0,0.0,1788853966.302168
2447.786,-0.3454215713899793,-0.4775971695345551,0.23746788754506593,0.9485717866686172,2.8208791548236634,0.2777857699966925,1,1,0.7125002145767212,-1.1825124782374878,1.7110193411456507,-1.8608881435790003,-1.5295494238482874,-0.21472388902773076,0.0,0.0,-0.0,-0.0,-0.0,0.0,1788853966.4021683
2447.886,-0.3454135905391769,-0.4776064117196499,0.23748263220073124,0.9485156684899608,2.8209001932332036,0.2777501140425652,1,1,0.7125192880630493,-1.1825279754451294,1.7110031286822718,-1.8608762226500453,-1.529536549245016,-0.2147463003741663,0.0,0.0,-0.0,-0.0,-0.0,0.0,1788853966.5021248
2447.986,-0.34543355721093383,-0.4776009277156666,0.2374912300212037,0.9485656715489026,2.82096688882203,0.2777397694055823,1,1,0.7125002145767212,-1.1825279754451294,1.7109878698932093,-1.860910554925436,-1.5295994917498987,-0.21473914781679326,0.0,0.0,-0.0,-0.0,-0.0,0.0,1788853966.6021664
2448.086,-0.34542823109097315,-0.47758442730262374,0.23746069010246557,0.9486204197052737,2.820864780336538,0.2778339869393659,1,1,0.7124797105789185,-1.1825124782374878,1.7110350767718714,-1.8608795605101527,-1.529571835194723,-0.21470815340151006,0.0,0.0,-0.0,-0.0,-0.0,0.0,1788853966.7021356
2448.1859999999997,-0.345423373233227,-0.4776009979568316,0.2374732338097874,0.9485828017727854,2.8208896820442555,0.27777061759461635,1,1,0.7125037908554077,-1.1825124782374878,1.7110069433795374,-1.8608914814391078,-1.5295527617083948,-0.2147148291217249,0.0,0.0,-0.0,-0.0,-0.0,0.0,1788853966.8021252
2448.286,-0.3454345319592153,-0.4775885157184801,0.2374961368848289,0.9486165597398741,2.8208809038958402,0.27772472543645776,1,2,0.7124724984169006,-1.1825519663146515,1.7110031286822718,-1.8608728847899378,-1.5295403639422815,-0.21472388902773076,0.0,0.0,-0.0,-0.0,-0.0,0.0,1788853966.9021235
2448.386,-0.34544423012569775,-0.47759370508167354,0.2374965103000427,0.9486598824811688,2.820898060974457,0.27773087005233343,1,2,0.7124724984169006,-1.182532714014389,1.7109764258014124,-1.8608795605101527,-1.52956468263735,-0.21469670930971319,0.0,0.0,-0.0,-0.0,-0.0,0.0,1788853967.0021613
2448.486,-0.34539967799719723,-0.4776105685985272,0.23746342401619325,0.9485178278091116,2.8208658638295003,0.27779762239308914,1,2,0.7125385403633118,-1.1825089019588013,1.711022679005758,-1.8608728847899378,-1.5295246283160608,-0.21472055116762334,0.0,0.0,-0.0,-0.0,-0.0,0.0,1788853967.1021054
2448.586,-0.3454322165648086,-0.47759901023968815,0.23747569153441025,0.94859829406324,2.8208912944456928,0.2777629592309906,1,2,0.7124917507171631,-1.1825089019588013,1.7109959761248987,-1.8608914814391078,-1.5295565764056605,-0.21471673647035772,0.0,0.0,-0.0,-0.0,-0.0,0.0,1788853967.2021744
2448.6859999999997,-0.3454144533975575,-0.47760347667581815,0.2374642219522619,0.9485512524922052,2.820900249800295,0.2778018279372607,1,2,0.7125192880630493,-1.1825053256801148,1.7110193411456507,-1.8608948192992152,-1.52956468263735,-0.21472055116762334,0.0,0.0,-0.0,-0.0,-0.0,0.0,1788853967.302164
2448.786,-0.3454158524714194,-0.47761389209443145,0.2374875430419753,0.9485339411242188,2.820921330653672,0.2777053383753554,1,2,0.7125265598297119,-1.182524399166443,1.710991684590475,-1.8609067402281703,-1.529536549245016,-0.2147310415851038,0.0,0.0,-0.0,-0.0,-0.0,0.0,1788853967.4021246
2448.886,-0.34541006883487035,-0.47760727188556196,0.23746657353400796,0.9485411164386403,2.8208958918017726,0.2777810222140619,1,2,0.7125265598297119,-1.1825089019588013,1.7110193411456507,-1.8608981571593226,-1.5295489470111292,-0.21472055116762334,0.0,0.0,-0.0,-0.0,-0.0,0.0,1788853967.5021415
2448.986,-0.34541390796727844,-0.47760457697275377,0.23746814677762923,0.9485535961108639,2.8209025367641014,0.2777676645362499,1,2,0.7125192880630493,-1.1825124782374878,1.711022679005758,-1.860910554925436,-1.5295527617083948,-0.21472055116762334,0.0,0.0,-0.0,-0.0,-0.0,0.0,1788853967.6021187
2449.086,-0.3454183841358468,-0.4775897989895872,0.23747577534467418,0.9486255310028385,2.820876585393674,0.27778100688630136,1,2,0.7124953866004944,-1.1825398963740845,1.711038891469137,-1.8608914814391078,-1.5295565764056605,-0.21469289461244756,0.0,0.0,-0.0,-0.0,-0.0,0.0,1788853967.7020967
2449.1859999999997,-0.34542723368217554,-0.4776038389188359,0.23748213957083225,0.9486005921899106,2.8209183967238527,0.2777164451636861,1,2,0.7125037908554077,-1.1825208228877564,1.7110031286822718,-1.8609262905516566,-1.5295565764056605,-0.21470815340151006,0.0,0.0,-0.0,0.0,-0.0,0.0,1788853967.8021615
2449.286,-0.3454386605100681,-0.4775996218571158,0.2374792620370318,0.9486024827261084,2.8209043807091163,0.277722601368245,1,2,0.7124845385551453,-1.1825089019588013,1.710991684590475,-1.8609158001341761,-1.5295527617083948,-0.21472388902773076,0.0,0.0,-0.0,0.0,-0.0,0.0,1788853967.9021907
2449.386,-0.3454220685911066,-0.4775930734324142,0.23748066349410205,0.9485603860051857,2.820940252650825,0.27775553278026227,1,2,0.7125002145767212,-1.1825398963740845,1.711031738911764,-1.8609191379942835,-1.529583756123678,-0.21473914781679326,0.0,0.0,3.628865166592378e-34,0.0,-0.0,0.0,1788853968.0020926
2449.486,-0.3454100029485841,-0.4776121282593898,0.23747480690032854,0.9485338160672865,2.820910766165703,0.277768845499251,1,2,0.712533712387085,-1.1825124782374878,1.7110031286822718,-1.8608914814391078,-1.5295527617083948,-0.21472055116762334,0.0,0.0,-0.0,0.0,-0.0,0.0,1788853968.1020737
2449.586,-0.34541565056894186,-0.4775964586382219,0.23746915833471482,0.9485623737131338,2.820877066999054,0.2777649977708318,1,2,0.7125037908554077,-1.182524399166443,1.7110350767718714,-1.8609000645079554,-1.529536549245016,-0.21472722688783819,0.0,0.0,-0.0,0.0,-0.0,0.0,1788853968.2021165
2449.6859999999997,-0.3454242386742155,-0.47759922660457166,0.23747591622219522,0.948570594303519,2.8209057164633897,0.27779103280393824,1,2,0.7125037908554077,-1.1825160545161744,1.7110031286822718,-1.8608795605101527,-1.529571835194723,-0.21472388902773076,0.0,0.0,-0.0,0.0,-0.0,0.0,1788853968.3021019
2449.786,-0.34541182484018634,-0.4776080991694475,0.2374713352935506,0.9485190105521979,2.8208914409574697,0.2777595784686804,1,2,0.7125229239463806,-1.1825124782374878,1.7110117117511194,-1.8608914814391078,-1.5295332113849085,-0.21473914781679326,-5.103917146698222e-07,0.0,-0.0,0.0,-0.0,0.0,1788853968.402058
2449.886,-0.345424924457273,-0.47758886740053536,0.23747394678896916,0.9485934931244866,2.8208790816388936,0.27780597407154595,1,2,0.7124881148338318,-1.1825279754451294,1.711022679005758,-1.8608690700926722,-1.52956468263735,-0.21472055116762334,0.0,0.0,-0.0,0.0,-0.0,0.0,1788853968.502068
2449.986,-0.3454273086750474,-0.47760970856628665,0.23750323814938196,0.9485572240830236,2.8209233167515086,0.2776721809713153,1,2,0.712507426738739,-1.1825398963740845,1.710973087941305,-1.8608948192992152,-1.5295332113849085,-0.21473580995668584,0.0,0.0,-0.0,0.0,-0.0,0.0,1788853968.6020098
2450.086,-0.34542368159904624,-0.47760175969427127,0.2374819044133001,0.9485727702494287,2.8209017073143126,0.277742702637181,1,2,0.7125037908554077,-1.182524399166443,1.7110031286822718,-1.8608948192992152,-1.5295489470111292,-0.21472388902773076,0.0,0.0,-0.0,0.0,-0.0,0.0,1788853968.702072
2450.1859999999997,-0.34540900284598236,-0.4776079936279636,0.23746232225726738,0.9484916493561533,2.820902963782853,0.27775970344328166,1,3,0.7125265598297119,-1.1825053256801148,1.7110279242144983,-1.8609158001341761,-1.529536549245016,-0.21475488344301397,0.0,0.0,-0.0,0.0,-0.0,0.0,1788853968.802066
2450.286,-0.3454277718517196,-0.4776047949566263,0.23748748678604892,0.9485448265573366,2.820927728952912,0.2777142287444651,1,3,0.7125037908554077,-1.182524399166443,1.710991684590475,-1.8609067402281703,-1.5295527617083948,-0.2147463003741663,0.0,0.0,-0.0,0.0,-0.0,0.0,1788853968.9021108
2450.386,-0.3454245632842858,-0.47759512852577457,0.23748116079359796,0.9485745717179489,2.8208838726522134,0.2777898507437531,1,3,0.7124953866004944,-1.1825279754451294,1.7110031286822718,-1.8608571491637171,-1.5295565764056605,-0.21472722688783819,0.0,0.0,-0.0,0.0,-0.0,0.0,1788853969.0021205
2450.486,-0.3454064129909709,-0.4776131474015743,0.23748595361337416,0.9484994981088767,2.8209153804867357,0.2777699913570203,1,3,0.7125385999679565,-1.1825279754451294,1.710992161427633,-1.8608604870238246,-1.5295494238482874,-0.21473914781679326,0.0,0.0,-0.0,0.0,-0.0,0.0,1788853969.1020567
2450.586,-0.3454322337966792,-0.47759250377486534,0.2374564137869901,0.9485811337346466,2.8208741945448432,0.2778190663845151,1,3,0.7124845385551453,-1.1824898284724732,1.711015526448385,-1.8608881435790003,-1.52956468263735,-0.2147310415851038,0.0,0.0,-0.0,0.0,-0.0,0.0,1788853969.2020743
2450.6859999999997,-0.34542019807696644,-0.4776081710592876,0.23747805069088562,0.9485193318126952,2.8209412782925374,0.2777941468817186,1,3,0.7125229239463806,-1.1825089019588013,1.7109878698932093,-1.8608795605101527,-1.5295875708209437,-0.2147429625140589,0.0,0.0,-0.0,0.0,-0.0,0.0,1788853969.302028
2450.786,-0.34542812623579344,-0.4776051157929164,0.23746858381430613,0.9485588134554782,2.8208938587827714,0.27777339633463705,1,3,0.7125037908554077,-1.1824934047511597,1.710991684590475,-1.8608914814391078,-1.5295527617083948,-0.2147310415851038,0.0,0.0,-0.0,0.0,-0.0,0.0,1788853969.4020772
2450.886,-0.3454298834421833,-0.47758996118731356,0.2374623416353978,0.9486425005751498,2.8208657719696073,0.2778169499996831,1,3,0.7124845385551453,-1.1825053256801148,1.711022679005758,-1.8608881435790003,-1.5295684973346155,-0.21468955675234014,0.0,0.0,-0.0,0.0,-0.0,0.0,1788853969.5020738
2450.986,-0.3454157845212038,-0.47759718050223,0.23747914200628523,0.9485693699539419,2.820892924673357,0.2777723212979751,1,3,0.712507426738739,-1.1825351876071473,1.711022679005758,-1.86088289837026,-1.5295527617083948,-0.21472055116762334,0.0,0.0,-0.0,0.0,-0.0,0.0,1788853969.602093
2451.086,-0.3454238306364113,-0.4775906731212165,0.23747602014135416,0.9486500421492049,2.8208609923843233,0.27781761498221746,1,3,0.7124917507171631,-1.1825279754451294,1.711015526448385,-1.8608571491637171,-1.52956468263735,-0.21467715898622686,0.0,0.0,-0.0,0.0,-0.0,0.0,1788853969.702102
2451.1859999999997,-0.3454205828208054,-0.47758736762745607,0.23746976331536368,0.9485858591785566,2.82087377150545,0.27783085001431274,1,3,0.7124917507171631,-1.1825279754451294,1.7110312620746058,-1.8608604870238246,-1.5295684973346155,-0.21472055116762334,0.0,0.0,-0.0,0.0,-0.0,0.0,1788853969.8020387
2451.286,-0.34542521883513605,-0.4775918785648428,0.23747712455294034,0.948585444345809,2.820888720893938,0.27779306212873206,1,3,0.7124917507171631,-1.182527945642807,1.711015526448385,-1.8608724079527796,-1.52956468263735,-0.21472388902773076,0.0,0.0,-0.0,0.0,-0.0,0.0,1788853969.9020035
2451.386,-0.3454234617948327,-0.47759532365659846,0.23749008634102647,0.9485713534397257,2.820927292042019,0.27773819121760007,1,3,0.7124989628791809,-1.1825470191291352,1.711015526448385,-1.8609000645079554,-1.5295684973346155,-0.21473247209657842,0.0,0.0,-0.0,0.0,-0.0,0.0,1788853970.0020547
2451.486,-0.34543296617038993,-0.4776022966598969,0.23747687262397674,0.9485816447214612,2.8208821615737687,0.2777398694279632,1,3,0.7124917507171631,-1.1825053554824372,1.7109883467303675,-1.8608914814391078,-1.529536549245016,-0.2147277037249964,0.0,0.0,-0.0,0.0,-0.0,0.0,1788853970.1020393
2451.586,-0.3454224999339116,-0.4776126766041678,0.2374912931711899,0.9486043960601089,2.820940113714266,0.2777123948115691,1,3,0.7125229239463806,-1.182524399166443,1.7109845320331019,-1.8609191379942835,-1.5295684973346155,-0.21468955675234014,0.0,0.0,-0.0,0.0,-0.0,0.0,1788853970.2019832
2451.6859999999997,-0.3454177671914904,-0.4776016155284591,0.2374792158041965,0.9485453275225709,2.820911295746574,0.2777497271086071,1,3,0.7125110030174255,-1.1825279754451294,1.711015526448385,-1.8609000645079554,-1.5295527617083948,-0.21473580995668584,0.0,0.0,-0.0,0.0,-0.0,0.0,1788853970.3020356
2451.786,-0.3454312597903961,-0.4775862284265697,0.2374609296988846,0.9485892578581054,2.820848709081953,0.277789974718922,1,3,0.7124724984169006,-1.1825089019588013,1.7110312620746058,-1.8608876667418421,-1.529536549245016,-0.21473580995668584,0.0,0.0,-0.0,0.0,-0.0,0.0,1788853970.4020405
2451.886,-0.34542479858270997,-0.47759153496434265,0.23745606068934638,0.948545834959062,2.8208718296229174,0.27784346265767296,1,3,0.7124917507171631,-1.1824969810298462,1.711022679005758,-1.8608676395811976,-1.52956468263735,-0.2147463003741663,0.0,0.0,-0.0,0.0,-0.0,0.0,1788853970.5020432
2451.986,-0.34542839750630716,-0.4775971494620356,0.23747165850182567,0.9485881772172652,2.8208705481742093,0.277781092471664,1,3,0.7124917507171631,-1.1825089019588013,1.7110031286822718,-1.8608762226500453,-1.5295456091510218,-0.21472055116762334,0.0,0.0,-0.0,0.0,-0.0,0.0,1788853970.6019812
2452.086,-0.34542673629240267,-0.47759553265510807,0.2374604004144252,0.948560538516833,2.8208881623970883,0.2778154987788755,1,3,0.7124953866004944,-1.1824969810298462,1.711015526448385,-1.8608867130675257,-1.5295680204974573,-0.21473580995668584,0.0,0.0,-0.0,0.0,-0.0,0.0,1788853970.7019784
2452.1859999999997,-0.3454289935374472,-0.4775995042103915,0.23746764836406498,0.9485516582248112,2.820907476046529,0.2778148176115093,1,3,0.7125002145767212,-1.1824969810298462,1.7109959761248987,-1.8608762226500453,-1.5295804182635706,-0.21473914781679326,0.0,0.0,-0.0,0.0,-0.0,0.0,1788853970.8019893
2452.286,-0.3454178018004254,-0.477605446847939,0.23749711057995526,0.9485299271285378,2.820959675088719,0.27776526471189716,1,3,0.7125229239463806,-1.1825434130481263,1.7109883467303675,-1.8608724079527796,-1.5295923391925257,-0.21473914781679326,7.727972842985764e-05,0.0,-0.0,0.0,-0.0,0.0,1788853970.9019442
2452.386,-0.3452896172387815,-0.47773431394512406,0.2375381849431752,0.948123660046102,2.8212617680499616,0.27753392042501707,1,3,0.7128382921218872,-1.1825651687434693,1.7109459082232874,-1.8610230884947718,-1.52958852449526,-0.2147429625140589,0.00751933827996254,-0.0009726994321681559,-0.0012706059496849775,-0.0008929385803639889,-5.242363113211468e-05,0.0,1788853971.0020554
2452.486,-0.3453367953247949,-0.4779703777649034,0.2384908191064791,0.9482346180986184,2.8229192806339696,0.27440266913592987,1,3,0.7130948305130005,-1.1836486619761963,1.7102883497821253,-1.8618298969664515,-1.5295799414264124,-0.21472055116762334,0.0005879280506633222,-0.013493145816028118,-0.01696435920894146,-0.007780167274177074,-1.6879804301396246e-18,0.0,1788853971.1020844
2452.586,-0.34662253789521763,-0.479006206406546,0.24264142538126432,0.9499755810411884,2.8285923383914744,0.26254182014242755,1,3,0.7129988670349121,-1.186717615728714,1.7046878973590296,-1.8627072773375453,-1.52958852449526,-0.21473580995668584,-2.03423891065313e-08,-0.029181739315390587,-0.09212222695350647,-0.00022413054830394685,-0.0,0.0,1788853971.2019892
2452.6859999999997,-0.3486165055550632,-0.48111591560704553,0.24676295907448653,0.9509267560907935,2.8346371210503944,0.25048931516534567,1,3,0.7135025858879089,-1.1869546932033082,1.6951287428485315,-1.8626305065550746,-1.529581371937887,-0.2147277037249964,0.007593516260385513,0.0007582198595628142,-0.10115540027618408,5.5612257710890844e-05,-0.0,0.0,1788853971.3020606
2452.786,-0.35157847089117816,-0.4839140544761828,0.2524204536616643,0.9527090073342932,2.842790562249496,0.2338187632102105,1,3,0.713822603225708,-1.186985806827881,1.6817320028888147,-1.8626190624632777,-1.5296714941607874,-0.21473914781679326,0.00038033293094486,-8.244733180617914e-05,-0.15799809992313385,5.8628014812711626e-05,-0.00013552611926570535,0.0,1788853971.4019327
2452.886,-0.3551101989122386,-0.4873347554560572,0.25939108393757504,0.9547762055731945,2.852633245809901,0.21340644851713544,1,3,0.7143058180809021,-1.1868911546519776,1.665206257496969,-1.8625346622862757,-1.529776398335592,-0.21470433870424444,0.011089077219367027,0.0003173950535710901,-0.16649441421031952,0.0005508587346412241,-0.0008551438804715872,0.0,1788853971.5020592
2452.986,-0.3578140924813444,-0.4909786069625888,0.2661810243244669,0.95493758643359,2.8626819883985006,0.19371669029569,1,3,0.7159831523895264,-1.1868554514697571,1.6493743101703089,-1.8625074825682582,-1.529891316090719,-0.21472388902773076,0.026713937520980835,3.17955891659949e-05,-0.14282108843326569,0.00018818739044945687,-0.0008534153457731009,0.0,1788853971.6020374
2453.086,-0.3589319066119094,-0.49463255750371254,0.2717182640088657,0.9521091762811623,2.8717502290538253,0.1778714013320205,1,3,0.7193882465362549,-1.1867773991874238,1.636514965687887,-1.8624597988524378,-1.5299480597125452,-0.21473914781679326,0.041556213051080704,0.0004492005973588675,-0.11521054059267044,0.0003233395691495389,-0.00033534487010911107,0.0,1788853971.7020197
2453.1859999999997,-0.3591764889456354,-0.49826801573401885,0.27655084649225325,0.9476885089100637,2.880119701799937,0.16417694201576427,1,3,0.7236806154251099,-1.1866708260825654,1.6253116766559046,-1.8623396358885707,-1.5299199263202112,-0.2147429625140589,0.03993310406804085,7.272113725775853e-05,-0.09972816705703735,0.00021118938457220793,-0.00010071115684695542,0.0,1788853971.8019986
2453.286,-0.3588045511128533,-0.5012330785137399,0.28006734545334844,0.9430117337877648,2.886701620864418,0.1543045786772803,1,3,0.7277930974960327,-1.1866193574718018,1.6172526518451136,-1.8623010120787562,-1.5299599806415003,-0.21475488344301397,0.05114135518670082,0.001439988729543984,-0.06105570122599602,0.0001698316482361406,-0.00032278746948577464,0.0,1788853971.9019945
2453.386,-0.3571998450820329,-0.5041606779227299,0.2816609344746657,0.935855487203351,2.8916578751378568,0.14974193818152984,1,3,0.7331992387771606,-1.1856030386737366,1.6122472921954554,-1.8622080288329066,-1.530003849660055,-0.2147582213031214,0.05675656348466873,0.021286379545927048,-0.045484062284231186,0.0007779683801345527,-0.0006768747116439044,0.0,1788853972.0020032
2453.486,-0.35610234990710427,-0.5072102969971474,0.28195128194516883,0.9290302391727646,2.895342362443699,0.1477486175373696,1,3,0.7381798624992371,-1.1820994776538392,1.6068137327777308,-1.8621961079039515,-1.5301240126239222,-0.2147429625140589,0.041816044598817825,0.04340507835149765,-0.08053980022668839,0.00017365383973810822,-0.0006781484698876739,0.0,1788853972.101992
2453.586,-0.3573678455960093,-0.5118458877046775,0.28442065333719146,0.9240556418075664,2.901860187034975,0.1379997304059996,1,3,0.7424242496490479,-1.175758258705475,1.5925853888141077,-1.8621565304198207,-1.5302475134478968,-0.2147463003741663,0.04478179290890694,0.07560427486896515,-0.20574679970741272,0.00016716432583052665,-0.0012940223095938563,0.0,1788853972.2019274
2453.6859999999997,-0.36151600848441556,-0.5177596875116809,0.2905836646141369,0.9228042466178958,2.9120267042339703,0.11667860111742577,1,3,0.7449432015419006,-1.1681668919375916,1.5684164206134241,-1.8621283970274867,-1.5303142706500452,-0.21469289461244756,0.0006786484736949205,0.07783171534538269,-0.27740478515625,0.0015757981454953551,-0.00020572697394527495,0.0,1788853972.3018842
2453.786,-0.36758162690673485,-0.5233253353174966,0.2976198107056809,0.9253598013226616,2.9218608668154498,0.09208910333122963,1,3,0.7448915243148804,-1.1595494312099,1.541025463734762,-1.8620959721007289,-1.5302799383746546,-0.21472055116762334,-3.5877645132131875e-05,0.09340830892324448,-0.2636856734752655,0.0008793097222223878,-0.00010412003030069172,0.0,1788853972.4018817
2453.886,-0.37275954663950756,-0.5280908673918233,0.3015074804423823,0.9270468659225392,2.9282233604414274,0.0759356654929194,1,3,0.7448676228523254,-1.1494435530951996,1.5185697714435022,-1.8620215855040492,-1.5302870909320276,-0.21469289461244756,-5.739828702644445e-05,0.09127355366945267,-0.18014928698539734,0.0006733539630658925,-3.286687899617391e-08,0.0,1788853972.501809
2453.986,-0.37601530964023916,-0.5310766659499222,0.3026778189742011,0.9277791488376157,2.9310750882867884,0.06859549143484704,1,3,0.7448364496231079,-1.141604409818985,1.5051735083209437,-1.8620196781554164,-1.530276123677389,-0.21470767656435186,0.0,0.0718715563416481,-0.096612848341465,0.00014675181591883302,-0.0,0.0,1788853972.601935
2454.086,-0.37762872954504706,-0.5325630229064974,0.30136364061816945,0.9277289647275576,2.9308378447413825,0.06929938929969129,1,3,0.7448316216468811,-1.1355899733356019,1.4996870199786585,-1.8620358906187953,-1.5302990118609827,-0.21469289461244756,-0.0003624834353104234,0.06313824653625488,-0.02199053205549717,8.925847214413807e-05,-0.0,0.0,1788853972.7019157
2454.1859999999997,-0.37844721944846876,-0.5332881311181861,0.2967179363657668,0.9267817953633046,2.9270961943501987,0.07880237068271481,1,3,0.7447836995124817,-1.1281176072410126,1.4993937651263636,-1.861997743646139,-1.5302522818194788,-0.21471673647035772,-0.0003604578960221261,0.08757152408361435,-0.00010128889698535204,3.2547643642949935e-22,-0.0,0.0,1788853972.8018775
2454.286,-0.37940251199127,-0.5340563412669384,0.2910151841593845,0.9257705530137337,2.9224685330973292,0.09040461228622539,1,3,0.7446434497833252,-1.1191454094699402,1.49931508699526,-1.8620754681029261,-1.530231777821676,-0.21472388902773076,-0.001857122522778809,0.07931024581193924,-0.0009159984183497727,0.0,-0.0,0.0,1788853972.9019399
2454.386,-0.37986595734306966,-0.5344577002000959,0.28823177408031264,0.9252108577825394,2.920232550732719,0.09606643875684993,1,3,0.7446110844612122,-1.114684746866562,1.4991429487811487,-1.8620645008482875,-1.5302394072162073,-0.21473580995668584,-0.0002428771258564666,0.012667412869632244,-0.004590100608766079,0.0,-0.0,0.0,1788853973.0019596
2454.486,-0.38009651219708573,-0.5346385264456194,0.28861151979791067,0.9253948604310513,2.9206854680618095,0.0949091546825727,1,3,0.7445762157440186,-1.1145326656154175,1.4980886618243616,-1.862049242059225,-1.5302513281451624,-0.2147277037249964,-9.448927448829636e-05,9.366423910250887e-05,-0.020160021260380745,0.0,5.110994970891625e-05,0.0,1788853973.1019952
2454.586,-0.38060039074083263,-0.5350915062619158,0.2897587653981496,0.9257695263063148,2.9220224386614366,0.0915508936808787,1,3,0.7445641756057739,-1.1144693058780213,1.4954779783831995,-1.862063547173971,-1.5302632490741175,-0.21472055116762334,-1.275938041203975e-13,0.0016593692125752568,-0.03920981287956238,2.8163698154658875e-19,2.1122285033925436e-05,0.0,1788853973.2022333
2454.6859999999997,-0.38142123005064443,-0.5358690938587423,0.29168190949772077,0.9262720090804133,2.9242331187091386,0.08602833502112443,1,3,0.7445881366729736,-1.1143289369395752,1.4910371939288538,-1.861964841882223,-1.530271355305807,-0.21473914781679326,0.0,0.0023944955319166183,-0.055471982806921005,0.0003866018378175795,0.0,0.0,1788853973.3020155
2454.786,-0.3829414496954775,-0.5372897015719694,0.29494597877720097,0.927252264131247,2.928031270521444,0.076275820920074,1,3,0.7446038126945496,-1.113731012945511,1.4830482641803187,-1.8619591198363246,-1.5302484671222132,-0.21472055116762334,2.549790224293247e-05,0.011558052152395248,-0.11187054961919785,0.00037258368683978915,-5.590696309809573e-05,0.0,1788853973.4020002
2454.886,-0.3858538176271243,-0.5399888515674839,0.30023569751103407,0.9288570998691467,2.9344661443142988,0.05988170811386027,1,3,0.744624137878418,-1.1113703411868592,1.4681914488421839,-1.8619009457030238,-1.530316177998678,-0.21472388902773076,0.0,0.03084704466164112,-0.16540062427520752,0.0006117861485108733,-0.000263271271251142,0.0,1788853973.501911
2454.986,-0.38853501370716315,-0.542424866486532,0.30418895237528987,0.9301650780950238,2.939444112955254,0.046851888317911955,1,3,0.7445798516273499,-1.1081262987903138,1.4550469557391565,-1.861828943292135,-1.530334774647848,-0.21473914781679326,-3.0024506486370228e-05,0.03721095621585846,-0.0933210477232933,0.00041033985326066613,-8.123227598844096e-05,0.0,1788853973.6019735
2455.086,-0.3894787413596474,-0.543002045212314,0.30358225623064233,0.9306344447858188,2.939121013450614,0.04722180830137215,1,3,0.7442453503608704,-1.105275498037674,1.452292267476217,-1.8616301021971644,-1.5303195158587855,-0.21472055116762334,-0.0007078246562741697,0.04396526515483856,0.0009396194946020842,0.006639780942350626,-9.982100744260123e-23,0.0,1788853973.7019994
2455.1859999999997,-0.3902679950801243,-0.543634712056672,0.29883021215015515,0.9298300507189257,2.9353502592663188,0.056950191138799476,1,3,0.7441290020942688,-1.098030076628067,1.4522870222674769,-1.8615294895567835,-1.5302913824664515,-0.21472055116762334,-0.006318717263638973,0.09253311157226562,-3.570350963855162e-05,0.00017990976630244404,-0.0,0.0,1788853973.801909
2455.286,-0.39215485079156,-0.5439248356184271,0.2920497727822675,0.9308442924037608,2.9293015179977626,0.07056421524976537,1,3,0.7424983382225037,-1.0877087277225037,1.452306095753805,-1.8615309200682582,-1.5302870909320276,-0.21470767656435186,-0.02750341407954693,0.11107596009969711,-5.510795323839451e-24,8.468783926218748e-05,-0.0,0.0,1788853973.901877
2455.386,-0.39445310784103543,-0.543567389163106,0.2864398498554954,0.9336968566694659,2.923530584697383,0.0816168030563923,1,3,0.7397204637527466,-1.0791799587062378,1.4523194471942347,-1.861553808251852,-1.5302322546588343,-0.21472055116762334,-0.032092224806547165,0.06498831510543823,-0.0,0.0,-1.284862230418032e-19,0.0,1788853974.0018842
2455.486,-0.3968343986186495,-0.5423681001011713,0.2840326122371164,0.9386851907296848,2.919785512007734,0.08623270765389947,1,3,0.7359364628791809,-1.0755343300155182,1.4523380438434046,-1.8615580997862757,-1.5302475134478968,-0.21472388902773076,-0.03542933240532875,0.016616743057966232,-0.0,0.0,-0.0,0.0,1788853974.1019387
2455.586,-0.39881036927585967,-0.5409596114237613,0.28384680161301135,0.9438213604029501,2.917905551194005,0.08645745215888212,1,3,0.7323442697525024,-1.0752453368953248,1.4523232618915003,-1.8615347347655238,-1.5302990118609827,-0.21475488344301397,-0.03291229158639908,0.0002767976257018745,-0.0,0.0,-0.0,0.0,1788853974.20194
2455.6859999999997,-0.399693281918705,-0.5403560321298214,0.2836139600194559,0.9461392091502236,2.916873377263008,0.0868232528196793,1,3,0.730760395526886,-1.0748978120139618,1.4523299376117151,-1.8615223369994105,-1.5302642027484339,-0.214701000844137,-0.0025064877700060606,0.005456219892948866,-0.0,0.0,-0.0,0.0,1788853974.3019662
2455.786,-0.39991789872531014,-0.540510482236366,0.2821180860768392,0.9458525194745246,2.915653897941199,0.0899105037470371,1,3,0.7307088971138,-1.0726355475238343,1.4523265997516077,-1.8614384136595667,-1.5302870909320276,-0.21472388902773076,-0.0003748580056708306,0.04575914144515991,-0.0,0.0005846444983035326,-0.0,0.0,1788853974.4019392
2455.886,-0.40103537464749434,-0.5408599522128834,0.27669792851217473,0.945753191336879,2.9109275807709563,0.10059022331848042,1,3,0.7299583554267883,-1.0644017618945618,1.4523118177997034,-1.8614384136595667,-1.5302403608905237,-0.21472388902773076,-0.018146419897675514,0.12135373800992966,-0.0,0.00016438370221294463,-0.0,0.0,1788853974.5019288
2455.986,-0.40280197682865276,-0.5414227288139721,0.26742874280509565,0.9453930780085478,2.902900629001227,0.118790187548305,1,3,0.7287977933883667,-1.0503661793521424,1.4523184935199183,-1.861467023889059,-1.530236546193258,-0.21472055116762334,-0.0002453139459248632,0.1442982256412506,-0.0,1.1187749393570812e-08,-0.0,0.0,1788853974.6019251
2456.086,-0.4037498358537965,-0.5423134011712102,0.258982528304739,0.9434593031486292,2.896108765566031,0.13526095209683645,1,3,0.7288373708724976,-1.037563757305481,1.4522751013385218,-1.8615461788573207,-1.5302427450763147,-0.21472055116762334,0.0002546419855207205,0.11239351332187653,-9.827732719713822e-05,5.870767942258108e-40,3.538467019392755e-10,0.0,1788853974.7019339
2456.1859999999997,-0.40421620224888527,-0.5427140063606666,0.2547739860366298,0.942585032211705,2.8926422624115005,0.14339916568538846,1,3,0.7288098335266113,-1.031191186313965,1.4522503058062952,-1.861589094201559,-1.5302155653582972,-0.21469670930971319,0.0,0.017040155827999115,-0.00012822049029637128,0.0,9.036605479195714e-05,0.0,1788853974.8019023
2456.286,-0.40423611076092386,-0.5427340763742448,0.25472310374680196,0.9424934630339165,2.8926415332281583,0.1434121884399251,1,3,0.7288098335266113,-1.0310771030238648,1.452203098927633,-1.8616324863829554,-1.5301993528949183,-0.21475488344301397,0.0,-0.0003704373084474355,-0.0004796008870471269,0.0,6.010728975525126e-05,0.0,1788853974.90191
2456.386,-0.40425682754841225,-0.5427125885382651,0.25466933923958845,0.9426155542360917,2.892550648193267,0.14355815907652958,1,3,0.728766679763794,-1.0310185712626954,1.452233616505758,-1.8616167507567347,-1.5302117506610315,-0.21470433870424444,-0.0001622649433556944,8.65363545017317e-05,-4.4914413592778146e-05,0.0,0.0,0.0,1788853975.001926
2456.486,-0.404278679099235,-0.542698851981704,0.25468558007015085,0.9426183651336959,2.8925198433813444,0.14354703587830586,1,3,0.728725790977478,-1.0310291808894654,1.452203098927633,-1.8615652523436488,-1.5301883856402796,-0.21473914781679326,-0.002626763191074133,0.0,-0.00015365981380455196,0.0,0.0,0.0,1788853975.1018634
2456.586,-0.40502579410564304,-0.5421551744477534,0.2546454035325951,0.9445863251999819,2.8917749886611626,0.14353559128002055,1,3,0.7273637652397156,-1.0309550923160096,1.452179257069723,-1.8615461788573207,-1.5301883856402796,-0.21472055116762334,-0.022017082199454308,9.094661800190806e-05,-5.28541422681883e-05,-0.0,0.0,0.0,1788853975.2019007
2456.6859999999997,-0.4064616863283966,-0.5410706826574736,0.2546381257726348,0.9483576398958042,2.8904318079758613,0.14335434919280468,1,3,0.7247056365013123,-1.030962125664093,1.452209774647848,-1.861565729180807,-1.530207935963766,-0.2147463003741663,-0.029227586463093758,2.052315273255581e-21,-0.0,-0.0,0.0,0.0,1788853975.3018675
2456.786,-0.4073401923905619,-0.5404076130906622,0.2545912770314254,0.9506795394646786,2.8895517326916926,0.14339111256829484,1,3,0.7230823636054993,-1.030902163391449,1.4522178808795374,-1.8615261516966761,-1.5302322546588343,-0.21473914781679326,0.0009895346593111753,0.0022079988848417997,-0.0,-0.0,2.3922352813954273e-12,0.0,1788853975.4019024
2456.886,-0.4072715733462923,-0.5404994615054279,0.2545797359359513,0.9504351204777425,2.8896840617109834,0.14344558485073391,1,3,0.7232621312141418,-1.0308182400516053,1.4521144072162073,-1.8615066013731898,-1.5302823225604456,-0.21473580995668584,0.000817685155197978,0.0010840301401913166,-0.004151015542447567,-0.0,0.0,0.0,1788853975.501898
2456.986,-0.40740733674000174,-0.5407827395757535,0.2547369968431217,0.950291892494135,2.8901152627354203,0.14273179227247204,1,3,0.7234503030776978,-1.0303831857493897,1.4511144796954554,-1.8615261516966761,-1.5303109327899378,-0.21471149126161748,0.002500221598893404,0.006325230933725834,-0.01840328611433506,-0.0,-0.0001535543706268072,0.0,1788853975.601921
2457.086,-0.40823878898879085,-0.542630887469773,0.2561235639689269,0.9490939365292725,2.8931184613278425,0.13737348198310467,1,3,0.7247046232223511,-1.0280280274203797,1.4444721380816858,-1.8614818058409632,-1.53033954301943,-0.21473247209657842,0.01929844729602337,0.051162201911211014,-0.13938456773757935,0.00024636732996441424,-0.00020569901971612126,0.0,1788853975.7019043
2457.1859999999997,-0.4119831013448942,-0.5467111679402159,0.2599624458626101,0.9496021375291662,2.8999913793813716,0.1220262418055819,1,3,0.7255402207374573,-1.02132864416156,1.425870720540182,-1.8614698849120082,-1.5303123633014124,-0.2147429625140589,-0.0001977848878595978,0.07215701043605804,-0.19025343656539917,0.00013472135469783098,-9.727061114972457e-05,0.0,1788853975.801906
2457.286,-0.41559249942086046,-0.5494516669736731,0.26229845420621445,0.9515324905497302,2.904209302585878,0.11125901049843423,1,3,0.7250210046768188,-1.0150745672038575,1.4113104979144495,-1.861446043054098,-1.530334774647848,-0.2147463003741663,-0.0005760694621130824,0.056496649980545044,-0.08307619392871857,0.0002588448696769774,-1.401298464324817e-44,0.0,1788853975.9018831
2457.386,-0.41622094535732324,-0.5501194188978059,0.26013945979174524,0.9509812729963671,2.902863227089625,0.11466857279001981,1,3,0.7251372933387756,-1.0106226962855835,1.4094098250018519,-1.8613783321776332,-1.530323330556051,-0.21473914781679326,0.00037756958045065403,0.05012740194797516,0.00023261601745616645,0.0003436150145716965,-0.0,0.0,1788853976.001886
2457.486,-0.41666264250682084,-0.5504410030738125,0.2563245828126646,0.9502847182505861,2.8997818492879794,0.12198794537458345,1,3,0.7250532507896423,-1.0049963158420105,1.409426514302389,-1.8613783321776332,-1.5303109327899378,-0.21472388902773076,-0.00016928940021898597,0.07067236304283142,0.00010028992255683988,0.00014243792975321412,-7.748117728981761e-30,0.0,1788853976.1018932
2457.586,-0.4172270482028582,-0.5509227761128423,0.25064564979743986,0.9490706709860753,2.89522013529525,0.1328315200430896,1,3,0.7250210046768188,-0.9966615599444886,1.4095075766192835,-1.8614098034300746,-1.5302794615374964,-0.21472388902773076,-0.00017820858920458704,0.09097201377153397,0.00033111110678873956,5.515135489986278e-05,-0.0,0.0,1788853976.2018414
2457.6859999999997,-0.4178705258072069,-0.5511622647876374,0.24596754536304494,0.9485569946439615,2.8912918248164607,0.14176398550705846,1,3,0.724652886390686,-0.989757851963379,1.409497086201803,-1.861387392083639,-1.5302990118609827,-0.21472388902773076,-0.002308276714757085,0.043404560536146164,0.00015329466259572655,0.0,-0.0,0.0,1788853976.3018517
2457.786,-0.41792760901421616,-0.5512595820660078,0.24504286921532184,0.948285683060094,2.890568088098113,0.14349490152643435,1,3,0.7247009873390198,-0.9883949321559449,1.4095013777362269,-1.8614074192442835,-1.530283276234762,-0.21472055116762334,0.00018378767708782107,5.97560040293137e-26,7.79517722548917e-05,0.0,-0.0,0.0,1788853976.4018364
2457.886,-0.4179049491879613,-0.5512643150405471,0.24498110372623821,0.948249769650224,2.8905034277421255,0.14362479014639376,1,3,0.7247260212898254,-0.9883400362781067,1.4095571676837366,-1.8614098034300746,-1.5302675406085413,-0.21470767656435186,0.0007466226816177368,5.899638927076012e-05,0.0013572175521403551,8.724260685706982e-17,-0.0,0.0,1788853976.5018232
2457.986,-0.417830924161667,-0.5512282201537732,0.24460794674439013,0.9480921167537669,2.8901304416430516,0.1445923254195427,1,3,0.7247607707977295,-0.9880202573588868,1.4098928610431116,-1.8613273106017054,-1.530283276234762,-0.21470767656435186,4.830835678149015e-05,0.006509744096547365,0.0034522598143666983,0.00034864485496655107,0.0,0.0,1788853976.6018267
2458.086,-0.4175666976427274,-0.5510315941205709,0.2437534743147972,0.9477444097591596,2.889216689445586,0.14693426186787364,1,3,0.7248086929321289,-0.9875976008227845,1.4111517111407679,-1.8612219295897425,-1.5303266684161585,-0.21472055116762334,0.00018487809575162828,0.005194520112127066,0.018283279612660408,0.0062361955642700195,0.0,0.0,1788853976.7018166
2458.1859999999997,-0.4172148628066704,-0.550800857671627,0.24269419825888777,0.947257153568809,2.887921653001159,0.14997935187006348,1,3,0.724892795085907,-0.9870552581599732,1.4126456419574183,-1.860875745812887,-1.530288044606344,-0.21472388902773076,0.0002558176638558507,0.0020365274976938963,0.008004599250853062,0.0011771407444030046,0.0,0.0,1788853976.8018208
2458.286,-0.4172281617451199,-0.5507571970229016,0.2426280385672676,0.9472948461467599,2.8877819019623114,0.15025952435395343,1,3,0.7248326539993286,-0.9870143693736573,1.412710968648092,-1.8607646427550257,-1.530295197163717,-0.21473580995668584,-9.632737055653706e-05,0.00015844604058656842,0.0001336015557171777,0.0007608982850797474,0.0,0.0,1788853976.9018998
2458.386,-0.41720782000055423,-0.5507799927264475,0.24257859269271945,0.947232518973065,2.8877628548283716,0.150343942297046,1,3,0.724877119064331,-0.9869424861720582,1.4127147833453577,-1.8607756100096644,-1.5302913824664515,-0.2147277037249964,0.00017908794688992202,0.00019136698392685503,-1.3215274246597513e-18,0.0001552902249386534,0.0,0.0,1788853977.0018733
2458.486,-0.4172191502383625,-0.5507989229361051,0.24227209278447823,0.9471228917838591,2.8875469218036103,0.1510886909113402,1,3,0.7248976230621338,-0.986504392032959,1.4127190748797815,-1.860687871972555,-1.5303662459002894,-0.21473580995668584,0.0001559565425850451,0.014187147840857506,-0.0,0.001134136924520135,0.0,0.0,1788853977.101853
2458.586,-0.41743672352604244,-0.5510357995503514,0.2386990038717039,0.946211617133717,2.8842936553136966,0.15862891654220915,1,3,0.7249370813369751,-0.9813188475421448,1.4127190748797815,-1.8599988422789515,-1.5303314367877405,-0.21470433870424444,5.098005203763023e-05,0.0979132205247879,-0.0,0.009077508933842182,-5.5592379794688895e-05,0.0,1788853977.201851
2458.6859999999997,-0.41817948164714036,-0.5515839162949221,0.23109568727785393,0.9446829092155794,2.8780617189081736,0.17282268144740714,1,3,0.7248015403747559,-0.9699300688556214,1.4124468008624476,-1.8600331745543421,-1.5303033033954065,-0.21470433870424444,-0.0017188123892992735,0.002523848321288824,-0.006830932572484016,-0.0003288669395260513,-1.1864761290780734e-05,0.0,1788853977.301824
2458.786,-0.4181460817046202,-0.5512212480255685,0.23448778396946351,0.945941296319836,2.880711306201743,0.16624794194895084,1,3,0.7244371175765991,-0.9748685520938416,1.4123700300799769,-1.8601137600340785,-1.530295197163717,-0.21473914781679326,0.002165459794923663,-0.007263424340635538,-1.6746922181258214e-14,-8.616611012257636e-05,-0.0,0.0,1788853977.4018502
2458.886,-0.4181943637459317,-0.5512717390593701,0.23321882924664694,0.9456149538825873,2.879587757993735,0.16887639457494893,1,3,0.7244454622268677,-0.9731047314456482,1.4125068823443812,-1.8599711857237757,-1.5303033033954065,-0.21473914781679326,-0.0011157916160300374,0.015876270830631256,0.00032206776086241007,0.0002894591889344156,-0.0,0.0,1788853977.5018578
2458.986,-0.41840478324792435,-0.5511787985306398,0.23278629734629513,0.9459613356512034,2.8790734087992877,0.16960909927100715,1,3,0.7241338491439819,-0.9724531930736084,1.4124911467181605,-1.8600026569762171,-1.530283276234762,-0.21473914781679326,-0.0006495879497379065,-0.00010744733299361542,8.059389074333012e-05,7.469113188562915e-05,-0.0,0.0,1788853977.601848
2459.086,-0.4184802237593183,-0.551112901702146,0.23277387448023273,0.9461914113019817,2.878959625752584,0.1696415721938251,1,3,0.7239862084388733,-0.9724497360042115,1.412511173878805,-1.8599869213499964,-1.5302746931659144,-0.21472055116762334,-0.005327911581844091,0.0,0.00011087665188824758,1.638117904795711e-42,1.4841696693538656e-30,0.0,1788853977.7018456
2459.1859999999997,-0.4187386443268196,-0.550839394889259,0.23269004554853245,0.9469516707133411,2.878522378009121,0.1698226262379768,1,3,0.723426342010498,-0.9724686306766053,1.4127314726458948,-1.8599854908385218,-1.5302355925189417,-0.21472055116762334,-0.003383647184818983,-2.070555456157308e-05,0.002954648807644844,0.00018779482343234122,0.00010151786409551278,0.0,1788853977.8017898
2459.286,-0.4186937496212982,-0.5507023251952486,0.23247587846807566,0.94698864935507,2.878189496791138,0.1704619252222823,1,3,0.7233184576034546,-0.9724686306766053,1.4132145086871546,-1.8599583111205042,-1.5302322546588343,-0.2147467772113245,-0.0002451617910992354,-2.030645332147187e-31,0.008207064121961594,0.00011379612988093868,5.5732980399625376e-05,0.0,1788853977.9017859
2459.386,-0.4186127966371642,-0.5506667930851135,0.23234668479692722,0.9469272314824396,2.878045645927409,0.17088006849497134,1,3,0.723361611366272,-0.9724567097476502,1.4134858290301722,-1.859933992425436,-1.5302546660052698,-0.21471673647035772,0.0003765063011087477,-5.8108704251935706e-05,0.0025897203013300896,0.00010631041368469596,0.0,0.0,1788853978.0018098
2459.486,-0.418263675226947,-0.5504960544362958,0.231813794500186,0.9464302414400608,2.877310179257586,0.17299789761037557,1,3,0.7235257625579834,-0.9724171918681641,1.4145448843585413,-1.8594361744322718,-1.5303314367877405,-0.21473914781679326,0.004611216485500336,4.7375739086419344e-05,0.019810713827610016,0.01099880039691925,-0.001455474877730012,0.0,1788853978.1018007
2459.586,-0.4167369880867642,-0.5507198081769146,0.2309156489604675,0.9431412802902523,2.8771808906087983,0.18069276439040516,1,3,0.725536584854126,-0.9723010224154969,1.4157584349261683,-1.856044431725973,-1.5321510473834437,-0.21472388902773076,0.013112528249621391,-0.004183277487754822,-0.0002974246453959495,-0.0003194247547071427,-0.016500277444720268,0.0,1788853978.2017725
2459.6859999999997,-0.4168226103975777,-0.5506635922394775,0.23092593223872998,0.9433396236403002,2.8772587260534004,0.18074517271418217,1,3,0.7254118919372559,-0.9722975057414551,1.415732208882467,-1.8560644588866175,-1.5322960058795374,-0.2147277037249964,-0.0008501959964632988,5.906936348765157e-05,-6.909144576638937e-05,-0.00010036680760094896,-0.0001523637620266527,0.0,1788853978.3017685
2459.786,-0.41682401432861554,-0.5506746848322841,0.23095713273276944,0.9433422141130295,2.877316600226825,0.18064422214794734,1,3,0.7254238128662109,-0.9723214668086548,1.415704075490133,-1.8560968838133753,-1.5323031584369105,-0.21472388902773076,-0.0,1.2938295285136719e-14,-0.0,-1.6393643136325409e-06,-8.981606697489042e-06,0.0,1788853978.4017692
2459.886,-0.4168165973823481,-0.5506727346793976,0.23093908601531704,0.9433427145777165,2.877255876989382,0.18068206687520896,1,3,0.7254238128662109,-0.9723094266704102,1.4157231489764612,-1.8560768566527308,-1.5322683493243616,-0.2147148291217249,0.0,0.0,-0.0,-0.0,-0.0,0.0,1788853978.5017784
2459.986,-0.4168321907025033,-0.5506580736064146,0.23091858268276882,0.9433646684942966,2.8772772227130843,0.18077237019674008,1,3,0.7254011631011963,-0.9722854656032105,1.415732208882467,-1.8560754261412562,-1.5323284308062952,-0.21472388902773076,0.00018724123947322369,0.0,-0.0,-0.0,-0.0010760268196463585,0.0,1788853978.6017544
2460.086,-0.41682453285597804,-0.5506434270146817,0.2308508979983551,0.9433874507556627,2.8774080138660127,0.18128823785754014,1,3,0.7254370450973511,-0.9722066682628174,1.4157403151141565,-1.8559571705260218,-1.5326312224017542,-0.21468049684633428,8.074797369772568e-05,0.00013313455565366894,-0.0,-7.567011707354012e-44,-0.002706242026761174,0.0,1788853978.7017574
2460.1859999999997,-0.41681611292762877,-0.5506383674338455,0.23083457481353603,0.9432861851938064,2.877666971077254,0.1815958778612503,1,3,0.725483775138855,-0.9721897405437012,1.415743652974264,-1.8559276066222132,-1.5329306761371058,-0.2147277037249964,5.3934149036649615e-05,0.0,-0.0,0.00018900755094364285,-0.00505326222628355,0.0,1788853978.801757
2460.286,-0.4167373199559761,-0.5506769001930892,0.23081606904573762,0.9431213073706305,2.8781485352827,0.18211040171431708,1,3,0.7256804704666138,-0.9721777004054566,1.4157584349261683,-1.8559004269041957,-1.5334532896624964,-0.21469289461244756,0.004073480609804392,7.949913560878485e-05,-0.0,9.075078560272232e-05,-0.010653920471668243,0.0,1788853978.9016705
2460.386,-0.4161522613583991,-0.5510669675508778,0.2308307618791034,0.9414757543988584,2.8812522636850058,0.1844881972522582,1,3,0.7271060347557068,-0.9721763294986268,1.415704075490133,-1.8559042416014613,-1.5363152662860315,-0.21470767656435186,0.029042242094874382,9.93484936770983e-05,-0.0003548217937350273,8.402827370446175e-05,-0.04948922246694565,0.0,1788853979.0016859
2460.486,-0.4146553534234646,-0.5519326409735826,0.23078826360799054,0.9372576391653955,2.8917820285468525,0.19340645776352497,1,3,0.7310732007026672,-0.9721537393382569,1.4157074133502405,-1.855884691277975,-1.5467866102801722,-0.21469623247255498,0.03505270555615425,-8.912878208842262e-20,-4.1902858356479555e-05,1.947879480004535e-20,-0.09096693247556686,0.0,1788853979.101665
2460.586,-0.4140383199655291,-0.5523501937121208,0.2308089786039807,0.9355310213503171,2.894598821421817,0.1954316992704097,1,3,0.7325061559677124,-0.9721657794765015,1.4156773726092737,-1.8559276066222132,-1.5492690245257776,-0.2147153059588831,0.0007552775787189603,0.0,-2.223813799773211e-09,0.0,-0.0002476583467796445,0.0,1788853979.201724
2460.6859999999997,-0.41387494868183533,-0.5524573085956666,0.2307813930206835,0.935128876164939,2.894913084466703,0.19575729346437837,1,3,0.7328214645385742,-0.9721418184093018,1.4156959692584437,-1.8558932743468226,-1.5495160261737269,-0.21469623247255498,0.008518226444721222,0.0,-1.351262878675206e-27,0.0,-0.004518373403698206,0.0,1788853979.30188
2460.786,-0.4133406914531521,-0.552784551919495,0.23077525877715516,0.933649888514622,2.8980658986731758,0.19834182358050226,1,3,0.7341560125350952,-0.9721367520144959,1.4156926313983362,-1.8558932743468226,-1.5525553862201136,-0.21468049684633428,0.019460327923297882,5.20707578350974e-20,-5.4131814977154136e-05,0.0,-0.07139970362186432,0.0,1788853979.4016945
2460.886,-0.4121506821968217,-0.5535156159477431,0.2307725301670312,0.9302752035301411,2.9052882318519475,0.20415337665478084,1,3,0.7371570467948914,-0.9721297782710572,1.4156845251666468,-1.855948110620016,-1.5594938437091272,-0.2146838347064417,0.03767044097185135,6.848572957096621e-05,-0.0,6.40125876579165e-18,-0.07068613171577454,0.0,1788853979.5017385
2460.986,-0.41087513695469136,-0.5542585416292175,0.23077738590511093,0.9265572066778995,2.9142139912288703,0.21155636311119075,1,3,0.7405344247817993,-0.9721297782710572,1.4156745115863245,-1.855964799920553,-1.5683100859271448,-0.2147000471698206,0.01992790773510933,0.0,-0.0001403012138325721,-0.0001900426286738366,-0.06362960487604141,0.0,1788853979.601747
2461.086,-0.4105618020085905,-0.5544638310738209,0.23076063705086924,0.9256830650546237,2.9158257198844324,0.21281659650441678,1,3,0.7412910461425781,-0.9720988434604187,1.4156745115863245,-1.8560081921019496,-1.5698092619525355,-0.21468764940370733,0.0002813333412632346,0.0,-7.66306235047004e-13,-7.01594035490416e-05,-0.0006283558323048055,0.0,1788853979.7017195
2461.1859999999997,-0.4104500413965857,-0.5545447031900798,0.23079030631004327,0.9253708803404831,2.916160653299027,0.2129277417292219,1,3,0.7415223121643066,-0.9721332353404541,1.4156630674945276,-1.856023450891012,-1.5700247923480433,-0.2147000471698206,0.007297501899302006,7.288544447765449e-21,-0.00019666586013045162,-0.0,-0.0036281696520745754,0.0,1788853979.8016958
2461.286,-0.4099109299714084,-0.5549241356808364,0.23082459857298693,0.9239052329858926,2.918111967110319,0.21422908080633893,1,3,0.7427093982696533,-0.9721453350833436,1.4156048933612269,-1.8560201130309046,-1.5716288725482386,-0.2146838347064417,0.015961583703756332,0.0,-8.866631833370775e-05,-0.0,-0.03986411169171333,0.0,1788853979.901757
2461.386,-0.4090356070707009,-0.5554504633331264,0.23079527321943355,0.9213699115666605,2.922948907658704,0.21824729439324272,1,3,0.7448388338088989,-0.9721178573421021,1.41563588777651,-1.8560048542418421,-1.5762642065631312,-0.2147153059588831,0.02716117724776268,0.0,-0.0,-0.0,-0.03922297805547714,0.0,1788853980.0016863
2461.486,-0.40792477835358154,-0.5561272976902554,0.23079974511073872,0.9181958260051541,2.929470825750799,0.22351733166741422,1,3,0.747608482837677,-0.9721058172038575,1.4156325499164026,-1.8560320339598597,-1.5825298468219202,-0.21469623247255498,0.03535217046737671,0.0001987409486901015,-0.0,-4.617495621972445e-12,-0.07887380570173264,0.0,1788853980.1016757
2461.586,-0.40631340386101666,-0.5571235322791113,0.23078524468759784,0.9135673438848464,2.9379602141507615,0.23032655177759176,1,3,0.7514844536781311,-0.9720665377429505,1.4156482855426233,-1.8560558758177699,-1.590534512196676,-0.21470386186708623,0.04059511050581932,0.00046445467160083354,-0.0,-0.00028136372566223145,-0.08538542687892914,0.0,1788853980.2017372
2461.6859999999997,-0.40531004161752104,-0.5577406310001126,0.23080538986191573,0.9106366793866968,2.944363274474241,0.2353244487676515,1,3,0.7540684938430786,-0.9720460933497925,1.4156392256366175,-1.8562084637083949,-1.5966933409320276,-0.21468049684633428,0.00901414267718792,0.0007418133900500834,-0.0,-0.0012042191810905933,-0.0023832230363041162,0.0,1788853980.3017724
2461.786,-0.4052758862874353,-0.5578090778654965,0.23080797107002687,0.9104719423590062,2.944545007305505,0.23519256388595555,1,3,0.7541834712028503,-0.9719910782626648,1.4155715147601526,-1.8563300571837367,-1.5967405478106897,-0.2147000471698206,0.00015185288793873042,0.0004553287581074983,-0.0015312666073441505,-0.0005380314541980624,-0.00013661864795722067,0.0,1788853980.401634
2461.886,-0.405373667590699,-0.5579084734123917,0.23101895516094817,0.9105960727931268,2.9448446657258605,0.2343104422379898,1,3,0.7541813850402832,-0.9720100921443482,1.4151561895953577,-1.856530328790182,-1.596673313771383,-0.21469623247255498,0.0002543550217524171,0.00023356337624136358,-0.0071790884248912334,-0.006448692642152309,-1.1675471332475458e-18,0.0,1788853980.5016556
2461.986,-0.4055016197838207,-0.5579722817870855,0.23120941333267436,0.9108169189847254,2.945099446982988,0.2334002740150928,1,3,0.7541080713272095,-0.9720340532115479,1.4148090521441858,-1.8568021259703578,-1.5965893904315394,-0.21469623247255498,-0.001416838844306767,-2.033722739724908e-05,-0.00018280179938301444,-0.001222820021212101,0.0004885188536718488,0.0,1788853980.6016533
2462.086,-0.4062786100530254,-0.557395809973073,0.23117300427840062,0.9128803879249408,2.9439022624079176,0.2331040954027163,1,3,0.7526368498802185,-0.9720184963992615,1.4148567358600062,-1.8567587337889613,-1.5961392561541956,-0.21469289461244756,-0.03201550617814064,-3.325495026056726e-16,7.288627239177004e-05,-0.00014124636072665453,0.0043311649933457375,0.0,1788853980.7017472
2462.1859999999997,-0.4087804566789956,-0.5556374398910694,0.23113734013482823,0.9196596837952933,2.937453281484466,0.22920422889961856,1,3,0.7475437521934509,-0.9720340532115479,1.4149239698993128,-1.8567143879332484,-1.5915353933917444,-0.2147000471698206,-0.0660620927810669,0.0,0.00018140653264708817,0.000255132676102221,0.10499432682991028,0.0,1788853980.8017166
2462.286,-0.4120605261319955,-0.5535611634355697,0.23102116283656904,0.929052133474058,2.918182470796092,0.21437497157309385,1,3,0.7393319606781006,-0.9719980520061036,1.4149954954730433,-1.856363435784811,-1.573327366505758,-0.21473580995668584,-0.09839122742414474,0.00027506600599735975,0.0008546715835109353,0.002173149725422263,0.2853720188140869,0.0,1788853980.901651
2462.386,-0.4165411978443577,-0.5504515398333233,0.23059101499888718,0.9417926602203425,2.8905512663283015,0.1967274979228009,1,3,0.7278423309326172,-0.9717142742923279,1.4151271025287073,-1.8540674648680628,-1.5485203901873987,-0.21472388902773076,-0.11370275169610977,0.002067507477477193,0.00024330652377102524,0.07035869359970093,0.17137055099010468,0.0,1788853981.0016568
2462.486,-0.4182500057066678,-0.5487707755812627,0.23012393983314317,0.947230084334106,2.8690594670540306,0.18905825941802956,1,3,0.7216243743896484,-0.9716662925532837,1.4150775114642542,-1.8479682407774867,-1.5302613417254847,-0.21472388902773076,-0.0021849549375474453,0.00015186634846031666,4.986420026398264e-05,0.002708722371608019,0.08206436783075333,0.0,1788853981.1016526
2462.586,-0.4181308616222363,-0.5488398219602958,0.22999989817845826,0.9469666609900227,2.8687089919709123,0.18926580779505556,1,3,0.7217754125595093,-0.9715346258929749,1.4151323477374476,-1.8478218517699183,-1.5299766699420374,-0.21469623247255498,8.872018436515002e-16,0.0009482112945988774,4.790048378788633e-33,0.0011397104244679213,-0.0001917499175760895,0.0,1788853981.201636
2462.6859999999997,-0.4179217823322013,-0.5489800070593548,0.22983904361245944,0.9463388859225955,2.8688760743507897,0.19003415077350688,1,3,0.7221697568893433,-0.971324161892273,1.4151323477374476,-1.8476063213744105,-1.5302117506610315,-0.21472007433046514,0.02095317840576172,0.0016996314516291022,2.5358619758632066e-14,0.0012894533574581146,-0.00983574241399765,0.0,1788853981.3016338
2462.786,-0.4150134996388248,-0.5510241589149897,0.22978179545374558,0.9385650849712602,2.877806549741453,0.1963782178014579,1,3,0.7283228635787964,-0.9712487620166321,1.415100399647848,-1.8476244411864222,-1.5372732321368616,-0.2147000471698206,0.08326532691717148,7.000767072895542e-05,-0.00045840514940209687,8.928564056986943e-05,-0.18502327799797058,0.0,1788853981.4016783
2462.886,-0.41145086604016545,-0.5529954171443818,0.22973631304789405,0.9280172695316781,2.9065285858064764,0.2209583121924459,1,3,0.7382935285568237,-0.9712127608111878,1.4150574843036097,-1.8475963077940882,-1.566322151814596,-0.2147000471698206,0.10248925536870956,0.0,-0.00013939384371042252,-7.00146260412815e-11,-0.2770395278930664,0.0,1788853981.5016704
2462.986,-0.40945611494551376,-0.5541795173971878,0.22972030233922713,0.9221456536106767,2.919418667053734,0.2316725566279135,1,3,0.7434335947036743,-0.9711804550937195,1.415072266255514,-1.8476301632323207,-1.5789321104632776,-0.2147153059588831,-0.0004095103940926492,0.00018703997193370014,-5.468985182233155e-05,-5.705948933609761e-05,-0.00017356614989694208,0.0,1788853981.60161
2463.086,-0.4087813165331263,-0.5548610910668681,0.22997155454636398,0.9202338308758616,2.9208739399541095,0.23129038635179064,1,3,0.7449105381965637,-0.971199170952179,1.4145415464984339,-1.847708364526266,-1.5793431440936487,-0.2146838347064417,0.033940721303224564,0.00021294098405633122,-0.007884714752435684,-0.0003631343715824187,-0.007757133804261684,0.0,1788853981.701629
2463.1859999999997,-0.407497522799308,-0.5559026820765359,0.23016936560298978,0.9166614267510644,2.9243878071969123,0.23196592158357632,1,3,0.7476181387901306,-0.9712832135013123,1.4143293539630335,-1.8482610187926234,-1.581311051045553,-0.2147277037249964,0.0017892579780891538,2.947154464916224e-10,-0.00022132507001515478,-0.0032245120964944363,-0.0012432340299710631,0.0,1788853981.8016477
2463.286,-0.40805237280540263,-0.5560764881907581,0.23059888269151785,0.9179812945064468,2.926466323609237,0.22632710956900096,1,3,0.7472258806228638,-0.9713924092105408,1.414285961781637,-1.852354188958639,-1.581167999898092,-0.2147277037249964,-0.0035165240988135338,-0.0006904163747094572,-0.0,-0.06585238128900528,0.0003987240488640964,0.0,1788853981.9015777
2463.386,-0.40835370900181006,-0.5562560068030439,0.23166951008101777,0.9190283983859229,2.928909890774573,0.22001010905414234,1,3,0.7470892071723938,-0.9725509446910401,1.4143169561969202,-1.8559719524779261,-1.58098012605776,-0.21472388902773076,-0.0012765135616064072,-0.026297161355614662,-0.0,-0.000479851383715868,0.001852731453254819,0.0,1788853982.0016506
2463.486,-0.4082118604199101,-0.5559974020928049,0.23453592645315063,0.9200265736812367,2.9310833309470254,0.21443789499488072,1,3,0.7469381093978882,-0.9767829340747376,1.4143131414996546,-1.8559447727599085,-1.5808642546283167,-0.21472388902773076,-0.002345046726986766,-0.04564576968550682,-0.0,-8.680112659931183e-05,0.00016759913705755025,0.0,1788853982.1016011
2463.586,-0.40881553541037835,-0.5550773933746328,0.23801024643144567,0.9232989475825198,2.9330421894305916,0.207715551599408,1,3,0.7453351020812988,-0.9819356364062806,1.4143384138690394,-1.8559004269041957,-1.5808327833758753,-0.21472388902773076,-0.023859679698944092,-0.04297439008951187,9.113621490541846e-05,-8.318894527548953e-31,0.0001637117238715291,0.0,1788853982.2016666
2463.6859999999997,-0.4097038792250193,-0.554267737983759,0.2389111640830952,0.9260795024648507,2.9328333115859437,0.205988086613628,1,3,0.743569016456604,-0.9833107751658936,1.4143965880023401,-1.855849405328268,-1.5808447043048304,-0.21473485628236944,-0.007492723409086466,0.00014306572847999632,0.0006799211259931326,-1.0529225961157531e-19,7.120027294149622e-05,0.0,1788853982.3016346
2463.786,-0.4097544063554886,-0.5542311670052174,0.23897564329335813,0.9262706079850417,2.932856454597414,0.20585092872711602,1,3,0.7434816360473633,-0.9833913606456299,1.4143770376788538,-1.8558646641173304,-1.5808642546283167,-0.21470767656435186,-0.00010524458048166707,-0.0002813336323015392,8.124351006699726e-05,0.00010225710138911381,0.0,0.0,1788853982.4015977
2463.886,-0.409702126362538,-0.5542609756430509,0.23885775641904133,0.9261192137606962,2.93280726204393,0.2061887981497946,1,3,0.7435725927352905,-0.9832509321025391,1.4144204298602503,-1.8558198414244593,-1.580907169972555,-0.21469623247255498,0.0015427597099915147,8.663699554745108e-05,1.0112644304172136e-05,1.382513374892369e-07,0.0,0.0,1788853982.5016408
2463.986,-0.4095081002011581,-0.5543922376201094,0.23880337930855292,0.9255597679484275,2.932893299858151,0.2064209295557175,1,3,0.7439084053039551,-0.9831909698298951,1.4144328276263636,-1.8557211361327113,-1.580900017415182,-0.21472388902773076,0.00873713381588459,0.0010007510427385569,9.800663247006014e-05,0.0008745139348320663,3.43063032732381e-35,0.0,1788853982.601643
2464.086,-0.4093481723909241,-0.554491455127662,0.2386532083961684,0.9251035608989324,2.9328235038568087,0.20691638729716635,1,3,0.7441757917404175,-0.9830148977092286,1.4144733587848108,-1.8555652103819789,-1.5808966795550745,-0.21472388902773076,8.977654036845806e-11,0.004208437167108059,0.0005140505963936448,0.0005181237938813865,0.0,0.0,1788853982.7016485
2464.1859999999997,-0.40937717823053504,-0.5544592818077541,0.23857837962997508,0.9251576346459142,2.932705431653954,0.20714770647016523,1,3,0.7441134452819824,-0.9829309743693848,1.4145029226886194,-1.8555056057372035,-1.5809081236468714,-0.2147277037249964,0.0,0.00024034487432800233,0.000169715189258568,0.00023513314954470843,0.0,0.0,1788853982.8015726
2464.286,-0.4093569519286599,-0.5544624251581156,0.23843562255201317,0.9250712454626199,2.9325738685045204,0.20756272440420181,1,3,0.7441411018371582,-0.9827599090388794,1.4145482222186487,-1.8554216823973597,-1.5809357802020472,-0.21472388902773076,-1.3074676644464489e-05,0.0020494526252150536,0.00028158960049040616,0.00042967902845703065,0.0,0.0,1788853982.9016054
2464.386,-0.4093856581259363,-0.5544684062351463,0.23804475871047015,0.9249763957096788,2.9322105880514586,0.20845436132768078,1,3,0.7441219687461853,-0.9822124999812623,1.4145763556109827,-1.855326314965719,-1.5809596220599573,-0.21472388902773076,0.0,0.015521993860602379,0.0002494786458555609,0.000970691442489624,0.0,0.0,1788853983.001552
2464.486,-0.40954363581296893,-0.5546679405646846,0.23556191426268958,0.9242109929014454,2.9301527636358378,0.21329387415335696,1,3,0.7441757917404175,-0.9785633844188233,1.414593521748678,-1.8552662334837855,-1.5809477011310022,-0.21471149126161748,4.192079359199852e-05,0.055495671927928925,0.00012993376003578305,0.0003851607907563448,0.0,0.0,1788853983.1015952
2464.586,-0.4100816315873323,-0.5550656799929035,0.2294313012183566,0.9226570210535733,2.925051964197362,0.2249695812728119,1,3,0.7440606355667114,-0.9694781464389344,1.4145448843585413,-1.855295320550436,-1.5809405485736292,-0.2147153059588831,-0.0022447146475315094,0.056436121463775635,-0.0027987579815089703,-1.1176955757556136e-16,-3.3407864148682354e-12,0.0,1788853983.2015405
2464.6859999999997,-0.41011096992979773,-0.5549128727186129,0.2303929325932995,0.9232180111694099,2.925711280712906,0.2231650826514457,1,3,0.743865430355072,-0.9709169429591675,1.4145687262164515,-1.8552595577635707,-1.5809319655047815,-0.21470386186708623,0.0017669469816610217,0.002069326350465417,0.0014448144938796759,-0.0,-0.0,0.0,1788853983.3015785
2464.786,-0.41023040082781725,-0.554845858171117,0.2302656694799579,0.9234268769776084,2.925486754974363,0.22337037678970795,1,3,0.7436685562133789,-0.9707203668406983,1.4145539442645472,-1.8552538357176722,-1.5809009710894983,-0.2147277037249964,-0.006026268005371094,9.567559754941612e-05,9.56706571741961e-05,0.00017256835417356342,-0.0,0.0,1788853983.4015205
2464.886,-0.41050786910251424,-0.5545900309285701,0.23016470804853367,0.9241413894617871,2.9249981635279085,0.22395453167661877,1,3,0.7431220412254333,-0.9706329864314576,1.4145901838885706,-1.8549396000304164,-1.580958668385641,-0.2147277037249964,-0.00017278116138186306,0.0003983826900366694,0.00018035393441095948,0.002054890850558877,-0.0,0.0,1788853983.5016549
2464.986,-0.41016677928118656,-0.5548292139701588,0.23005608011954454,0.9232832772827028,2.9251455049733934,0.2244750611306086,1,3,0.7437298893928528,-0.9704876107028504,1.4145730177508753,-1.8547255001463832,-1.5810077826129358,-0.21467668214906865,0.012728080153465271,0.0005231894319877028,5.2431217462296786e-14,0.000755701563321054,-0.00024765098351053894,0.0,1788853983.6016088
2465.086,-0.40807707150355904,-0.5563209114575531,0.2300010868621763,0.9177333821249997,2.928418769784424,0.22615395442926914,1,3,0.7476706504821777,-0.9704260391047974,1.414600674306051,-1.8546797237791957,-1.5825746695147913,-0.2147000471698206,0.06860686838626862,-4.531787635642104e-05,-0.00013083555677440017,0.00010581246169749647,-0.066557377576828,0.0,1788853983.701534
2465.1859999999997,-0.40483820138050874,-0.5580718547749179,0.23006573108440814,0.9076677512587783,2.955493343955305,0.2492452961303673,1,3,0.756873607635498,-0.9703900378993531,1.4145973364459437,-1.8547102413573207,-1.610105339680807,-0.2147277037249964,0.1096503883600235,0.0023296924773603678,-5.083888390799984e-05,4.4904730557343975e-32,-0.37083882093429565,0.0,1788853983.8016193
2465.286,-0.4005524824921278,-0.560800099168311,0.23002745434762545,0.8952058603933782,2.975297126119777,0.26475955013511177,1,3,0.7668225765228271,-0.9701659244349976,1.4145687262164515,-1.854760309258932,-1.6282718817340296,-0.21471864381899053,0.06106271967291832,0.00023973725910764188,3.7516963785368327e-41,-0.00034793841768987477,-0.06937283277511597,0.0,1788853983.9016082
2465.386,-0.4002842304954381,-0.5609215385647269,0.22991305209778207,0.8941479254906838,2.9794605101530425,0.26886045448331547,1,3,0.7679036855697632,-0.9699384731105347,1.4145482222186487,-1.854772230187887,-1.632885758076803,-0.21468049684633428,-0.001227193744853139,0.007986975833773613,-0.0,-0.00010338143329136074,-0.0005818481440655887,0.0,1788853984.0015814
2465.486,-0.400212385537968,-0.5610901762450154,0.22992304651605688,0.893734667465645,2.979790893059337,0.26871296232639297,1,3,0.7681695222854614,-0.9697639507106324,1.4142692724811,-1.8548418484129847,-1.6329777876483362,-0.2147277037249964,0.008866183459758759,0.00019192024774383754,-0.004275718238204718,-6.042065736622249e-10,-0.00042897864477708936,0.0,1788853984.1015892
2465.586,-0.400252632504681,-0.5610986546116071,0.2299616429248665,0.8938600184806487,2.9798081399544927,0.26855941443274234,1,3,0.7681349515914917,-0.9697553080371399,1.4141705671893519,-1.85485901455068,-1.6329625288592737,-0.21469289461244756,-0.00222019269131124,0.0005578729906119406,-0.00020754343131557107,-8.358427294297144e-05,-7.812319381628186e-05,0.0,1788853984.201593
2465.6859999999997,-0.40111277719541377,-0.5604797884166813,0.22991783440311636,0.8961099350777416,2.9786247520219997,0.26833931966417424,1,3,0.7665426135063171,-0.9697195452502747,1.4142058531390589,-1.8548385105528773,-1.6325948874102991,-0.21470767656435186,-0.03458286449313164,0.0006361692794598639,-3.965591147559594e-13,2.5963305233744904e-05,0.004068607930094004,0.0,1788853984.3015523
2465.786,-0.40454672391520513,-0.5580396319894896,0.22962711775149577,0.9054402441797479,2.9696584959651515,0.26438353221338723,1,3,0.759566068649292,-0.9694834512523194,1.4143193403827112,-1.8543139896788539,-1.626655403767721,-0.21472007433046514,-0.09375415742397308,0.00044840804184786975,0.000277122511761263,0.01818748190999031,0.18449606001377106,0.0,1788853984.4015496
2465.886,-0.40919957640800464,-0.5549556552040311,0.22920163641540753,0.9198343356887768,2.932515361879608,0.2390263832005617,1,3,0.7463811635971069,-0.9694799941829224,1.4143202940570276,-1.8510343037047328,-1.5915043989764612,-0.21472388902773076,-0.16735748946666718,-0.0002491250925231725,8.146081381710246e-05,0.03639588877558708,0.44298237562179565,0.0,1788853984.501546
2465.986,-0.41487565828361855,-0.5497455179085251,0.228261436085603,0.9364274543197907,2.897463887718418,0.23132910654842848,1,3,0.731270432472229,-0.9694800537875672,1.414302174245016,-1.8398286304869593,-1.565885368977682,-0.21472388902773076,-0.10102759301662445,-3.253031900385395e-05,2.1098541087990266e-32,0.17708948254585266,0.16068682074546814,0.0,1788853984.601587
2466.086,-0.41479978042643445,-0.5480611189084317,0.22716371587796302,0.9372156311567387,2.883879575198661,0.24328495273896236,1,3,0.7286574840545654,-0.9694234889796753,1.414323631917135,-1.8267060718932093,-1.560221020375387,-0.21469289461244756,0.014725583605468273,0.00015876317047514021,-0.0,0.05608002468943596,-0.0001876844180515036,0.0,1788853984.7015913
2466.1859999999997,-0.41274449601167124,-0.5495086820913878,0.2266924960450616,0.9317022258963118,2.8855602776365106,0.24604245562283966,1,3,0.7323883175849915,-0.9688367408565064,1.414332691823141,-1.8258067570128382,-1.5608866850482386,-0.21470767656435186,0.056347496807575226,0.008019857108592987,-0.0,0.0003231775772292167,-0.012983203865587711,0.0,1788853984.8015199
2466.286,-0.40913497712075314,-0.5522626109269203,0.22389560463347705,0.9212053858751059,2.8880773963313917,0.25454194285307197,1,3,0.7393078207969666,-0.9649257820895691,1.414560619984762,-1.8250476322569789,-1.562934700642721,-0.2147000471698206,0.05839645117521286,0.1264890879392624,0.00772334448993206,0.002923553576692939,-0.005588804371654987,0.0,1788853984.9015627
2466.386,-0.4087029684999295,-0.5542080999786123,0.2120228493432022,0.9141325639861685,2.8832056547497613,0.2786233694608844,1,3,0.7423940896987915,-0.9466318649104615,1.4136317412005823,-1.8260871372618617,-1.566627327595846,-0.21469623247255498,-0.006698984187096357,0.09599267691373825,-0.05703819543123245,-0.05628785863518715,-0.02330533042550087,0.0,1788853985.001523
2466.486,-0.41044601993965896,-0.5552056671485909,0.21423732141920904,0.9161872334630422,2.886601785504698,0.27060004394221665,1,3,0.7417431473731995,-0.9460803431323548,1.4077628294574183,-1.8270756206908167,-1.5666754881488245,-0.2147153059588831,0.0027857953682541847,0.0025466550141572952,0.008677859790623188,0.00011814839672297239,0.00044117431389167905,0.0,1788853985.1015663
2466.586,-0.4103590530890931,-0.5552121341232308,0.2141300594797471,0.9159870005029084,2.8863945969128437,0.27098731603350446,1,3,0.7418270111083984,-0.9460118573955079,1.4078753630267542,-1.8269130192198695,-1.5666077772723597,-0.21472388902773076,0.0005215643323026597,0.0015523189213126898,0.00012695128680206835,0.00040512942359782755,0.0002689370303414762,0.0,1788853985.2015593
2466.6859999999997,-0.4103499638236342,-0.5552340594528489,0.2141328525199504,0.9159906424465992,2.886418329860432,0.27092364624602766,1,3,0.7418581247329712,-0.9459965986064454,1.407851521168844,-1.8269506893553675,-1.5665958563434046,-0.21469623247255498,0.00013452656276058406,1.6632169717922807e-05,9.017695923319025e-09,0.00011837288911920041,7.951591396704316e-05,0.0,1788853985.3015258
2466.786,-0.4103826188978158,-0.555233932356798,0.21420009971000914,0.9160576389552881,2.8863687658179953,0.27052358030060014,1,3,0.741799533367157,-0.9460665148547669,1.4078224341021937,-1.8270465336241664,-1.5664199034320276,-0.21472055116762334,5.556280570317952e-23,-0.00020749616669490933,-0.0002225889329565689,-2.5643732442404144e-05,0.0012747232103720307,0.0,1788853985.4015713
2466.886,-0.4103505818915076,-0.5552943714695445,0.2142409965511537,0.9159260658945614,2.8865318243633307,0.27037522982669404,1,3,0.7419012188911438,-0.9460684818080445,1.4077404181109827,-1.8271032772459925,-1.5664475599872034,-0.2147310415851038,0.0006896185805089772,-0.00013060103810857981,-0.000488233839860186,-0.00011938416719203815,9.11858951440081e-05,0.0,1788853985.5015624
2466.986,-0.4102396508057725,-0.5555788715214658,0.2145344332053773,0.9154871378741557,2.887187408291864,0.26948549535080507,1,3,0.7423222064971924,-0.9461504381946106,1.4072073141681116,-1.8272224865355433,-1.566456143056051,-0.2147153059588831,0.010553098283708096,-0.0007560924277640879,-0.01590370014309883,-0.00200851378031075,2.119086063375364e-15,0.0,1788853985.6015513
2467.086,-0.4108099647017963,-0.5571433542818323,0.2169677762449052,0.9149280906924161,2.8910785378013673,0.26237130738832454,1,3,0.7434478402137756,-0.9462036651423951,1.4016359488116663,-1.8272553882994593,-1.566448990498678,-0.21471149126161748,0.009868605062365532,-0.00031425352790392935,-0.08739743381738663,-0.0003198444319423288,4.5254628275870346e-06,0.0,1788853985.70147
2467.1859999999997,-0.4124403301791608,-0.5591015265902383,0.22079616842653615,0.9158209165209679,2.8965194849791738,0.2511252404773655,1,3,0.7439456582069397,-0.9461351794055481,1.3926571051227015,-1.8272153339781703,-1.5664952437030237,-0.21472007433046514,0.0006642207154072821,0.00038675565156154335,-0.09083068370819092,-2.8105438104830682e-05,0.0,0.0,1788853985.8015368
2467.286,-0.4134806429881911,-0.5600792353094781,0.22285112648294106,0.9166824146301339,2.899295351446012,0.24503001326426993,1,3,0.7439683675765991,-0.9459760946086426,1.387660328541891,-1.8271590671935023,-1.566519562398092,-0.2147000471698206,-0.00011912259651580825,0.002651120536029339,-0.0005338274058885872,0.0002785172255244106,-1.3857583425044482e-16,0.0,1788853985.9015145
2467.386,-0.41350475291907723,-0.5600588812581682,0.22253738683691082,0.9166189679907748,2.898963226712946,0.24578302977403282,1,3,0.7439252138137817,-0.9455600541881104,1.3877065817462366,-1.827043195764059,-1.5665395895587366,-0.2147153059588831,1.8907858247985132e-05,0.0003532389528118074,-5.313222573022358e-05,0.00025064186775125563,-0.0001113436883315444,0.0,1788853986.0015202
2467.486,-0.4135001103555498,-0.5600794692364782,0.2221144944955003,0.9164408846406598,2.8985798326540495,0.24676540240087375,1,3,0.7439562678337097,-0.9449680608562012,1.387723747883932,-1.8269082508482875,-1.5665720144854944,-0.21471673647035772,0.0,0.025984926149249077,-9.991258050635946e-42,0.0010919723426923156,-0.00035185323213227093,0.0,1788853986.10147
2467.586,-0.41388709157858244,-0.5603965613262357,0.2161393977574136,0.9148786327591529,2.893601667603444,0.2580542034947604,1,3,0.7439204454421997,-0.9362204235843201,1.3876999060260218,-1.8268677196898402,-1.5666678587542933,-0.21472388902773076,-0.0002790330327115953,0.13254469633102417,-0.00012292391329538077,0.00022304803133010864,-0.0061452086083590984,0.0,1788853986.201442
2467.6859999999997,-0.4140724370118139,-0.5604561698179813,0.21401832424880057,0.9144417322464434,2.8917196698553815,0.2621954966625751,1,3,0.7438053488731384,-0.9331008952907105,1.3876398245440882,-1.8267065487303675,-1.5667155424701136,-0.2147310415851038,0.000891318020876497,-0.002995599526911974,-0.00031885638600215316,0.0002537459076847881,-0.00016170190065167844,0.0,1788853986.3014953
2467.786,-0.41405459478828627,-0.5604470075187145,0.21393558135284307,0.9143796796753574,2.891626539110618,0.26242952866055164,1,3,0.743813693523407,-0.9330221575549622,1.3876989523517054,-1.826663156548971,-1.5667193571673792,-0.2147429625140589,-0.00028413752443157136,5.486341979121789e-05,-0.0,9.621713979868218e-05,-1.26482746498624e-09,0.0,1788853986.4014935
2467.886,-0.41407308726540965,-0.5604421150887736,0.21394926252715124,0.9144887439731513,2.8915934187203605,0.26234116878708436,1,3,0.7437849044799805,-0.9330306214145203,1.3876851240741175,-1.8266879520811976,-1.566683594380514,-0.2147000471698206,-0.00015991755935829133,3.3383548725396395e-05,7.675710367038846e-05,1.401298464324817e-45,-5.507270967218273e-32,0.0,1788853986.50146
2467.986,-0.414083240014992,-0.5604131257924088,0.21393971190935118,0.9144636614894892,2.8915715384367027,0.26240575062908444,1,3,0.7437453269958496,-0.9330495160869141,1.3877337614642542,-1.8266684017577113,-1.5666945616351526,-0.21475011507143194,-0.0012358925305306911,2.326042275519673e-27,0.00017310967086814344,0.0,-0.0,0.0,1788853986.6014502
2468.086,-0.41408663853905175,-0.5604094131372472,0.21392402704572389,0.9144850623308358,2.8915178043359933,0.2623587421947518,1,3,0.7437298893928528,-0.9330374759486695,1.3877576033221644,-1.8267046413817347,-1.566639248524801,-0.2147467772113245,-0.00010415635915705934,6.626972754020244e-05,0.0001075876280083321,0.0,0.0001535801711725071,0.0,1788853986.7015245
2468.1859999999997,-0.41408012984085674,-0.5604365081454238,0.2140062848205237,0.9145216664932185,2.8915870583521652,0.262073869175945,1,3,0.743757426738739,-0.9331196707538147,1.3877080122577112,-1.82676424602651,-1.5665839354144495,-0.2147153059588831,3.530756657710299e-05,-4.7271601943066344e-05,1.5768143199679684e-38,3.9566707096553036e-23,0.0001831386616686359,0.0,1788853986.8014722
2468.286,-0.4140758262275042,-0.5604444226284525,0.21402445373179269,0.9145039548639368,2.8915977092511147,0.2619025586856598,1,3,0.7437609434127808,-0.9331488174251099,1.3877270857440394,-1.8268467388548792,-1.5665205160724085,-0.2147310415851038,0.0,-0.00021141562319826335,-0.0,-0.00017352802387904376,0.00045087438775226474,0.0,1788853986.9014342
2468.386,-0.4140924173879815,-0.5604463009791212,0.21405171154599784,0.9146007995635471,2.891580697233992,0.2618001789390344,1,3,0.7437418103218079,-0.9331643146327515,1.3876898924456995,-1.8268548450865687,-1.5664880911456507,-0.21468907991518194,0.0,-8.071182674029842e-05,-0.0,-7.297637785086408e-05,0.00044175676885060966,0.0,1788853987.001503
2468.486,-0.4140818991510031,-0.5604475786063691,0.2140412766913178,0.9145986320997477,2.891560627146355,0.26182713775676897,1,3,0.7437524199485779,-0.9331608575633545,1.3877080122577112,-1.8268515072264613,-1.5664799849139612,-0.21467668214906865,0.0,-4.886640218963639e-33,-0.0,-3.908908040213098e-30,0.00014062471746001393,0.0,1788853987.101518
2468.586,-0.4140942929691738,-0.5604422563869891,0.21402262340915845,0.914597508514209,2.8915096984681528,0.2618428865362586,1,3,0.7437298893928528,-0.9331298631480713,1.3876999060260218,-1.8268395862975062,-1.566448990498678,-0.21469289461244756,0.0,-2.447521216089063e-33,-0.0,-0.0,7.291960355360061e-05,0.0,1788853987.2014878
2468.6859999999997,-0.4140933415825969,-0.560444254134496,0.21403337462228827,0.9145667676553564,2.8915454178100863,0.2617945299390228,1,3,0.7437334656715393,-0.9331453603557129,1.3877046743976038,-1.8268677196898402,-1.5664523283587855,-0.2147153059588831,0.0,0.0,1.7463722215911084e-27,-0.0,3.576700923450375e-30,0.0,1788853987.3014548
2468.786,-0.41406337021455675,-0.5604610267775251,0.2140273725182885,0.9144909600457882,2.891564415470343,0.26185609585211017,1,3,0.7437834739685059,-0.933141903286316,1.3877080122577112,-1.8268395862975062,-1.5664680639850062,-0.2147153059588831,0.0,0.0,-0.0,-0.0,0.0,0.0,1788853987.4013903
2468.886,-0.41408870686320615,-0.5604500532431542,0.21403420423317004,0.9145619626547696,2.8915550710215396,0.2618009451898719,1,3,0.7437453269958496,-0.933141903286316,1.3876965681659144,-1.8268639049925746,-1.5664594809161585,-0.21470767656435186,0.0,0.0,-0.0,-0.0,0.0,0.0,1788853987.5014524
2468.986,-0.4140747573356753,-0.5604592968923049,0.21403353168579847,0.914544294599235,2.891552053358203,0.2618087735865095,1,3,0.743768036365509,-0.933141903286316,1.3876965681659144,-1.826855321923727,-1.5664523283587855,-0.21469623247255498,0.0,0.0,-0.0,-0.0,6.603613923594452e-19,0.0,1788853987.6014388
2469.086,-0.4140836317521476,-0.5604496634905844,0.21404196067895895,0.9145708312071237,2.8915592944912136,0.2617717692875832,1,3,0.7437489032745361,-0.9331608575633545,1.3877113501178187,-1.8268786869444789,-1.5664523283587855,-0.2147000471698206,0.0,0.0,-0.0,-0.0,0.0,0.0,1788853987.701395
2469.1859999999997,-0.41407484647780557,-0.560443207803428,0.21405350345906654,0.9145211585854869,2.891550790092202,0.26178151431273594,1,3,0.7437489032745361,-0.9331932824901124,1.3877304236041468,-1.8268476925291957,-1.5664399305926722,-0.2147310415851038,0.0,4.2930087796039454e-27,-0.0,-0.0,0.0,0.0,1788853987.801448
2469.286,-0.4140840337965653,-0.5604500085775703,0.21402612781904673,0.9145745004336434,2.891504007415895,0.2618203202247539,1,3,0.7437453269958496,-0.933134989147522,1.3876999060260218,-1.8268395862975062,-1.566428009663717,-0.21469289461244756,0.0,0.0,-0.0,-0.0,0.0,0.0,1788853987.9014134
2469.386,-0.41409162795748133,-0.5604421481918365,0.21403447478484078,0.9146164465398388,2.8915290133447065,0.26181402332257847,1,3,0.7437334656715393,-0.9331504863551636,1.3877080122577112,-1.826855321923727,-1.566456143056051,-0.21468049684633428,0.0,0.0,-0.0,-0.0,0.0,0.0,1788853988.0013819
2469.486,-0.41407481545550445,-0.5604438150282739,0.2140376536850102,0.9145682469738827,2.891535250606233,0.26184191204728063,1,3,0.7437524199485779,-0.9331693214229126,1.3877270857440394,-1.8268362484373988,-1.5664594809161585,-0.21469289461244756,0.0,0.0,-0.0,-0.0,0.0,0.0,1788853988.1014051
2469.586,-0.4140886298961261,-0.5604355835324071,0.21404117210983026,0.9145475374818951,2.8915486502254164,0.2618131908221716,1,3,0.7437298893928528,-0.9331727188876648,1.3877270857440394,-1.8268515072264613,-1.5664594809161585,-0.2147310415851038,0.0,0.0,-0.0,-0.0,0.0,0.0,1788853988.2013557
2469.6859999999997,-0.41407955649758765,-0.5604475752865478,0.21403653436563644,0.9145508974275068,2.891527469774041,0.2618152201193098,1,3,0.7437489032745361,-0.9331574004939576,1.3877113501178187,-1.8268395862975062,-1.5664399305926722,-0.21470767656435186,0.0,0.0,-0.0,-0.0,0.0,0.0,1788853988.3013668
2469.786,-0.41407947987698057,-0.560448048173127,0.21404995223080361,0.9145620764745941,2.891551959526181,0.2618118607499454,1,3,0.7437524199485779,-0.9331727188876648,1.3877032438861292,-1.8268324337401332,-1.5664599577533167,-0.2147000471698206,0.0,0.0,-0.0,-0.0,0.0,0.0,1788853988.401352
2469.886,-0.414074219395161,-0.5604533513153247,0.21403514273500318,0.9145244033168762,2.8915448401916946,0.2618078510525163,1,3,0.7437609434127808,-0.9331540030292054,1.3877113501178187,-1.8268515072264613,-1.5664437452899378,-0.2147153059588831,0.0,0.0,-0.0,-0.0,0.0,0.0,1788853988.5014505
2469.986,-0.41406998851375154,-0.5604582003019875,0.21402639270276785,0.9145177576995139,2.89153277584612,0.2617996596798721,1,3,0.743768036365509,-0.933141903286316,1.387714687977926,-1.8268639049925746,-1.566428009663717,-0.21471149126161748,0.0,0.0,-0.0,-0.0,0.0,0.0,1788853988.6014426
2470.086,-0.414080452529032,-0.5604423577005186,0.2140330559411331,0.914603328737645,2.8915296502837684,0.2618343837721169,1,3,0.7437453269958496,-0.9331608575633545,1.3877270857440394,-1.8268515072264613,-1.5664599577533167,-0.21467668214906865,0.0,0.0,-0.0,-0.0,0.0,0.0,1788853988.7014024
2470.1859999999997,-0.41408247213017935,-0.5604508991364817,0.21404226020422362,0.9145216356157433,2.8915809741391114,0.2617705646449986,1,3,0.7437524199485779,-0.9331608575633545,1.3877113501178187,-1.8268825016417445,-1.5664594809161585,-0.2147310415851038,0.0,0.0,-0.0,-0.0,0.0,0.0,1788853988.8014128
2470.286,-0.41406618877260204,-0.5604487387483443,0.21403591537809497,0.9145212910665668,2.8915350428862046,0.2618406873981087,1,3,0.7437645196914673,-0.9331693214229126,1.3877304236041468,-1.8268324337401332,-1.5664475599872034,-0.21471149126161748,0.0,0.0,-0.0,-0.0,0.0,0.0,1788853988.901403
2470.386,-0.41409301913834357,-0.5604499877294373,0.21403609731678666,0.9145390035232781,2.8915571068037518,0.26179694813277626,1,3,0.7437404990196228,-0.933138446216919,1.3876851240741175,-1.826855321923727,-1.566456143056051,-0.2147277037249964,0.0,0.0,-0.0,-0.0,0.0,0.0,1788853989.0014045
2470.486,-0.4140968876097866,-0.560445173415737,0.21405647845059586,0.9146048237615788,2.89153768856241,0.2617094349973084,1,3,0.743726372718811,-0.9331727188876648,1.3876965681659144,-1.826879163781637,-1.566420857106344,-0.2147000471698206,0.0,0.0,-0.0,-0.0,0.0,0.0,1788853989.1013405
2470.586,-0.4140793001146447,-0.5604468182175141,0.21404304680533348,0.9145438160379429,2.8915456311689405,0.2617909723932045,1,3,0.7437489032745361,-0.9331693214229126,1.3877180258380335,-1.826855321923727,-1.5664437452899378,-0.2147153059588831,0.0,0.0,-0.0,-0.0,0.0,0.0,1788853989.201414
2470.6859999999997,-0.4140959857305956,-0.5604435614942267,0.2140629434069496,0.9145945262072573,2.8915869503804914,0.26175378186350384,0,4,0.7437334656715393,-0.9331813615611573,1.387693230305807,-1.8268677196898402,-1.5664752165423792,-0.21470386186708623,0.0,0.0,-0.0,-0.0,0.0,0.0,1788853989.3013318
2470.786,-0.41407874512676696,-0.5604441066323311,0.2140418436389954,0.9145781261116513,2.8915496036532926,0.2618072761078322,0,4,0.7437489032745361,-0.9331727188876648,1.3877270857440394,-1.826860090295309,-1.5664599577533167,-0.21469289461244756,0.0,0.0,-0.0,-0.0,3.923635700109488e-44,0.0,1788853989.4013162
2470.886,-0.41409284979744365,-0.5604253754835709,0.214207347243644,0.914671107457625,2.8916964968593972,0.26149658274054033,0,4,0.7437179088592529,-0.933403806095459,1.3877113501178187,-1.8268677196898402,-1.5664799849139612,-0.21469289461244756,0.0,-0.004127779975533485,-0.0,-0.0,0.0,0.0,1788853989.5013888
2470.986,-0.4140680760145325,-0.5604195413423483,0.21443956589080498,0.9146984042893114,2.891906969017794,0.2611322456723306,0,4,0.7437404990196228,-0.9337409895709534,1.3876999060260218,-1.8268238506712855,-1.566507641469137,-0.21469289461244756,0.0,-0.003022922668606043,-0.0,-0.0,2.256856289525077e-32,0.0,1788853989.601356
2471.086,-0.41404159093007453,-0.5604271062911307,0.21456778157432116,0.914635307476933,2.8920053695428125,0.26091550376807315,0,4,0.7437715530395508,-0.9339240354350586,1.3876851240741175,-1.826780458489889,-1.5664837996112269,-0.21472388902773076,-6.912432581884786e-05,-0.0011151679791510105,-0.0,-0.0,0.0,0.0,1788853989.7013557
2471.1859999999997,-0.4140444242051142,-0.560404911395121,0.21473589154051587,0.9147763181894376,2.892123254898286,0.2605111631905313,0,4,0.7437404990196228,-0.9341876071742554,1.3877270857440394,-1.826855321923727,-1.5664523283587855,-0.21469289461244756,0.0,-0.005079940892755985,-0.0,2.1583653506240807e-05,0.0,0.0,1788853989.8012626
2471.286,-0.414050213868757,-0.5603936322760595,0.21479381011783166,0.9147613791968591,2.8921064156077247,0.2603955449652592,0,4,0.7437143921852112,-0.9342715305140992,1.3877180258380335,-1.8268119297423304,-1.566395107899801,-0.2147310415851038,0.0,-0.00019130032160319388,-0.0,0.0,0.001286810846067965,0.0,1788853989.9012928
2471.386,-0.41401313233433573,-0.5604274988508844,0.21481433135718236,0.914698746065492,2.8920261194965824,0.26021582438588614,0,4,0.7437644600868225,-0.9342954915812989,1.3877103964435022,-1.826822896996969,-1.5662367979632776,-0.21472007433046514,0.0,-6.747334555257112e-05,-0.0,2.169656015233867e-24,0.0008509242907166481,0.0,1788853990.0013456
2471.486,-0.41402870516319706,-0.5604086989413918,0.2147946794729088,0.9147243072322271,2.891974446896231,0.2603117889204587,0,4,0.7437299489974976,-0.9342749875834961,1.387714687977926,-1.8267747364439906,-1.5662444273578089,-0.2147277037249964,0.0,3.1829153158469126e-05,-0.0,0.00031620057416148484,0.00010448096145410091,0.0,1788853990.101301
2471.586,-0.41399873219375183,-0.5604070804295966,0.21479064097271386,0.9146516844969053,2.8918934071250337,0.26051644450622247,0,4,0.743757426738739,-0.9342852991870423,1.3877080122577112,-1.8265963993468226,-1.5662406126605433,-0.2147310415851038,2.1078552792097582e-10,-6.980950274737552e-05,-0.0,0.0012015914544463158,5.412399417537017e-08,0.0,1788853990.2012274
2471.6859999999997,-0.4140024097813939,-0.5603954690964673,0.21476198394901153,0.9146408919048203,2.891824221813925,0.26066539690029467,0,4,0.7437418699264526,-0.9342510265162964,1.3877046743976038,-1.8265115223326625,-1.5662444273578089,-0.21473962465395147,0.0,-3.4033342672046274e-05,-0.0,0.003915716428309679,0.0,0.0,1788853990.3012705
2471.786,-0.413718476895754,-0.5601926273060083,0.21453241372115395,0.9141073848549989,2.8900172417851557,0.26432901737827824,0,4,0.743788480758667,-0.934238926773407,1.38768178621401,-1.8235537014403285,-1.5661214033709925,-0.21469623247255498,0.0001451609714422375,-1.3524113107010441e-27,-0.0,0.04432733356952667,0.0014588574413210154,0.0,1788853990.4013088
2471.886,-0.413089893101586,-0.5596363602172272,0.21397932788573676,0.9127956636557428,2.8856562170805518,0.2731500808758835,0,4,0.743777871131897,-0.9342441123775025,1.3876965681659144,-1.8164588413634242,-1.565857235585348,-0.2147277037249964,9.692683670436963e-05,-4.270756835467182e-05,-0.0,0.08768759667873383,0.0046473341062664986,0.0,1788853990.5012772
2471.986,-0.41230153057092334,-0.5590100871049403,0.21332919781384374,0.9112229111772846,2.880184026097373,0.283284411054967,0,4,0.7437933087348938,-0.9342510265162964,1.387723747883932,-1.8080669842162074,-1.5651982466327112,-0.2147277037249964,6.804952136008069e-05,-3.0858153365898033e-08,-0.0,0.07662804424762726,0.01147123146802187,0.0,1788853990.6012733
2472.086,-0.41174036330853186,-0.5585790060391594,0.2128868837405548,0.9101517082842283,2.8760202476756516,0.2901654773274067,0,4,0.7437743544578552,-0.9342594903758545,1.387714687977926,-1.802103181878561,-1.564416233693258,-0.21471149126161748,0.0,0.0,-0.0,0.03117768093943596,0.0007504071108996868,0.0,1788853990.7012677
2472.1859999999997,-0.41170078543649424,-0.5585556480115084,0.21285813277756668,0.9100413484157829,2.8758030591471555,0.29067538108369084,0,4,0.743789792060852,-0.9342510265162964,1.3876965681659144,-1.8016954861082972,-1.5644238630877894,-0.21472388902773076,0.0,0.0,-0.0,0.00016215517825912684,0.00011468579032225534,0.0,1788853990.8012178
2472.286,-0.4116735241087378,-0.5585629972182354,0.21285249905000236,0.909987413130258,2.8758024072377046,0.29070984537028965,0,4,0.743824303150177,-0.9342628878406067,1.3877270857440394,-1.8016869030394496,-1.5644200483905237,-0.21472388902773076,0.0,0.0,-0.0,8.58572602737695e-05,5.342926669982262e-05,0.0,1788853990.9012933
2472.386,-0.4116730263644557,-0.5585635626223151,0.21283271296027936,0.9100330964866858,2.8757371399434035,0.29074063529134186,0,4,0.7438207864761353,-0.9342355293086548,1.3877270857440394,-1.801671644250387,-1.5643885771380823,-0.21468907991518194,0.0,0.0,-0.0,1.064986832886861e-43,0.0,0.0,1788853991.0012789
2472.486,-0.4116785349462206,-0.5585751698477431,0.21284743347985272,0.9099811222109354,2.8757829131760837,0.2906761328942065,0,4,0.7438278198242188,-0.9342320722392579,1.3876898924456995,-1.8016869030394496,-1.5643885771380823,-0.21472388902773076,0.0,0.0,-0.0,0.0,0.0,0.0,1788853991.1012359
2472.586,-0.41168069281554054,-0.5585595857400669,0.2128343937422078,0.9100455472189585,2.875736098328855,0.290730735742507,0,4,0.7438088655471802,-0.9342355293086548,1.387723747883932,-1.8016749821104945,-1.5643885771380823,-0.21469289461244756,0.0,0.0,1.6138381297992055e-08,0.0,0.0,0.0,1788853991.2014318
2472.6859999999997,-0.41167414227478494,-0.5585657867246626,0.21283529158064568,0.9099998206974851,2.8757706314986273,0.2907279844777887,0,4,0.743824303150177,-0.9342355293086548,1.387723747883932,-1.8016869030394496,-1.5644038359271448,-0.21471149126161748,0.0,0.0,-0.0,0.0,0.0,0.0,1788853991.3012886
2472.786,-0.41169866546550754,-0.5585553547907355,0.21283833669756408,0.9100322992836979,2.8757988568884194,0.2907191073795203,0,4,0.7437933087348938,-0.934228317146637,1.3877080122577112,-1.8017031155028285,-1.5644357840167444,-0.21472388902773076,0.0,0.0,-0.0,0.0,0.0,0.0,1788853991.4013002
2472.886,-0.4116892346023819,-0.5585632044382416,0.21284058622866855,0.9100077364443182,2.8757897941833375,0.29071779601624,0,4,0.7438088655471802,-0.934228317146637,1.3876999060260218,-1.8016869030394496,-1.5644200483905237,-0.21472388902773076,0.0,0.0,-0.0,0.0,0.0,0.0,1788853991.5012872
2472.986,-0.4117046655439454,-0.558561957939557,0.2128577440955925,0.9100436252135701,2.8757997614800326,0.29063171061503207,0,4,0.743789792060852,-0.9342391055873414,1.38768178621401,-1.8017140827574671,-1.5644038359271448,-0.21472388902773076,0.0,0.0,-0.0,0.0,0.0,0.0,1788853991.6013062
2473.086,-0.4116994901207092,-0.5585571665400975,0.21285734304114262,0.9100142938644382,2.8757845748243005,0.29067500443550137,0,4,0.743789792060852,-0.9342475694468995,1.3876898924456995,-1.801678319970602,-1.5644038359271448,-0.21473962465395147,0.0,0.0,-0.0,0.0,0.0,0.0,1788853991.7012913
2473.1859999999997,-0.4116940199799978,-0.5585613879156047,0.21285412434763856,0.910017397227524,2.875789889389028,0.29067813423517147,0,4,0.7438003420829773,-0.9342439931682129,1.387693230305807,-1.8016869030394496,-1.5644076506244105,-0.2147277037249964,0.0,0.0,-0.0,0.0,0.0,0.0,1788853991.8012683
2473.286,-0.411694956430642,-0.5585441551467636,0.21284167405890833,0.9100592803190299,2.875747618957161,0.29074302930278956,0,4,0.7437813878059387,-0.9342512053302308,1.3877304236041468,-1.8016678295531214,-1.564411465321676,-0.21471149126161748,0.0,0.0,-0.0,0.0,0.0,0.0,1788853991.901213
2473.386,-0.41169616810645737,-0.5585633508616634,0.21287397808252234,0.9100626729311202,2.875794524594295,0.2906487448469676,0,4,0.7438003420829773,-0.9342630666545411,1.3876751104937952,-1.8016749821104945,-1.5644076506244105,-0.2147000471698206,0.0,0.0,-0.0,0.0,0.0,0.0,1788853992.0012276
2473.486,-0.4116838249626283,-0.5585571365453793,0.21284568300311513,0.9100344140687541,2.8757659967906783,0.2907115715949934,0,4,0.7438053488731384,-0.9342512053302308,1.387723747883932,-1.801683088342184,-1.5644038359271448,-0.21470767656435186,0.0,0.0,-0.0,0.0,0.0,0.0,1788853992.101206
2473.586,-0.4116951906964376,-0.5585552477432508,0.21283841026928038,0.9100053502058469,2.875779127825105,0.29071409394755615,0,4,0.7437933087348938,-0.9342318934253235,1.3877113501178187,-1.8016907177367152,-1.5644128958331507,-0.21473962465395147,0.0,0.0,-0.0,0.0,0.0,0.0,1788853992.2012508
2473.6859999999997,-0.4116971218775413,-0.5585486312795712,0.21284736228430462,0.9100350371862718,2.87579766904568,0.2907558787346222,0,5,0.7437898516654968,-0.9342475694468995,1.3877113501178187,-1.8016678295531214,-1.564451042805807,-0.21472388902773076,0.0,0.0,-0.0,0.0,0.0,0.0,1788853992.301207
2473.786,-0.4116698436745216,-0.5585628923429017,0.21284284456419172,0.909946319159582,2.875752635624306,0.2907676436671792,0,5,0.743824303150177,-0.9342475694468995,1.387714687977926,-1.801626821557516,-1.5643957296954554,-0.2147429625140589,0.0,0.0,-0.0,0.00034896229044534266,1.1500905979435623e-20,0.0,1788853992.4011898
2473.886,-0.4116440947437903,-0.5585556018396564,0.21282597992872637,0.9099606659459666,2.8755792140438285,0.2910166659551361,0,5,0.7438363432884216,-0.9342391055873414,1.3877013365374964,-1.801403661767477,-1.5643561522113245,-0.21469289461244756,0.0,0.0,-0.0,0.0018886362668126822,0.0002360514336032793,0.0,1788853992.5011938
2473.986,-0.41163180584667053,-0.5585436957469504,0.21280490078497863,0.909903955437733,2.8755419797134736,0.29118605444181916,0,5,0.7438398003578186,-0.9342319530299683,1.387723747883932,-1.8013159237303675,-1.5643838087665003,-0.2147153059588831,0.0,0.0,-0.0,0.0002829592558555305,9.879318531602621e-05,0.0,1788853992.6012342
2474.086,-0.41165803754579194,-0.5585199269099453,0.21280146154563556,0.9099396498477331,2.8755332260380917,0.29118989029594616,0,5,0.743789792060852,-0.9342355293086548,1.3877394835101526,-1.8013273678221644,-1.5643957296954554,-0.21473962465395147,0.0,0.0,-0.0,0.0001042273361235857,3.659497081482701e-26,0.0,1788853992.7011888
2474.1859999999997,-0.41168500608132247,-0.5585134844183801,0.21275847214503404,0.9099734930222885,2.8756407189325714,0.2912365265223111,0,5,0.7437728643417358,-0.9341685336879273,1.387754265462057,-1.8014465771117152,-1.5645116011248987,-0.2147429625140589,6.731292437254106e-38,0.0,-0.0,-0.0010183334816247225,-0.007589783985167742,0.0,1788853992.8012276
2474.286,-0.4117190851078194,-0.5585020451700442,0.21206616755101187,0.9098430308438027,2.8750572126645197,0.2927506225457164,0,5,0.7437440156936646,-0.9332136076739808,1.3878381888019007,-1.8013683758177699,-1.5646355787860315,-0.21472388902773076,-0.00010158960503758863,0.002287436742335558,0.00033065411844290793,0.0,-0.00014727374946232885,0.0,1788853992.901247
2474.386,-0.41173170383977636,-0.5585135830522022,0.21208291265826207,0.9099086582622777,2.8750495737457302,0.2926170499225217,0,5,0.743736982345581,-0.933210090999939,1.3878009955035608,-1.8014112911620082,-1.5645883719073694,-0.21469289461244756,0.0,0.0001352331746602431,8.572016668040305e-05,0.0,-1.4996530239841377e-07,0.0,1788853993.0011728
2474.486,-0.4117352006469042,-0.5584954442701261,0.21208941823563737,0.9098814348365809,2.8750878168174556,0.29266964917174704,0,5,0.7437214255332947,-0.933240072136261,1.3878315130816858,-1.8013998470702113,-1.5646393934832972,-0.2147277037249964,0.0,0.0001188134410767816,0.0,0.0,-0.0,0.0,1788853993.1011662
2474.586,-0.4117279196863857,-0.5584989311083625,0.21205878128950773,0.9098899449735669,2.875002875746329,0.29271184822487467,0,5,0.7437249422073364,-0.9332017463496705,1.3878386656390589,-1.801380296746725,-1.5645883719073694,-0.21470767656435186,0.0,2.741436812612574e-28,-0.0,0.0,-0.0,0.0,1788853993.2011712
2474.6859999999997,-0.41171822477625863,-0.5585090306813465,0.2120640680667094,0.9098105091509565,2.8750616180392785,0.2927002870503592,0,5,0.7437489032745361,-0.933205322628357,1.3878348509417933,-1.8013965092101039,-1.5646117369281214,-0.2147429625140589,0.0,0.0,-0.0,0.0,-0.0,0.0,1788853993.3011513
2474.786,-0.41174643178482007,-0.5584979194666616,0.2120737198790369,0.9099001719258205,2.8750240836234116,0.29266413600387114,0,5,0.7437059879302979,-0.9332017463496705,1.3878043333636683,-1.8013836346068324,-1.564592186604635,-0.21472388902773076,0.0,2.87679076859849e-34,-0.0,0.0,-0.0,0.0,1788853993.4012065
2474.886,-0.41172297428306703,-0.5585146043229259,0.21208520323838756,0.9098797693794333,2.875092343657513,0.29264663966060067,0,5,0.7437523603439331,-0.9332208198359986,1.3878133932696741,-1.8014151058592738,-1.5646265188800257,-0.2147000471698206,0.0,0.0,-0.0,0.0,-0.0,0.0,1788853993.501138
2474.986,-0.4117363195206128,-0.5584996696333153,0.2120689638475966,0.9098922057932682,2.875046778840007,0.29268939756083606,0,5,0.7437214255332947,-0.933205322628357,1.3878234068499964,-1.8013965092101039,-1.5646160284625452,-0.2147153059588831,0.0,0.0,-0.0,0.0,-0.0,0.0,1788853993.6011884
2475.086,-0.4117317922822424,-0.5585072737693063,0.2120688582238914,0.9098535627556841,2.875092977687463,0.2926709036806288,0,5,0.743736982345581,-0.9332017463496705,1.3878234068499964,-1.801427503625387,-1.5646355787860315,-0.2147310415851038,0.0,0.0,-0.0,0.0,-0.0,0.0,1788853993.7012098
2475.1859999999997,-0.4117318744396711,-0.5585064589266572,0.21206118180850236,0.9098861817537547,2.875037866837445,0.2926957029165572,0,5,0.7437319755554199,-0.9331897062114258,1.3878167311297815,-1.8013965092101039,-1.5646079222308558,-0.21470767656435186,0.0,0.0,-0.0,0.0,-0.0,0.0,1788853993.8011734
2475.286,-0.4117210864425513,-0.5585143904214083,0.21206931779192517,0.9098241062428362,2.875100897811232,0.2926877864069354,0,5,0.7437558770179749,-0.9332017463496705,1.387820068989889,-1.8014146290221156,-1.5646393934832972,-0.21473199525942022,0.0,0.0,-0.0,0.0,-0.0,0.0,1788853993.901181
