controller_time_s,tcp_x,tcp_y,tcp_z,tcp_rx,tcp_ry,tcp_rz,gripper_state,gripper_event_counter,actual_q_0,actual_q_1,actual_q_2,actual_q_3,actual_q_4,actual_q_5,actual_qd_0,actual_qd_1,actual_qd_2,actual_qd_3,actual_qd_4,actual_qd_5,host_receive_time_s
2873.312,-0.4479472246526563,-0.4779513690730134,0.3397726431717085,1.1351052220332232,2.8939024588609636,-0.026694679715366956,0,0,0.6091163158416748,-1.1708261531642457,1.4655287901507776,-1.8609034023680628,-1.528787914906637,-0.21472055116762334,0.0,0.0,-0.0,-0.0,-0.0,0.0,1788854391.9538283
2873.412,-0.4479730060608474,-0.4779717407038643,0.33965729865521166,1.135053041295806,2.893785647307434,-0.026509528986005126,0,0,0.6091126799583435,-1.1706465047648926,1.465532128010885,-1.8609158001341761,-1.5287459532367151,-0.2147310415851038,0.00019976194016635418,0.0005660001770593226,-0.0,-0.0,-0.0,0.0,1788854392.041647
2873.5119999999997,-0.4479619719875972,-0.47798707812495594,0.33965152973439305,1.1350469419381042,2.8937878081900483,-0.02647729722208859,0,0,0.609143853187561,-1.170631007557251,1.4655206839190882,-1.8609034023680628,-1.5287569204913538,-0.21470433870424444,8.367974078282714e-05,0.00010580499656498432,-0.0,-0.0,-0.0,0.0,1788854392.1417508
2873.612,-0.4479718161774085,-0.47797090620669164,0.3396520581571907,1.1350552637810851,2.8937732553319147,-0.026483961488139893,0,0,0.6091126799583435,-1.170643077497818,1.4655359427081507,-1.8609034023680628,-1.5287459532367151,-0.21472722688783819,2.7728371838298185e-32,1.851367505096662e-40,-0.0,-0.0,-0.0,0.0,1788854392.2416747
2873.712,-0.44795731184407706,-0.4779865964775935,0.33965807440313633,1.1350137187736529,2.8937869180632414,-0.026511941870039635,0,0,0.609143853187561,-1.1706465047648926,1.4655287901507776,-1.8609072170653285,-1.52873403230776,-0.21472388902773076,1.3934014532424044e-05,0.0,-0.0,-0.0,-0.0,0.0,1788854392.3416095
2873.812,-0.4479589225018108,-0.4779928413426148,0.33968572821883547,1.1350064064652032,2.893815791854087,-0.02655866167023479,0,0,0.6091510057449341,-1.1706584256938477,1.465482536946432,-1.8608876667418421,-1.5287378470050257,-0.21472722688783819,0.0,0.0,-0.0,-0.0,-0.0,0.0,1788854392.441806
2873.912,-0.44795562285343105,-0.47800504933827265,0.33965592303227865,1.134950512388243,2.8938048183026206,-0.026540050361049772,0,0,0.6091665625572205,-1.1706191164306183,1.4654982725726526,-1.8609158001341761,-1.5287187735186976,-0.2147429625140589,0.0,0.0,-0.0,-0.0,-0.0,0.0,1788854392.541581
2874.0119999999997,-0.44795913549954103,-0.47799113330903753,0.33967015532514633,1.1350304512512988,2.893809249827758,-0.02652004660552809,0,0,0.6091510653495789,-1.1706465047648926,1.46550161043276,-1.8608995876707972,-1.5287535826312464,-0.21471149126161748,0.0,0.0,-0.0,-0.0,-0.0,0.0,1788854392.64165
2874.112,-0.4479656732197772,-0.47798162495195357,0.3396452559830658,1.135044890858227,2.8937633377802916,-0.026430871683428517,0,0,0.6091330647468567,-1.1706241232207795,1.4655173460589808,-1.860868593255514,-1.5287535826312464,-0.21471149126161748,0.0,0.0,-0.0,-0.0,-0.0,0.0,1788854392.7415168
2874.212,-0.44797575803730055,-0.4779699307488457,0.3396548391168477,1.1350935987542703,2.8937568838487704,-0.026459068147991777,0,0,0.609109103679657,-1.1706378918937226,1.4655173460589808,-1.8608762226500453,-1.5287535826312464,-0.21470433870424444,0.0,0.0,-0.0,-0.0,-0.0,0.0,1788854392.841534
2874.312,-0.4479652586697629,-0.47798744902448537,0.3396537834697768,1.1350222995060306,2.8937931421098577,-0.026488219134636705,0,0,0.6091402769088745,-1.1706275802901764,1.465510670338766,-1.8609000645079554,-1.5287497679339808,-0.21472388902773076,0.0,0.0,-0.0,-0.0,-0.0,0.0,1788854392.9415326
2874.412,-0.44796193481370855,-0.47798512284753986,0.33965150660052756,1.135066272859895,2.8937729359059747,-0.026481521534391744,0,0,0.6091402769088745,-1.170634464626648,1.4655254522906702,-1.8609034023680628,-1.5287497679339808,-0.21469289461244756,0.0,-4.004092793007813e-13,-0.0,-0.0,-0.0,0.0,1788854393.041621
2874.5119999999997,-0.4479538303154289,-0.47799435919858796,0.33968652581526276,1.1350489328357305,2.8938146046174857,-0.026558772964328337,0,0,0.6091593503952026,-1.1706653100303193,1.4654925505267542,-1.8608995876707972,-1.5287497679339808,-0.21469289461244756,0.0,0.0,-0.0,-0.0,-0.0,0.0,1788854393.1415052
2874.612,-0.44795320421722057,-0.4779939343526571,0.33966392691806585,1.135066216160544,2.893789442565605,-0.02651789093271364,0,0,0.6091593503952026,-1.1706465047648926,1.4655173460589808,-1.8609119854369105,-1.5287497679339808,-0.21467715898622686,0.0,0.0,-0.0,-0.0,-7.962177874293611e-41,0.0,1788854393.241588
2874.712,-0.44796895474146897,-0.4779786597655214,0.3396472948733273,1.1350393116025301,2.893799432733335,-0.02647218486123985,0,0,0.6091281771659851,-1.170631007557251,1.465532128010885,-1.8609158001341761,-1.5287655035602015,-0.21472722688783819,0.0,0.0,-0.0,-0.0,-0.0,0.0,1788854393.3416672
2874.812,-0.44796640280741934,-0.477983953814432,0.3396497361806094,1.1350349016782586,2.893775852181424,-0.02651535137487955,0,0,0.6091318130493164,-1.1706310373595734,1.4655287901507776,-1.8609229526915492,-1.5287306944476526,-0.21472055116762334,0.0,0.0,-0.0,-0.0,-0.0,0.0,1788854393.441661
2874.912,-0.44807665052573203,-0.4780355265445692,0.33916819149137084,1.1349409046892085,2.8933905678430616,-0.02538852926634045,0,0,0.609109103679657,-1.1699040693095704,1.465543572102682,-1.8608395061888636,-1.5287969748126429,-0.21472388902773076,0.0,0.01657932810485363,0.00016462142230011523,0.0002674096613191068,-0.0,0.0,1788854393.5417576
2875.0119999999997,-0.44783860548542126,-0.4784101082547337,0.33882103609986913,1.1338467185999264,2.893493325690599,-0.024700902192856415,0,0,0.6097979545593262,-1.169325904255249,1.4654949347125452,-1.8608433208861292,-1.5287821928607386,-0.21472388902773076,0.019509661942720413,0.00027107313508167863,3.2609877962386236e-05,5.667734149028547e-05,-3.822196352155446e-24,0.0,1788854393.6416802
2875.112,-0.4455687799365022,-0.4806355778526155,0.3384710816621905,1.1266834723783337,2.896199319473326,-0.02360574489373276,0,0,0.6147189736366272,-1.168795720939972,1.4655140081988733,-1.8608447513976039,-1.5290802160846155,-0.21473914781679326,0.08677221834659576,0.017049280926585197,-4.562333527164096e-40,1.3183733244659379e-05,-0.01003043632954359,0.0,1788854393.7416563
2875.212,-0.4395972558620806,-0.48663209235492055,0.33702536626159774,1.107379917876912,2.902229279956289,-0.020410859452183773,0,0,0.6277326941490173,-1.1665359300426026,1.4655173460589808,-1.8608986339964808,-1.5290444532977503,-0.21475440660585576,0.15072420239448547,0.021889671683311462,-3.007701707247179e-05,1.2883109283672285e-38,-0.00015225057723000646,0.0,1788854393.8417366
2875.312,-0.43299791816460187,-0.4926588021390056,0.33674267851319845,1.0874857157771138,2.9093990940547068,-0.019573290297222427,0,0,0.6413873434066772,-1.1660280984691163,1.4654367605792444,-1.8609477482237757,-1.5290048758136194,-0.21472055116762334,0.119703009724617,-0.0009456604602746665,-0.0015801051631569862,-0.00040669841109775007,-6.963549745511721e-13,0.0,1788854393.9417722
2875.412,-0.42716452919102593,-0.4977707699970473,0.33678171750871716,1.0702374302784214,2.9157465181001183,-0.019393092298306918,0,0,0.6532201170921326,-1.1659920674613495,1.465306584035055,-1.8609515629210414,-1.5289824644671839,-0.21472055116762334,0.1176411435008049,-1.710052129055839e-05,-0.0007147380383685231,-9.227793634636328e-05,-0.0,0.0,1788854394.0418046
2875.5119999999997,-0.42170646479960977,-0.5024372478283688,0.33683552463456634,1.0542030101787685,2.9216331937454236,-0.019192814662171105,0,0,0.664185643196106,-1.165985034113266,1.4651830832110804,-1.8609515629210414,-1.5290444532977503,-0.21475106874574834,0.10114596039056778,1.7624513930059038e-05,-0.00031355684041045606,-8.015755884116516e-05,1.399118598754967e-09,0.0,1788854394.1416616
2875.612,-0.4172924703192784,-0.5061010560400782,0.33679862748929856,1.0414283688605848,2.9260863459672453,-0.018841866009215915,0,0,0.6729258894920349,-1.1659597617438813,1.4652202765094202,-1.8609200916686,-1.5290253798114222,-0.21472388902773076,0.0860753282904625,0.0004969004075974226,-0.00020702381152659655,-3.538014289341654e-25,0.0,0.0,1788854394.2418082
2875.712,-0.41301933420493075,-0.5096264381265833,0.33668065353477394,1.0290451829525196,2.9303300250618536,-0.01826878591142626,0,0,0.6813861131668091,-1.1657816928676148,1.4652169386493128,-1.860868593255514,-1.529072109852926,-0.21469670930971319,0.08269451558589935,0.0001964000693988055,-5.01822360092774e-05,-2.802596928649634e-45,0.0,0.0,1788854394.3418694
2875.812,-0.40875323916402573,-0.5131630280392359,0.33639218821143424,1.016482911219891,2.9344168911503345,-0.017490783010696807,0,0,0.6898563504219055,-1.1653182071498414,1.4652045408831995,-1.8609000645079554,-1.5290544668780726,-0.21473914781679326,0.09136934578418732,0.006501955445855856,-1.5933348468705447e-25,-0.0,0.0,0.0,1788854394.4417334
2875.912,-0.40345372901337473,-0.5177776571658557,0.3352990930614062,1.0004185718967582,2.9390266278683477,-0.014915843977312942,0,0,0.7006702423095703,-1.1634874504855652,1.4650266806231897,-1.8608843288817347,-1.5291131178485315,-0.21470433870424444,0.11599741131067276,0.03276999294757843,-0.0010104875545948744,-0.0,-0.0001151633114204742,0.0,1788854394.5416546
2876.0119999999997,-0.39840910921584455,-0.5228794988881217,0.33189388982395873,0.9833196524222502,2.9419336138768726,-0.007665697123521826,0,0,0.7117939591407776,-1.1580296021750947,1.4648178259478968,-1.860927244225973,-1.5290854612933558,-0.21471149126161748,0.09562968462705612,0.06989920884370804,-0.004366671200841665,-0.0,-6.062307511456311e-05,0.0,1788854394.641844
2876.112,-0.39549200420167197,-0.526653849328548,0.3281488371893334,0.9716736442188404,2.942811959798426,9.782122730085093e-06,0,0,0.7191845774650574,-1.151566283111908,1.463935677205221,-1.860934396783346,-1.5290854612933558,-0.21472388902773076,0.058842528611421585,0.06408921629190445,-0.022261247038841248,-0.0,-0.0,0.0,1788854394.7418685
2876.212,-0.39397529623110916,-0.5298192193139605,0.3269124126681744,0.963876602878056,2.9449385976223867,0.001336369253138504,0,0,0.7244155406951904,-1.1467875999263306,1.4600141684161585,-1.8609396419920863,-1.5290973822223108,-0.21470815340151006,0.03754895180463791,0.026850270107388496,-0.0691426694393158,0.0,-0.0,0.0,1788854394.8418496
2876.312,-0.39565091914448236,-0.5326191354140074,0.33278462071450976,0.9632843510086669,2.9519483224571657,-0.015844181716606703,0,0,0.7259275317192078,-1.1455544394305726,1.445887867604391,-1.8609196148314417,-1.5290935675250452,-0.21470815340151006,0.002083425410091877,0.005664055701345205,-0.2124730795621872,0.0,-0.0,0.0,1788854394.941814
2876.412,-0.39979864740140025,-0.5363700185392383,0.3448400510688289,0.96634623543387,2.964148804573296,-0.05005715187906407,0,0,0.7260004878044128,-1.1449868243983765,1.4197905699359339,-1.860819479028219,-1.529125992451803,-0.21469670930971319,0.0002606046327855438,0.00939902663230896,-0.2864038050174713,0.0005674058920703828,-0.00030299133504740894,0.0,1788854395.04195
2876.5119999999997,-0.4042796368137177,-0.5407590168910235,0.35494631582904723,0.9683071969511613,2.975077322043943,-0.08048977603541062,0,0,0.7264838218688965,-1.1403168898871918,1.3923762480365198,-1.8606473408141078,-1.5293577353106897,-0.21473914781679326,0.015152029693126678,0.09566270560026169,-0.25084617733955383,0.001962319016456604,-0.0009844900341704488,0.0,1788854395.1418445
2876.612,-0.408881678837293,-0.5464563733161106,0.3553158299385823,0.9663593141269577,2.9789965403821235,-0.08963238077609982,0,0,0.7282546162605286,-1.1242908400348206,1.3695982138263147,-1.8606234989561976,-1.529349152241842,-0.2147582213031214,0.016695192083716393,0.20615746080875397,-0.199535071849823,0.0001259827404282987,-0.00011525668378453702,0.0,1788854395.2418983
2876.712,-0.4135688675805012,-0.5510602819975609,0.34649655361085346,0.9645457024899617,2.9748300209924774,-0.0765768813694935,0,0,0.7286897897720337,-1.1020719867995759,1.3569610754596155,-1.860624452630514,-1.5293009916888636,-0.21473914781679326,-3.2494757761014625e-05,0.2202598601579666,-0.057253483682870865,3.0523213354172185e-05,-5.0536651542643085e-05,0.0,1788854395.3418927
2876.812,-0.41542502624367944,-0.5542505628245401,0.3335314028973837,0.9598212292990435,2.9668580786166956,-0.05105151279112137,0,0,0.7303469777107239,-1.082189903860428,1.3559234778033655,-1.8606678448119105,-1.5292375723468226,-0.21470815340151006,0.04253731295466423,0.16896793246269226,0.00010215619840892032,1.1823488077167346e-27,-0.0,0.0,1788854395.4418626
2876.912,-0.4138282023776162,-0.5583766865576621,0.3237428362010096,0.9490129320399936,2.962951061053449,-0.03151736232052812,0,0,0.7364088892936707,-1.0677812856486817,1.355896298085348,-1.860704084435934,-1.529228989277975,-0.2147310415851038,0.0686628669500351,0.11998700350522995,4.1109472596889685e-12,0.0,-1.1586716274465196e-20,0.0,1788854395.5418668
2877.0119999999997,-0.4118856272776813,-0.5612770946328667,0.318584279179955,0.9406386210017829,2.9617026120546925,-0.021197957101211414,0,0,0.7414612770080566,-1.060208336716034,1.355880085621969,-1.8607117138304652,-1.5292208830462855,-0.21469670930971319,0.024969549849629402,0.0339350588619709,-0.0,0.0,-0.0,0.0,1788854395.6419623
2877.112,-0.41163972655257164,-0.5615972843635423,0.318274225025542,0.9396350515408255,2.9617993582288054,-0.02075763198424845,0,0,0.7420428395271301,-1.0596724909595032,1.3557828108416956,-1.8608080349364222,-1.5291741530047815,-0.21475488344301397,0.00024023957666940987,-0.006393435411155224,-0.004517831839621067,-0.0012769689783453941,-0.0,0.0,1788854395.7419157
2877.212,-0.4115179657689357,-0.5617227549240411,0.3192017776531046,0.9395208356584427,2.962791950564171,-0.02321092233836851,0,0,0.7423017621040344,-1.0605499309352417,1.355161492024557,-1.8611427746214808,-1.5291932264911097,-0.21472388902773076,0.004382519982755184,-0.0020197052508592606,-0.0010982872918248177,-0.0004339258011896163,6.618089537369087e-05,0.0,1788854395.8419125
2877.312,-0.41072237298109765,-0.5623093576502783,0.31907525806815334,0.93738999567216,2.9633610866109725,-0.022809575890382953,0,0,0.7437275052070618,-1.060410813694336,1.355215851460592,-1.861086984673971,-1.529228989277975,-0.21472055116762334,0.0305323489010334,0.00047576671931892633,-1.85163280548295e-05,4.1728995711309835e-05,1.5072504538693465e-05,0.0,1788854395.9420102
2877.412,-0.4085091738840916,-0.5639707324839434,0.31864086352522986,0.9314177490799471,2.9647838280227723,-0.021487229876258115,0,0,0.7477163076400757,-1.0598642987063904,1.355288330708639,-1.860819479028219,-1.5292533079730433,-0.21468955675234014,0.04125010967254639,0.012732314877212048,0.00044746670755557716,0.0010357809951528907,0.0,0.0,1788854396.0419338
2877.5119999999997,-0.40757508365266176,-0.5650436991850047,0.3171608133106093,0.928043398762105,2.9647438912112025,-0.018456083966978717,0,0,0.7498001456260681,-1.0577114981463929,1.3553045431720179,-1.8608061275877894,-1.5292843023883265,-0.21470815340151006,0.0021555765997618437,0.03430652990937233,0.00012393377255648375,0.0002642615872900933,0.0,0.0,1788854396.1420026
2877.612,-0.4082576166996544,-0.5656758778061037,0.31290962327203864,0.9272850599732978,2.96178005593925,-0.009992154261585033,0,0,0.7497917413711548,-1.0515273374370118,1.3553426901446741,-1.860767503777975,-1.5292890707599085,-0.21472055116762334,-8.879209053702652e-05,0.0811663269996643,6.737298099324107e-05,0.00013820442836731672,0.0,0.0,1788854396.241993
2877.712,-0.4091601361613621,-0.5665863773409222,0.30694373287539584,0.9261221481199675,2.9576533915226,0.0017271856904937653,0,0,0.749858558177948,-1.0428007406047364,1.3553202787982386,-1.8607803783812464,-1.5292876402484339,-0.21472388902773076,0.0,0.07884856313467026,3.446770051596104e-06,2.0403904272825457e-05,-5.89254825489327e-11,0.0,1788854396.3419294
2877.812,-0.4100631632321064,-0.5675896859998599,0.3002487235726626,0.9247054244054076,2.9529903615532347,0.014816488207763939,0,0,0.7500195503234863,-1.0330633086017151,1.3553507963763636,-1.8608046970763148,-1.5292652289019983,-0.21470433870424444,0.003521556034684181,0.10989334434270859,-1.667458491283469e-05,0.0,-0.0,0.0,1788854396.4419587
2877.912,-0.41040881360867126,-0.5690024629263352,0.29324918905858655,0.9217599297938015,2.948572643414678,0.028458184365576972,0,0,0.7511706352233887,-1.0228697222522278,1.3553360144244593,-1.8608433208861292,-1.529269043599264,-0.21469289461244756,0.024055656045675278,0.06919355690479279,-1.5403516225152582e-30,0.0,-0.0,0.0,1788854396.5419855
2878.0119999999997,-0.40884751662395186,-0.5706230474592855,0.291121233490848,0.9165043764576594,2.9486146450853687,0.032660959745146524,0,0,0.7544341087341309,-1.0197591346553345,1.3553145567523401,-1.8608843288817347,-1.5292566458331507,-0.21473914781679326,0.04209325462579727,-0.0003010774962604046,-0.0,-0.0002162684395443648,-0.0,0.0,1788854396.6420517
2878.112,-0.40504925252258495,-0.5733068913481842,0.29106046171571387,0.9067517485351702,2.95159521257572,0.03311458963187268,0,0,0.7610512375831604,-1.0197230738452454,1.3553827444659632,-1.8608395061888636,-1.529228989277975,-0.2147310415851038,0.08065763860940933,0.005755729507654905,0.00041284310282208025,7.339256990235299e-05,-0.0,0.0,1788854396.742001
2878.212,-0.4010295664804648,-0.5761377488627201,0.291052680968183,0.8964617288564228,2.9548421889566687,0.03341627356543213,0,0,0.7680618166923523,-1.0196944636157532,1.3553598562823694,-1.8608538113036097,-1.5292566458331507,-0.21470815340151006,0.04243437573313713,0.00010328899224987254,0.000259886437561363,7.805290806572884e-05,-0.0,0.0,1788854396.842085
2878.312,-0.40088479554808093,-0.5762455403788777,0.29102820753914366,0.8960560164075649,2.9549126140560937,0.033471130065780584,0,0,0.768315851688385,-1.019654707317688,1.355349365864889,-1.8608318767943324,-1.5292251745807093,-0.21472055116762334,-0.019353114068508148,2.4737022613408044e-05,9.909762593451887e-05,2.509438769584673e-25,-0.0,0.0,1788854396.9420443
2878.412,-0.4015911118203965,-0.5758695629136438,0.2903936868761471,0.8975524493163163,2.9539563927464645,0.03477640650834877,0,0,0.7672147154808044,-1.018768922691681,1.3553884665118616,-1.8607684574522914,-1.5292566458331507,-0.2147310415851038,-3.0752200785855166e-10,0.016713619232177734,0.00017571981879882514,0.00020742055494338274,-0.0,0.0,1788854397.0420766
2878.5119999999997,-0.4018332344756285,-0.5762246466217082,0.2879044544553022,0.8969354904431004,2.952210515385276,0.03966240266700565,0,0,0.767335832118988,-1.0151944917491456,1.3554404417621058,-1.8607479534544886,-1.5292375723468226,-0.21472722688783819,0.00017294053395744413,0.06384449452161789,0.00016516006144229323,0.0001366840151604265,-0.0,0.0,1788854397.1421108
2878.612,-0.4025571563193649,-0.576842809672315,0.2826340156782632,0.8961479166533303,2.9484457234959955,0.049853379999857866,0,0,0.767248272895813,-1.007554904823639,1.355452839528219,-1.860802789727682,-1.5292566458331507,-0.21472388902773076,-0.00011071820335928351,0.09423189610242844,7.470961281796917e-05,2.1086837137529457e-11,-0.0,0.0,1788854397.2420976
2878.712,-0.4034380153179048,-0.5776327246601717,0.2756973022503743,0.8950161606339789,2.9434024720455674,0.063221491651165,0,0,0.7671728134155273,-0.9975079459002991,1.3554471174823206,-1.860819479028219,-1.5292251745807093,-0.21472388902773076,-0.00021629509865306318,0.09845056384801865,1.2745399544655811e-05,7.135411780341969e-42,-0.0,0.0,1788854397.342254
2878.812,-0.4042600071368436,-0.5783432220807723,0.2689393905237465,0.8939069227770382,2.9384741852020255,0.07620202697201936,0,0,0.7670793533325195,-0.9877388638309021,1.3554471174823206,-1.8608423672118128,-1.529228989277975,-0.2147429625140589,-0.0033104827161878347,0.08224982768297195,-0.0,0.0,-0.0,0.0,1788854397.4420547
2878.912,-0.4050054754552902,-0.5784944836269804,0.2651411775566415,0.8940954709344819,2.9354187113929218,0.0835147716841732,0,0,0.7664886116981506,-0.9822736543468018,1.3554676214801233,-1.8608151874937953,-1.5292533079730433,-0.2147310415851038,-0.008557384833693504,0.03299555554986,0.0001926770928548649,0.0,-0.0,0.0,1788854397.5421367
2879.0119999999997,-0.4058442966016195,-0.5782821653279977,0.26290400834408967,0.8952617521452345,2.9332105961568167,0.08779929159485401,0,0,0.7654226422309875,-0.9790679973414917,1.355488125477926,-1.8607531986632289,-1.529228989277975,-0.21470815340151006,-0.011436688713729382,0.029929369688034058,0.00030833398341201246,0.0,-0.0,0.0,1788854397.6421053
2879.112,-0.4069487463507395,-0.5779990943513108,0.2600311840465469,0.8967209789563649,2.9304816815457224,0.0931403200248804,0,0,0.7640235424041748,-0.9749295276454468,1.3555071989642542,-1.8608228168883265,-1.52924091020693,-0.2147463003741663,-0.012890754267573357,0.058374226093292236,8.695939322933555e-05,0.0,-0.0,0.0,1788854397.7421927
2879.212,-0.40832877077166324,-0.5775456553034074,0.25687429306904325,0.8989050472873213,2.9272030668798803,0.09906778370900769,0,0,0.7621698975563049,-0.9703827065280457,1.3555038611041468,-1.8607903919615687,-1.5292208830462855,-0.21468955675234014,-0.027808902785182,0.019124427810311317,3.0029475965420716e-05,0.0,-2.9343809522284082e-27,0.0,1788854397.8421593
2879.312,-0.41061843287059613,-0.576021247423677,0.2562007887761755,0.9043950867803291,2.924831168825874,0.10007038281201022,0,0,0.7583009004592896,-0.9694319528392334,1.3555401007281702,-1.8608228168883265,-1.5291932264911097,-0.21469289461244756,-0.04382873699069023,0.00040645129047334194,0.00011594655370572582,0.0,-0.0,0.0,1788854397.9423158
2879.412,-0.41280498355207457,-0.5744687455001937,0.25616373219497107,0.9098250660994149,2.92302947277577,0.09990429884258079,0,0,0.7545168995857239,-0.9693685334971924,1.355527702962057,-1.8608390293517054,-1.5292218367206019,-0.21473914781679326,-0.024792637676000595,0.000618371763266623,4.056355816408323e-16,0.0,-0.0,0.0,1788854398.042283
2879.5119999999997,-0.4131051755469394,-0.5742502946981463,0.25615422943584665,0.9106070601444347,2.9227896749830804,0.09992604525141853,0,0,0.7539964914321899,-0.9693601888469239,1.35553485551943,-1.8608352146544398,-1.5292566458331507,-0.21472388902773076,0.0007617499213665724,0.0004976522759534419,-0.0,0.0,-0.0,0.0,1788854398.1421795
2879.612,-0.4131174833910075,-0.5742970413456774,0.2558175633440299,0.9105104594882244,2.9225295371060867,0.1005805460579103,0,0,0.7540313005447388,-0.9688714307597657,1.3555243651019495,-1.8608118496336878,-1.5292447249041956,-0.21470815340151006,8.142626757035032e-05,0.005840223748236895,4.6308006318440675e-08,0.0,-0.0,0.0,1788854398.24226
2879.712,-0.4130879908843562,-0.5743354215843897,0.2556893521296146,0.910341588214317,2.922494755539308,0.10087094869367184,0,0,0.754104495048523,-0.9686895173839112,1.3555243651019495,-1.8607918224730433,-1.5292723814593714,-0.21473580995668584,0.0004439481417648494,0.0003183617372997105,-0.0,0.0,-0.0,0.0,1788854398.3424761
2879.812,-0.41299865392518387,-0.5744363795375961,0.2554227208571167,0.9100243699801169,2.922396883016758,0.10141979472767212,0,0,0.7543011903762817,-0.9683147233775635,1.3555367628680628,-1.860784193078512,-1.5292928854571741,-0.21472388902773076,0.00550329452380538,0.010906263254582882,-0.0,-0.0,-0.0,0.0,1788854398.4422681
2879.912,-0.4124166706212494,-0.5750751889932274,0.25404279588785683,0.9079310838161552,2.9219565814823425,0.10411492984709876,0,0,0.7555419206619263,-0.9663268488696595,1.3555329481707972,-1.8607717953123988,-1.5292804876910608,-0.21473914781679326,0.00843949243426323,0.03088405355811119,0.00022338912822306156,-0.0,-0.0,0.0,1788854398.5422745
2880.0119999999997,-0.4126319731551204,-0.5753587648594315,0.25115446039944356,0.9072810494632418,2.9198105551229427,0.10960767753350358,0,0,0.755622386932373,-0.9621920746615906,1.3555668036090296,-1.8607684574522914,-1.5292771498309534,-0.21472055116762334,2.158542937231566e-24,0.05124968662858009,8.433176844846457e-05,-0.0,-0.0,0.0,1788854398.642314
2880.112,-0.4130090406047488,-0.5756910123826181,0.2470997399302999,0.9065005848667004,2.9167556621581756,0.11728968377884745,0,0,0.7555948495864868,-0.9563687604716797,1.3555792013751429,-1.86076082805776,-1.5292890707599085,-0.2147429625140589,-9.495326958131045e-05,0.06727684289216995,0.00020044670964125544,-0.0,-0.0,0.0,1788854398.7423317
2880.212,-0.4132778173851373,-0.5760115775987229,0.24365691902000775,0.9057653022863753,2.914226256096057,0.123680605611344,0,0,0.7556618452072144,-0.951398031120636,1.355562988911764,-1.8608504734435023,-1.5292962233172815,-0.21472722688783819,0.0001489080605097115,0.017177550122141838,2.329579001525417e-05,0.0,-0.0,0.0,1788854398.842287
2880.312,-0.4132653241835677,-0.5760906439455353,0.24315823539099013,0.9055581967132159,2.913849178668667,0.12462513602409324,0,0,0.7557517886161804,-0.9506794971278687,1.355555836354391,-1.8608280620970667,-1.5292652289019983,-0.21470815340151006,0.0057062446139752865,0.0008665028144605458,-0.0,0.0,-0.0,0.0,1788854398.9423094
2880.412,-0.41270714322159446,-0.5764957909665199,0.2430134328776118,0.9041089700585314,2.914230274873791,0.12500552353623828,0,0,0.756729006767273,-0.950495259170868,1.3555915991412562,-1.8608228168883265,-1.5292890707599085,-0.2147148291217249,0.00989394448697567,0.00578808318823576,-0.0,0.0,-0.0,0.0,1788854399.0423806
2880.5119999999997,-0.4122331781885133,-0.576891231809629,0.24254268931778658,0.9027554575086543,2.914251415339197,0.1259876336947129,0,0,0.7576053738594055,-0.9498294156840821,1.3555992285357874,-1.860777040521139,-1.529261891041891,-0.21470433870424444,0.007558717392385006,0.0030626486986875534,-0.0,0.0,-0.0,0.0,1788854399.1423025
2880.612,-0.4121298124794474,-0.576980753924371,0.2423492308501149,0.9023821318052498,2.9142351310147854,0.1263933045591648,0,0,0.7578045725822449,-0.9495695394328614,1.3556278387652796,-1.8607808552184046,-1.5292890707599085,-0.21473914781679326,6.16183242527768e-05,0.0016175602795556188,0.0001023025979520753,-0.0,-0.0,0.0,1788854399.2423923
2880.712,-0.41197365986784895,-0.5771738090484315,0.24169059237931884,0.9017632463716552,2.913911365591526,0.12765710074606307,0,0,0.7581604719161987,-0.948640303020813,1.3556578795062464,-1.8607994518675746,-1.5292962233172815,-0.21472388902773076,0.01198206003755331,0.016036150977015495,0.00013670888438355178,-0.0,-0.0,0.0,1788854399.34222
2880.812,-0.4112270937066056,-0.578012101847695,0.23951991249414223,0.8990169595262866,2.9130325821446794,0.13181963201794683,0,0,0.759766161441803,-0.9455005091479798,1.355624024068014,-1.8607994518675746,-1.5292733351336878,-0.21472388902773076,0.01693279668688774,0.04759712144732475,7.039231422822922e-05,-0.0,-0.0,0.0,1788854399.442289
2880.912,-0.41085692677906105,-0.5790138790065962,0.23375335325397423,0.8958669594602894,2.9093346958067117,0.1426934681449386,0,0,0.7611664533615112,-0.9372258943370362,1.3556388060199183,-1.860849996606344,-1.529269043599264,-0.21472722688783819,0.006226875353604555,0.10143948346376419,-3.302844561403617e-05,-0.0,-0.0,0.0,1788854399.54251
2881.0119999999997,-0.41119698296888324,-0.5793580130365421,0.22892699128436828,0.8949500930818244,2.905609041485745,0.15167995782585217,0,0,0.7611771821975708,-0.9302833837321778,1.3556106726275843,-1.8608643017210902,-1.52924091020693,-0.21469289461244756,-0.00024773183395154774,0.03374292701482773,-3.074794221902266e-05,-0.00018271202861797065,-0.0,0.0,1788854399.6424234
2881.112,-0.4112205621044375,-0.5794007161963793,0.2284540638856125,0.8947626672882218,2.9052871401686065,0.15252874691094964,0,0,0.761197566986084,-0.9295992416194458,1.3556063810931605,-1.8608914814391078,-1.52924091020693,-0.21473914781679326,-2.1535000656912713e-39,-0.0007390638929791749,-5.914302081649287e-39,-6.737185321981087e-05,-0.0,0.0,1788854399.7423685
2881.212,-0.41117452965172335,-0.579419956381185,0.2284077334686057,0.8947094607877376,2.905260353501911,0.15269914711855032,0,0,0.7612658739089966,-0.929558591251709,1.3556392828570765,-1.860852380792135,-1.5292604605304163,-0.2147000471698206,0.00025442327023483813,7.54618231439963e-05,3.2133211407088576e-35,-3.859822585913924e-36,-0.0,0.0,1788854399.8424377
2881.312,-0.4104664209081955,-0.5799393224154565,0.2283877023744488,0.8929118549733134,2.905858587164563,0.15280675809648742,0,0,0.762504518032074,-0.9295047086528321,1.3555997053729456,-1.860852380792135,-1.5292533079730433,-0.21470815340151006,0.022995872423052788,3.629213824751787e-05,-0.0,-0.0,-0.0,0.0,1788854399.9424937
2881.412,-0.4088965548016713,-0.5810401642584299,0.22837536472065978,0.8890136952525662,2.9071634653784693,0.15306927466564393,0,0,0.7652020454406738,-0.929498628979065,1.3556140104876917,-1.8608318767943324,-1.5292566458331507,-0.2147148291217249,0.018977219238877296,0.0003205386165063828,-0.0,-9.73640022102519e-34,-0.0,0.0,1788854400.042424
2881.5119999999997,-0.40858027953119874,-0.5812594174302556,0.22836728766641973,0.8882400595105762,2.9074249210857963,0.15315863772979046,0,0,0.765745222568512,-0.9294914764216919,1.3556178251849573,-1.8608161411681117,-1.5292723814593714,-0.21470815340151006,-0.0010378718143329024,-1.6525353203178383e-05,-2.6995765438186936e-05,-0.0,-0.0,0.0,1788854400.1424246
2881.612,-0.4086084425741739,-0.5812436207173565,0.22831975655211828,0.8882883778758154,2.9073714799473396,0.15325958674479295,0,0,0.7657020092010498,-0.9294243615916749,1.3556178251849573,-1.8608080349364222,-1.5292804876910608,-0.21471149126161748,-8.778906340012327e-05,0.0009939145529642701,-0.0,-0.0,-0.0,0.0,1788854400.2424738
2881.712,-0.4085870384642725,-0.5812700883624974,0.2282000669491904,0.888144504808466,2.9073055320982695,0.15347850618253644,0,0,0.7657488584518433,-0.9292566341212769,1.355624024068014,-1.8608080349364222,-1.529269043599264,-0.2147463003741663,5.2370472985785455e-05,0.0025514496956020594,-0.0,7.277319074103996e-35,-0.0,0.0,1788854400.3424978
2881.812,-0.408639381596962,-0.5812507950875818,0.22806050084225649,0.8882941610901113,2.907126107836087,0.1537324468766052,0,0,0.7656744718551636,-0.9290530246547242,1.355616871510641,-1.8607989750304164,-1.5292533079730433,-0.21469670930971319,0.0,0.0015855126548558474,-0.0,0.0,-0.0,0.0,1788854400.4426806
2881.912,-0.4086615921101116,-0.5812383042850082,0.22802522604451628,0.8882981125694009,2.9071161293111722,0.15379354360334532,0,0,0.7656421661376953,-0.9290051025203248,1.355624024068014,-1.8608151874937953,-1.5292723814593714,-0.21472388902773076,-0.00013228734314907342,0.00034197131753899157,-0.0,0.0,-0.0,0.0,1788854400.5425286
2882.0119999999997,-0.408648959379697,-0.5812803703952802,0.22767105424701134,0.8881689841407683,2.9068484187143127,0.15449060315504157,0,0,0.7656973004341125,-0.9285054367831727,1.3556321302997034,-1.860790868798727,-1.529269043599264,-0.21470815340151006,-2.2049569413931086e-27,0.008056798949837685,-0.0,0.0,-0.0,0.0,1788854400.642504
2882.112,-0.40873527064950704,-0.5813854757375326,0.22613911971700337,0.8878043863310945,2.9056799080770115,0.15736229151704637,0,0,0.7657176852226257,-0.9263144296458741,1.3556388060199183,-1.860784193078512,-1.5292652289019983,-0.2147310415851038,0.000145307436469011,0.03604523837566376,-0.0,0.0,-0.0,0.0,1788854400.7425594
2882.212,-0.40896138426029893,-0.5815477326702359,0.2232513798579291,0.8873172639783404,2.9034209100302286,0.16269318148770615,0,0,0.7656540870666504,-0.9221573633006592,1.3556140104876917,-1.8608080349364222,-1.5292447249041956,-0.21473914781679326,0.0,0.03859046846628189,-0.0,0.0,-0.0,0.0,1788854400.8426626
2882.312,-0.40908099202869586,-0.5816160505786502,0.22208330536512516,0.8871726316104226,2.9025155496189496,0.16477205518813648,0,0,0.7656025290489197,-0.9204368156245728,1.3555486837970179,-1.8608557186522425,-1.5292323271380823,-0.21473580995668584,-0.0005792028387077153,1.673653299283373e-10,-0.0,0.0,-0.0,0.0,1788854400.9425445
2882.412,-0.4090425309209942,-0.5816150345237873,0.22201751763655922,0.8871071625077653,2.9024652976924936,0.16496039636101542,1,1,0.765640914440155,-0.920398549442627,1.3556349913226526,-1.8608433208861292,-1.52924091020693,-0.2147310415851038,-6.862271402496845e-05,0.00018771353643387556,-0.0,0.0,-0.0,0.0,1788854401.042545
2882.5119999999997,-0.40907183384083345,-0.5816229275547101,0.22203568364050613,0.8871909433941355,2.9024620552443574,0.16487996050003778,1,1,0.7656182050704956,-0.9203745883754273,1.355555836354391,-1.8608433208861292,-1.529228989277975,-0.2147000471698206,-2.2461628324106613e-37,5.608508945442736e-05,-0.0,0.0,-0.0,0.0,1788854401.142636
2882.612,-0.4090545309777943,-0.5816233893045103,0.2220224770382394,0.8871788400202035,2.9024404950712777,0.164899799289169,1,1,0.7656337022781372,-0.9203793567470093,1.35559589067568,-1.8608557186522425,-1.5292137304889124,-0.21468955675234014,0.0,0.0,-0.0,0.0,-0.0,0.0,1788854401.2426608
2882.712,-0.4090592363691356,-0.5816081260709578,0.22201908269795964,0.8871281379746445,2.9024599497386716,0.16497146541685775,1,1,0.7656182050704956,-0.9203900855830689,1.35561448732485,-1.8608252010741175,-1.529248062764303,-0.21473914781679326,0.0,0.0,-0.0,0.0,-0.0,0.0,1788854401.3425434
2882.812,-0.4090611813178343,-0.5816113571934567,0.22202134732665973,0.887195364343665,2.902466930402089,0.164962734637728,1,1,0.7656218409538269,-0.9203865093043824,1.3556063810931605,-1.8608399830260218,-1.5292637983905237,-0.21469289461244756,0.0,0.0,-0.0,0.0,-0.0,0.0,1788854401.4428592
2882.912,-0.4090722708017844,-0.5816133230846842,0.22202312909516303,0.8872132484263238,2.9024279306824057,0.16490739248845127,1,1,0.765606164932251,-0.9203745883754273,1.355584446583883,-1.8608433208861292,-1.5292170683490198,-0.21469289461244756,0.0,0.0,-0.0,0.0,-0.0,0.0,1788854401.542592
2883.0119999999997,-0.4090768265149025,-0.5816072498761313,0.2220179157503134,0.8871804680214362,2.9024231077750238,0.1649322520318974,1,1,0.7655953764915466,-0.9203710120967408,1.3555877844439905,-1.860828538934225,-1.5292170683490198,-0.21472388902773076,0.0,8.870700203569852e-26,-0.0,0.0,-0.0,0.0,1788854401.6425781
2883.112,-0.409060435781074,-0.581611091546317,0.2220235625211746,0.8871742433852482,2.9024172778841093,0.16493686381714193,1,1,0.7656146287918091,-0.9203900855830689,1.3556035200702112,-1.860819479028219,-1.5292099157916468,-0.21470815340151006,0.0,0.0,-0.0,-3.005165893910089e-08,-0.0,0.0,1788854401.7426944
2883.212,-0.4090606507357761,-0.5816096449339432,0.22202749376540648,0.8872041515047454,2.902423857094792,0.1649378790913387,1,1,0.7656146287918091,-0.9203971785357972,1.3556063810931605,-1.8608228168883265,-1.5292218367206019,-0.21468955675234014,0.0,0.0,-0.0,-0.0,-0.0,0.0,1788854401.8426769
2883.312,-0.4090541303226027,-0.5816200408582534,0.22203059447957724,0.887123102540944,2.902488071781245,0.16495209247360282,1,1,0.7656373381614685,-0.9203900855830689,1.3555877844439905,-1.8608228168883265,-1.5292604605304163,-0.21472722688783819,0.0,0.0,-0.0,-0.0,-0.0,0.0,1788854401.942769
2883.412,-0.40906762105256234,-0.5816033568086288,0.22200417472449596,0.8871423432041099,2.9024439321451236,0.1650185025436679,1,1,0.765606164932251,-0.9203674358180542,1.3556097189532679,-1.8608113727965296,-1.5292566458331507,-0.21473914781679326,0.0,0.0,-0.0,-0.0,-0.0,0.0,1788854402.0426295
2883.5119999999997,-0.40906564481570556,-0.5816106083218446,0.22202230845740784,0.8871552109954677,2.9024400271463895,0.16498011361343587,1,1,0.7656133770942688,-0.9203792971423645,1.355584446583883,-1.860795637170309,-1.52924091020693,-0.21472388902773076,-1.4573980182767861e-19,0.0,-0.0,6.730765744578093e-05,-0.0,0.0,1788854402.1427417
2883.612,-0.4090719719214398,-0.5815891787747077,0.2220106948180957,0.8871715888964324,2.9024175759864623,0.1651206768411197,1,1,0.7655906677246094,-0.9203829330256958,1.3556025663958948,-1.8607241115965785,-1.5292804876910608,-0.2147310415851038,0.0,0.0,-0.0,0.0018962088506668806,-0.0,0.0,1788854402.2427373
2883.712,-0.40905415506989873,-0.5816043097412998,0.22203169513322757,0.8871062805383079,2.9024194185109495,0.16512341375054934,1,1,0.7656218409538269,-0.920398549442627,1.3555682341205042,-1.8606640301146449,-1.5292652289019983,-0.2147429625140589,0.0,0.0,-0.0,0.0001689698692644015,-0.0,0.0,1788854402.3429897
2883.812,-0.40907625631911715,-0.5815790878863395,0.22199205569039407,0.8872109833099093,2.9023514011100975,0.16522265998046817,1,1,0.7655749917030334,-0.9203638595393677,1.3556025663958948,-1.8606606922545375,-1.5292733351336878,-0.21471149126161748,-5.618817633390449e-10,0.0,-0.0,8.22093861643225e-05,-0.0,0.0,1788854402.4428794
2883.912,-0.40905545476111954,-0.581596010528199,0.22201345151511687,0.8871208514393079,2.902373538072068,0.1651713021493431,1,1,0.7656097412109375,-0.9203865093043824,1.3555877844439905,-1.8606487713255824,-1.5292494932757776,-0.21473914781679326,0.0,0.0,-0.0,0.0,-0.0,0.0,1788854402.5428045
2884.0119999999997,-0.40906536792767306,-0.5815909963950593,0.22202434278246233,0.8871735642163145,2.9023706216091094,0.16513341877919382,1,1,0.7655942440032959,-0.920398549442627,1.355584446583883,-1.8606606922545375,-1.5292461554156702,-0.21472055116762334,0.0,0.0,-0.0,0.0,-0.0,0.0,1788854402.6428914
2884.112,-0.40909011667750417,-0.5815644630433577,0.22200291115504722,0.887209508483987,2.902334365012898,0.16518419683686508,1,1,0.76554274559021,-0.9203865093043824,1.3556140104876917,-1.8606606922545375,-1.5292494932757776,-0.2147429625140589,-0.0002069133915938437,0.0,-0.0,0.0,-0.0,0.0,1788854402.74281
2884.212,-0.4091060839018743,-0.5815509308463749,0.22201392849741933,0.887247520595903,2.902329139637114,0.16518304256662414,1,1,0.7655139565467834,-0.9204021257213135,1.3556106726275843,-1.8606449566283167,-1.5292566458331507,-0.2147463003741663,-0.0006679795915260911,0.0,-0.0,0.0,-0.0,0.0,1788854402.8427382
2884.312,-0.40929078241166666,-0.5814230218392571,0.22203664853054433,0.8877180398443644,2.902198829383583,0.1650920336805136,1,1,0.7651984691619873,-0.9204296630671998,1.3556063810931605,-1.8606640301146449,-1.5292566458331507,-0.21473914781679326,-0.0023311723489314318,0.0,-3.5795131291155084e-31,1.2286006658560126e-35,-0.0,0.0,1788854402.9428198
2884.412,-0.4095427798357731,-0.5812693066232851,0.2220780951499635,0.8883286050751903,2.902052436058985,0.16487899681381732,1,1,0.7647872567176819,-0.9204500478557129,1.355555836354391,-1.8607222042479457,-1.52924091020693,-0.21473580995668584,-0.005552835762500763,0.0,-0.0,0.0,-0.0,0.0,1788854403.0428946
2884.5119999999997,-0.40973900605316066,-0.5811147227205778,0.22204549795020936,0.8888232591740465,2.901826852158259,0.16494081655566667,1,1,0.7644311189651489,-0.9204345506480713,1.3556025663958948,-1.8607074222960414,-1.529228989277975,-0.21473914781679326,-0.0009260441875085235,0.0,-0.0,0.0,-0.0,0.0,1788854403.1428564
2884.612,-0.40972520536556184,-0.581132322162438,0.22203708026316346,0.8888063184538647,2.901822719095791,0.16498544329981935,1,1,0.7644636631011963,-0.9204070133021851,1.3555720488177698,-1.8606764278807582,-1.529233757649557,-0.21471673647035772,-2.1059399625727804e-20,0.0,-0.0,0.0,-0.0,0.0,1788854403.242857
2884.712,-0.40973587134141176,-0.581118387216035,0.22202246814480409,0.8888724741760438,2.9017906059008207,0.16503119760434645,1,1,0.7644397020339966,-0.920398549442627,1.355591122304098,-1.8606730900206507,-1.52924091020693,-0.21469289461244756,0.0,0.0,-0.0,0.0,-0.0,0.0,1788854403.3428972
2884.812,-0.4097664931060642,-0.5810970751929196,0.22203766958124366,0.8889109647587558,2.9017868499242594,0.16498837339030636,1,2,0.7643868327140808,-0.9204178017428895,1.3555877844439905,-1.8606764278807582,-1.5292375723468226,-0.21472055116762334,-0.0005155757535248995,0.0,-0.0,0.0,-0.0,0.0,1788854403.442904
2884.912,-0.40981065859611604,-0.5810537103609883,0.22200539021998364,0.8890685948122968,2.901691099280974,0.16508194972035553,1,2,0.7642982006072998,-0.9203949731639405,1.3556211630450647,-1.8606568775572718,-1.5292375723468226,-0.21469289461244756,-0.0015794653445482254,0.0,-0.0,0.0,-0.0,0.0,1788854403.5429158
2885.0119999999997,-0.4099338396942161,-0.5809723023947662,0.22201773687816312,0.8893321377060563,2.901632430776062,0.16498670927070536,1,2,0.7640918493270874,-0.9204070133021851,1.3556211630450647,-1.8607036075987757,-1.5292375723468226,-0.21472055116762334,-0.0018739292863756418,0.0,-0.0,0.0,-0.0,0.0,1788854403.6429272
2885.112,-0.41007351600602715,-0.5808820587834915,0.22203628166391481,0.8896572915199696,2.9015609284189483,0.16495304896681515,1,2,0.7638639807701111,-0.9204141658595582,1.3555877844439905,-1.8606912098326625,-1.5292652289019983,-0.21472722688783819,-0.0033662598580121994,0.0,-0.0,0.0,-0.0,0.0,1788854403.7429154
2885.212,-0.4104481197987427,-0.5806313002147102,0.22203875213008428,0.8905662473907807,2.9012802345439233,0.16481278033914237,1,2,0.7632322311401367,-0.9204021257213135,1.3555753866778772,-1.8607551060118617,-1.5292580763446253,-0.2147310415851038,-0.009175249375402927,0.0,-0.0,0.0,-0.0,0.0,1788854403.8428712
2885.312,-0.41113045618049726,-0.5801423021186645,0.22205646805196153,0.8922440692237378,2.9007198916158017,0.1647391005893153,1,2,0.7620535492897034,-0.9204296630671998,1.3555720488177698,-1.860720773736471,-1.5292804876910608,-0.2147429625140589,-0.012654687277972698,0.0,-0.0,-7.040988566586748e-05,-0.0,0.0,1788854403.9430254
2885.412,-0.41174381164272095,-0.5797221019641656,0.22207080745286564,0.8937927364170647,2.9002041132935323,0.16454162396841324,1,2,0.7610069513320923,-0.9204296630671998,1.3555486837970179,-1.860767503777975,-1.5292494932757776,-0.2147148291217249,-0.008490558713674545,0.0,-0.0,-9.827890966730604e-33,-0.0,0.0,1788854404.0429788
2885.5119999999997,-0.41197059487522086,-0.5795259945422813,0.2220079056830124,0.894370593819372,2.899901975751063,0.16472149143375872,1,2,0.760578989982605,-0.9204021853259583,1.35563832918276,-1.8607169590392054,-1.5292461554156702,-0.21472388902773076,-0.0019013202982023358,0.0,-0.0,-0.0,-0.0,0.0,1788854404.1429877
2885.612,-0.4121005615172395,-0.579443487478033,0.22202683148258157,0.8946379476036463,2.8998447092806163,0.16465023528078573,1,2,0.760366678237915,-0.9204105895808716,1.3556106726275843,-1.860727926293844,-1.5292580763446253,-0.21475488344301397,-0.0037407996132969856,0.0,-0.0,1.8872431395422495e-11,-1.153588868874067e-08,0.0,1788854404.2428656
2885.712,-0.41227306854205664,-0.5793213179136554,0.22204865026258552,0.8951348424219623,2.899691176104805,0.16462119148745868,1,2,0.7600705623626709,-0.920433298950531,1.355591122304098,-1.860696931878561,-1.5292652289019983,-0.21470767656435186,-0.0008907301817089319,-8.054254005513651e-19,-0.0,0.0,0.0,0.0,1788854404.3430123
2885.812,-0.4122826993844655,-0.5793166277541428,0.2220460069104184,0.8951317551957272,2.8996722819259397,0.16461611062632983,1,2,0.7600539326667786,-0.9204260867885132,1.355584446583883,-1.8606897793211878,-1.5292494932757776,-0.21472388902773076,-0.00037207690184004605,0.0,-0.0,0.0,0.0,0.0,1788854404.4430292
2885.912,-0.41230657314375546,-0.5792957433237842,0.22201297165449527,0.8951861461796828,2.8996593942447535,0.16466043942351047,1,2,0.7600119113922119,-0.9203949135592957,1.3556178251849573,-1.8607312641539515,-1.5292723814593714,-0.2147277037249964,-7.222669228212908e-05,0.0,-0.0,0.0,0.0,0.0,1788854404.5430257
2886.0119999999997,-0.41229460785466315,-0.5793212534890163,0.2220333872578279,0.895163410453786,2.8997059430527536,0.16458367366513615,1,2,0.7600501775741577,-0.9203949731639405,1.3555753866778772,-1.860751291314596,-1.5292723814593714,-0.21471149126161748,-6.756960829079617e-06,0.0,-0.0,0.0,0.0,0.0,1788854404.643066
2886.112,-0.4123446541084931,-0.5792737695950966,0.22207882130691567,0.8952948169796503,2.8996558687394844,0.1644966848567162,1,2,0.7599470615386963,-0.9204704326442261,1.3555877844439905,-1.8607288799681605,-1.52924091020693,-0.21472388902773076,-0.0029884083196520805,-0.0005721378838643432,-0.0,0.0,0.0,0.0,1788854404.7430685
2886.212,-0.41291060699114734,-0.578875050537369,0.22229291552899832,0.8967288547889039,2.899374129037583,0.16383465212346102,1,2,0.7589688301086426,-0.9207495015910645,1.3555682341205042,-1.8608538113036097,-1.5292003790484827,-0.21473914781679326,-0.015675093978643417,-0.006246520671993494,-0.0,-0.00038771770778112113,0.00045139173744246364,0.0,1788854404.8430228
2886.312,-0.4141812617254282,-0.5779583077241578,0.22292088077835404,0.900107057468567,2.898798880933243,0.1621092878800878,1,2,0.7567505240440369,-0.9215883177569886,1.3555205504046839,-1.8611036739745082,-1.5291059652911585,-0.21470433870424444,-0.02485516108572483,-0.0042676194570958614,-3.581619315434844e-25,-0.002637205645442009,0.00015751038154121488,0.0,1788854404.9430788
2886.412,-0.4149143170150856,-0.5774380899562157,0.2230226410612062,0.9019134849392267,2.8983377346134236,0.16168966969466753,1,2,0.7554904222488403,-0.9217212957194825,1.3555243651019495,-1.861230035821432,-1.5291250387774866,-0.2147310415851038,-0.0032737574074417353,-0.0023267637006938457,-2.772287916741334e-05,-0.001155662233941257,0.00027572986437007785,0.0,1788854405.043093
2886.5119999999997,-0.41511613841016765,-0.5772635767874394,0.22340581046546681,0.9026108506244591,2.8984687755799863,0.16080746831173956,1,2,0.755108118057251,-0.9222675126842041,1.3555434385882776,-1.8613511524596156,-1.5291078726397913,-0.21468955675234014,-0.00549807446077466,-0.012155422009527683,-3.27418529195711e-05,-0.0023304049391299486,0.0003408257325645536,0.0,1788854405.1430428
2886.612,-0.41555117202453895,-0.5767988260988307,0.22512811974063826,0.9042342645558975,2.8993789151733855,0.15733018026723905,1,2,0.7541896104812622,-0.9246982497027894,1.3555081526385706,-1.86146940807485,-1.5290492216693323,-0.21472388902773076,-0.009945331141352654,-0.034796733409166336,-0.0,-0.0003422762674745172,0.00015434762462973595,0.0,1788854405.2432482
2886.712,-0.41556751660426267,-0.5763525022466937,0.22885322841160832,0.9056651836639783,2.9020276582390645,0.1504310406578585,1,2,0.7537158727645874,-0.9300640982440491,1.3555434385882776,-1.8614350757994593,-1.52907640138735,-0.21472388902773076,-0.001363710151053965,-0.07259998470544815,9.952643267752137e-06,-0.00013051361020188779,4.018491381430067e-05,0.0,1788854405.343063
2886.812,-0.41521315688675325,-0.5759753040327087,0.23416024299058352,0.906831594303154,2.9060546714209106,0.1405224892677319,1,2,0.7536728382110596,-0.937671498661377,1.3555329481707972,-1.8614112339415492,-1.5290544668780726,-0.21469289461244756,-0.00013367306382860988,-0.07256415486335754,3.106487201876007e-05,-2.529129051254131e-05,0.0,0.0,1788854405.4430552
2886.912,-0.4149598519730039,-0.5757863619990706,0.23697235765167823,0.9072641634653513,2.9082652182225064,0.13530390792401434,1,2,0.7537314891815186,-0.9417315882495423,1.355570141469137,-1.861405988732809,-1.5290821234332483,-0.21472388902773076,-1.9657165466924198e-05,-0.01292237639427185,-0.0,-7.180253331200363e-42,0.0,0.0,1788854405.5431626
2887.0119999999997,-0.4149933417975016,-0.5757604728363089,0.2370719778281657,0.9073739102970394,2.9083090052984164,0.13507179100204192,1,2,0.753669261932373,-0.9418584865382691,1.3555482069598597,-1.8614217243590296,-1.5290659109698694,-0.21472388902773076,0.0,-0.001299046678468585,-0.0,-0.0,0.0,0.0,1788854405.6431565
2887.112,-0.414971190339329,-0.5757735954388037,0.2370669876469969,0.9072967125294861,2.9083482619813976,0.1351180654087858,1,2,0.7537087202072144,-0.9418549102595826,1.355551544819967,-1.8614112339415492,-1.5290935675250452,-0.21473914781679326,0.0,-0.0009502441971562803,-0.0,-0.0,0.0,0.0,1788854405.7431588
2887.212,-0.41495759270466887,-0.5757814647019451,0.23714433114581968,0.907306823347702,2.908417934262142,0.13493674398863112,1,2,0.7537292242050171,-0.9419555825046082,1.3555401007281702,-1.8614350757994593,-1.5290854612933558,-0.21472388902773076,9.449396748095751e-05,-0.0018584667704999447,-3.189549170201644e-05,-0.0003167415561620146,0.0,0.0,1788854405.8431857
2887.312,-0.41494500099369025,-0.5757548032004751,0.23748644294274024,0.9074122179915177,2.908701761573954,0.13418220219172225,1,2,0.7537122964859009,-0.9424441021731873,1.3555548826800745,-1.8615309200682582,-1.5290730635272425,-0.21472055116762334,-3.286711944383569e-05,-0.009173681028187275,2.405816075301391e-28,-0.0016005013603717089,0.0,0.0,1788854405.943095
2887.412,-0.4149538359355694,-0.5757274285260793,0.23797381836091286,0.9076064335149538,2.90910993800723,0.13299486838823207,1,2,0.753669261932373,-0.943097249870636,1.3555205504046839,-1.8617249927916468,-1.5290301481830042,-0.21470767656435186,-0.0001056584733305499,-0.0021921724546700716,-0.0,-0.0006159073091112077,4.78431321689779e-41,0.0,1788854406.0432034
2887.5119999999997,-0.41494869801733547,-0.5757117798738371,0.23807916662556264,0.9076101096480101,2.909219164619885,0.13279177221474175,1,2,0.7536607980728149,-0.9432600897601624,1.3555434385882776,-1.8617502651610316,-1.5290492216693323,-0.2147310415851038,-0.0001279866264667362,-0.0008329346310347319,-0.0,-0.00048660021275281906,0.0,0.0,1788854406.1431987
2887.612,-0.41494956160472,-0.5757207354991671,0.2381612805452924,0.9076341224556451,2.9092852582579143,0.13253006636673212,1,2,0.7536643743515015,-0.9433522981456299,1.3555153051959437,-1.861809869805807,-1.5290144125567835,-0.21472388902773076,-8.476898801745847e-05,-0.004818061366677284,-0.0,-0.0012523840414360166,0.0,0.0,1788854406.2433639
2887.712,-0.41489735661028054,-0.5756529324074666,0.23887637306440457,0.9077849599475738,2.9098715510547843,0.13114874167371704,1,2,0.7536488771438599,-0.944405273800232,1.355570141469137,-1.8618809185423792,-1.5290373007403772,-0.21473914781679326,-2.0856651518359948e-20,-0.020732907578349113,-0.0,-0.0009351157350465655,0.0,0.0,1788854406.343292
2887.812,-0.41470672245771695,-0.5754674061341242,0.24158366941046508,0.9083581290412276,2.9120065399266677,0.12584867126581545,1,2,0.7536439895629883,-0.9482426804355164,1.3555243651019495,-1.8620454273619593,-1.5290287176715296,-0.2147310415851038,-0.0012102567125111818,-0.07144353538751602,-0.0,-0.0013460380723699927,0.0001490179420216009,0.0,1788854406.4432528
2887.912,-0.41419039162784993,-0.5748067196112561,0.24858762680540064,0.909974582477266,2.9172059136748643,0.11277602009834523,1,2,0.7534725666046143,-0.9583473962596436,1.355570141469137,-1.8619686565794886,-1.5290582815753382,-0.2147310415851038,-0.0013368097133934498,-0.10445966571569443,-0.0,-5.41556000825949e-05,5.611053347820416e-05,0.0,1788854406.543212
2888.0119999999997,-0.41367199126164556,-0.5743483152900855,0.25398092058702776,0.9109472650988303,2.921283986276249,0.10264309316901325,1,2,0.7535122036933899,-0.9661007684520264,1.355551544819967,-1.8619209728636683,-1.5290821234332483,-0.2147429625140589,3.531051333993673e-05,-0.047177787870168686,3.108901728410274e-05,9.034819959197193e-05,0.0,0.0,1788854406.643186
2888.112,-0.4135502943373176,-0.5742744062645703,0.25493080098670723,0.9110725764253271,2.9220208646381263,0.10092069168940587,1,2,0.7535601854324341,-0.9674788278392334,1.3555596510516565,-1.861880441705221,-1.5291131178485315,-0.21473580995668584,0.00027427086024545133,0.0019200904062017798,-8.363049722132665e-26,0.00014099090185482055,2.4119370124934466e-20,0.0,1788854406.743323
2888.212,-0.4135697275843045,-0.5742552736773725,0.2549844116160187,0.9111512736269315,2.922030550369413,0.10075619931832007,1,2,0.7535170316696167,-0.9675554794124146,1.3555663267718714,-1.8619171581664027,-1.5290854612933558,-0.2147310415851038,4.0657661884324625e-05,-0.0030461226124316454,4.617927644215254e-25,6.3738749521424776e-12,0.0,0.0,1788854406.8432868
2888.312,-0.41342818057559705,-0.5740874908571892,0.2567516442444863,0.9115564245977713,2.9233351749700254,0.09728514413827578,1,2,0.7534772753715515,-0.9700810474208375,1.355551544819967,-1.8619886837401332,-1.5290492216693323,-0.2147277037249964,4.924119662478157e-34,-0.03839634358882904,-5.762901491834782e-05,-0.00013232554192654788,0.0,0.0,1788854406.9433508
2888.412,-0.4131075024456734,-0.573833491101427,0.25962641252944607,0.9120357527126912,2.925510446062533,0.0918513156539432,1,2,0.7535325288772583,-0.9742325705340882,1.3555663267718714,-1.8619848690428675,-1.5290654341327112,-0.21472388902773076,-2.756229878286831e-05,-0.033130791038274765,-0.0,-3.5260797103323083e-13,0.0,0.0,1788854407.0433276
2888.5119999999997,-0.4128705069435104,-0.5735625902460671,0.26219256678552505,0.9126201919852729,2.927396457140846,0.08703187550746473,1,2,0.7534893751144409,-0.9779291909984131,1.3555548826800745,-1.8619448147215785,-1.5290973822223108,-0.21470433870424444,0.0,-0.022749047726392746,-0.0,-0.0,0.0,0.0,1788854407.14333
2888.612,-0.41284102815868234,-0.5735786155653586,0.2617033489074687,0.9123521451527336,2.926967268730031,0.08851509085915384,1,2,0.7535481452941895,-0.977327899341919,1.3556354681598108,-1.8615580997862757,-1.5291884581195276,-0.2147463003741663,0.00012141460319980979,0.021233346313238144,0.00040668583824299276,0.00498549547046423,-0.0004947407287545502,0.0,1788854407.243366
2888.712,-0.41318937073121353,-0.5738294931197444,0.2584965535565782,0.9118497392204081,2.9245203559112536,0.09485759225050391,1,2,0.753473699092865,-0.9727583092502137,1.3556845823871058,-1.861405988732809,-1.5292533079730433,-0.21473914781679326,-5.978873014100827e-05,0.061366014182567596,0.0011532945791259408,0.0002867306175176054,-0.00018332028412260115,0.0,1788854407.343371
2888.812,-0.4135385942970016,-0.574209205465857,0.25456493152743187,0.9110777018849361,2.921577077123742,0.10229930708353077,1,2,0.7535206079483032,-0.9671184581569214,1.3557246367083948,-1.861429830590719,-1.529233757649557,-0.2147000471698206,-4.02113464790555e-18,0.0360378660261631,0.00016328801575582474,6.22372463112697e-05,-8.534154039807618e-05,0.0,1788854407.4433885
2888.912,-0.4135491703162197,-0.5742410031131282,0.2542807217439035,0.9109497092812551,2.921424406625683,0.10291979768124485,1,2,0.753551721572876,-0.9667135638049622,1.3557246367083948,-1.861398836175436,-1.5292928854571741,-0.21472388902773076,0.0,-0.00015646259998902678,1.3532025150198024e-05,1.1700842177112223e-42,-0.0,0.0,1788854407.5433643
2889.0119999999997,-0.4135957721012901,-0.5742959727979068,0.2534496157311816,0.9107510033579838,2.9207570331825012,0.10467255265338501,1,2,0.7535649538040161,-0.9655760687640687,1.3557918707477015,-1.861281534234518,-1.529309097920553,-0.2147277037249964,3.579092299332842e-05,0.019749099388718605,0.0002779572387225926,0.0013676203088834882,-0.0010845566866919398,0.0,1788854407.6434014
2889.112,-0.4138635194310905,-0.5747017651914312,0.24928495112982874,0.9096888663096754,2.917734302648167,0.11293091779657531,1,2,0.753743588924408,-0.9596270483783265,1.3558171431170862,-1.8610712490477503,-1.5294597784625452,-0.21472388902773076,0.0072191315703094006,0.09225175529718399,0.001194265321828425,0.0019256153609603643,-0.0005423782858997583,0.0,1788854407.7434366
2889.212,-0.4144108148086802,-0.5753797884375151,0.24185099473185598,0.9080093349260349,2.912154828694593,0.12689343232608016,1,2,0.7539006471633911,-0.9489431542209168,1.355828110371725,-1.8610998592772425,-1.5294206778155726,-0.2147148291217249,0.0006771843181923032,0.10830528289079666,6.008905256749131e-05,-0.0001269424828933552,-0.00011181103036506101,0.0,1788854407.84343
2889.312,-0.41456937047303544,-0.5757389995637817,0.23917305569420744,0.9071915757471212,2.9103894779008184,0.1312887565676185,1,2,0.754104495048523,-0.9449683588794251,1.3557193914996546,-1.8615628681578578,-1.5293334166156214,-0.21473914781679326,2.858969335622479e-28,-0.011067080311477184,-0.0005501044215634465,-0.0022636549547314644,0.00014869641745463014,0.0,1788854407.943464
2889.412,-0.4144491332234938,-0.5756519055171112,0.24055300228393806,0.9074313250712456,2.9114799434943968,0.12861413035280103,1,2,0.7541320323944092,-0.9469394248775025,1.3557160536395472,-1.8616301021971644,-1.5293248335467737,-0.21473914781679326,-7.381144306872756e-12,-0.014391814358532429,-5.609063009615056e-05,-0.00030757870990782976,5.6064807722577825e-05,0.0,1788854408.0433917
2889.5119999999997,-0.4143001385922129,-0.5757540731766279,0.24072233405211316,0.9071414283348456,2.9117411485193356,0.12813874198053507,1,2,0.7543790340423584,-0.9471690219691773,1.3557193914996546,-1.861753603021139,-1.529278580342428,-0.21472055116762334,0.0012050516670569777,-0.002519303699955344,-3.973577622673474e-05,-0.0020959419198334217,0.0,0.0,1788854408.1434605
2889.612,-0.41419756747830483,-0.5755957206678596,0.24285355344384107,0.9076901897266126,2.9135156793780306,0.12368117825511729,1,2,0.7543168663978577,-0.9501743477633973,1.3557079474078577,-1.8621398411192835,-1.5292804876910608,-0.21472388902773076,1.759285805746913e-05,-0.061342768371105194,-2.751375359366648e-05,-0.0035981021355837584,0.0001458806509617716,0.0,1788854408.2435005
2889.712,-0.4135010950243612,-0.5750102391594838,0.25060614236497525,0.9091458285262537,2.9195554484987025,0.1086975341243922,1,2,0.7543994188308716,-0.961279885177948,1.3557112852679651,-1.8624636135497035,-1.5292843023883265,-0.21470767656435186,0.00047213543439283967,-0.15675286948680878,-1.6620460883132182e-05,-0.0003145483788102865,0.00012600855552591383,0.0,1788854408.3433995
2889.812,-0.41201573707728234,-0.5745329097956158,0.2601039519903823,0.9095403981009995,2.9271052787995595,0.0908289708925705,1,2,0.7553789615631104,-0.9749682706645508,1.3557193914996546,-1.8623987636961878,-1.5293009916888636,-0.21471149126161748,0.02388359047472477,-0.10626089572906494,2.9056291168672033e-05,0.00016273738583549857,1.937809992404638e-24,0.0,1788854408.4433808
2889.912,-0.40915060647168855,-0.5756695359737948,0.2652950220509332,0.9045896714908546,2.9328375063513095,0.08123566631495087,1,2,0.7594135403633118,-0.982454316025116,1.355704132710592,-1.8623134098448695,-1.5292890707599085,-0.21473914781679326,0.049509432166814804,-0.04384119063615799,-0.0,5.794964454253204e-05,5.843414596234487e-43,0.0,1788854408.5437431
2890.0119999999997,-0.4061032058075998,-0.577643948678726,0.26627476498767777,0.8973586147719712,2.935986103874747,0.0796113695198365,1,2,0.7645127773284912,-0.9838805955699463,1.3557317892657679,-1.8623558483519496,-1.5292962233172815,-0.21472055116762334,0.04949599876999855,-0.00031941922497935593,-0.0,1.717074204905112e-27,0.0,0.0,1788854408.6434338
2890.112,-0.403586204221188,-0.5793963176289526,0.2662856735612425,0.8910079229210449,2.938015622041476,0.07978389965821331,1,2,0.76884925365448,-0.9839130204967041,1.355762783681051,-1.8623830280699671,-1.529261891041891,-0.2147277037249964,0.03732988238334656,-0.00047315889969468117,2.935252706515244e-15,0.0,0.0,0.0,1788854408.743563
2890.212,-0.40102753964406773,-0.5811852987380058,0.2662671907277307,0.8845367531167307,2.940100321668888,0.0801126721808035,1,2,0.7732802033424377,-0.9838602703860779,1.3557160536395472,-1.8623486957945765,-1.529304329548971,-0.21472388902773076,0.052237093448638916,0.0,-0.0,0.0,0.0,0.0,1788854408.843752
2890.312,-0.3978647471176836,-0.5833485785002315,0.2662403488206191,0.8765905663570346,2.942560968726838,0.08045990167603478,1,2,0.7787009477615356,-0.983841137295105,1.3557441870318812,-1.8623396358885707,-1.5292733351336878,-0.21472388902773076,0.05817394331097603,0.0,-0.0,0.0,5.020764239186832e-36,0.0,1788854408.9434745
2890.412,-0.3952137608948025,-0.5851498238168124,0.26621546912994404,0.8699371211047598,2.94463684363579,0.0807572690916696,1,2,0.7832409143447876,-0.9838097852519532,1.3557518164264124,-1.8623434505858363,-1.5292771498309534,-0.21472388902773076,0.034054260700941086,0.0001780789316399023,-0.0,0.0,0.0,0.0,1788854409.0435097
2890.5119999999997,-0.3937466773246917,-0.5861320207215037,0.2662281347228666,0.8663210207471331,2.9457731439941846,0.08089314470759733,1,2,0.7857403755187988,-0.9838326734355469,1.355755631123678,-1.8623277149596156,-1.5292804876910608,-0.21469289461244756,0.02039150707423687,1.3925242456025444e-05,-0.0,3.327606202561291e-23,0.0,0.0,1788854409.14349
2890.612,-0.3926301085748373,-0.5868830575935787,0.26621764328773856,0.8634790797197666,2.946643170251263,0.08100613899251896,1,2,0.7876456379890442,-0.9838170570186158,1.355755631123678,-1.862331052819723,-1.5292733351336878,-0.21472388902773076,0.022214852273464203,0.0,-0.0,0.0,0.0,0.0,1788854409.2435377
2890.712,-0.3908034014014,-0.5880913988596403,0.26621328585759535,0.8589463052524268,2.9480692653466782,0.08125432006531931,1,2,0.7907514572143555,-0.9838242691806336,1.3557704130755823,-1.8623043499388636,-1.5293167273150843,-0.21471149126161748,0.03821268305182457,0.0,7.22950097475599e-26,0.0,0.0,0.0,1788854409.3435574
2890.812,-0.3881647960030522,-0.5898301037820558,0.26617692359325273,0.8523320345426398,2.950035339093351,0.08157582932088062,1,2,0.7952207922935486,-0.9837930959514161,1.3557995001422327,-1.8622871838011683,-1.529285732899801,-0.21473914781679326,0.042049527168273926,0.0,0.00015015974349807948,0.0001128325893660076,0.0,0.0,1788854409.4435015
2890.912,-0.3865756865519652,-0.5908599197827111,0.26613288685369674,0.8484464625745349,2.9511735958263894,0.08191336082134892,1,2,0.7979022860527039,-0.9837573331645508,1.355828110371725,-1.8622204265990199,-1.529304329548971,-0.21469670930971319,0.008740934543311596,0.00018550960521679372,8.293473365483806e-05,0.00016351907106582075,0.0,0.0,1788854409.543641
2891.0119999999997,-0.38648282150141905,-0.5909176335356119,0.26610496379332804,0.8481942918687407,2.9512426903766267,0.08205052489029359,1,2,0.7980616688728333,-0.9837249678424378,1.3558319250689905,-1.862180849114889,-1.5293410460101526,-0.21470767656435186,0.00017189358186442405,0.0015063351020216942,2.620344486457532e-30,0.0006196840549819171,0.0,0.0,1788854409.643893
2891.112,-0.3861168583918382,-0.5911398800213943,0.26595163777913133,0.8472254986276438,2.951308490086203,0.08269408453699321,1,2,0.7986655235290527,-0.9835501474193116,1.3558509985553187,-1.861924787560934,-1.5293529669391077,-0.2147310415851038,0.01272889506071806,0.0001368949597235769,0.00023027411953080446,0.00020027869322802871,0.0,0.0,1788854409.7435982
2891.212,-0.3853776156174954,-0.5916033193851694,0.26587616739571734,0.8454232760596603,2.9517601474099897,0.0829742694511981,1,2,0.7998949885368347,-0.983493761425354,1.3559234778033655,-1.8618885479369105,-1.5293410460101526,-0.2147148291217249,0.01038817036896944,0.0002647964283823967,0.0004525336844380945,0.0002795658365357667,0.0,0.0,1788854409.843612
2891.312,-0.3850802937372277,-0.5917435349723971,0.2657262159081306,0.8447108685336209,2.951752425625799,0.08346808568512948,1,2,0.80033940076828,-0.9834063214114686,1.3560980002032679,-1.8617822132506312,-1.5293095747577112,-0.21472388902773076,0.0008833384490571916,0.002409412059932947,0.003892923006787896,0.0011224739719182253,0.0,0.0,1788854409.9436274
2891.412,-0.3849670651876255,-0.5916419164634888,0.2652735153956609,0.8445787698514782,2.951327083036258,0.08472384932838935,1,2,0.8003587126731873,-0.983194426899292,1.3567574659930628,-1.861732622186178,-1.529337231312887,-0.2147277037249964,8.117988181766123e-05,0.0011335324961692095,0.006311630364507437,0.0003823485167231411,0.0,0.0,1788854410.0438523
2891.5119999999997,-0.3848652740263357,-0.5916601933615673,0.2649933825607024,0.8443439795647885,2.9510749722282177,0.08548777609212936,1,2,0.8004797101020813,-0.9829477232745667,1.3569744269000452,-1.8616205654540003,-1.5293176809894007,-0.21472055116762334,0.0036237910389900208,0.003153369529172778,0.0009829910704866052,0.0010480420896783471,0.0,0.0,1788854410.1436214
2891.612,-0.3843394932784558,-0.5920560052413596,0.2643949721118255,0.8428350708902433,2.951044006629234,0.08691531631234409,1,2,0.8014286160469055,-0.9821537298015137,1.3570550123797815,-1.861495157281393,-1.5293644110309046,-0.2147277037249964,0.013045329600572586,0.016481967642903328,0.0007425022777169943,0.0011632685782387853,-2.0607307364434863e-13,0.0,1788854410.2435849
2891.712,-0.38358245503508936,-0.5929364394752161,0.2617502041896209,0.8399668908698553,2.9497468970345824,0.0923188035923394,1,2,0.8030869960784912,-0.9784223598292847,1.3571532408343714,-1.8613344631590785,-1.529313866292135,-0.21470767656435186,0.020372318103909492,0.058131229132413864,0.0003644693933892995,0.0011026159627363086,-0.0,0.0,1788854410.3436725
2891.812,-0.383131124350803,-0.5942370040344555,0.2555666690152558,0.8363400283673512,2.946093993543292,0.10428940224371407,1,2,0.8048484325408936,-0.9694953721812745,1.3571460882769983,-1.8613821468748988,-1.5293095747577112,-0.21472388902773076,0.007657351437956095,0.10924843698740005,0.0005438789376057684,0.00011290604015812278,-0.0,0.0,1788854410.4436553
2891.912,-0.38362008168113415,-0.5947642399032687,0.24981469359185463,0.8353838385015975,2.941900202423763,0.11537493204297736,1,2,0.8048604726791382,-0.961261586552002,1.3572261969195765,-1.861394544641012,-1.5293129126178187,-0.21470767656435186,-0.00021943704632576555,0.05192279815673828,0.0011011807946488261,1.5245310981508442e-13,-0.0,0.0,1788854410.5436904
2892.0119999999997,-0.38372506664011286,-0.594913147675203,0.2477432948868901,0.8349820002884248,2.940368287152762,0.11947525103152469,1,2,0.8048999309539795,-0.9584236306003113,1.35744554201235,-1.8613854847350062,-1.5293281714068812,-0.2147000471698206,-3.82953294320032e-05,0.0034660897217690945,0.008313257247209549,0.0,-0.0,0.0,1788854410.6436882
2892.112,-0.3836297672713547,-0.5948352485345444,0.24753867440546456,0.834906868272653,2.9401215878275173,0.12011452803226944,1,2,0.8049203157424927,-0.9584188026240845,1.3578851858722132,-1.8613468609251917,-1.529321018849508,-0.21469289461244756,0.00019170562154613435,-1.3749305354652835e-27,0.0067372871562838554,5.267548344719744e-17,-0.0,0.0,1788854410.743674
2892.212,-0.3832301948988828,-0.5945640957776419,0.24674910862545957,0.8344493112837605,2.9392965366437096,0.12251387547475896,1,2,0.8050677180290222,-0.9583912056735535,1.3595860640155237,-1.8612867794432582,-1.529337231312887,-0.21472055116762334,0.0024590438697487116,0.0010411699768155813,0.030451660975813866,0.0004378686717245728,-0.0,0.0,1788854410.8437228
2892.312,-0.38232386459871887,-0.5936300597117797,0.24456269831996547,0.8338643459261048,2.9367907444230936,0.12904708583029303,1,2,0.8050808310508728,-0.9584056299975892,1.3644712607013147,-1.861248632470602,-1.529349152241842,-0.21472388902773076,0.00017725126235745847,0.00014800403732806444,0.07040282338857651,0.00017739582108333707,-0.0,0.0,1788854410.9437726
2892.412,-0.3804642208898721,-0.5917150148067278,0.24009753573293233,0.8326746573478467,2.9316572571143773,0.14217980806291616,1,2,0.8051035404205322,-0.958387629394867,1.374450985585348,-1.8613344631590785,-1.5293353239642542,-0.2147277037249964,8.948023605626076e-05,5.377553002695428e-30,0.12618261575698853,2.6493120458326302e-05,-0.0,0.0,1788854411.043697
2892.5119999999997,-0.3777735065772074,-0.5888764159909585,0.2337926096855085,0.8310614785435164,2.9242503582028574,0.16073286878233337,1,2,0.8050677180290222,-0.9584701818278809,1.3888376394854944,-1.861577650109762,-1.5293129126178187,-0.2147310415851038,7.038985803682602e-33,-0.00226214830763638,0.12819012999534607,-0.011616725474596024,-0.0,0.0,1788854411.1437626
2892.612,-0.37750582198005433,-0.5885631358550295,0.23370493044347782,0.8313377685070036,2.9250207619720854,0.1587052582420847,1,2,0.8050316572189331,-0.9595288795283814,1.3912337462054651,-1.864446302453512,-1.529304329548971,-0.21469289461244756,-0.00011651434033410624,-0.002036930061876774,0.00018240469216834754,-0.0020270654931664467,-0.0,0.0,1788854411.2437809
2892.712,-0.3775359358595565,-0.5885523301892637,0.23368658074080959,0.8313563805099646,2.9250112812047457,0.1586682838480202,1,2,0.804987370967865,-0.9594978255084534,1.3912370840655726,-1.864497800866598,-1.5292928854571741,-0.21472388902773076,-0.0002406073472229764,1.2103995745298472e-39,1.4932908925402444e-05,-0.00010278821719111875,-0.0,0.0,1788854411.343787
2892.812,-0.37758981223462634,-0.588487623618411,0.23399738343855295,0.8315941950088116,2.925176046218099,0.15799343810263095,1,2,0.8048604726791382,-0.9599433106235047,1.3912318388568323,-1.8645302257933558,-1.5292566458331507,-0.21472388902773076,-0.00046243375982157886,-0.00929420255124569,-0.0,-0.00024412249331362545,0.00010649876639945433,0.0,1788854411.4439435
2892.912,-0.3775223761020249,-0.5884206921372441,0.23509931445886462,0.8318178848360221,2.9260014035108965,0.15580925498794354,1,2,0.8048604726791382,-0.9615106743625184,1.3911736647235315,-1.864542146722311,-1.5292251745807093,-0.21470433870424444,-7.533658208558336e-05,-0.02256527543067932,-0.00014273641863837838,-9.494938421994448e-05,5.031850491832301e-07,0.0,1788854411.543754
2893.0119999999997,-0.37737632325368764,-0.5882752576304571,0.23712429854435244,0.8321218037288564,2.92757791067985,0.15192294852665802,1,2,0.8048723936080933,-0.9644373816302796,1.3911293188678187,-1.8645230732359828,-1.5292447249041956,-0.2147310415851038,-1.3196307898239667e-40,-0.034439586102962494,-0.00039481298881582916,-9.86796979387486e-37,0.0,0.0,1788854411.6438084
2893.112,-0.3772621521752874,-0.5881426765303683,0.2387716921656104,0.832415290659121,2.9288467828213025,0.14870362241970125,1,2,0.8048604726791382,-0.9668359321406861,1.3911293188678187,-1.8645578823485316,-1.5292447249041956,-0.2147429625140589,-1.0726407956296313e-10,-0.023607391864061356,-0.00019917763711418957,-6.0155867686262354e-05,0.0,0.0,1788854411.7438002
2893.212,-0.3770806395656655,-0.5879673782290866,0.24107654518568014,0.8328259676646133,2.9305957214469465,0.1442366734681372,1,2,0.8048759698867798,-0.9701802891543885,1.3911007086383265,-1.8645578823485316,-1.5292375723468226,-0.21472388902773076,0.0,-0.03239446133375168,-0.00015589152462780476,-0.0,0.0,0.0,1788854411.8438325
2893.312,-0.37701515935548807,-0.5878627250460953,0.24256719239298732,0.8331345327024134,2.9317480689045734,0.1412682331531364,1,2,0.8048412203788757,-0.9722650808146973,1.3909648100482386,-1.8645779095091761,-1.52924091020693,-0.2147310415851038,0.0,-0.008049389347434044,-0.0033698624465614557,-8.7191218132268e-24,0.0,0.0,1788854411.9438796
2893.412,-0.3771395220093778,-0.5880133360179945,0.24291966089436556,0.8332219283029045,2.9321744208462026,0.1403217074048857,1,2,0.804868757724762,-0.9722926777652283,1.3902071158038538,-1.8645349941649378,-1.5292843023883265,-0.21470767656435186,-0.0,-1.0092905086668686e-28,-0.009912725538015366,-0.0,0.0,0.0,1788854412.0438964
2893.5119999999997,-0.37745909282052453,-0.5883622603685874,0.24367005195285768,0.8333599238125617,2.9330560094106164,0.13801147765437383,1,2,0.8048796057701111,-0.9722578686526795,1.38847524324526,-1.864561220208639,-1.5292494932757776,-0.21473580995668584,0.0,0.0,-0.02909873239696026,-0.0,0.0,0.0,1788854412.1438932
2893.612,-0.3784961747269587,-0.589475189831976,0.24617838429593547,0.8340117736334337,2.935975942192284,0.13062215384953604,1,2,0.8049156069755554,-0.9722209137729187,1.382791821156637,-1.8645063839354457,-1.5292771498309534,-0.2147000471698206,0.0,0.0002519690024200827,-0.09284510463476181,-0.0,0.0,0.0,1788854412.2438617
2893.712,-0.3804724097323031,-0.5915675025156868,0.2509835898200676,0.8352004180061673,2.9415095602820367,0.1164017207940576,1,2,0.8049513101577759,-0.9721297782710572,1.3719361464129847,-1.864455362359518,-1.529304329548971,-0.21469289461244756,0.0004124174593016505,0.0015904869651421905,-0.08297362923622131,0.00036817032378166914,2.2918937581106746e-10,0.0,1788854412.343855
2893.812,-0.3807587195341179,-0.591904742812648,0.25119323354793094,0.8351562845787239,2.9418723752663927,0.11559419142772616,1,2,0.8049920797348022,-0.9714364570430298,1.3703540007220667,-1.864183088342184,-1.529321018849508,-0.2147310415851038,0.0029507114086300135,0.0284973606467247,0.0003488791116978973,0.0008446888532489538,0.0,0.0,1788854412.4438376
2893.912,-0.3804813423179671,-0.5923177374899211,0.24933607217325254,0.8338157637204954,2.9407661737643367,0.11937423991816913,1,2,0.8056942820549011,-0.9688055080226441,1.370422665272848,-1.864082475701803,-1.5293248335467737,-0.21472388902773076,0.015453432686626911,0.029105186462402344,0.0002128289343090728,0.0006083589396439493,0.0,0.0,1788854412.543923
2894.0119999999997,-0.380507785387024,-0.5926918502886058,0.24636744104785757,0.8328204905943213,2.9386373132985892,0.12529450050977567,1,2,0.8060357570648193,-0.9645546835711976,1.3704636732684534,-1.863936563531393,-1.5293095747577112,-0.21470767656435186,-0.00010566259152255952,0.05325540155172348,0.00013841112377122045,0.0002726821694523096,0.0,0.0,1788854412.6438973
2894.112,-0.3807819417163065,-0.5930268848876564,0.24253886535608113,0.8321067794116265,2.9358021311846962,0.132670484826565,1,2,0.8060790300369263,-0.959047333603241,1.3705108801471155,-1.8639403782286585,-1.5293009916888636,-0.21470433870424444,-3.0274899472715333e-05,0.04708293825387955,0.00011946300219278783,9.120727918343619e-05,0.0,0.0,1788854412.7439253
2894.212,-0.38085461408735605,-0.5930808290999342,0.24163000169016763,0.8319793653236521,2.9351068667730345,0.13441670402141467,1,2,0.8060550689697266,-0.9577722114375611,1.3705747763263147,-1.8639589748778285,-1.5292938391314905,-0.21470767656435186,-2.564830868690823e-34,5.5589352996321395e-05,0.000284642621409148,4.18426807864192e-27,0.0,0.0,1788854412.843938
2894.312,-0.3808057425134772,-0.5931019647060018,0.24160048472876974,0.831838911937158,2.9351216682803396,0.13455340935989574,1,2,0.8061305284500122,-0.9577482503703614,1.3705952803241175,-1.8639165363707484,-1.5293167273150843,-0.21472388902773076,0.0001690731878625229,0.0,0.00039484529406763613,0.0001845518418122083,0.0,0.0,1788854412.943963
2894.412,-0.3807802528860461,-0.5931012188501661,0.24166288755508697,0.8318273497902967,2.93517202692772,0.13430820282094413,1,2,0.8061497211456299,-0.9578679364970704,1.370662037526266,-1.8640228710570277,-1.5292699972735804,-0.21472055116762334,6.641286017838866e-05,-0.0030479019042104483,5.918898750678636e-05,-3.8416095776483417e-05,0.0,0.0,1788854413.0439537
2894.5119999999997,-0.3807931667928643,-0.5930734095282032,0.24193802420130026,0.8319867246427318,2.9353876357670083,0.1337058756307842,1,2,0.8061102032661438,-0.958242730503418,1.3706381956683558,-1.8640834293761195,-1.5292804876910608,-0.21468907991518194,1.3297060934974736e-12,-0.004189569503068924,9.574933727829471e-12,-0.0004763533070217818,0.0,0.0,1788854413.14393
2894.612,-0.3807707319098854,-0.5930332747181208,0.24247048064151877,0.8320843431530052,2.935776340976414,0.13255461162565188,1,2,0.80608731508255,-0.9589936298182984,1.3706234137164515,-1.8641559086241664,-1.529233757649557,-0.21470767656435186,-3.345928416820243e-05,-0.011033213697373867,-0.0,-0.00042497660615481436,0.0,0.0,1788854413.2440114
2894.712,-0.38068637327611804,-0.5929322406444857,0.24375095029031543,0.832307867705903,2.9368134086380957,0.129944912336552,1,2,0.8060790300369263,-0.9608293336680909,1.3706267515765589,-1.8642994366087855,-1.5292566458331507,-0.21472388902773076,-4.630473492521851e-30,-0.03031427599489689,-0.0,-0.000709829677361995,0.0,0.0,1788854413.3442044
2894.812,-0.38049431513899745,-0.5927348968747971,0.2461137205902329,0.8327103405678562,2.938561312012153,0.12536210900646816,1,2,0.8060826063156128,-0.9642374080470582,1.3706157843219202,-1.8643180332579554,-1.52924091020693,-0.21472007433046514,0.0,-0.033619437366724014,-0.0,-0.00010202974226558581,0.0,0.0,1788854413.4439387
2894.912,-0.3803177418803076,-0.5925675286045367,0.24794037421817322,0.8329974949038116,2.939880848605641,0.12193741620233708,1,2,0.8061017394065857,-0.9669088882258912,1.3706463019000452,-1.864251276055807,-1.52924091020693,-0.21471149126161748,0.0,-0.021098721772432327,-0.0,-9.160577443271266e-20,0.0,0.0,1788854413.5440116
2895.0119999999997,-0.38026648739058455,-0.5925001759546651,0.24849775470535324,0.8330779764861652,2.940258938882506,0.12097426032483156,1,2,0.8060898184776306,-0.9677399557879944,1.3706672827350062,-1.8641678295531214,-1.5292494932757776,-0.2147277037249964,0.0,0.0028119462076574564,0.00036082579754292965,0.0007010059198364615,0.0,0.0,1788854413.64412
2895.112,-0.38013321957106616,-0.5923594763288959,0.24791869358458118,0.8329411136261756,2.9396286412902426,0.12274028625209372,1,2,0.8060945272445679,-0.9674118322185059,1.3714049498187464,-1.863931795159811,-1.5292928854571741,-0.21472007433046514,4.463781078811735e-05,0.0003101186011917889,0.005508709698915482,0.0006009472999721766,0.0,0.0,1788854413.7440445
2895.212,-0.38007258368700275,-0.5923135536206622,0.2477624664538498,0.8328440728553077,2.939436401974089,0.12324041438297649,1,2,0.8061102032661438,-0.9673639100841065,1.3716643492328089,-1.8638559780516566,-1.5292804876910608,-0.21473962465395147,5.628063445328735e-05,0.00018607774109113961,0.0020734916906803846,0.00038028828566893935,0.0,0.0,1788854413.8440294
2895.312,-0.38003386312920234,-0.5922625733428603,0.2474940814249453,0.832829297455644,2.9391887538166066,0.1239272015082384,1,2,0.806102991104126,-0.9671722215465088,1.371965233479635,-1.8638464413084925,-1.529304329548971,-0.21472007433046514,2.3953557887201882e-11,0.0014489697059616446,0.004198096692562103,0.0003743998531717807,0.0,0.0,1788854413.9441035
2895.412,-0.37990730377885257,-0.5921661129402325,0.24712777588837814,0.832672339787269,2.938803739250912,0.12495802452186502,1,2,0.80613774061203,-0.9670370382121583,1.3725650946246546,-1.8638035259642542,-1.529297176991598,-0.2147310415851038,7.949090650072321e-05,0.002440210897475481,0.008032900281250477,0.0003526763175614178,0.0,0.0,1788854414.0440536
2895.5119999999997,-0.37980838999068106,-0.5920347365338954,0.24675362160937572,0.8326311884313102,2.938376755005174,0.1260346419126407,1,2,0.8061102032661438,-0.9669208091548462,1.3732112089740198,-1.8637572727599085,-1.5293009916888636,-0.21472388902773076,0.0,0.0011502725537866354,0.0012917667627334595,0.00010039399785455316,0.0,0.0,1788854414.1440642
2895.612,-0.3798200568827931,-0.5920325896281097,0.24676175425743355,0.8326557176775978,2.9384057337880747,0.12599085398814636,1,2,0.8060981035232544,-0.9669243854335328,1.373204533253805,-1.8637882671751917,-1.5293167273150843,-0.21472388902773076,0.0,0.0,0.00012325015268288553,2.974606322269931e-31,0.0,0.0,1788854414.2440803
2895.712,-0.3798086230714185,-0.5920452156437834,0.2466461327462191,0.8325812550724492,2.938317314504925,0.12624912650194423,1,2,0.8061220645904541,-0.9667735260776062,1.373225514088766,-1.8637644253172816,-1.5293129126178187,-0.21473485628236944,0.0,0.006167392712086439,0.0005835033371113241,5.846586642556037e-14,0.0,0.0,1788854414.3440824
2895.812,-0.3799452378627291,-0.592200594305577,0.244846285298852,0.8322499662467238,2.9369614731136395,0.12973640278223156,1,2,0.8061305284500122,-0.9641809028438111,1.3732441107379358,-1.863744398156637,-1.529297176991598,-0.21473962465395147,1.1128983078980942e-21,0.049520548433065414,0.00013403961202129722,0.0002341929211979732,0.0,0.0,1788854414.4440756
2895.912,-0.3803596795457293,-0.5926190667918049,0.23969832388668194,0.8314150724395627,2.9331272372354285,0.13967642933917815,1,2,0.8061148524284363,-0.9567375344089051,1.3732555548297327,-1.863730093041891,-1.5293281714068812,-0.21472388902773076,9.233546734321862e-05,0.07825662195682526,5.5573102144990116e-05,7.750670920358971e-05,0.0,0.0,1788854414.5441031
2896.0119999999997,-0.38070706689311307,-0.5929636371851364,0.2351948129535379,0.8306628537865101,2.929754057448916,0.14825403273185786,1,2,0.8060908913612366,-0.9502292436412354,1.373275105153219,-1.863779207269186,-1.5293238798724573,-0.2147310415851038,2.3122139323576287e-38,0.05737297609448433,2.5425106287002563e-05,1.2910148738839896e-39,0.0,0.0,1788854414.6441128
2896.112,-0.3807819752338246,-0.5930733862361376,0.23407659047588175,0.8304278227338986,2.9289187868278526,0.15035747372099614,1,2,0.8061184883117676,-0.9485744398883362,1.3732155005084437,-1.8637758694090785,-1.5293057600604456,-0.2147310415851038,0.0,-0.0012425892055034637,-0.00024085813493002206,0.0,0.0,0.0,1788854414.7440927
2896.212,-0.38077667912948726,-0.5930918771948283,0.23404431773006978,0.8303935427154812,2.928909905881947,0.15040698132798794,1,2,0.8061424493789673,-0.9485085171512146,1.3731854597674769,-1.8637758694090785,-1.5293057600604456,-0.2147277037249964,0.0,3.451051452429965e-05,-2.662149563548155e-05,0.0,0.0,0.0,1788854414.8441138
2896.312,-0.38078395738212967,-0.5930767282315157,0.23404014988655655,0.8304060225590157,2.928879505453646,0.15043966228892694,1,2,0.8061184883117676,-0.948519305591919,1.3732078711139124,-1.863755842248434,-1.529297176991598,-0.21473962465395147,0.0,8.744366748863432e-27,-0.0,0.0,0.0,0.0,1788854414.944275
2896.412,-0.3808276781103941,-0.5930640597613855,0.23408103467526878,0.830516296765268,2.928898448409504,0.15020873857813088,1,2,0.8060550689697266,-0.9485564392856141,1.373193089162008,-1.8638550243773402,-1.529261891041891,-0.21473580995668584,-0.000999749288894236,-0.00043978961184620857,-0.0,4.6891227799295834e-17,0.0,0.0,1788854415.044157
2896.5119999999997,-0.380814799100825,-0.5930368326881433,0.23426045781340615,0.8305775954856885,2.9290302251218487,0.14988251627690355,1,2,0.8060430288314819,-0.9488402766040345,1.373232666646139,-1.8638631306090296,-1.5292723814593714,-0.2147277037249964,-0.0001380907342536375,-9.977023728424683e-05,-0.0,-0.0001215356751345098,0.0,0.0,1788854415.1441438
2896.612,-0.3807976784931347,-0.5930489996368008,0.23430906404407284,0.830514902961689,2.929100126325438,0.14978105310132467,1,2,0.8060741424560547,-0.9488988679698487,1.3732155005084437,-1.863868852654928,-1.5292795340167444,-0.2147467772113245,-2.332305168587227e-26,-2.3237305867951363e-05,-0.0,-4.7801920183361406e-27,0.0,0.0,1788854415.244172
2896.712,-0.3807919459058519,-0.5930542530039353,0.2343530547110002,0.8305501201467848,2.9290791921074417,0.1495886458889485,1,2,0.8060741424560547,-0.9489588302424927,1.3732193152057093,-1.8639146290221156,-1.5292013327227991,-0.21472388902773076,0.0,-0.0010064764646813273,-0.0,-0.00013697307440452278,0.0,0.0,1788854415.3441522
2896.812,-0.3808169380657154,-0.5930308943490595,0.23435337560903002,0.830625992719305,2.928994519593551,0.14954466516387854,1,2,0.8060154318809509,-0.9489743274501343,1.3732436339007776,-1.8639165363707484,-1.5291369597064417,-0.21472388902773076,0.0,-0.0001992840552702546,-0.0,-0.000128095067339018,0.0012919300934299827,0.0,1788854415.4441848
2896.912,-0.38078848072342686,-0.5930480869110313,0.23458480372959312,0.8306031356066504,2.9291675357129567,0.1489818769380458,1,2,0.8060538172721863,-0.9492702049067994,1.37319261232485,-1.863962312737936,-1.52907640138735,-0.2147277037249964,0.0,-0.003799439175054431,-0.0,-1.0271693099639378e-05,0.0002665331994649023,0.0,1788854415.544154
2897.0119999999997,-0.3807369467637379,-0.592982858305582,0.23534383502082856,0.8308011655795103,2.9297003846671914,0.14748154694570145,1,2,0.8060383200645447,-0.9503827852061768,1.3732226530658167,-1.8639947376646937,-1.5290420691119593,-0.21469623247255498,0.0,-0.014090430922806263,-0.0,-0.00010841426410479471,0.00010247815225739032,0.0,1788854415.6442103
2897.112,-0.380679048595053,-0.5928880731632786,0.23643727517775615,0.8310177399427088,2.930539927055209,0.14542999027763273,1,2,0.8060107231140137,-0.9519549769214173,1.3732040564166468,-1.8639732799925746,-1.5290802160846155,-0.21470767656435186,0.0,-0.006801015697419643,-0.0,-5.194325240154285e-06,9.847716149154962e-29,0.0,1788854415.7442613
2897.212,-0.38062384032721736,-0.5928337146940977,0.23717578833596545,0.8311330561016921,2.9310551815323858,0.1439630707714831,1,2,0.8060071468353271,-0.9530219000628968,1.373204533253805,-1.8639832935728968,-1.5290268103228968,-0.2147153059588831,0.0,-0.004832464735955,-0.0,-0.0,0.0,0.0,1788854415.8441293
2897.312,-0.3806285620937207,-0.592816676775459,0.23722498616055357,0.8311457781703877,2.9310802472876665,0.1439177714014565,1,2,0.805986762046814,-0.9531020683101197,1.373211685811178,-1.863948484460348,-1.5290373007403772,-0.2147310415851038,-0.0005564165767282248,-0.0018104114569723606,-0.0,-1.1770907100328463e-43,2.4966615412036948e-17,0.0,1788854415.9442503
2897.412,-0.38061856168744307,-0.5928275688776042,0.23730923369717033,0.8311347214975996,2.9311597824883524,0.1436932380603377,1,2,0.8060058951377869,-0.9532026213458558,1.3731854597674769,-1.8639832935728968,-1.5290215651141565,-0.2147310415851038,-0.00010845359065569937,-0.002625455614179373,-0.0,-0.0,9.031451190821826e-05,0.0,1788854416.044254
2897.5119999999997,-0.3806021361328265,-0.592796622412435,0.23756841966383754,0.8312589075345607,2.931301304793619,0.1431608051138828,1,2,0.805986762046814,-0.9535965484431763,1.3732193152057093,-1.8640037975706996,-1.5289824644671839,-0.21469289461244756,-3.191971036239401e-24,-0.016595104709267616,-0.0,-0.0,0.00021389510948210955,0.0,1788854416.1442125
2897.612,-0.3804813473216301,-0.5926656174183715,0.2392164215497583,0.8314981114957563,2.932586484628822,0.14003877687591118,1,2,0.8059903979301453,-0.9559747141650696,1.3732078711139124,-1.8639947376646937,-1.5290287176715296,-0.21472388902773076,0.0,-0.028818564489483833,-0.0,-0.0,8.86791676748544e-05,0.0,1788854416.244214
2897.712,-0.3801655088984721,-0.5923740756973848,0.24282448678689378,0.8320455689740521,2.9352747870451803,0.1331699936691631,1,2,0.8060322999954224,-0.961222307091095,1.373239819203512,-1.863955637017721,-1.5290253798114222,-0.2147277037249964,0.0,-0.07263004034757614,-0.0,-0.0,5.673857482051184e-41,0.0,1788854416.3442109
2897.812,-0.3797830092651999,-0.5919323221063967,0.2477086876209868,0.8329332759278559,2.93882224302031,0.12381345615333798,1,2,0.8059903979301453,-0.9683004182628174,1.373232666646139,-1.8638869724669398,-1.5289910475360315,-0.21472388902773076,0.0,-0.056242428719997406,-0.0,0.0003321908588986844,0.0,0.0,1788854416.444221
2897.912,-0.3796506373729238,-0.5918393956913519,0.24867659148958887,0.8330814612781698,2.939505524316598,0.1221740713259534,1,2,0.8060429692268372,-0.9697505396655579,1.3732765356646937,-1.8637405834593714,-1.5290325323687952,-0.21467668214906865,0.0005845800042152405,0.01249946840107441,0.0019011067925021052,0.0011564540909603238,0.0,0.0,1788854416.5442605
2898.0119999999997,-0.37945310150428646,-0.5916119996920816,0.24771093615234385,0.8327823025722145,2.9385556195859808,0.12480560110488921,1,2,0.8060274720191956,-0.9691924017718812,1.3745430151568812,-1.8636056385436,-1.5290730635272425,-0.2147467772113245,9.358729585073888e-05,0.00035078165819868445,0.03299695625901222,0.0004364055930636823,9.752803720175507e-08,0.0,1788854416.6443071
2898.112,-0.378538817335859,-0.5907036065511941,0.24555530231073508,0.8321977461598453,2.9360920804091806,0.13119146776401305,1,2,0.8060741424560547,-0.9691924017718812,1.379355255757467,-1.8636123142638148,-1.5290692488299769,-0.21472388902773076,1.0267845220485607e-36,2.7091182346339338e-05,0.06226075068116188,0.00012225494720041752,0.0,0.0,1788854416.744238
2898.212,-0.3772032310758575,-0.5892751114565692,0.24227455630389286,0.8313875044766442,2.93229093380089,0.14093016732593627,1,2,0.8060429692268372,-0.9691516917994996,1.3866379896747034,-1.863596578637594,-1.5290821234332483,-0.2147310415851038,9.315077331751558e-34,0.0006139398901723325,0.06933705508708954,0.00015956444258335978,0.0,0.0,1788854416.8443418
2898.312,-0.37667461423579945,-0.5886518928957043,0.24092551662227035,0.8311390140496268,2.930754275511628,0.14484886202337474,1,2,0.8059759736061096,-0.9691684407046814,1.3897174040423792,-1.8637129269041957,-1.5291131178485315,-0.21473580995668584,-0.00020614001550711691,-6.825363379903138e-05,-0.00035202057915739715,6.040907689710846e-16,0.0,0.0,1788854416.9442925
2898.412,-0.3766996705241415,-0.5886647308993426,0.24104529008196507,0.8312613012080049,2.930852632341635,0.14446801160638248,1,2,0.8059591054916382,-0.9692762655070801,1.389630142842428,-1.863793512383932,-1.5290892759906214,-0.21468907991518194,-0.0002521693240851164,-0.00010034082515630871,-0.00026008437271229923,-0.0003064975899178535,0.0,0.0,1788854417.044312
2898.5119999999997,-0.37687107295322175,-0.5886088486964928,0.24125721380011111,0.8315916296414492,2.9310268330097196,0.14369462341940245,1,2,0.8057182431221008,-0.9694714111140748,1.389498535786764,-1.864019056359762,-1.5290616194354456,-0.2147429625140589,-0.0006491178646683693,-0.0003928067453671247,-0.0013716972898691893,-0.0003775595687329769,0.0,0.0,1788854417.1444042
2898.612,-0.37693553722583756,-0.5886674063775349,0.24138479112517142,0.8316640644730976,2.9312229002595442,0.1432104506099548,1,2,0.805711030960083,-0.9694677752307435,1.38922626176943,-1.8641230068602503,-1.5290730635272425,-0.2147310415851038,-7.903350342530757e-05,-0.0001636157394386828,-0.0012876229593530297,-0.0017308492679148912,0.0,0.0,1788854417.2444396
2898.712,-0.3769341724962974,-0.5886618734716272,0.24134993351981446,0.8317222552829673,2.9311561636629406,0.14332650213534606,1,2,0.8057063221931458,-0.9694319528392334,1.3892424742328089,-1.864087244073385,-1.5290692488299769,-0.21468907991518194,-2.2327187883963943e-35,0.00017477716028224677,-0.0001159600869868882,-7.108102727215737e-05,0.0,0.0,1788854417.34435
2898.812,-0.3770600200311872,-0.5885952851331412,0.2413608861348373,0.8319883515884872,2.9311351334518734,0.1432683755025798,1,2,0.8055122494697571,-0.9694234889796753,1.3892105261432093,-1.8641182384886683,-1.5291078726397913,-0.21470767656435186,-0.005308173596858978,7.783124601701275e-05,-2.8975594227250725e-16,-2.1261122546123977e-17,0.0,0.0,1788854417.4447627
2898.912,-0.37743921493328253,-0.5883498891428607,0.2413188411448544,0.8328896001173686,2.9307619036210104,0.1433282115154709,1,2,0.8048604726791382,-0.9693720501712342,1.3892176787005823,-1.86407532314443,-1.5290730635272425,-0.2147277037249964,-0.005724112503230572,-2.802596928649634e-45,-0.0,-0.0,0.0,0.0,1788854417.5444455
2899.0119999999997,-0.37752390403723624,-0.5882874912968798,0.24123636404705157,0.8330688993884123,2.9306182296379313,0.1435905426256767,1,2,0.8047118782997131,-0.9692749542048951,1.3892386595355433,-1.8640004597105921,-1.5290973822223108,-0.21473962465395147,-0.0002919851685874164,0.0022494234144687653,-0.0,0.00011640191223705187,0.0,0.0,1788854417.64446
2899.112,-0.37751149460951894,-0.5882922810589263,0.24109810989205888,0.8330706955293943,2.9304664139294303,0.1439420602697733,1,2,0.804728627204895,-0.9691037696651001,1.3892739454852503,-1.8639403782286585,-1.5290902296649378,-0.2147000471698206,0.00034433515975251794,0.003745543770492077,-1.1466561889458685e-37,0.0006753532798029482,0.0,0.0,1788854417.744538
2899.212,-0.37758076760456455,-0.5883177997176438,0.24047649504342222,0.8329684609549501,2.9299437303902116,0.14533611584140266,1,2,0.8046854138374329,-0.9681984347156067,1.3892434279071253,-1.8637758694090785,-1.529121224080221,-0.2147310415851038,-4.317074490245432e-05,0.013220522552728653,9.408179903402925e-05,0.00031415082048624754,0.0,0.0,1788854417.8445547
2899.312,-0.3776855820301375,-0.5884891399613592,0.23853567353401936,0.8325389503007157,2.9284858209694167,0.14914943635350503,1,2,0.8047477602958679,-0.9653892678073426,1.3892672697650355,-1.863737245599264,-1.529133145009176,-0.2147277037249964,-0.0,0.04463605210185051,-0.0,0.0001737435522954911,0.0,0.0,1788854417.9445024
2899.412,-0.37796722337558986,-0.5887659920540187,0.23480655235612502,0.8318966675541628,2.925641931083754,0.1563539409254004,1,2,0.804728627204895,-0.9599729937366028,1.389294449483053,-1.8637339077391566,-1.5291450659381312,-0.21473580995668584,0.0,0.06064508482813835,-0.0,5.375729961087927e-05,-1.550659340515681e-12,0.0,1788854418.0446308
2899.5119999999997,-0.37811610565508724,-0.5889320052865824,0.23313790215924343,0.8316144217347892,2.924508885809435,0.15918369368575044,1,2,0.8047358393669128,-0.957476333980896,1.3892501036273401,-1.8640357456602992,-1.529133145009176,-0.21473962465395147,0.0,-0.00032637614640407264,-8.055821672314778e-05,-0.0002777618356049061,-0.0,0.0,1788854418.1444952
2899.612,-0.37811839345143927,-0.5889347097907683,0.23306856105554413,0.8316177815813811,2.924487741901615,0.15939193747787125,1,2,0.8047441244125366,-0.9573770326427002,1.3892467657672327,-1.864007135430807,-1.5291884581195276,-0.21472388902773076,0.0,0.0009681612136773765,2.585029687907081e-05,-6.479929288616404e-05,-0.0,0.0,1788854418.2445154
2899.712,-0.37815515466201083,-0.5889649352968985,0.2325592102199051,0.8315466990109737,2.924120457826945,0.16043025370481392,1,2,0.8047418594360352,-0.9566430610469361,1.3892548719989222,-1.8639880619444789,-1.5292328039752405,-0.2147153059588831,0.00025824198382906616,0.016107015311717987,-0.0,-1.3860257123621409e-39,-0.0002550540375523269,0.0,1788854418.3445218
2899.812,-0.3783473680366816,-0.5892914307675479,0.22807544088474624,0.830528362838937,2.920571839922593,0.16951041389769905,1,2,0.804867684841156,-0.95018024862323,1.3892830053912562,-1.8636089764037074,-1.5292566458331507,-0.2147153059588831,0.00020752860291395336,0.11672453582286835,2.932554707513191e-06,8.356185571756214e-05,-0.00023681670427322388,0.0,1788854418.4446611
2899.912,-0.3790291858027567,-0.5899353516568218,0.21925464019414434,0.8291109167987056,2.913877693995041,0.18594367153698088,1,2,0.804792046546936,-0.9370880287936707,1.3889110724078577,-1.863824029962057,-1.529269043599264,-0.21469623247255498,-0.0007217366364784539,0.034552112221717834,-0.022185269743204117,-0.0015509322984144092,-5.869867163710296e-05,0.0,1788854418.5444713
2900.0119999999997,-0.3792976012319154,-0.5902614913921767,0.22006797291005908,0.8292265787978054,2.9147079162314684,0.18400139216644273,1,2,0.8048401474952698,-0.9372545045665284,1.3872435728656214,-1.8634802303709925,-1.5292771498309534,-0.21469623247255498,0.0003604245721362531,0.010063011199235916,0.000653438619337976,0.003264645580202341,-0.00010849784302990884,0.0,1788854418.6444724
2900.112,-0.3793412793232591,-0.5902421613198512,0.219909133013799,0.8292840407292417,2.9145435067027377,0.18438311466082774,1,2,0.8047776818275452,-0.9370269340327759,1.3872364203082483,-1.8634172878661097,-1.529297176991598,-0.21469623247255498,5.7613837270764634e-05,0.0,-9.62512640398927e-05,0.00011091095075244084,-0.00012544105993583798,0.0,1788854418.744538
2900.212,-0.3793150199436312,-0.5902586422616801,0.2199217526691364,0.8291589942102011,2.914569771059622,0.1843620952512964,1,2,0.8048195838928223,-0.9370425504497071,1.3872292677508753,-1.863401552239889,-1.5292819182025355,-0.21473962465395147,-1.4973340443439598e-37,0.0,-2.313318712054215e-16,1.1631342082248173e-14,-7.331744563998654e-05,0.0,1788854418.8445497
2900.312,-0.3793475430261296,-0.5902221600231702,0.21987997625151373,0.8292851829081768,2.914528412056557,0.1845301005600479,1,2,0.8047573566436768,-0.9370101255229493,1.3872688452350062,-1.8633777103819789,-1.5293410460101526,-0.21471149126161748,0.0,-4.28797330083394e-43,-0.0,0.00022405566414818168,-0.00016849630628712475,0.0,1788854418.9446032
2900.412,-0.3793116619799342,-0.5902318250526545,0.21985485339433347,0.829175818273331,2.914484365595514,0.1846726080623646,1,2,0.8048028349876404,-0.9369909328273316,1.387280289326803,-1.863293787042135,-1.5293281714068812,-0.2147310415851038,-4.81670031149406e-05,0.0,-0.0,0.00046879082219675183,-7.678238034714013e-05,0.0,1788854419.0445735
2900.5119999999997,-0.37933114068663376,-0.5902194384568742,0.21985807367798801,0.8292858270072637,2.914434182748854,0.18461205178844417,1,2,0.8047645092010498,-0.9369993966868897,1.3872917334186,-1.8633209667601527,-1.529290501271383,-0.21469289461244756,0.0,0.0,5.954804510110989e-05,9.015608520712703e-05,-0.0,0.0,1788854419.144591
2900.612,-0.37933763426505784,-0.5902272362711714,0.2198886479700548,0.8292973922214352,2.914517415290054,0.18446299515197154,1,2,0.8047680854797363,-0.937028245334961,1.3872836271869105,-1.8634082279601039,-1.5293081442462366,-0.21469289461244756,0.0,0.0,0.00014055609062779695,4.635823154146907e-28,-0.0,0.0,1788854419.2444758
2900.712,-0.3793532924445065,-0.5902403894897952,0.21998958904780064,0.8293041064609266,2.914644090549394,0.1840853516272242,1,2,0.8047609329223633,-0.9371346992305298,1.3872440497027796,-1.8635322056212367,-1.5292804876910608,-0.2147153059588831,0.0,-0.00025812358944676816,1.7367843707119412e-24,1.02238139829125e-11,-0.0,0.0,1788854419.3445199
2900.812,-0.37933976395829616,-0.590246381343976,0.22000879897558312,0.8292657413683097,2.9146617285450236,0.1840524641917705,1,2,0.804780125617981,-0.9371634286693116,1.3872440497027796,-1.8635250530638636,-1.5292733351336878,-0.21472388902773076,0.0,-9.342400880996138e-05,-0.0,0.0,-0.0,0.0,1788854419.4446247
2900.912,-0.3793571392621936,-0.5902409567742202,0.22001099292528642,0.829289880940022,2.91469741675104,0.18403458301587158,1,2,0.8047609329223633,-0.9371586602977295,1.3872364203082483,-1.8635522327818812,-1.529304329548971,-0.2147310415851038,0.0,0.0,-0.0,0.0,-0.0,0.0,1788854419.5446293
2901.0119999999997,-0.3793366738538237,-0.590258393699127,0.22001295339111662,0.8292782968071146,2.9146572867009577,0.18399692409916193,1,2,0.804792046546936,-0.937155084019043,1.3872254530536097,-1.8635455570616664,-1.5292499701129358,-0.21470433870424444,0.0,0.0,-0.0,0.0,-0.0,0.0,1788854419.6446269
2901.112,-0.3793334975548769,-0.5902481853811363,0.22001090731329986,0.829267473211088,2.914657011588539,0.18404320311112407,1,2,0.8047873377799988,-0.9371705812266846,1.3872512022601526,-1.863528390923971,-1.5292652289019983,-0.2147153059588831,0.0,0.0,-0.0,0.0,-0.0,0.0,1788854419.7447555
2901.212,-0.3793561348681272,-0.5902460013450381,0.2200220876316598,0.8293193849271616,2.914652186104379,0.18400722156247667,1,2,0.8047609329223633,-0.9371634286693116,1.3872130552874964,-1.8635217152037562,-1.529261891041891,-0.21470767656435186,0.0,0.0,1.776740121808883e-15,0.0,-0.0,0.0,1788854419.8446648
2901.312,-0.37932266551416455,-0.5902595577372207,0.22001713159441266,0.8292409763256274,2.914680289963187,0.18403547847568447,1,2,0.8048112988471985,-0.9371705812266846,1.3872364203082483,-1.86352600673818,-1.5292733351336878,-0.21471149126161748,0.0,0.0,-2.530278279836045e-35,0.0,-0.0,0.0,1788854419.944694
2901.412,-0.37933944432532757,-0.5902441570335222,0.2199983287937548,0.8293159547259281,2.914643437885731,0.1840359961210833,1,2,0.8047765493392944,-0.9371586602977295,1.3872674147235315,-1.8635608158507289,-1.529261891041891,-0.21469289461244756,0.0,0.0,-0.0,0.0,-0.0,0.0,1788854420.044687
2901.5119999999997,-0.37934362655051845,-0.5902471035287102,0.22002942512094945,0.8292358654491917,2.914717663454441,0.18400102672079657,1,2,0.804780125617981,-0.9371861976436158,1.3872364203082483,-1.8635455570616664,-1.5292962233172815,-0.21475011507143194,0.0,0.0,-0.0,0.0,-0.0,0.0,1788854420.1446707
2901.612,-0.37933058797106933,-0.5902504313009258,0.22002364678655914,0.8292832840859777,2.91468549905386,0.18402911583368156,1,2,0.8047956228256226,-0.9371861976436158,1.387247387562887,-1.863533159295553,-1.529285732899801,-0.2147000471698206,0.0,0.0,-0.0,0.0,-0.0,0.0,1788854420.2447305
2901.712,-0.3793348637680774,-0.5902534048459845,0.22000451401718185,0.8292463616132617,2.9146901990946836,0.1840662719700764,1,2,0.8047956228256226,-0.9371515077403565,1.3872364203082483,-1.863533159295553,-1.5292962233172815,-0.21472388902773076,0.0,0.0,-0.0,0.0,-0.0,0.0,1788854420.3446398
2901.812,-0.37933626006398713,-0.5902523099787612,0.220027900800218,0.8292680899135753,2.9146999532465836,0.18401103517911596,0,3,0.804792046546936,-0.9371826213649292,1.3872326056109827,-1.8635364971556605,-1.5292890707599085,-0.2147153059588831,0.0,0.0,-0.0,0.0,-0.0,0.0,1788854420.4447215
2901.912,-0.379364750252424,-0.590238648295345,0.2200449958864793,0.8293516187569232,2.9147006702182723,0.1839584408643036,0,3,0.8047490119934082,-0.9371981185725708,1.3872202078448694,-1.8635488949217738,-1.5292928854571741,-0.21470433870424444,0.0,-4.2997579135211125e-32,-0.0,0.0,-0.0,0.0,1788854420.5449085
2902.0119999999997,-0.37935428325150033,-0.5902408936258119,0.2201090685288309,0.8293456081695539,2.914781010831665,0.18382337288179867,0,3,0.8047645092010498,-0.9372905057719727,1.3872235457049769,-1.863572736779684,-1.5293081442462366,-0.21470386186708623,0.0,-0.0028097345493733883,-1.414739483435683e-32,-0.00011707052181009203,-0.0,0.0,1788854420.6447651
2902.112,-0.3793706140874307,-0.5902268324115186,0.2203661814114257,0.8294071168535749,2.915004042027612,0.18332633003643423,0,3,0.8047369718551636,-0.9376259607127686,1.3871620337115687,-1.863565584222311,-1.5293319861041468,-0.21472388902773076,0.0,-0.001998982857912779,-8.407166023971513e-05,-8.227959915529937e-05,-0.0,0.0,1788854420.7447658
2902.212,-0.37934906807004964,-0.5902321319060612,0.22035615807777348,0.8294137756810296,2.9149752782679177,0.18332349922986252,0,3,0.8047608733177185,-0.9376307290843506,1.3871963659869593,-1.863584657708639,-1.529304329548971,-0.21469289461244756,0.0,-0.0002176194393541664,-0.0,-6.436922223308935e-22,-0.0,0.0,1788854420.8446784
2902.312,-0.3793311108791943,-0.5902341789902655,0.2203060364762815,0.8293044073102053,2.91490822548274,0.18344356622738597,0,3,0.8047765493392944,-0.9375792902759095,1.3872235457049769,-1.8635488949217738,-1.5292685667621058,-0.21473962465395147,-0.0,0.0002840825472958386,-0.0,-0.0,-5.630448618742716e-35,0.0,1788854420.9448328
2902.412,-0.37932920560526634,-0.59023046347851,0.2203413614271416,0.8293826294578994,2.914881757900913,0.18333177660002928,0,3,0.8047680854797363,-0.9376366299441834,1.3872364203082483,-1.8635646305479945,-1.5292218367206019,-0.21469623247255498,0.0,7.119619112927467e-05,-0.0,-0.0,-0.0,0.0,1788854421.0446892
2902.5119999999997,-0.3793165136402383,-0.5902347633161692,0.22032519204865664,0.8293320609537771,2.914882149943387,0.1834184728134866,0,3,0.8047884702682495,-0.9376174968532105,1.3872364203082483,-1.8635293445982875,-1.52924091020693,-0.21470767656435186,0.0,0.0,-0.0,-7.389867487856796e-31,-0.0,0.0,1788854421.1447265
2902.612,-0.37933462063717754,-0.5902290250260565,0.22030685298556915,0.8293104429380427,2.914861343140592,0.18341343124554657,0,3,0.8047609329223633,-0.9375864428332825,1.3872326056109827,-1.8635450802245082,-1.5292218367206019,-0.2147467772113245,0.0,2.382207389352189e-44,-0.0,-0.0,-0.0,0.0,1788854421.2448096
2902.712,-0.37933674782051946,-0.5902250847129118,0.22020988737474545,0.8293051025187296,2.914804632417836,0.18366844124122866,0,3,0.8047609329223633,-0.9374616307071229,1.3872531096087855,-1.8635217152037562,-1.5292652289019983,-0.21473962465395147,0.0,0.0013847277732566,0.00020187436894048005,-0.0,-0.0,0.0,1788854421.3448923
2902.812,-0.3793311835704063,-0.5902371223463543,0.2201832004833278,0.8293009937807941,2.914781106840021,0.18368860416951752,0,3,0.8047765493392944,-0.9374152582934876,1.3872440497027796,-1.8635364971556605,-1.5292494932757776,-0.21472388902773076,0.0,0.0001016323731164448,8.866235293680802e-05,-0.0,-0.0,0.0,1788854421.44483
2902.912,-0.3793291843121705,-0.590224324752153,0.22018902361737444,0.8293635119711952,2.9147645092948355,0.18373484815694358,0,3,0.8047680854797363,-0.9374427956393738,1.3872688452350062,-1.863509317437643,-1.5292652289019983,-0.21468907991518194,0.0,2.738099416760194e-28,2.095365405236722e-37,-0.0,-0.0,0.0,1788854421.5447586
2903.0119999999997,-0.3793299789744002,-0.5902325781810411,0.22017784017502884,0.8293036907083636,2.9148011464660413,0.1837039025914902,0,3,0.8047765493392944,-0.9374188345721741,1.3872655073748987,-1.8635560474791468,-1.5292723814593714,-0.21472388902773076,0.0,0.0,-0.0,-0.0,-0.0,0.0,1788854421.6447644
2903.112,-0.37933590555077146,-0.5902260690387792,0.22018955455359446,0.8293262611465692,2.914792770513537,0.18371975076233532,0,3,0.8047645092010498,-0.937434272175171,1.3872564474688929,-1.8635217152037562,-1.5292771498309534,-0.21472007433046514,0.0,0.0,-0.0,-0.0,-0.0,0.0,1788854421.7448912
2903.212,-0.3793333529933482,-0.5902375836499251,0.22019662899983972,0.8293039798849955,2.9147978709139926,0.18368237516393315,0,3,0.8047765493392944,-0.9374272388270875,1.3872292677508753,-1.8635217152037562,-1.529261891041891,-0.21472388902773076,0.0,1.3643479502202797e-36,-0.0,-0.0,-0.0,0.0,1788854421.8448863
2903.312,-0.3793260911037039,-0.5902331001295483,0.22018703602227074,0.8293048623237744,2.914801933207519,0.18368317556136868,0,3,0.804780125617981,-0.937434272175171,1.3872688452350062,-1.8635560474791468,-1.5292652289019983,-0.21472007433046514,0.0,0.0,-0.0,-0.0,6.012873619525287e-40,0.0,1788854421.944899
2903.412,-0.37932075108233926,-0.5902420070030966,0.22017096004885875,0.8293186074034719,2.9148169651202926,0.18373521936302326,0,3,0.8047991394996643,-0.937403218155243,1.3872564474688929,-1.8635560474791468,-1.5292962233172815,-0.21469289461244756,0.0,0.0,-0.0,-0.0,0.0,0.0,1788854422.044906
2903.5119999999997,-0.37932399858858035,-0.5902339127508632,0.22018958299547084,0.8293433052878514,2.914783782232095,0.1837177464633523,0,3,0.8047837018966675,-0.937434272175171,1.3872564474688929,-1.8635217152037562,-1.529269043599264,-0.21468907991518194,0.0,0.0,-0.0,-0.0,0.0,0.0,1788854422.1449115
2903.612,-0.3793147515838855,-0.5902325499162959,0.2202039700624598,0.8292945922320939,2.914805232460882,0.18369637461540556,0,3,0.804792046546936,-0.9374651473811646,1.3872721830951136,-1.8635217152037562,-1.529269043599264,-0.2147153059588831,0.0,0.0,-0.0,-0.0,0.0,0.0,1788854422.244899
2903.712,-0.37933555171991423,-0.5902202965172537,0.2201828392089087,0.829326217740574,2.914765444841999,0.1837472246586679,0,3,0.8047573566436768,-0.937434272175171,1.3872688452350062,-1.8635055027403773,-1.5292652289019983,-0.21472388902773076,0.0,0.0,-0.0,-0.0,0.0,0.0,1788854422.3449361
2903.812,-0.37932541241592976,-0.590231072046335,0.22020136636152204,0.8293021292317635,2.9147851131655407,0.18367856893328555,0,3,0.8047765493392944,-0.9374534052661438,1.3872597853290003,-1.8635217152037562,-1.5292494932757776,-0.21472388902773076,0.0,0.0,-0.0,-0.0,0.0,0.0,1788854422.4449594
2903.912,-0.3793292229104966,-0.5902305881706067,0.22019928835248542,0.8293406780130195,2.9148022012340453,0.18370481353676615,0,3,0.8047765493392944,-0.9374463123134156,1.3872531096087855,-1.8635217152037562,-1.5292804876910608,-0.2147000471698206,0.0,0.0,-0.0,-0.0,0.0,0.0,1788854422.5449455
2904.0119999999997,-0.37933631066269324,-0.5902322305354081,0.22020048316187402,0.8293320798713608,2.914778048283869,0.1837103664100801,0,4,0.8047680854797363,-0.937434272175171,1.3872254530536097,-1.8634897671141566,-1.529261891041891,-0.21471149126161748,0.0,0.0,-0.0,-0.0,0.0,0.0,1788854422.644797
2904.112,-0.37932765865825224,-0.5902325131595083,0.22020504235631708,0.8293263886159612,2.9148160748041545,0.18368141597615134,0,4,0.804780125617981,-0.9374534052661438,1.3872531096087855,-1.8635322056212367,-1.5292804876910608,-0.21470767656435186,0.0,0.0,-0.0,-0.0,0.0,0.0,1788854422.744899
2904.212,-0.37933670567671113,-0.5902210893416099,0.22018247106343752,0.8293455639812519,2.9148003969737566,0.18373406604344933,0,4,0.8047609329223633,-0.937434272175171,1.3872759977923792,-1.863539835015768,-1.5292928854571741,-0.21471149126161748,0.0,0.0,-0.0,-0.0,0.0,0.0,1788854422.8451633
2904.312,-0.37932183693863264,-0.5902382729207599,0.22017768065550017,0.8293214601670923,2.9147975898432033,0.18373215147064997,0,4,0.8047919869422913,-0.9374152582934876,1.3872564474688929,-1.8635364971556605,-1.5292804876910608,-0.21469623247255498,0.0,0.0,-0.0,-0.0,0.0,0.0,1788854422.9451458
2904.412,-0.37934483830583576,-0.5902154513227704,0.22017171737251873,0.8293214159297958,2.9147781362556024,0.18376787206854553,0,4,0.8047454953193665,-0.9374188345721741,1.3872721830951136,-1.8635179005064906,-1.5292843023883265,-0.21473962465395147,0.0,-5.936606834139476e-33,-0.0,-0.0,0.0,0.0,1788854423.044986
2904.5119999999997,-0.3793363228463852,-0.5902229642421313,0.22017280126866082,0.8293000542675673,2.9147873416069094,0.18374431217572526,0,4,0.8047609329223633,-0.9374188345721741,1.3872726599322718,-1.863533159295553,-1.5292771498309534,-0.21473962465395147,0.0,0.0,-0.0,-0.0,0.0,0.0,1788854423.1449947
2904.612,-0.3793345518978247,-0.590217800947338,0.22018405081999254,0.8293028795010822,2.914806733695159,0.18376101376554851,0,4,0.8047609329223633,-0.9374413651278992,1.3872793356524866,-1.8635179005064906,-1.5293000380145472,-0.21473962465395147,0.0,0.0,-0.0,-0.0,0.0,0.0,1788854423.2449985
2904.712,-0.37932013419462385,-0.5902344268218859,0.22017416340580537,0.8292835553133819,2.9147809464992602,0.18373678419482298,0,4,0.8047872185707092,-0.9374188345721741,1.3872688452350062,-1.8635288677611292,-1.529261891041891,-0.21472388902773076,0.0,0.0,-0.0,-0.0,0.0,0.0,1788854423.345077
2904.812,-0.3793322011197846,-0.5902372705128153,0.22020050288243465,0.8293286938117314,2.9148272145054905,0.18365439013629647,0,4,0.804780125617981,-0.9374377888492127,1.3872440497027796,-1.8635593853392542,-1.5292804876910608,-0.21470767656435186,0.0,0.0,-0.0,-0.0,0.0,0.0,1788854423.4450114
2904.912,-0.3793250522257123,-0.5902347460863874,0.22018929372338908,0.8292704229432794,2.9147764885365337,0.1837072959677185,0,4,0.804780125617981,-0.9374306958964844,1.3872492949115198,-1.863509317437643,-1.5292461554156702,-0.21473962465395147,0.0,0.0,-0.0,-0.0,0.0,0.0,1788854423.5450351
2905.0119999999997,-0.3793370505732411,-0.5902254425170362,0.22017537904452228,0.8293179397916852,2.9147807678333355,0.1837174398419665,0,4,0.8047609329223633,-0.9374188345721741,1.3872688452350062,-1.8635436497130335,-1.5292652289019983,-0.2147277037249964,0.0,0.0,-0.0,-0.0,0.0,0.0,1788854423.6450486
2905.112,-0.3793262915204108,-0.5902194902495795,0.2201629094765785,0.8293520131420691,2.9147350384922106,0.18377477167093592,0,4,0.8047645092010498,-0.9374223512462159,1.387298885975973,-1.8635217152037562,-1.5292533079730433,-0.21469623247255498,0.0,0.0,-0.0,-0.0,0.0,0.0,1788854423.745045
2905.212,-0.3793220581531257,-0.5902253538944382,0.22015906177968714,0.8293101607722533,2.9147683666165496,0.18375696503220515,0,4,0.8047765493392944,-0.9374152582934876,1.3873022238360804,-1.8635522327818812,-1.5292652289019983,-0.2147153059588831,0.0,0.0,-0.0,-0.0,0.0,0.0,1788854423.8450565
2905.312,-0.37934087572647784,-0.5902216068320795,0.22017862510384012,0.829372730842596,2.914742311921344,0.18369706085007223,0,4,0.804749071598053,-0.9374259275249024,1.3872721830951136,-1.8635403118529261,-1.5292375723468226,-0.2147000471698206,0.0,0.0,-0.0,1.0061322973852187e-42,0.0,0.0,1788854423.9451177
2905.412,-0.3793190928352539,-0.5902456906942118,0.2201868974253405,0.8292722546429007,2.9147787638960594,0.18367347276591664,0,4,0.8047955632209778,-0.9374188345721741,1.3872407118426722,-1.863533159295553,-1.529233757649557,-0.21472388902773076,0.0,0.0,-0.0,0.0,0.0,0.0,1788854424.045051
2905.5119999999997,-0.3793300456824127,-0.5902314711391742,0.22017677147544512,0.8293072941492384,2.9147928471126066,0.18374379600146298,0,4,0.8047765493392944,-0.9374153178981324,1.3872564474688929,-1.8635250530638636,-1.5292804876910608,-0.21472007433046514,0.0,0.0,-0.0,0.0,0.0,0.0,1788854424.1450725
2905.612,-0.379354884957823,-0.5902141800187289,0.22017466000394129,0.8293919959671122,2.9147558437807044,0.18370417070739414,0,4,0.8047298789024353,-0.9374188345721741,1.3872721830951136,-1.8635522327818812,-1.5292580763446253,-0.21470767656435186,0.0,0.0,-0.0,0.0,0.0,0.0,1788854424.2451165
2905.712,-0.3793271057869548,-0.5902306112441583,0.22016582344771168,0.8293033783833235,2.9147706627457137,0.18375518226944032,0,4,0.8047765493392944,-0.9374067944339295,1.3872688452350062,-1.863528390923971,-1.5292652289019983,-0.21472007433046514,0.0,0.0,-0.0,0.0,0.0,0.0,1788854424.3451135
