controller_time_s,tcp_x,tcp_y,tcp_z,tcp_rx,tcp_ry,tcp_rz,gripper_state,gripper_event_counter,actual_q_0,actual_q_1,actual_q_2,actual_q_3,actual_q_4,actual_q_5,actual_qd_0,actual_qd_1,actual_qd_2,actual_qd_3,actual_qd_4,actual_qd_5,host_receive_time_s
1224.704,-0.44795045493981633,-0.47794791778911266,0.33978000393477026,1.135083208173092,2.8938765181375197,-0.02677208778460695,0,0,0.6091006398200989,-1.1708380740932007,1.4655330816852015,-1.8609191379942835,-1.52873403230776,-0.2147429625140589,0.0,0.0,-0.0,0.0,-0.0,-0.0,1789195914.7020257
1224.8039999999999,-0.44790834074263797,-0.47793282797043407,0.3396765603429852,1.1350573723551889,2.893815463864598,-0.026445438145248173,0,0,0.6091281771659851,-1.1708226066878815,1.4657295385943812,-1.8609191379942835,-1.5287931601153772,-0.21472055116762334,0.00012840390263590962,0.0,-1.5783692712198483e-12,0.0,-0.00017407062114216387,-0.0,1789195914.7907465
1224.904,-0.4479010551842718,-0.4779333605736386,0.33968453044506325,1.135024338830836,2.8938260873752792,-0.02644037022057546,0,0,0.6091353893280029,-1.1708380740932007,1.4657295385943812,-1.8608995876707972,-1.5287931601153772,-0.21473580995668584,6.349573232000694e-05,0.0,-0.0,0.0,-5.803927706438117e-05,-0.0,1789195914.8906255
1225.004,-0.4479064497236087,-0.4779241239290794,0.33966843236785915,1.135038114202674,2.8937748803518892,-0.026383832664347705,0,0,0.6091163158416748,-1.1708261531642457,1.465740982686178,-1.860868593255514,-1.5287774244891565,-0.21473580995668584,0.0,0.0,-0.0,0.0,-0.0,-0.0,1789195914.990668
1225.104,-0.44789414791813964,-0.47793707364269233,0.33965917282719577,1.1350121567205302,2.893790893656407,-0.026396539833290704,0,0,0.609143853187561,-1.170819030409195,1.4657581488238733,-1.8609034023680628,-1.5287774244891565,-0.21472722688783819,0.0,0.0,-0.0,0.0,-0.0,-0.0,1789195915.0906973
1225.204,-0.4478967920125645,-0.47794304625634093,0.33969964432258587,1.1350023929586806,2.8938544501079626,-0.026493613473908748,0,0,0.6091510653495789,-1.1708452266505738,1.4657099882708948,-1.8609119854369105,-1.5287898222552698,-0.21473914781679326,0.0,0.0,-0.0,0.0,-0.0,-0.0,1789195915.190632
1225.3039999999999,-0.44790784150744417,-0.47793054465793655,0.3396772955421602,1.135058415352481,2.8938015062853193,-0.026435850948333707,0,0,0.6091246008872986,-1.1708261531642457,1.4657295385943812,-1.8609034023680628,-1.5287860075580042,-0.21472055116762334,0.0,0.0,-0.0,0.0,-0.0,-0.0,1789195915.2907083
1225.404,-0.4478832255888912,-0.4779547367430843,0.3396922310002872,1.1349595391505694,2.89386063819383,-0.026460359804181002,0,0,0.6091786623001099,-1.1708380740932007,1.4657133261310022,-1.8608995876707972,-1.5287931601153772,-0.21473914781679326,0.0,0.0,-0.0,0.0,-1.5447320089734262e-09,-0.0,1789195915.3905363
1225.504,-0.44791614463602375,-0.4779280641069731,0.3397146958746937,1.135043766636426,2.8938506059434568,-0.026556771683892227,0,0,0.6091126799583435,-1.170857087974884,1.4656975905047815,-1.860927244225973,-1.5287774244891565,-0.21475106874574834,0.0,0.0,-0.0,0.0,-0.0,-0.0,1789195915.4904299
1225.604,-0.4479125770508237,-0.47794147917351376,0.339681062277578,1.1350514071246527,2.8938020500798114,-0.026477051331866352,0,0,0.6091318130493164,-1.1708069306663056,1.4656975905047815,-1.8609119854369105,-1.5287697950946253,-0.21471721330751592,0.0,0.0,-0.0,0.0,-0.0,-0.0,1789195915.5904272
1225.704,-0.44790646592404676,-0.47793759326175644,0.3397090526482177,1.135036445447046,2.8938324204935433,-0.026541142145259856,0,0,0.6091318130493164,-1.1708499950221558,1.4656975905047815,-1.8609158001341761,-1.5287664572345179,-0.21473247209657842,0.0,0.0,-0.0,0.0,-0.0,-0.0,1789195915.6904519
1225.8039999999999,-0.44790979668057473,-0.47792410148108183,0.3396671741362437,1.1350938029354847,2.8937713802454637,-0.02643523020428434,0,0,0.6091126799583435,-1.1708261531642457,1.4657543341266077,-1.8609196148314417,-1.528773609791891,-0.21470433870424444,0.0,0.0,-0.0,0.0,-0.0,-0.0,1789195915.7904587
1225.904,-0.4479126827577069,-0.47792941642686865,0.33968088668824825,1.1350473193869972,2.8937876903095714,-0.026441929193629088,0,0,0.6091163158416748,-1.1708226066878815,1.4657133261310022,-1.8608843288817347,-1.5287697950946253,-0.21473247209657842,0.0,0.0,-0.0,0.0,-0.0,-0.0,1789195915.890452
1226.004,-0.44790846703236326,-0.4779337669540014,0.3396982148061715,1.1350575962817873,2.893816303126582,-0.02646791513914393,0,0,0.6091281771659851,-1.1708380740932007,1.4656975905047815,-1.8608843288817347,-1.5287860075580042,-0.21472055116762334,0.0,0.0,-0.0,0.0,-0.0,-0.0,1789195915.9904642
1226.104,-0.4478985068571139,-0.47793027749778993,0.3396987592281122,1.1350291438382891,2.89382433277335,-0.02647614291651771,0,0,0.6091318130493164,-1.1708607238582154,1.4657295385943812,-1.8608962498106898,-1.528780762349264,-0.21473580995668584,0.0,0.0,-0.0,0.0,-0.0,-0.0,1789195916.090456
1226.204,-0.447894441099036,-0.47792592955652663,0.3396665926468444,1.1350190879008408,2.8937771438474105,-0.026394104419021982,0,0,0.6091281771659851,-1.1708416503718873,1.465769116078512,-1.8608843288817347,-1.5287697950946253,-0.21473580995668584,0.0,0.0,-0.0,0.0,-0.0,-0.0,1789195916.1904438
1226.3039999999999,-0.44777364081070453,-0.4780504505982305,0.33966328513355337,1.1346340111856525,2.893934450720887,-0.02640635768993548,0,0,0.6093953847885132,-1.1708225768855591,1.4657543341266077,-1.8609034023680628,-1.5287697950946253,-0.21473580995668584,0.008862434886395931,0.0,-0.0,0.0,-0.0,-0.0,1789195916.2904882
1226.404,-0.4438395027189588,-0.4814502388075482,0.3392196589489218,1.1230983919957875,2.898020059906462,-0.024627689726352965,0,0,0.6173133850097656,-1.1707746547511597,1.4665926138507288,-1.8607641659178675,-1.529053036366598,-0.21470815340151006,0.14111095666885376,0.00036021738196723163,0.032625310122966766,0.00297483429312706,-0.010843196883797646,-0.0,1789195916.390428
1226.504,-0.43396431070641905,-0.48971248280064994,0.3382165133523066,1.094375701016909,2.907556783908058,-0.0214285905990932,0,0,0.6367995142936707,-1.1708858770183106,1.4688695112811487,-1.8608228168883265,-1.5289776960956019,-0.21472388902773076,0.23564884066581726,-0.0008471573237329721,0.000950912362895906,1.9808869183179922e-05,-1.149156724639111e-13,-0.0,1789195916.4904363
1226.604,-0.42167903970565407,-0.5001865867913331,0.3386632605372236,1.0585501078542412,2.921083017313881,-0.02181189931299669,0,0,0.661442220211029,-1.1715767544559021,1.4688885847674769,-1.860960145989889,-1.528994385396139,-0.21471721330751592,0.27445700764656067,-0.020504692569375038,0.00011968555190833285,-0.0011806171387434006,1.6897723980946466e-05,-0.0,1789195916.590402
1226.704,-0.4073255419370635,-0.5113018393597939,0.34043697817922536,1.0184506441089725,2.9367136380258554,-0.024716422419544592,0,0,0.689047634601593,-1.1744001668742676,1.4689691702472132,-1.8610192737975062,-1.5290926138507288,-0.21474773088564092,0.27692216634750366,-0.044854890555143356,0.00030499225249513984,-0.00016829874948598444,-0.00038239758578129113,-0.0,1789195916.6904414
1226.8039999999999,-0.39158343835215714,-0.5222498810934614,0.3429836620804607,0.9762047823718282,2.9528628578957603,-0.02900036426167622,0,0,0.7180696129798889,-1.1789706510356446,1.4697602430926722,-1.8610421619811,-1.5291813055621546,-0.21473247209657842,0.28653547167778015,-0.06441254168748856,0.02696460299193859,-2.1093519535497762e-05,-0.0002184073528042063,-4.769203695159652e-13,1789195916.790466
1226.904,-0.37475790160940353,-0.531195901000824,0.34725243953257456,0.9352331219370223,2.968700562623106,-0.03583642875829083,0,0,0.7461857199668884,-1.1888892215541382,1.4740574995623987,-1.8610040150084437,-1.52924091020693,-0.21472055116762334,0.27271297574043274,-0.1279962956905365,0.05858071148395538,-0.0,-0.0004227120371069759,-0.0,1789195916.8904579
1227.004,-0.3577625798292927,-0.5381856979205814,0.3540124530551015,0.8967650093071856,2.9847779893668935,-0.04796360388180316,0,0,0.7726637125015259,-1.2036930185607453,1.479544464741842,-1.8609925709166468,-1.5292571226703089,-0.21473914781679326,0.2567237913608551,-0.15737171471118927,0.04081752523779869,-0.0,-0.00019561727822292596,-0.0,1789195916.990446
1227.104,-0.34089415365284376,-0.5449587481089782,0.36249735974834485,0.8582264978847794,3.001724932548351,-0.06513948099006944,0,0,0.7992281913757324,-1.2190960508636017,1.4820821920977991,-1.8609668217101039,-1.5293319861041468,-0.21472722688783819,0.2701795697212219,-0.14666494727134705,0.01712030917406082,-0.0,-0.00046354730147868395,-0.0,1789195917.0904222
1227.204,-0.32383695469468377,-0.5524297394551507,0.369373235796868,0.8169474019888779,3.0173752873811077,-0.07985101214180505,0,0,0.8271787166595459,-1.2306665939143677,1.482879940663473,-1.861006876031393,-1.5292733351336878,-0.21473580995668584,0.27140456438064575,-0.08934254944324493,0.0010233254870399833,2.1609450413961895e-05,-8.704010542714968e-05,-0.0,1789195917.1904519
1227.3039999999999,-0.30880571527319567,-0.5591299539822657,0.37431252840497253,0.7795744163222651,3.0299766152460577,-0.09069443066779212,0,0,0.8522506356239319,-1.2385638517192383,1.482879940663473,-1.861035009423727,-1.5292890707599085,-0.21469289461244756,0.23092180490493774,-0.07257585972547531,4.587554940371774e-05,0.0,-2.312211348824578e-18,-0.0,1789195917.2904441
1227.404,-0.2957220700676802,-0.5648867317368762,0.37754764667572827,0.7464297986867061,3.0397840086121284,-0.09773870522980406,0,0,0.8742035031318665,-1.2438504260829468,1.4830005804644983,-1.8610030613341273,-1.5293081442462366,-0.21472388902773076,0.2013363540172577,-0.03950248286128044,0.003142512170597911,-1.684779635979794e-05,-0.0,-0.0,1789195917.3904471
1227.504,-0.2862023621011635,-0.5688887341073287,0.3794997669805158,0.7223108501574523,3.046298812826547,-0.10191184812210505,0,0,0.8900957107543945,-1.2472628217986603,1.483347241078512,-1.8609634838499964,-1.5293009916888636,-0.21473580995668584,0.12287221103906631,-0.0279613696038723,0.013258285820484161,-0.0,-0.0,-0.0,1789195917.4904428
1227.604,-0.28001436466923146,-0.5712271339766981,0.37877980355153773,0.7067397011763243,3.0489828673184363,-0.09934331097058686,0,0,0.9002216458320618,-1.2481330198100586,1.4859393278705042,-1.8609668217101039,-1.5293529669391077,-0.21472388902773076,0.08149813860654831,-9.99263910820506e-15,0.043933574110269547,8.153441740432754e-05,-0.0003455987898632884,-0.0,1789195917.590439
1227.704,-0.2744248430700691,-0.5725616102321397,0.3755716095908284,0.6934696386576489,3.0491692691948122,-0.08983141406248757,0,0,0.9086297750473022,-1.248176024561264,1.4926002661334437,-1.860978742639059,-1.5293610731707972,-0.21473914781679326,0.08845268189907074,-0.0003089847741648555,0.08206721395254135,2.6120578695554286e-05,-0.00017209067300427705,-0.0,1789195917.6904361
1227.8039999999999,-0.2679511833264246,-0.5729758148401998,0.37006427609680315,0.6795547136208293,3.0474495857585056,-0.07336114253205833,0,0,0.9173078536987305,-1.2487385433963318,1.5047052542315882,-1.8610192737975062,-1.5292986075030726,-0.2147310415851038,0.08631986379623413,-0.01530810259282589,0.15536750853061676,-0.00019162287935614586,-7.274094241438434e-05,-0.0,1789195917.7904394
1227.904,-0.26121622360585,-0.5721504460531922,0.3647455462713711,0.6668647893865727,3.045392113357443,-0.05659847040498408,0,0,0.9252089858055115,-1.2519652408412476,1.5199382940875452,-1.861338277856344,-1.529285732899801,-0.21472055116762334,0.06397067755460739,-0.0652470737695694,0.1396375447511673,-0.0003837015829049051,-1.2958533781150998e-34,-3.925546069909228e-18,1789195917.890837
1228.004,-0.25636079559289293,-0.5689797374258496,0.36627399451546466,0.6619294610299514,3.0464380387589056,-0.056693069625885266,0,0,0.9284604787826538,-1.2643058461001893,1.5325434843646448,-1.8617054424681605,-1.5292962233172815,-0.21472722688783819,0.006193189416080713,-0.18651674687862396,0.1144598051905632,-0.0019707761239260435,-0.0,-0.0,1789195917.9904292
1228.104,-0.2520817516653694,-0.5634340858789425,0.37508268920667115,0.6623895012286699,3.051183904700681,-0.07405265479876677,0,0,0.9286676049232483,-1.2874575716308136,1.543328587208883,-1.8615223369994105,-1.5293648878680628,-0.21468955675234014,0.011522780172526836,-0.22434192895889282,0.09608063846826553,0.001167481066659093,-0.0005678493762388825,-0.0,1789195918.090443
1228.204,-0.2470599979458762,-0.5606821666378868,0.3813031676315569,0.6567508869699151,3.0557778273695937,-0.08703441070717305,0,0,0.9326533675193787,-1.3031667929938813,1.5499494711505335,-1.8615223369994105,-1.52934438387026,-0.21470815340151006,0.0580313578248024,-0.09459340572357178,0.05312047153711319,8.915187936509028e-05,-8.160261495504528e-05,-0.0,1789195918.190447
1228.3039999999999,-0.24225976348147496,-0.5596986260222606,0.3798964068537262,0.6481510999823002,3.0558065781889656,-0.08123525888672743,0,0,0.9381449818611145,-1.3083128792098542,1.5592001120196741,-1.861582418481344,-1.5292447249041956,-0.21468955675234014,0.04433024674654007,-0.015942353755235672,0.14579463005065918,-3.0128960133879445e-05,0.0003396513930056244,-0.0,1789195918.290467
1228.404,-0.2376030364911759,-0.5571674252096266,0.3700210436853479,0.6412371317110805,3.0491516383436923,-0.051986647935108245,0,0,0.9419646263122559,-1.3087880176356812,1.580315891896383,-1.861784120599264,-1.5291765371905726,-0.21472055116762334,0.02197313867509365,-2.9058730433462188e-05,0.2698506712913513,-0.0043296730145812035,0.0004514432803262025,-0.0,1789195918.3904462
1228.504,-0.2329448578157585,-0.5526101633200594,0.3556919828017222,0.6369336126552986,3.038782541782493,-0.012770153192162646,0,0,0.9438083171844482,-1.3088240188411255,1.6110647360431116,-1.864908357659811,-1.5290730635272425,-0.21473914781679326,0.02076156809926033,-0.00011549486225703731,0.3259136974811554,-0.04345829784870148,0.00029319795430637896,-0.0,1789195918.4904428
1228.604,-0.22829498473669554,-0.5478469167973995,0.34144715149940835,0.6330818237135856,3.029755150339495,0.020046309461113843,0,0,0.9454703330993652,-1.308911458855011,1.643294636403219,-1.8738347492613734,-1.528989617024557,-0.21473580995668584,0.015628894791007042,-4.789926847493338e-16,0.31062132120132446,-0.18944409489631653,0.0003265304840169847,-0.0,1789195918.5904398
1228.704,-0.22567060151356316,-0.5453728729780047,0.33150609297110467,0.6315029063547987,3.0328221263168897,0.010711193712422474,0,0,0.9466230869293213,-1.3093495529941102,1.6725524107562464,-1.9092656574644984,-1.528933350239889,-0.21472388902773076,0.004580414388328791,-0.003119506174698472,0.26619774103164673,-0.5136436223983765,0.0002741094504017383,-0.0,1789195918.6904404
1228.8039999999999,-0.22544158770994066,-0.5451358770887064,0.32565942307200646,0.6328745035374702,3.046820620805758,-0.038696404550131486,0,0,0.9466710090637207,-1.3096307677081604,1.6983855406390589,-1.9696394405760707,-1.5289538542376917,-0.21473914781679326,0.00015030540816951543,-0.002583011519163847,0.261508047580719,-0.6118452548980713,8.631781383883208e-05,-0.0,1789195918.790436
1228.904,-0.22372048175927708,-0.5429917279909883,0.31739274142767715,0.6331189655524203,3.0532795809767506,-0.0620945498002823,0,0,0.9469070434570312,-1.3097888392261048,1.7261040846454065,-2.013616224328512,-1.5290434996234339,-0.21470815340151006,0.00996905192732811,-0.006433738861232996,0.3009481132030487,-0.25066936016082764,2.8079854567427634e-33,-0.0,1789195918.8904374
1229.004,-0.2192273850642814,-0.5373481253249358,0.30480111844516317,0.6309663572349106,3.0444046103263758,-0.02881477642150113,0,0,0.9475092887878418,-1.3100450795939942,1.755115811024801,-2.019024511376852,-1.5289858023272913,-0.21473914781679326,0.0007652096101082861,-0.00458707707002759,0.28716081380844116,0.0001301735610468313,0.0,-0.0,1789195918.9904416
1229.104,-0.21497393132356546,-0.5315998006347756,0.2931247613961898,0.6293768178550729,3.034093696119944,0.007522948433581155,0,0,0.9476683139801025,-1.3101049226573487,1.781161133443014,-2.0193549595274867,-1.5289176146136683,-0.21473580995668584,0.0011389555875211954,-6.47920387564227e-05,0.2314702719449997,-0.013144023716449738,0.0,-0.0,1789195919.090475
1229.204,-0.2118082537431905,-0.5275562564382018,0.28500248212574186,0.6278935904045746,3.027429421983367,0.03062862729755319,0,0,0.9480443000793457,-1.310065285568573,1.799896542225973,-2.0217558346190394,-1.5289176146136683,-0.21473580995668584,0.0003920856979675591,0.0,0.13242733478546143,-0.009500953368842602,0.0,-0.0,1789195919.19051
1229.3039999999999,-0.21027068556373277,-0.5255315220375731,0.2811449674859469,0.6271895374033901,3.023787632562596,0.042887656988854404,0,0,0.9481642246246338,-1.3100330394557496,1.808610741292135,-2.0217820606627406,-1.5289104620562952,-0.21475440660585576,0.000999952433630824,0.00043943634955212474,0.05562933534383774,-0.00016589871665928513,6.16945035289973e-05,-0.0,1789195919.2904658
1229.404,-0.20953799456204686,-0.5250513909916636,0.27995978436804997,0.6262202173518827,3.022813686661652,0.04663920102682945,0,0,0.9487340450286865,-1.3099290293506165,1.811181370412008,-2.0217930279173792,-1.5288899580584925,-0.21472388902773076,0.011795084923505783,0.0018750526942312717,0.0015846396563574672,-5.436266656033695e-05,1.5134023414708024e-43,-0.0,1789195919.390449
1229.504,-0.2080422166629848,-0.5256575889077043,0.27987681941767034,0.6218591335676789,3.0237191721507752,0.04699167038106639,0,0,0.9515992403030396,-1.309790090923645,1.8111971060382288,-2.0217963657774867,-1.5289214293109339,-0.2147463003741663,0.04607214778661728,0.0003156322054564953,0.00013336801202967763,-0.0,0.0,-0.0,1789195919.4904442
1229.604,-0.20465773070665633,-0.5270155766389508,0.27977214685879825,0.6121326661343445,3.0257062269240627,0.04753919067034561,0,0,0.9580605030059814,-1.309582994585373,1.8111732641803187,-2.021780630151266,-1.5289128462420862,-0.21472055116762334,0.07823507487773895,0.0021028812043368816,1.2321412167014078e-29,-0.0,0.0002442744153086096,-0.0,1789195919.5904424
1229.704,-0.1999529431879775,-0.5288913968122239,0.2793660349647065,0.5985420163456922,3.028227021109826,0.04897498234160528,0,0,0.9670451879501343,-1.3088765305331727,1.8112133185016077,-2.0217725239195765,-1.5289018789874476,-0.21470433870424444,0.09246722608804703,0.00978136621415615,2.0290923202992417e-05,-0.0,7.89184050518088e-05,-0.0,1789195919.690446
1229.8039999999999,-0.1955070407086012,-0.5307868441909621,0.2782852041836331,0.585348459240035,3.030143575162958,0.05222000216391755,0,0,0.9756886959075928,-1.3069014710238953,1.8111918608294886,-2.0217143497862757,-1.5289648214923304,-0.21472388902773076,0.07643304765224457,0.026439402252435684,-0.0,-0.0,3.911504379044135e-38,-0.0,1789195919.7904527
1229.904,-0.1923061177006061,-0.532507914966956,0.27569617837629534,0.5751421856338712,3.0301938542428806,0.05917818771590604,0,0,0.9822654128074646,-1.3021943134120484,1.8111932913409632,-2.021693845788473,-1.5289538542376917,-0.21473580995668584,0.05151188373565674,0.06548845767974854,-0.0,-0.0,0.0,-0.0,1789195919.8904335
1230.004,-0.19123904478547366,-0.5338114181276903,0.27136020156184376,0.570323941021443,3.0278497608215016,0.07041093408654134,0,0,0.9851922988891602,-1.2942779821208497,1.8111546675311487,-2.021724840203756,-1.528989617024557,-0.21473580995668584,0.0006413136725313962,0.09244552254676819,-0.0,-0.0,4.865405496025377e-13,-0.0,1789195919.9904327
1230.104,-0.19189464059881164,-0.5347481227539903,0.2655104837885379,0.5698783173519976,3.023360495575446,0.08525221211428577,0,0,0.9851274490356445,-1.2836452585509797,1.811146084462301,-2.0218049488463343,-1.5289705435382288,-0.21473247209657842,-9.607055835658684e-05,0.10745107382535934,-0.0003670969745144248,-0.0003460327861830592,0.0,-0.0,1789195920.090443
1230.204,-0.19250162014334238,-0.535712298264194,0.2592913624708309,0.569240532103728,3.018553607083963,0.10097274848561436,0,0,0.9851634502410889,-1.2723460358432312,1.8111093680011194,-2.0218731365599574,-1.5289538542376917,-0.21472388902773076,0.0003259595832787454,0.1006191149353981,-4.4076776248402894e-05,-0.0016088958363980055,0.0,-0.0,1789195920.19045
1230.3039999999999,-0.19287471804043166,-0.5362597803075967,0.2554475170780025,0.5688947437223312,3.0155484369488383,0.11069043184546294,0,0,0.9851443767547607,-1.2653944951346894,1.8111093680011194,-2.0218969784178675,-1.5289657751666468,-0.21472388902773076,5.408056313171983e-05,0.04912646487355232,1.3970255839275883e-22,-0.00020379663328640163,0.0,-0.0,1789195920.2904456
1230.404,-0.19314466360493054,-0.5366638104470918,0.2525226872816578,0.5685712145245975,3.0132420001725126,0.11805718837334049,0,0,0.9851360321044922,-1.2601081293872376,1.811106030141012,-2.0219131908812464,-1.5289619604693812,-0.21475440660585576,-9.704640251584351e-05,0.060712333768606186,-0.0,-6.753102206857875e-05,0.0,-0.0,1789195920.3904302
1230.504,-0.19349207448057673,-0.5372205271311763,0.24829452058435758,0.5681577887377306,3.0098845381866077,0.12869855728107438,0,0,0.9851634502410889,-1.2525006097606202,1.8111370245562952,-2.0219418011107386,-1.5289695898639124,-0.21472055116762334,0.000226012067287229,0.08585363626480103,-0.0,-0.0005043014534749091,0.0,-0.0,1789195920.490456
1230.604,-0.193897400721268,-0.5378281510299214,0.24345365998344004,0.5676809339974426,3.0059804993371095,0.1408473701209271,0,0,0.9851515293121338,-1.2437713009170075,1.8111265341388147,-2.021945138970846,-1.5289657751666468,-0.21472055116762334,9.245661203749478e-05,0.07578105479478836,-0.0,-7.80654008849524e-05,0.0,-0.0,1789195920.590311
1230.704,-0.19416019161146086,-0.5382241872934118,0.23998524828607407,0.56730475933314,3.003177565784082,0.14952987951307603,0,0,0.9851479530334473,-1.237566517000534,1.8111804167376917,-2.021968980828756,-1.5289776960956019,-0.21473580995668584,-0.00013934170419815928,0.043448008596897125,1.9571186946478858e-28,-7.367975922534242e-05,0.0,-0.0,1789195920.690424
1230.8039999999999,-0.19426892155145084,-0.5383896791021328,0.2385959898488545,0.5671884510836296,3.0020477420445393,0.15298743998311648,0,0,0.9851479530334473,-1.2350554329207917,1.8111661116229456,-2.0219809017577113,-1.5289815107928675,-0.21471721330751592,1.3864188986190129e-05,0.001575903152115643,-0.0,-8.39451386127621e-05,0.0,-0.0,1789195920.790427
1230.904,-0.19427406471372907,-0.5383756269845368,0.23858877444157595,0.5671833505552905,3.0020545492835913,0.15307723609667856,0,0,0.9851324558258057,-1.2350626748851319,1.8111847082721155,-2.0219418011107386,-1.529015843068258,-0.21473580995668584,0.00011358108895365149,0.0,-0.0,-3.114338560553844e-20,0.0,-0.0,1789195920.8904245
1231.004,-0.19426692816188723,-0.5383809558503906,0.23853906353951532,0.5671575820823925,3.001986689576233,0.1532216727928649,0,0,0.9851443767547607,-1.2349799436381836,1.811188046132223,-2.021914144555563,-1.5289934317218226,-0.21473580995668584,3.88852312005258e-18,0.0009940958116203547,-0.0,-0.0,0.0,-0.0,1789195920.9904277
1231.104,-0.19427147731771657,-0.5383745144093368,0.23842616779091444,0.5671810898927846,3.001885185016747,0.1535375967206572,0,0,0.9851324558258057,-1.2348148983768006,1.8112366835223597,-2.0219041309752406,-1.529001537953512,-0.21472388902773076,0.0,0.002793189836665988,0.00023046576825436205,-2.2925957538570813e-38,0.0,-0.0,1789195921.090643
1231.204,-0.19427448322911936,-0.538374143359376,0.23832656750061554,0.567135970114321,3.0017979965227988,0.15381578943327798,0,0,0.9851274490356445,-1.2346593600562592,1.8112643400775355,-2.0218855343260707,-1.529001537953512,-0.21475106874574834,0.0,0.0007569182198494673,0.00010696223034756258,-0.0,-0.0,-0.0,1789195921.190451
1231.3039999999999,-0.19428916394208767,-0.5383855464358864,0.23824867854885168,0.5671896738348261,3.0017207954479663,0.154019691551931,0,0,0.9851166605949402,-1.2345073384097596,1.8112457434283655,-2.0218731365599574,-1.529001537953512,-0.21472055116762334,0.0,0.0018275893526151776,7.72103021517978e-08,-0.0,-0.0,-0.0,1789195921.2904346
1231.404,-0.19431581472700948,-0.538427653255454,0.23796868749503886,0.5671109589138226,3.0015226136887585,0.15468816438544383,0,0,0.9851202368736267,-1.2339817446521302,1.811220947896139,-2.0218969784178675,-1.529013458882467,-0.21475106874574834,0.0,0.011311797425150871,-0.0,-0.0,-0.0,-0.0,1789195921.3904335
1231.504,-0.19441915992009542,-0.5386138880200954,0.2364234079406791,0.5669408591306369,3.0002598507555023,0.15847530663427473,0,0,0.9851443767547607,-1.2311904591372986,1.8112133185016077,-2.0219460926451625,-1.5289934317218226,-0.21473247209657842,0.0,0.04641084745526314,-0.00012708490248769522,-0.0,-0.0,-0.0,1789195921.490452
1231.604,-0.1946516042480811,-0.5389785046672426,0.23330982287294805,0.5666024591255122,2.997728296863166,0.16605320292713416,0,0,0.985149085521698,-1.2255494159511109,1.8111770788775843,-2.02207674602651,-1.5289695898639124,-0.21473580995668584,5.745114685851149e-05,0.0700264647603035,-8.554804662708193e-05,-0.0016175756463781,-0.0,-0.0,1789195921.5904455
1231.704,-0.19501740029949646,-0.539557173114062,0.22860512476450093,0.5661174328736504,2.9941578122254233,0.17666976377624297,0,0,0.9851634502410889,-1.2169674199870606,1.8111775557147425,-2.0229817829527796,-1.528945271168844,-0.21473247209657842,0.0,0.08604712784290314,-0.0,-0.020320774987339973,-0.0,-0.0,1789195921.6904027
1231.8039999999999,-0.19576396378245803,-0.5407080781951769,0.2255035604579254,0.5661043515522245,2.994899704787943,0.17467157485596413,0,0,0.9851839542388916,-1.2101450723460694,1.8111661116229456,-2.031259676019186,-1.528984848652975,-0.21473580995668584,2.699554715945851e-05,0.04376709461212158,-1.1823854947579093e-05,-0.13409222662448883,-0.0,-0.0,1789195921.7904325
1231.904,-0.19645105084673406,-0.5417587983987324,0.22575692989676566,0.5665739783257664,2.999300048591462,0.16146364524386814,0,0,0.9851861596107483,-1.2090021532825013,1.8112242857562464,-2.0419870815672816,-1.5289619604693812,-0.21473914781679326,0.0,4.019389190588209e-22,5.340134521247819e-05,-0.05720249190926552,0.0,-0.0,1789195921.8904235
1232.004,-0.19647545342749645,-0.5417365636907534,0.22570786588184194,0.5666722886682184,2.9994207073840133,0.1611327063867783,0,0,0.9851324558258057,-1.2089854341796418,1.8114174048053187,-2.042445798913473,-1.528989617024557,-0.21473580995668584,-4.520947186392732e-05,0.00027292975573800504,0.006440966855734587,0.000607724767178297,0.0,-0.0,1789195921.990433
1232.104,-0.19597498444545303,-0.5410565561501515,0.2246978250524364,0.5664248627200219,2.9982181844997715,0.1646978576384926,0,0,0.9851994514465332,-1.2089854341796418,1.813857380543844,-2.042299886743063,-1.528954807912008,-0.21473580995668584,8.038279338506982e-05,3.8382149796234444e-05,0.04071029648184776,0.0002526214811950922,0.0,-0.0,1789195922.0904505
1232.204,-0.19486627413263977,-0.5393641700975151,0.22224537107416953,0.5661165164266203,2.995435223552365,0.17302356132863136,0,0,0.9851803779602051,-1.2089818280986329,1.8198736349688929,-2.0423103771605433,-1.5289705435382288,-0.21473247209657842,7.98819528426975e-05,2.5962151994463056e-05,0.07039078325033188,0.0001370722457068041,0.0,-0.0,1789195922.1904418
1232.3039999999999,-0.19419329846235575,-0.5383938443462022,0.22083500051660732,0.5658467080629497,2.9938990921369286,0.17770827925007393,0,0,0.9852282404899597,-1.2089854043773194,1.8233802954303187,-2.0424386463561,-1.52899676958193,-0.21473580995668584,0.0005657270667143166,-1.3993834727443755e-05,-0.0007048147963359952,-0.003908184822648764,0.0,-0.0,1789195922.2904432
1232.404,-0.19425576190035082,-0.5384248260377228,0.2208610919059767,0.5659297051441764,2.994034324760858,0.17724169295631326,0,0,0.9851645827293396,-1.2089542311481019,1.8233407179461878,-2.0427619419493617,-1.5289934317218226,-0.21475488344301397,-0.0005216540885157883,8.093848009593785e-05,-0.00015274361066985875,-0.00024433466023765504,0.0,-0.0,1789195922.3904257
1232.504,-0.19423002213265486,-0.5384323430207459,0.2208754163921937,0.5659149071513376,2.994058993280522,0.17714422338691316,0,0,0.9852077960968018,-1.2089854341796418,1.823359791432516,-2.042816778222555,-1.5289776960956019,-0.21472388902773076,-6.65736515657045e-05,4.318711580708623e-05,-5.429488010122441e-05,-9.207796392729506e-05,0.0,-0.0,1789195922.49043
1232.604,-0.19423911245298475,-0.5384637688871154,0.22089342096286246,0.5658598036797179,2.9941354565487925,0.17684814350091704,0,0,0.9852197170257568,-1.2089662712863465,1.8233283201800745,-2.0430032215514125,-1.5289467016803187,-0.21475440660585576,-1.57539508394378e-30,3.5226750385173737e-32,-0.00032245376496575773,-0.005454382859170437,0.0,-0.0,1789195922.5904503
1232.704,-0.19425331969529044,-0.5385126091441576,0.22094115142434023,0.5658834965329835,2.9943051785099493,0.17636782234616669,0,0,0.9852473735809326,-1.2089663308909913,1.8232725302325647,-2.0432993374266566,-1.528950039540426,-0.21472388902773076,0.00014285619545262307,1.7892911596817385e-09,-0.0006437575211748481,-0.011569839902222157,0.0,-0.0,1789195922.6904387
1232.8039999999999,-0.19455048918073564,-0.5389710666942197,0.2213509373900902,0.5661215678063504,2.996574874855408,0.1697263960473882,0,0,0.9852592945098877,-1.2089542311481019,1.8232529799090784,-2.048105379144186,-1.5289776960956019,-0.21472055116762334,2.222923581318703e-11,0.0,-0.00011641532182693481,-0.04884166643023491,0.0,-0.0,1789195922.790478
1232.904,-0.1946477710077828,-0.5390938639398997,0.22148802591986294,0.5662323490528354,2.9971888450030892,0.16781231817332332,0,0,0.985231876373291,-1.2089854341796418,1.8232372442828577,-2.049431940118307,-1.5289619604693812,-0.21472055116762334,2.3859400566372813e-10,0.0,-1.65308079724813e-11,-0.00200919178314507,0.0,-0.0,1789195922.8904448
1233.004,-0.19463974221447633,-0.5390810307146382,0.2214605599846784,0.566223233328503,2.997167694566908,0.16795970184612447,0,0,0.9852355122566223,-1.2089663010886689,1.8232691923724573,-2.0493880710997523,-1.5289862791644495,-0.21472055116762334,0.0,0.0,-1.3592695722763892e-05,-0.00013624993152916431,0.0,-0.0,1789195922.99048
1233.104,-0.19466133419792633,-0.5390653618292129,0.22143340490616903,0.5662237874749274,2.99717702098994,0.1681338574348695,0,0,0.985199511051178,-1.2089302998832245,1.8232739607440394,-2.0493303738036097,-1.5290525595294397,-0.21475488344301397,-0.0001964144321391359,0.0002783123345579952,0.00017848872812464833,0.00022182207612786442,-0.00012348382733762264,-0.0,1789195923.0904794
1233.204,-0.19465481611853142,-0.539042625549716,0.22141030333688078,0.56628168991735,2.9971267246558133,0.16820087739604728,0,0,0.9851839542388916,-1.2089410883239289,1.8233473936664026,-2.049338003198141,-1.5290373007403772,-0.214729134236471,-7.406328222714365e-05,0.0002554067468736321,7.386063225567341e-05,8.473870548186824e-05,-8.329194679390639e-05,-0.0,1789195923.1905034
1233.3039999999999,-0.194657573916446,-0.5390416464127252,0.221377590082511,0.5662917516801977,2.9970895722224045,0.16837297438705054,0,0,0.985182523727417,-1.208882526760437,1.8233326117144983,-2.049267431298727,-1.52905780473818,-0.21472055116762334,-1.4358233016406001e-34,0.00044850536505691707,1.1482693788792678e-19,0.0003852516820188612,-1.7906873842771127e-25,-0.0,1789195923.2904696
1233.404,-0.1946823955497877,-0.5390258197430149,0.221349455952005,0.5663444708308237,2.9970172145689102,0.1684992355462756,1,1,0.9851274490356445,-1.208846465950348,1.8233407179461878,-2.049211164514059,-1.5290454069720667,-0.21473580995668584,-0.00018493157404009253,0.0006856803083792329,0.00010914828453678638,0.00029669306240975857,-6.750833563273773e-05,-0.0,1789195923.390507
1233.504,-0.19468351242332374,-0.5390225012517686,0.2213520693178188,0.5663688337876756,2.9970345020475246,0.1685292226215474,1,1,0.9851274490356445,-1.2088536781123658,1.8233407179461878,-2.0491959057249964,-1.5290730635272425,-0.21472055116762334,-4.9129524159228087e-42,0.0001559171505505219,-1.8024651013695923e-17,8.819816866889596e-05,-9.10844001811131e-44,-0.0,1789195923.4905229
1233.604,-0.1946767247970839,-0.5390129320201149,0.22133225205735985,0.5663645873533395,2.997029381286592,0.1686279724197299,1,1,0.9851324558258057,-1.2088417571834107,1.8233688513385218,-2.04917635540151,-1.5290973822223108,-0.21471721330751592,0.0,7.569220178993419e-05,-0.0,1.783440468841577e-29,-1.9892521793739413e-31,-0.0,1789195923.5905013
1233.704,-0.1946906192977029,-0.5390215927498834,0.22133056436242438,0.5663552908001356,2.997035112135879,0.16860970085096963,1,1,0.9851202368736267,-1.208814339046814,1.8233369032489222,-2.049183507958883,-1.5290973822223108,-0.21473580995668584,0.0,8.712640556041151e-05,-0.0,0.0,-6.257205677684397e-05,-0.0,1789195923.690475
1233.8039999999999,-0.19467571693302266,-0.5390144026216166,0.2213191262072437,0.5663489863723115,2.997043878752742,0.16867322381843586,1,1,0.9851396679878235,-1.2088179749301453,1.8233688513385218,-2.049178739587301,-1.529121224080221,-0.21472055116762334,0.0,8.97922582225874e-05,-0.0,0.0002264016366098076,-2.7829787501490867e-42,-0.0,1789195923.790378
1233.904,-0.19469301581315127,-0.5390016915439816,0.2212856802091515,0.5663946784411813,2.996976078878969,0.1688369621466692,1,1,0.9851011633872986,-1.2087710958770295,1.8233721891986292,-2.0491086445250453,-1.529121224080221,-0.21472388902773076,0.0,0.00016540224896743894,-0.0,0.00022659655951429158,-3.281006216737623e-24,-0.0,1789195923.890358
1234.004,-0.19465483428655145,-0.5390148775146654,0.22129300668113516,0.5662460497856002,2.997021380012616,0.16884840680427335,1,1,0.9851742386817932,-1.208781973724701,1.8233655134784144,-2.0490924320616664,-1.5291369597064417,-0.21475106874574834,0.0,0.00011100862320745364,-0.0,0.00011437934153946117,-5.2704337576869875e-05,-0.0,1789195923.9903529
1234.104,-0.19468173258239352,-0.5390204945084415,0.22130385841175468,0.5663278867707947,2.9970151017429005,0.16875254987429555,1,1,0.9851360321044922,-1.2087747019580384,1.8233369032489222,-2.0491301021971644,-1.5291174093829554,-0.21473580995668584,0.0,7.032924622762948e-05,-0.0,1.787431203048584e-09,-0.0,-0.0,1789195924.090411
1234.204,-0.1946659932291669,-0.5390181827267294,0.2213038280597557,0.5662935549706768,2.9970109384844013,0.16874801114175786,1,1,0.9851551651954651,-1.2087903779796143,1.823359791432516,-2.049135824243063,-1.5291054884540003,-0.21473914781679326,0.0,2.743876029853709e-05,-0.0,0.0,-0.0,-0.0,1789195924.1903667
1234.3039999999999,-0.19467842731550394,-0.5390326151742136,0.22130085555585247,0.5663332609073954,2.9970176569231066,0.16872326736086635,1,1,0.9851515293121338,-1.208751843576767,1.823317829762594,-2.049152990380758,-1.529109303151266,-0.21471721330751592,0.0,0.0,-0.0,9.026251055534797e-28,-0.0,-0.0,1789195924.2904165
1234.404,-0.1946721401799865,-0.5390315014813182,0.22132154118888797,0.566294626735345,2.9970383633385937,0.16868171984847458,1,1,0.9851598739624023,-1.2087903779796143,1.823317829762594,-2.0491439304747523,-1.529109303151266,-0.21473580995668584,0.0,0.0,-0.0,0.0,-0.0,-0.0,1789195924.390666
1234.504,-0.194688657580526,-0.5390150675282914,0.22131785405884472,0.5663512993270788,2.997029172059477,0.16872020990868664,1,1,0.9851216673851013,-1.2088022989085694,1.8233407179461878,-2.0491324863829554,-1.5291250387774866,-0.21473580995668584,0.0,0.0,-0.0,0.0,-0.0,-0.0,1789195924.4904022
1234.604,-0.19466154355904272,-0.5390184251422936,0.22130373982089074,0.5662820102893876,2.9970329536268654,0.16878402749593033,1,1,0.9851670265197754,-1.2087903779796143,1.8233564535724085,-2.049120088616842,-1.529133145009176,-0.21473580995668584,0.0,0.0,-0.0,0.0,-0.0,-0.0,1789195924.5903935
1234.704,-0.19467733535083542,-0.5390110017130427,0.2213112997520475,0.5663290671172431,2.997029766715351,0.16876040983966908,1,1,0.9851360321044922,-1.208805875187256,1.823359791432516,-2.0491234264769496,-1.529133145009176,-0.21473580995668584,-1.4976995643678492e-08,0.0,-0.0,0.0,-0.0,-0.0,1789195924.6904364
1234.8039999999999,-0.1946683831974179,-0.5390096529404934,0.22130821805228182,0.5663283593290374,2.9970319743619114,0.16882367566854237,1,1,0.9851515293121338,-1.208805875187256,1.823359791432516,-2.0490881405272425,-1.5291522184955042,-0.21472055116762334,0.0,0.0,-0.0,0.00012584398791659623,-5.753961218081527e-13,-0.0,1789195924.790418
1234.904,-0.19466511138445391,-0.539006651118456,0.2213103346015713,0.5662738983506261,2.9970112256444525,0.16887086947814028,1,1,0.9851515293121338,-1.2088131469539185,1.823353115712301,-2.049033304254049,-1.5291412512408655,-0.21475488344301397,0.0,0.0,-0.0,0.00024741864763200283,-8.04541923571378e-05,-0.0,1789195924.890394
1235.004,-0.19467100756394878,-0.5389964344945567,0.22128914655184184,0.5663245852929266,2.9970006344144435,0.16893857291297135,1,1,0.9851360321044922,-1.2087940138629456,1.8233802954303187,-2.049039979974264,-1.5291608015643519,-0.21473580995668584,0.0,0.0,-0.0,0.00022892904235050082,-2.9746335459637704e-23,-0.0,1789195924.990407
1235.104,-0.19468205209027226,-0.5389934371466505,0.22129842167557573,0.566359532719241,2.9969915994744336,0.16887647523024574,1,1,0.9851130247116089,-1.2088095408729096,1.823383633290426,-2.0490623913206996,-1.5291412512408655,-0.21473580995668584,0.0,0.0,-0.0,9.541393956169486e-05,-9.042622577101457e-26,-0.0,1789195925.0904117
1235.204,-0.19468265643532934,-0.5389964013053082,0.2212893916874366,0.5663578514181571,2.996983378455548,0.16893119956380112,1,2,0.9851166009902954,-1.2087867718986054,1.8233688513385218,-2.049035211602682,-1.5291498343097132,-0.21473247209657842,0.0,0.0,-0.0,9.04300541151315e-05,-0.0,-0.0,1789195925.19042
1235.3039999999999,-0.19467100140520158,-0.53900682096708,0.22133358752725002,0.5662891515939177,2.9970529686751055,0.16883264824625333,1,2,0.9851479530334473,-1.2088442903808136,1.8233369032489222,-2.0490266285338343,-1.5291693846331995,-0.21475106874574834,0.0,0.0,-0.0,8.341200009454042e-05,-0.0,-0.0,1789195925.2904146
1235.404,-0.1946960143128691,-0.5389791070225308,0.22129669962309995,0.5664086944199653,2.997018984152797,0.16903923847890281,1,2,0.98509281873703,-1.2088131171515961,1.8233721891986292,-2.0489679775633753,-1.5292242209063929,-0.21472388902773076,0.0,0.0,-0.0,0.0001812724076444283,-0.0005788819980807602,-0.0,1789195925.390401
1235.504,-0.1946840016790671,-0.5389779747680646,0.22126538196982715,0.5663047938212674,2.9971631799607987,0.16922930264862965,1,2,0.9851396679878235,-1.208766297703125,1.823383633290426,-2.0489679775633753,-1.5293920675860804,-0.21475106874574834,-8.128693386082189e-37,0.0,-0.0,7.10013264324516e-05,-0.001026738784275949,-0.0,1789195925.4904077
1235.604,-0.19468533606472274,-0.538964566513425,0.22126415117251091,0.5663045730497188,2.997245578100812,0.16933440353796514,1,2,0.98514324426651,-1.208781973724701,1.823402229939596,-2.048944135705465,-1.5294974485980433,-0.21475106874574834,0.0,0.0,-0.0,7.077587127479745e-11,-0.0016583525575697422,-0.0,1789195925.5904355
1235.704,-0.19476171182579713,-0.5389232632695926,0.22125740836526067,0.5664065244430413,2.997868211735578,0.1698567478367531,1,2,0.985119104385376,-1.2087626618197937,1.8233769575702112,-2.048901220361227,-1.5302303473102015,-0.21473580995668584,0.0,5.817511403161113e-11,-0.0,0.00017779855988919735,-0.013519287109375,-0.0,1789195925.6904168
1235.8039999999999,-0.19482169720776202,-0.5388869090908773,0.22125028487956133,0.5664499990111035,2.99849859159885,0.1702953348088137,1,2,0.9851191639900208,-1.2087508004954834,1.8233769575702112,-2.0489236317076625,-1.5309341589557093,-0.21473580995668584,0.0,0.0,4.9708378355717286e-05,0.00015475547115784138,-0.0007620027172379196,-0.0,1789195925.7904267
1235.904,-0.19484838104513655,-0.5388473669573751,0.22126138883660834,0.5665236991267106,2.9985769477542874,0.17060359673419273,1,2,0.9850723147392273,-1.2088012260249634,1.8233769575702112,-2.048731943170065,-1.5311139265643519,-0.21473580995668584,-4.5935161324450746e-05,0.0,3.570223634596914e-05,0.004011757671833038,-0.0025394137483090162,-0.0,1789195925.8904188
1236.004,-0.19480410095635844,-0.5388252161019296,0.22121016311663594,0.5664439104276002,2.9985146514506895,0.1708847219212492,1,2,0.985119104385376,-1.208781973724701,1.8234565893756312,-2.048636575738424,-1.5311277548419397,-0.21473580995668584,-7.182083209045231e-05,0.0,0.00015905652253422886,0.0005963730509392917,-0.0010710000060498714,-0.0,1789195925.9904401
1236.104,-0.19484269106288682,-0.5388121322618896,0.2212219730203804,0.5665179579114449,2.998638519534608,0.17097664856361236,1,2,0.9850759506225586,-1.2087903779796143,1.8234313170062464,-2.048606058160299,-1.5312817732440394,-0.21473580995668584,-0.00023068218433763832,0.0,7.030637061689049e-05,0.0001788139488780871,-0.00023518687521573156,-0.0,1789195926.0904243
1236.204,-0.19487878743501286,-0.5387979025756835,0.22124985027786648,0.5666339683036131,2.9986430525279495,0.1708857816852167,1,2,0.9850078225135803,-1.2088381809047242,1.8234313170062464,-2.0486208401122035,-1.5312817732440394,-0.2147286573993128,-0.002299141138792038,-0.00019119653734378517,-0.0,6.195552850840613e-05,-0.00022988687851466238,-0.0,1789195926.1904538
1236.3039999999999,-0.19499080342820077,-0.5387467877826335,0.22132924533595016,0.5669520939791476,2.9986484812529497,0.17071031194265138,1,2,0.9847931265830994,-1.2089818280986329,1.823427979146139,-2.048598905602926,-1.5313018004046839,-0.21473580995668584,-0.00023172982037067413,-0.0029170347843319178,-0.0,5.913479519450728e-43,-0.00018918680143542588,-0.0,1789195926.2904506
1236.404,-0.1949480890692607,-0.5387136986216752,0.22195897060947087,0.5669830137468498,2.999195913476704,0.1690207438355885,1,2,0.9848208427429199,-1.2100829643062134,1.8234050909625452,-2.0486842594542445,-1.5312779585467737,-0.21473580995668584,-9.328011947218329e-05,-0.018207231536507607,-0.0,1.5908971460077553e-13,-3.316233051009476e-05,-0.0,1789195926.3904219
1236.504,-0.1948865976612632,-0.538564864733402,0.2234294225334461,0.5672030275458573,3.0003965614421637,0.16539920169192954,1,2,0.984769344329834,-1.2127352815917511,1.8234131971942347,-2.0486537418761195,-1.5312889258014124,-0.21474773088564092,-0.0005690177786163986,-0.030616745352745056,-0.0,0.0,-1.0066385167728832e-21,-0.0,1789195926.4904268
1236.604,-0.1947454901766393,-0.5383676414761087,0.22554471735101905,0.5674103114550736,3.002104693192057,0.16010486149214462,1,2,0.9847801327705383,-1.2165487271598359,1.8234294096576136,-2.0486513576903285,-1.5312450567828577,-0.21475106874574834,-0.0002231165999546647,-0.04547519609332085,0.00014784277300350368,0.0,-0.0,-0.0,1789195926.5904412
1236.704,-0.19453157722967906,-0.53806642730386,0.228534441332741,0.5677233075089875,3.0045143213059546,0.15267739698291444,1,2,0.9848003387451172,-1.2219624680331727,1.8234732786761683,-2.0486141643919886,-1.5312140623675745,-0.21473580995668584,0.0,-0.06831405311822891,0.0007946770056150854,0.0,-0.0,-0.0,1789195926.6903615
1236.8039999999999,-0.19419891980191561,-0.5376328567096699,0.23278870549310987,0.5680854871978109,3.007951863135458,0.1419681925371509,1,2,0.9848637580871582,-1.2296539408019562,1.823529068623678,-2.048648019830221,-1.5311544577227991,-0.21473247209657842,0.00026438230997882783,-0.08364903926849365,0.0001361022877972573,3.979365646955557e-05,-0.0,-0.0,1789195926.7904065
1236.904,-0.1937750651924042,-0.5370473818362734,0.23834676242418915,0.5686063362638,3.012395487911856,0.1279580097648166,1,2,0.984915554523468,-1.2396407586387177,1.8234933058368128,-2.0486446819701136,-1.5310981909381312,-0.21472055116762334,0.00019306590547785163,-0.11497795581817627,0.00017552492499817163,0.0,0.0001073886378435418,-0.0,1789195926.8904235
1237.004,-0.19309982924210295,-0.5361930049625182,0.2455214849826879,0.5690822247326713,3.0181259766112585,0.10988269660611778,1,2,0.9850881099700928,-1.2526607078364869,1.8235896269427698,-2.0486399135985316,-1.5310872236834925,-0.21472055116762334,0.0014169681817293167,-0.13823051750659943,0.0014582524308934808,0.0,1.1626121931840316e-06,-0.0,1789195926.9904373
1237.104,-0.19222521488800473,-0.5350748111111142,0.2531058532530051,0.5694872475532169,3.024065559247589,0.09086021592775749,1,2,0.9853036403656006,-1.2667702001384278,1.8240950743304651,-2.048596044579977,-1.5311015287982386,-0.21473580995668584,0.004674713127315044,-0.1346835494041443,0.009552418254315853,0.0003645594115369022,0.0,-0.0,1789195927.0904253
1237.204,-0.19028768569444393,-0.5337407918992456,0.25932093878414125,0.5676625327123728,3.0290879854924917,0.07584273653737385,1,2,0.9869087338447571,-1.2798702281764527,1.8264482657061976,-2.0485578976073207,-1.5310943762408655,-0.21472388902773076,0.03191822022199631,-0.13193273544311523,0.039907436817884445,0.00014281632320489734,0.0,-0.0,1789195927.1904447
1237.3039999999999,-0.18547684224583366,-0.5323683777872859,0.2626132411787707,0.5588544106974525,3.0328633748835063,0.06958891077930533,1,2,0.9928803443908691,-1.2906976801208039,1.8326237837420862,-2.0485340557494105,-1.5311339537249964,-0.21475106874574834,0.10160855948925018,-0.08677444607019424,0.07240292429924011,0.00016559322830289602,0.0,-0.0,1789195927.2904165
1237.404,-0.17585752110711197,-0.5319102013236199,0.26114048447503213,0.5369243562169129,3.0350985996289763,0.07701197717900245,1,2,1.0072671175003052,-1.2959109407714386,1.8427093664752405,-2.048607488671774,-1.5311220327960413,-0.21472055116762334,0.18142791092395782,-0.021151188760995865,0.13088439404964447,3.0880069971317425e-05,0.0,-0.0,1789195927.3904183
1237.504,-0.16403450334659445,-0.5318108302455896,0.2562386921239995,0.5084764476977378,3.035521070060253,0.09421959503034662,1,2,1.0257070064544678,-1.2963299316218873,1.8547590414630335,-2.0486656628050746,-1.5310261885272425,-0.21475106874574834,0.16509531438350677,0.0006809622864238918,0.08856543898582458,-0.00022221847029868513,0.0003824783198069781,-0.0,1789195927.4904282
1237.604,-0.1570738497445789,-0.5332985903445396,0.2554204030863447,0.48956540125981995,3.038237685445132,0.09692958109262698,1,2,1.0381708145141602,-1.2963622075370331,1.8568428198443812,-2.049183507958883,-1.5308945814715784,-0.21473247209657842,0.09115737676620483,-0.0005123643786646426,-0.0007255480741150677,-0.0021666481625288725,0.0001876383030321449,-0.0,1789195927.5904243
1237.704,-0.15460718757825564,-0.5340302960968307,0.25533710688651745,0.48253688857477417,3.039418881550016,0.09743090390173183,1,2,1.0428028106689453,-1.2962101262858887,1.85683519044985,-2.04913391689443,-1.5308907667743128,-0.21473580995668584,0.004689894616603851,0.00018578993331175297,-1.6275178495561704e-05,0.0003764154971577227,9.139315807260573e-05,-0.0,1789195927.6904202
1237.8039999999999,-0.1547030039567793,-0.5339950568816692,0.25518421667134483,0.48279275135772176,3.039263672243484,0.09796142224978872,1,2,1.0426242351531982,-1.2959862810424347,1.8568938414203089,-2.0490552387633265,-1.5309341589557093,-0.21473914781679326,-0.00041473848978057504,0.0006140403565950692,-0.0,0.0002964797313325107,0.0,-0.0,1789195927.7904143
1237.904,-0.15471485190920883,-0.5340566817728554,0.25482161672824183,0.4827107544623581,3.0389800293488487,0.09902142773190364,1,2,1.042663812637329,-1.2953016024878998,1.8568585554706019,-2.048964639703268,-1.5309422651873987,-0.21473580995668584,-8.840113988918247e-30,0.010504425503313541,-0.0,0.00023701808822806925,0.0,-0.0,1789195927.8903985
1238.004,-0.15474171829057887,-0.5341423849888177,0.2541574276298699,0.48261264212741667,3.0384695274409648,0.10083755070630436,1,2,1.0426998138427734,-1.294108049278595,1.8568976561175745,-2.048922201196188,-1.5309422651873987,-0.21473247209657842,0.00030846690060570836,0.014913889579474926,-0.0,0.0016219893004745245,0.0,-0.0,1789195927.9903986
1238.104,-0.1548647869435041,-0.5343502120031814,0.25284041116345124,0.4825180766510247,3.0374656811636944,0.10436154254772666,1,2,1.042696237564087,-1.2916228634170075,1.856828514729635,-2.048863550225729,-1.5309503714190882,-0.21473580995668584,0.00011147314944537356,0.03448844701051712,-0.0,0.00010954040772048756,0.0,-0.0,1789195928.0903707
1238.204,-0.15494618161740117,-0.534594841686506,0.2511636748091757,0.48225014455931176,3.03624238284099,0.10875611016004828,1,2,1.0427944660186768,-1.2885427933982392,1.856870476399557,-2.048903604547018,-1.5309661070453089,-0.21473580995668584,0.0012444127351045609,0.029423657804727554,-0.0,2.5444153992678752e-15,0.0,-0.0,1789195928.1904428
1238.3039999999999,-0.15507484437938515,-0.5349392872698838,0.2488515657803121,0.48187861914847707,3.034524068924918,0.11488710278903118,1,2,1.0429105758666992,-1.2842497688582917,1.856847111378805,-2.0488692722716273,-1.530989948903219,-0.21475440660585576,0.0006454855320043862,0.05494745075702667,-9.278105440983785e-31,0.0,0.0,-0.0,1789195928.290668
1238.404,-0.15528170176152065,-0.5353820409526904,0.24571637500408183,0.4815657167750913,3.0321461064123234,0.12306268724661083,1,2,1.04298734664917,-1.278439239864685,1.8568432966815394,-2.048915525475973,-1.530989948903219,-0.21473247209657842,0.00030242843786254525,0.06049341335892677,-0.0,0.0,0.0,-0.0,1789195928.3904412
1238.504,-0.15543199249690942,-0.5357178999590142,0.24319408493897232,0.48129790151999735,3.030183766471418,0.12965152299181865,1,2,1.043050765991211,-1.2737897497466584,1.8568618933307093,-2.0489236317076625,-1.5309622923480433,-0.21472055116762334,0.0006961938343010843,0.025252314284443855,-0.0,1.938125463178147e-31,0.0,-0.0,1789195928.4904227
1238.604,-0.15537697064939973,-0.5357718081852901,0.24292105427002758,0.48108275884918966,3.0299851725368048,0.13033618940179412,1,2,1.043182611465454,-1.2732941669276734,1.8568781057940882,-2.048944135705465,-1.53093129793276,-0.21471673647035772,0.004836289212107658,-0.00032960670068860054,-0.0,-8.783282828517258e-05,0.0,-0.0,1789195928.5903869
1238.704,-0.15484310080941296,-0.5359299125276464,0.24316815826272492,0.47958129169652813,3.0305738921264402,0.1294760577052777,1,2,1.044188141822815,-1.2736882132342835,1.8568466345416468,-2.049178739587301,-1.5309622923480433,-0.21472388902773076,0.014306037686765194,-0.00020427476556506008,-0.0,-0.0012330780737102032,0.0,-0.0,1789195928.6904418
1238.8039999999999,-0.153343638046759,-0.5363651985819614,0.24309463880578766,0.47535386250809253,3.031275630864588,0.12987463151136427,1,2,1.0469880104064941,-1.2735623282245179,1.8568504492389124,-2.049135824243063,-1.5309580008136194,-0.21472055116762334,0.03939871862530708,0.0002614256809465587,-0.0,-6.703793769702315e-05,0.0,-0.0,1789195928.7904346
1238.904,-0.15123822454902514,-0.5369644067378145,0.24304965709552512,0.46942364978868356,3.032312393410961,0.13026035952240392,1,2,1.0509133338928223,-1.2734857362559815,1.8568504492389124,-2.049096246758932,-1.5309613386737269,-0.21472055116762334,0.03317289799451828,0.0004835827276110649,-0.0,1.3871324632098274e-18,0.0,-0.0,1789195928.8904269
1239.004,-0.15035424084120363,-0.5372175949359201,0.24301636338106464,0.4668775140462863,3.0327225117413623,0.1304153958981305,1,2,1.0525588989257812,-1.273425893192627,1.856854263936178,-2.049102922479147,-1.5309351126300257,-0.2147582213031214,0.0003160722553730011,0.0002841768437065184,-0.0,6.189320993144065e-05,0.0,-0.0,1789195928.9904158
1239.104,-0.15046933581429486,-0.5371934947959318,0.24299806164129772,0.4672077998299928,3.03268585889117,0.1304926611406944,1,2,1.0523600578308105,-1.2733780902675171,1.8568318525897425,-2.049084802667135,-1.5309785048114222,-0.21473914781679326,-0.0012777909869328141,0.00026030477602034807,-0.0,6.964898493014293e-13,-8.906653039248537e-42,-0.0,1789195929.090426
1239.204,-0.15055555883251381,-0.5371629251246607,0.24296736740981595,0.46748694407399677,3.032600313708737,0.13064988979995584,1,2,1.0521957874298096,-1.2733374398997803,1.8568390051471155,-2.049020906487936,-1.530989948903219,-0.21471673647035772,-0.0023594831582158804,0.0010431855916976929,-0.0,5.705280273105018e-05,-0.0,-0.0,1789195929.1904173
1239.3039999999999,-0.15072035984584,-0.5371236382370265,0.24288005263855733,0.4679109494738081,3.0324725388958496,0.13088896746672118,1,2,1.0518996715545654,-1.2731864017299195,1.8568504492389124,-2.0490128002562464,-1.5310142675982874,-0.2147286573993128,-0.004159478470683098,0.0016738215927034616,-0.0,7.617171650053933e-05,-0.0,-0.0,1789195929.2904136
1239.404,-0.1509605266989915,-0.5370714203999009,0.2427985106338082,0.46857301377584293,3.0322902622386834,0.13106125424061962,1,2,1.051465630531311,-1.2730308336070557,1.8568466345416468,-2.0490247211852015,-1.5310104529010218,-0.21472055116762334,-0.003687456017360091,0.002231326187029481,-0.0,7.085840621674697e-27,-1.9923793517784283e-12,-0.0,1789195929.3904197
1239.504,-0.1512585358263695,-0.5370156827182517,0.24263708911596166,0.4693421216430938,3.0320579705306834,0.1314518317655167,1,2,1.0509419441223145,-1.2727244359305878,1.8568390051471155,-2.049039979974264,-1.531041447316305,-0.2147286573993128,-0.006798291578888893,0.004268481861799955,-0.0,0.0,-0.0,-0.0,1789195929.4904633
1239.604,-0.15165416868846077,-0.536914423372044,0.24250913313034161,0.4704468007322771,3.0317246272121063,0.13178431481804048,1,2,1.050210952758789,-1.2725029748729249,1.8568504492389124,-2.0490018330016078,-1.5310223738299769,-0.21472055116762334,-0.0026495587080717087,0.0010684881126508117,-0.0,0.0,-0.0,-0.0,1789195929.5904055
1239.704,-0.15169768409300374,-0.5369228241776556,0.2424239386271307,0.4705033184225499,3.031688688089278,0.13200291090101826,1,2,1.0501558780670166,-1.2723291975310822,1.8568318525897425,-2.049016138116354,-1.5310609976397913,-0.21473580995668584,-0.00010608749289531261,0.0023192898370325565,-0.0,7.647972921631663e-09,-1.5341345971364717e-09,-0.0,1789195929.6904194
1239.8039999999999,-0.15170819570698502,-0.5369316485849961,0.2422786733983372,0.4704921178126803,3.0315322093749413,0.13237130790666218,1,2,1.0501391887664795,-1.272081510429718,1.8568580786334437,-2.049011369744772,-1.5310190359698694,-0.21475106874574834,-0.0005968891200609505,0.0020097873639315367,-0.0,0.00013650291657540947,-0.0,-0.0,1789195929.7903974
1239.904,-0.15173213723858897,-0.5369336061966016,0.24214699147818863,0.4705456917718941,3.031442844801454,0.13279509797009126,1,2,1.0501103401184082,-1.2718540591052552,1.8568690458880823,-2.0489679775633753,-1.5310619513141077,-0.21473914781679326,-0.0014260148163884878,0.0029651422519236803,-0.0,7.418860332109034e-05,-4.629575115211869e-20,-0.0,1789195929.890391
1240.004,-0.151989270164208,-0.5368742810799968,0.24198703662130006,0.47124417423809944,3.0311782460397625,0.13321113956495603,1,2,1.04964280128479,-1.271577612762787,1.8568905035602015,-2.0489522419371546,-1.531058136616842,-0.21473580995668584,-0.0071413554251194,0.004880860913544893,-0.0,7.212230411823839e-05,-6.281371315708384e-05,-0.0,1789195929.990411
1240.104,-0.1523022705362827,-0.536922003228791,0.2410877802700798,0.47184519890101845,3.030393144976605,0.135490701994963,1,2,1.049187421798706,-1.2699111861041565,1.8568938414203089,-2.049002309838766,-1.5310776869403284,-0.21475106874574834,-0.0021786114666610956,0.026791183277964592,-0.0,1.401298464324817e-45,-0.0,-0.0,1789195930.0904338
1240.204,-0.15251989781008382,-0.5371553014377106,0.2391237866631108,0.4719243789657999,3.028842225768983,0.14065990394553854,1,2,1.049055576324463,-1.2662576896003266,1.8568504492389124,-2.0489679775633753,-1.5311053434955042,-0.21473580995668584,-0.00030511614750139415,0.04961724951863289,-0.0,0.0,-0.0,-0.0,1789195930.1903384
1240.3039999999999,-0.15274810363591756,-0.5375660478471215,0.23572853724479367,0.47164862122798507,3.0261761130173275,0.14947732958644738,1,2,1.0490591526031494,-1.2599896055511017,1.8568504492389124,-2.0489918194212855,-1.531086270009176,-0.21474773088564092,-7.585327693959698e-05,0.07356756180524826,-0.0,2.5615110033072597e-10,-0.0,-0.0,1789195930.2903836
1240.404,-0.15312345851155454,-0.5380470405013915,0.231439254100336,0.471608734270964,3.022801947458249,0.16053112776707895,1,2,1.0489007234573364,-1.252045915727951,1.8568194548236292,-2.0490828953185023,-1.5311220327960413,-0.21472055116762334,-0.005102472845464945,0.08325745165348053,-0.0,-0.0006972054252400994,-0.0019291704520583153,-0.0,1789195930.3903785
1240.504,-0.15362880926938735,-0.5383192238233816,0.2282087950642494,0.4721869175526093,3.020086362371002,0.1687625745547235,1,2,1.0483365058898926,-1.246078984146454,1.856814209614889,-2.049171587029928,-1.5311101118670862,-0.21473580995668584,-0.0029196850955486298,0.024241462349891663,-0.0,-0.001086696982383728,-8.387661364395171e-05,-0.0,1789195930.4903712
1240.604,-0.15368181377832188,-0.5383108043521704,0.22803387052435803,0.4723119204218017,3.0199025922541867,0.16919537719316358,1,2,1.0482404232025146,-1.2457869809916993,1.8568576017962855,-2.0491868458189906,-1.531091038380758,-0.21473914781679326,-0.00029690758674405515,0.0,-0.0,-8.888797310646623e-05,-4.3282113892928464e-08,-0.0,1789195930.5903792
1240.704,-0.15370622573979137,-0.5383093706283103,0.22802989170028323,0.47236933081018406,3.0199108357278828,0.1692418339315374,1,2,1.048205852508545,-1.245766745214798,1.85683519044985,-2.0491634807982386,-1.5311220327960413,-0.21473580995668584,-7.498898048652336e-05,6.334314093692228e-05,-0.0,2.21057707676664e-05,-0.0,-0.0,1789195930.6903772
1240.8039999999999,-0.15370366234431654,-0.5383003402295423,0.22799977233299645,0.4723608524035317,3.019881792317925,0.16941747215360473,1,2,1.048205852508545,-1.2457307142070313,1.8568466345416468,-2.049095769921774,-1.531144920979635,-0.21473914781679326,0.0,0.0009408166515640914,-8.20461365513836e-10,0.0003411541983950883,-0.0,-0.0,1789195930.79037
1240.904,-0.1537149835953996,-0.5383375059726214,0.22753944123818837,0.4722711461098856,3.019510815409936,0.17071178622455185,1,2,1.048224925994873,-1.2449061435512085,1.8568618933307093,-2.0490247211852015,-1.5311649481402796,-0.21475488344301397,0.0,0.01567167416214943,-0.0,0.00021902135631535202,-1.2585970446337082e-36,-0.0,1789195930.8903673
1241.004,-0.1537861939493423,-0.538468561818494,0.22630084024410563,0.4722160928558787,3.018521566191944,0.17392989968845476,1,2,1.048232078552246,-1.2426187557033082,1.8568504492389124,-2.049020906487936,-1.531177822743551,-0.21472055116762334,0.0,0.011491505429148674,-0.0,9.649166895542294e-05,-0.0006860299617983401,-0.0,1789195930.9903653
1241.104,-0.15382543260228734,-0.5385061998852569,0.22578781393218617,0.472192623473538,3.018077272593405,0.17529278908284274,1,2,1.048201084136963,-1.2416947346976777,1.856870476399557,-2.048988481561178,-1.531165901814596,-0.21473914781679326,0.0,0.023004623129963875,5.479896208271384e-05,3.2903177336476256e-24,-0.00010787440260173753,-0.0,1789195931.090375
1241.204,-0.15392706393483863,-0.538698309687358,0.22407054776016508,0.47203960798650796,3.0167388479415695,0.17968772500630434,1,2,1.0482177734375,-1.2384940844825287,1.8568227926837366,-2.049028059045309,-1.53119403520693,-0.21473580995668584,1.8251597485935962e-37,0.00251398840919137,-0.0002987367915920913,0.0,-3.286170197991465e-16,-0.0,1789195931.190389
1241.3039999999999,-0.15391979666317163,-0.538705416520126,0.2241193379634026,0.47200948275268484,3.0167826659654393,0.17958531102835254,1,2,1.0482368469238281,-1.2385611993125458,1.8567865530597132,-2.049000402490133,-1.531198803578512,-0.21473914781679326,3.892765219871107e-15,0.00013177980144973844,-0.00017918071534950286,4.624284932271896e-44,-0.0,-0.0,1789195931.290331
1241.404,-0.15391520850922155,-0.5386882194910383,0.22410168772561084,0.47200943801119233,3.016821712451256,0.17969135894466629,1,2,1.0482404232025146,-1.2385648053935547,1.8568337599383753,-2.0489970646300257,-1.531264607106344,-0.21473580995668584,0.0,5.9415709984023124e-05,-7.397875742753968e-05,0.0,-0.00014709435345139354,-0.0,1789195931.3903847
1241.504,-0.15392455461502827,-0.5386916895381262,0.22406120460902954,0.4720129450976688,3.016813383677853,0.1798006425500531,1,2,1.0482332706451416,-1.2384869021228333,1.8568304220782679,-2.049004217187399,-1.5312898794757288,-0.21473914781679326,0.0,2.0816087356602172e-20,-0.0,0.0,-0.00028688780730590224,-0.0,1789195931.490376
1241.604,-0.1539405245023326,-0.5386854900943819,0.2240876070535519,0.4720902453488512,3.0168333941623575,0.17976779306038124,1,2,1.048205852508545,-1.238530085687973,1.8568180243121546,-2.0489803753294886,-1.5313099066363733,-0.21471673647035772,0.0,0.0,-0.0,0.0,-0.00023706293723080307,-0.0,1789195931.5903778
1241.704,-0.15391481369797777,-0.5386902050878414,0.22409477996163693,0.4719968475848125,3.0168591693694604,0.17976653660071554,1,2,1.0482525825500488,-1.2385457319072266,1.8568194548236292,-2.048971792260641,-1.5313175360309046,-0.21473247209657842,0.0,0.0,-0.0,0.0,-8.111067290883511e-05,-0.0,1789195931.690366
1241.8039999999999,-0.15390868133068236,-0.5386749299058553,0.2240973274346119,0.47200753703470216,3.0168020255409425,0.1797868427310089,1,2,1.0482404232025146,-1.2385814946940918,1.856854263936178,-2.048936983148092,-1.531274143849508,-0.21473580995668584,0.0,0.0,9.092297841561958e-05,0.0,-9.973049038689255e-23,-0.0,1789195931.7903574
1241.904,-0.1538892012638568,-0.538701337517161,0.22414448240397772,0.4719206754945246,3.016861507423061,0.1795400348976471,1,2,1.0482897758483887,-1.2386258405498047,1.856814209614889,-2.049016138116354,-1.5312417189227503,-0.21474773088564092,0.00038481582305394113,-0.00023370911367237568,-4.3030609958805144e-05,2.0581532226060517e-05,-0.0,-0.0,1789195931.8903594
1242.004,-0.15386232653169285,-0.5387251506163356,0.22417106053821892,0.47185429664435563,3.0168739517227143,0.1794137990298948,1,2,1.0483472347259521,-1.2386414569667359,1.8567741552936,-2.0490366421141566,-1.5312021414386194,-0.21473580995668584,9.838505502557382e-05,-0.00031607196433469653,-7.562050450360402e-05,0.0,-0.0,-0.0,1789195931.9903598
1242.104,-0.15388503305861811,-0.5387112827588859,0.22418112795863804,0.47194898326787865,3.0168799621547895,0.17938185232210727,1,2,1.0483005046844482,-1.2386725705913086,1.8567941824542444,-2.049051900903219,-1.5312140623675745,-0.21472055116762334,0.0,-8.049167081480846e-05,5.0340273446636274e-05,0.0,-0.0,-0.0,1789195932.0903704
1242.204,-0.1538800387596824,-0.5387148635567793,0.2241666193712387,0.47192511344239335,3.0168770342859568,0.17941806378864017,1,2,1.0483124256134033,-1.2386450332454224,1.8567937056170862,-2.0490552387633265,-1.5312178770648401,-0.21472388902773076,0.0,0.0,-0.0,0.0,-0.0,-0.0,1789195932.1903915
1242.3039999999999,-0.15387409723964163,-0.5387213502623411,0.22417094055494838,0.47191252927459465,3.0168729863836807,0.17937480141657558,1,2,1.0483243465423584,-1.2386450034431,1.8567865530597132,-2.0490714512267054,-1.531198803578512,-0.21472055116762334,0.0,0.0,-0.0,0.0,-0.0,-0.0,1789195932.290317
1242.404,-0.15386075989897904,-0.5387185223893382,0.22418115226062912,0.47186578284779185,3.016883874745255,0.17937678381685943,1,2,1.0483436584472656,-1.2386725407889863,1.8567941824542444,-2.049051900903219,-1.5312021414386194,-0.21473247209657842,0.0,0.0,-0.0,0.0,-0.0,-0.0,1789195932.3902664
1242.504,-0.15385789087139995,-0.5387174297266483,0.22416872181179692,0.471843940405409,3.016886257970837,0.17944768825278196,1,2,1.0483508110046387,-1.238653377895691,1.8567941824542444,-2.0490290127196253,-1.5312216917621058,-0.21473914781679326,0.0,0.0,-0.0,0.0,-0.0,-0.0,1789195932.4904196
1242.604,-0.1538670269848293,-0.5387169300119617,0.22416811131128037,0.471843942876307,3.0168864770238817,0.17942625571156964,1,2,1.048335075378418,-1.238649771814682,1.8567941824542444,-2.049044748345846,-1.5312178770648401,-0.21475488344301397,0.0,0.0,-0.0,0.0,-0.0,-0.0,1789195932.590324
1242.704,-0.15389273628789452,-0.5387216299422403,0.22418376891154485,0.47194249123851006,3.0168836870561404,0.17935591339210047,1,2,1.0482969284057617,-1.238653377895691,1.856762711201803,-2.0490557156004847,-1.5312097708331507,-0.2147286573993128,0.0,0.0,-0.0,0.0,-0.0,-0.0,1789195932.690428
1242.8039999999999,-0.1538730074726057,-0.5387096677175848,0.2241575364239213,0.47189919106861417,3.016842111067071,0.17948404175712637,1,2,1.0483160018920898,-1.2386414569667359,1.856802765523092,-2.049013753930563,-1.5312021414386194,-0.21473580995668584,0.0,0.0,-0.0,0.0,-0.0,-0.0,1789195932.7903726
1242.904,-0.15389086408780084,-0.5387167367110723,0.2241899476072418,0.4718850033667598,3.0168979410004098,0.17935812212693797,1,2,1.0482969284057617,-1.2386725407889863,1.8567708174334925,-2.049044748345846,-1.5312178770648401,-0.21476680437196904,0.0,0.0,-0.0,0.0,-0.0,-0.0,1789195932.8903682
1243.004,-0.15386656957448439,-0.5387114683520863,0.22417319323922286,0.47190640007358964,3.0168648258931836,0.17941566706958995,1,2,1.048327922821045,-1.2386689943126221,1.8568065802203577,-2.049039979974264,-1.5312021414386194,-0.21472055116762334,0.0,0.0,-0.0,0.0,-0.0,-0.0,1789195932.9903765
1243.104,-0.153901469171202,-0.5387172640428488,0.22418044665967482,0.47195492936164263,3.0168826528740045,0.17938871060556352,1,2,1.048281192779541,-1.2386498016170044,1.856762711201803,-2.049039979974264,-1.5312216917621058,-0.21473580995668584,0.0,0.0,-0.0,0.0,-0.0,-0.0,1789195933.0903628
1243.204,-0.15388718413294794,-0.53871660845461,0.2241937147583632,0.4718973888624703,3.016885864452271,0.17935250421421808,1,2,1.0483005046844482,-1.2386807364276429,1.8567708174334925,-2.0490361652769984,-1.531205956135885,-0.21475488344301397,0.0,0.0,-0.0,0.0,-0.0,-0.0,1789195933.190359
1243.3039999999999,-0.15387625124641915,-0.538716073578565,0.22417366161798197,0.4719202560872434,3.0168875317558252,0.17938999329361457,1,2,1.0483195781707764,-1.238656924372055,1.8567941824542444,-2.0490642986693324,-1.5312178770648401,-0.21472055116762334,0.0,0.0,-0.0,0.0,-0.0,-0.0,1789195933.2903621
1243.404,-0.15386560013274225,-0.5387059082495734,0.2241522486529801,0.47185303908182735,3.016868248312658,0.17949031285320735,1,2,1.048327922821045,-1.2386450332454224,1.8568251768695276,-2.0490361652769984,-1.5312216917621058,-0.21475488344301397,0.0,0.0,-0.0,0.0,-0.0,-0.0,1789195933.3903604
1243.504,-0.15388556504019113,-0.5387146104770283,0.22416605338797924,0.4718965221795562,3.016883110508279,0.17941766978404916,1,2,1.0483040809631348,-1.2386414569667359,1.8567903677569788,-2.0490557156004847,-1.5312216917621058,-0.21475106874574834,0.0,0.0,-0.0,0.0,-0.0,-0.0,1789195933.4903276
1243.604,-0.153888699074845,-0.5387168995605945,0.224177241434648,0.47190264413379107,3.0168876779628904,0.1793863311085252,1,2,1.0483005046844482,-1.238653377895691,1.8567779699908655,-2.049051900903219,-1.5312178770648401,-0.21475106874574834,0.0,0.0,-0.0,0.0,-0.0,-0.0,1789195933.5903537
1243.704,-0.1538740390174792,-0.5387136321712437,0.22416126758038313,0.47188938052690665,3.016895980455898,0.17944195337637028,1,2,1.0483243465423584,-1.2386414569667359,1.856802765523092,-2.049059053460592,-1.5312369505511683,-0.21473580995668584,0.00010218144598184153,0.0,-0.0,0.0,-0.0,-0.0,1789195933.6903698
1243.8039999999999,-0.15384974928700806,-0.5387168066458642,0.22418316781489372,0.47183060331966314,3.016890950580754,0.17938735725425783,1,2,1.0483603477478027,-1.238684282904007,1.8568032423602503,-2.0490437946715296,-1.531205956135885,-0.21473914781679326,0.00013800956367049366,0.0,0.00013808312360197306,0.0,-0.0,-0.0,1789195933.7903645
1243.904,-0.15330288629257782,-0.5389365572482883,0.22552761815725797,0.470388794582378,3.018794374944684,0.17436887894699646,1,2,1.0494356155395508,-1.2408424776843567,1.8566587607013147,-2.050363679925436,-1.5312097708331507,-0.21472055116762334,0.008099873550236225,-0.043540190905332565,-9.936186688719317e-05,-0.009440635330975056,-0.0,-0.0,1789195933.8903623
1244.004,-0.1530225098283384,-0.5385143017791681,0.22950534468906025,0.47053813310461773,3.0220216237480635,0.16415517596464566,1,2,1.0495097637176514,-1.2482007902911683,1.8567026297198694,-2.0503207645811976,-1.5312488714801233,-0.21475106874574834,-0.0001516076736152172,-0.11467432230710983,0.00012894367682747543,-3.7208526919130236e-05,-0.0,-0.0,1789195933.990363
1244.104,-0.1525271737159778,-0.5376349896905455,0.2371078351538773,0.4711267402240791,3.0279427643152226,0.14448476940719646,1,2,1.0494990348815918,-1.2622446876815339,1.8567302862750452,-2.0502177677550257,-1.531205956135885,-0.21474773088564092,4.024302597827045e-06,-0.13290689885616302,7.445884693879634e-05,0.0005683911149390042,-0.0,-0.0,1789195934.0903864
1244.204,-0.15213976696824924,-0.5369846430399049,0.24244129477481757,0.47149080935402987,3.0320875906127345,0.1305274111428275,1,2,1.049527883529663,-1.2720790070346375,1.8567221800433558,-2.0502287350096644,-1.53119403520693,-0.21473580995668584,0.00016341581067536026,-0.07447794824838638,-0.0,0.00011751099373213947,-0.0,-0.0,1789195934.190364
1244.3039999999999,-0.15203449740809416,-0.5367834746604054,0.2438319533825331,0.4716209421394152,3.033145704968056,0.12702882615220532,1,2,1.0495195388793945,-1.27468295515094,1.8567464987384241,-2.0501290760436,-1.5312250296222132,-0.21472388902773076,-5.5897813581395894e-05,0.002430083928629756,-0.0,0.0014032876351848245,-0.0,-0.0,1789195934.2903557
1244.404,-0.15204320654575598,-0.5367656287054863,0.2437346458517487,0.4716635692140348,3.0329966553061167,0.12746046952505116,1,2,1.0494871139526367,-1.2745512288859864,1.8567774931537073,-2.049981733361715,-1.5312140623675745,-0.21472055116762334,-0.0001366295327898115,4.203895392974451e-45,-0.0,0.00020237872377038002,-0.0,-0.0,1789195934.390395
1244.504,-0.1520610113390625,-0.5367689566712539,0.24373280003391964,0.4717041636663636,3.0329723287361525,0.12747205736940112,1,2,1.049459457397461,-1.2745308440974732,1.8567512671100062,-2.0499617062010707,-1.5312021414386194,-0.21472055116762334,-0.00011514531070133671,4.221071139909327e-05,1.104526745621115e-05,0.00014059801469556987,-0.0,-0.0,1789195934.4903326
1244.604,-0.15205972046576505,-0.5367773595632628,0.2437147400574693,0.4716588469309731,3.032975483503036,0.12757261461210134,1,2,1.0494736433029175,-1.274482713346817,1.8567231337176722,-2.049920698205465,-1.5312259832965296,-0.21473580995668584,-0.0001744034088915214,0.001191873336210847,-0.0,0.0016470703994855285,-0.0,-0.0,1789195934.5903788
1244.704,-0.15207280136429324,-0.5367576431888775,0.24351795735091183,0.4716421605687575,3.032762381561771,0.12835353141209102,1,2,1.0494379997253418,-1.2741920512965699,1.8567741552936,-2.0497170887389125,-1.531245533620016,-0.21477014223207647,-0.00035506117274053395,0.0009592371061444283,0.00018662428192328662,0.0002526892931200564,0.0,-0.0,1789195934.690378
1244.8039999999999,-0.15225009719369026,-0.5367261729774018,0.24351296789123805,0.4721834763225839,3.032727130607266,0.12836146182861852,1,2,1.0491359233856201,-1.2741453808597107,1.8567269484149378,-2.0497261486449183,-1.5313051382647913,-0.21471673647035772,-0.004211976192891598,0.00013439159374684095,2.2343770979205146e-05,5.482111737364903e-05,0.0,-0.0,1789195934.790356
1244.904,-0.15230050778348012,-0.5367052147424115,0.24351000249414656,0.4723104200230072,3.0326822838095246,0.12833979598369535,1,2,1.0490317344665527,-1.2741560500911255,1.8567512671100062,-2.0497409305968226,-1.5312827269183558,-0.21473580995668584,-0.0005088160978630185,1.379592604392927e-16,-0.0,2.0157418328317515e-37,-9.109618986258283e-05,-0.0,1789195934.8903806
1245.004,-0.1523200993277017,-0.5366925228419634,0.2434821501835765,0.4723917779739557,3.0326529000728932,0.12846091850430663,1,2,1.0489921569824219,-1.2741238635829468,1.8567703405963343,-2.049713750878805,-1.5313018004046839,-0.21472055116762334,-0.00024463076260872185,0.00015523716865573078,-0.0,0.0,-4.180926590188408e-27,-0.0,1789195934.990366
1245.104,-0.15231036349392413,-0.5367002870426769,0.2433748195111359,0.47228906740440246,3.032560831230736,0.12874816894833982,1,2,1.04901123046875,-1.2739477020553132,1.8567975203143519,-2.0497056446471156,-1.5312827269183558,-0.21476298967470342,-5.898033487028442e-05,0.003110902151092887,5.846980532677061e-33,3.849344020617762e-12,-0.0,-0.0,1789195935.0903776
1245.204,-0.15234055384017559,-0.5367188230640668,0.24315788181622974,0.4723657611454118,3.032366732077078,0.129369766871738,1,2,1.0489802360534668,-1.2735540729812165,1.8567975203143519,-2.049662252465719,-1.5312860647784632,-0.21473247209657842,0.0,0.00209251930937171,-0.0,0.00016578346549067646,-0.0,-0.0,1789195935.1903627
1245.3039999999999,-0.1523486610621301,-0.5367490924932998,0.24304500281078625,0.47233653764403677,3.0323134689144338,0.12965514941867687,1,2,1.048999309539795,-1.2733145517161866,1.8567593733416956,-2.0496732197203578,-1.5313099066363733,-0.2147286573993128,-1.2394761483847105e-07,0.0020461371168494225,-0.0,8.198845898732543e-05,-0.0,-0.0,1789195935.29037
1245.404,-0.15234697600574787,-0.536752901955154,0.24300602420389972,0.47228751181915907,3.0322981153261024,0.12977295767213523,1,2,1.0490076541900635,-1.2732463640025635,1.856762711201803,-2.0496660671629847,-1.5313218275653284,-0.21475106874574834,-3.507079236442223e-05,0.0002826531126629561,-0.0,5.985009864549021e-37,-2.335036677902913e-12,-0.0,1789195935.390361
1245.504,-0.1523593622627451,-0.5367808661363445,0.24272915679575657,0.4722976766122718,3.0320804592856248,0.13060395457378202,1,2,1.0490182638168335,-1.2727472347072144,1.856762711201803,-2.0495921574034632,-1.5313494841205042,-0.21472055116762334,-2.220246306035176e-25,0.012349522672593594,-0.0,0.00036653486313298345,-0.00010221439879387617,-0.0,1789195935.4903536
1245.604,-0.15244661275668858,-0.5369092914643961,0.24166635008888004,0.47225474404191153,3.031259306572261,0.13337383908682157,1,2,1.0489957332611084,-1.2707935732654114,1.8567779699908655,-2.0496074161925257,-1.5313532988177698,-0.21472055116762334,0.0,0.02514777146279812,-0.0,0.00010589048179099336,-8.805292600300163e-05,-0.0,1789195935.5903373
1245.704,-0.15258755258692536,-0.5371286419949641,0.2398493500703603,0.47213474397385363,3.0298471006430936,0.13809961820593475,1,2,1.0489683151245117,-1.2674502295306702,1.8567975203143519,-2.0496303043761195,-1.5313494841205042,-0.21473914781679326,-1.5974802493302915e-43,0.035459768027067184,-0.0,2.114295715191024e-27,-4.1994991434779385e-15,-0.0,1789195935.6903698
1245.8039999999999,-0.152720965723086,-0.5373594347186018,0.23804371551766812,0.47201228345279544,3.0284410162858384,0.1427437094149786,1,2,1.0489612817764282,-1.2640983921340485,1.8567817846881312,-2.04967798809194,-1.5313337484942835,-0.21473914781679326,0.0,0.02735915035009384,-0.0,0.0,-0.0,-0.0,1789195935.7903595
1245.904,-0.15274165280436203,-0.5374626329692443,0.23721787611032102,0.4718676036327434,3.0278134979140465,0.14499641579345318,1,2,1.0490269660949707,-1.262580232029297,1.8567741552936,-2.049610754052633,-1.5313618818866175,-0.2147286573993128,0.0,0.01465744711458683,-0.0,0.0,-0.0,-0.0,1789195935.8903577
1246.004,-0.1528733095123666,-0.5376637973386202,0.23552054585453136,0.47177121549342615,3.0264732787233566,0.14943745127255978,1,2,1.048999309539795,-1.25943677247081,1.8567522207843226,-2.0495907268919886,-1.531365696583883,-0.21473580995668584,0.0,0.04154747352004051,-0.0,0.00017714253044687212,-0.0,-0.0,1789195935.9903555
1246.104,-0.15308122097675542,-0.5380137566334441,0.23224572949949895,0.4715785308161804,3.0238396910005583,0.1579561421814948,1,2,1.0489767789840698,-1.253450260763504,1.8568180243121546,-2.0495945415892542,-1.531330410634176,-0.21472055116762334,0.0,0.07559150457382202,8.421016536885872e-05,0.00012970405805390328,-1.136747993717323e-18,-0.0,1789195936.0903554
1246.204,-0.1533162060250596,-0.5384616611223675,0.22822309963817264,0.47121957776867773,3.0206809171280486,0.1683775611604496,1,2,1.04901123046875,-1.2460242968848725,1.8567989508258265,-2.049621721307272,-1.5313580671893519,-0.21472055116762334,0.0,0.06808853894472122,1.6102649812513303e-12,2.6258109456309825e-14,-9.955134009942412e-05,-0.0,1789195936.1903546
1246.3039999999999,-0.15342094251833296,-0.5386279524159765,0.2265511057500475,0.47108399281073826,3.0193878197845687,0.1727463075361802,1,2,1.049004077911377,-1.242953823213913,1.8568065802203577,-2.049619337121481,-1.5314133802997034,-0.21473247209657842,0.0,-0.0001278380659641698,-0.0,6.263804135531932e-43,-0.0005095827509649098,-0.0,1789195936.2903597
1246.404,-0.15343236279965292,-0.5386227009466894,0.22655291812829204,0.47107646920477136,3.0194631706391757,0.172784711816629,1,2,1.0489957332611084,-1.24295728028331,1.8568065802203577,-2.049621721307272,-1.5314934889422815,-0.21474773088564092,0.0,-1.7139249393949285e-05,4.690045145869584e-14,0.0,-0.0010491808643564582,-0.0,1789195936.390353
1246.504,-0.15341765702679808,-0.538615204181448,0.22649110120616156,0.47104376852171986,3.0194667719111585,0.1730784809713517,1,2,1.0490269660949707,-1.2428714793971558,1.8568299452411097,-2.049558301965231,-1.5315735975848597,-0.21473580995668584,0.0,0.00026766082737594843,-0.0,0.00038666758337058127,-0.000654356146696955,-0.0,1789195936.490351
1246.604,-0.15344281120005104,-0.5385980245899951,0.22640985887687387,0.47104495366205024,3.0195071496361217,0.17363587785813045,1,2,1.0490076541900635,-1.2427348655513306,1.856802765523092,-2.0493551693358363,-1.5317729155169886,-0.21475106874574834,0.0,0.00632442394271493,-0.0,0.009401380084455013,-0.002166916150599718,-0.0,1789195936.5903134
1246.704,-0.15345652459263384,-0.5385738821410141,0.22610634922395917,0.47099837912833104,3.019420885813093,0.1750034913295905,1,2,1.0490198135375977,-1.2422442001155396,1.856821362172262,-2.0490242443480433,-1.5320804754840296,-0.21475488344301397,6.429055065382272e-05,0.003499832469969988,-0.0,0.001175357960164547,-0.005038705188781023,-0.0,1789195936.690391
1246.8039999999999,-0.15350232193228322,-0.5385501849124794,0.22594048745984796,0.47100974525801476,3.0196850642401682,0.17589422344471947,1,2,1.0490162372589111,-1.241963968878128,1.856821362172262,-2.04888453106069,-1.5325787703143519,-0.21475106874574834,7.560577796539292e-05,0.0032954250928014517,-0.0,0.001696193590760231,-0.007214440498501062,-0.0,1789195936.790369
1246.904,-0.15350458591958685,-0.5385446581660109,0.22532699188096955,0.4708906177312816,3.0194758488540137,0.17826193481734928,1,2,1.0490927696228027,-1.240929053430893,1.8568580786334437,-2.0484782658019007,-1.5330470244037073,-0.21472388902773076,0.0031243518460541964,0.037393372505903244,0.0006577866734005511,0.026785481721162796,-0.0007757061976008117,-0.0,1789195936.890354
1247.004,-0.15350217721681028,-0.5387220019996153,0.22311619588730988,0.47029047784556427,3.0180575931430664,0.1849821817882679,1,2,1.049357533454895,-1.236938254242279,1.8568390051471155,-2.0479194126524867,-1.5336006323443812,-0.21473914781679326,4.1656268876977265e-05,-0.0012886273907497525,-0.0004323355096857995,9.840954589890316e-05,-0.0155679602175951,-0.0,1789195936.9903572
1247.104,-0.15353010801938288,-0.5387179565798766,0.22316941628428774,0.4703239754471567,3.018381775327701,0.1849768405003035,1,2,1.049363613128662,-1.2370066207698365,1.856802765523092,-2.0479470692076625,-1.5338967482196253,-0.21472055116762334,0.0001977228675968945,0.00016072019934654236,-0.00014521245611831546,-9.348877210868523e-05,-0.00027183000929653645,-0.0,1789195937.090363
1247.204,-0.15348961480850376,-0.5387324723338611,0.2231821840800945,0.4701721328404036,3.0183936594475274,0.1848906534447495,1,2,1.0494344234466553,-1.237025575046875,1.856802765523092,-2.0479747257628382,-1.5338581244098108,-0.21475106874574834,0.0005092269857414067,5.882173354621045e-05,-4.008133634255839e-32,-4.067377813044004e-05,-9.459797729505226e-05,-0.0,1789195937.1903574
1247.3039999999999,-0.153156691124602,-0.5388239390501061,0.22317235402188915,0.46925588250945743,3.018601641900699,0.18499063579253597,1,2,1.050057291984558,-1.23701365411792,1.8568099180804651,-2.0479709110655726,-1.5339015165912073,-0.21473914781679326,0.012690985575318336,9.644141391618177e-05,-0.0,-4.406425096803146e-29,-4.246354835598119e-17,-0.0,1789195937.2903533
1247.404,-0.15178280713811013,-0.5391797684552095,0.22315227339998767,0.46515007766742944,3.020685514981538,0.18605543877879657,1,2,1.0528379678726196,-1.2369826597026368,1.8568103949176233,-2.0479866466917933,-1.5353291670428675,-0.21472055116762334,0.04059261083602905,-1.2401298590702936e-05,-0.0,-0.0,-0.04488302022218704,-0.0,1789195937.390353
1247.504,-0.1500097021184036,-0.5394122126845522,0.2231384988165655,0.45785914276439216,3.0319212811166185,0.1927297395420439,1,2,1.0578657388687134,-1.236993209724762,1.8568099180804651,-2.0480672321715296,-1.5461228529559534,-0.21473247209657842,0.062454335391521454,0.0,-0.0,-0.0006793288630433381,-0.140998974442482,-0.0,1789195937.4903789
1247.604,-0.14816067035395636,-0.5397313283167386,0.22313080031777938,0.4504248550149488,3.0425260496963626,0.19857044224805503,1,2,1.0629500150680542,-1.2369228464416047,1.856769863759176,-2.048405786553854,-1.5561021010028284,-0.21473914781679326,0.038294468075037,0.002779945032671094,-0.00022117863409221172,-0.00033811081084422767,-0.06162988021969795,-0.0,1789195937.5903466
1247.704,-0.1471940931736492,-0.5401529380677286,0.22327216957018353,0.44678925811213693,3.0466121683469862,0.19867727752181064,1,2,1.065446376800537,-1.2368031603148957,1.8564980665790003,-2.0495740375914515,-1.559192959462301,-0.21473580995668584,0.011530673131346703,0.00020349473925307393,-0.007775598205626011,-0.04505202919244766,-0.001050480525009334,-0.0,1789195937.6903472
1247.8039999999999,-0.14736809719418625,-0.540288325091581,0.22350051193778891,0.4471572611053561,3.0472785240357663,0.19615597078988495,1,2,1.0652754306793213,-1.236950383787491,1.8564594427691858,-2.0511347256102503,-1.5591347853290003,-0.21472388902773076,-0.0022183996625244617,-0.0011745990486815572,-0.0,-0.004338996484875679,-0.00011514581274241209,-0.0,1789195937.7903097
1247.904,-0.14737577562131107,-0.5402758712024289,0.22360209752577925,0.44719264229367856,3.0473424832344236,0.19584383858178508,1,2,1.0652477741241455,-1.2371383172324677,1.856467072163717,-2.0511628590025843,-1.5591109434710901,-0.21473580995668584,-7.542549428762868e-05,-0.002968845423310995,9.316030627815053e-05,-0.0001362957409583032,-2.802785700350177e-17,-0.0,1789195937.8903534
1248.004,-0.14737253962342686,-0.5402484375341543,0.22388855346311332,0.44732671594164447,3.0475945204328445,0.19505360372351632,1,2,1.0652323961257935,-1.2376598876765748,1.8564704100238245,-2.0512100658812464,-1.55912954012026,-0.2146857420550745,-6.343963468680158e-05,-0.009701102040708065,8.497631642967463e-05,-3.5177090467186645e-05,-0.0,-0.0,1789195937.9903529
1248.104,-0.1473407381889472,-0.5402324812608706,0.22440086657232738,0.4473048178223223,3.0480627034516465,0.193308899222831,1,2,1.065256118774414,-1.2385647159865876,1.856485668812887,-2.051516672173971,-1.559054199849264,-0.21472055116762334,0.0,-0.017635485157370567,3.945087715572426e-17,-0.013179143890738487,0.00016949600831139833,-0.0,1789195938.0903463
1248.204,-0.14725004552872997,-0.5400541660432632,0.22664847089738258,0.4475664429825765,3.0500344960636894,0.18683263130626993,1,2,1.0652443170547485,-1.2426243287375947,1.8564942518817347,-2.0520159206786097,-1.5590422789203089,-0.21473580995668584,0.0,-0.06367177516222,2.907985071942676e-05,-0.00016014878929127008,7.009733963059261e-05,-0.0,1789195938.1903646
1248.3039999999999,-0.1469691490390368,-0.5395708438791177,0.2313023879511139,0.44803596464289697,3.053736492232827,0.17461170717874577,1,2,1.0652718544006348,-1.2511649590781708,1.8564704100238245,-2.0520321331419886,-1.5590336958514612,-0.21473247209657842,0.0,-0.09501071274280548,4.203895392974451e-45,3.016079475059996e-08,1.792497192902498e-33,-0.0,1789195938.2903588
1248.404,-0.1467318565807931,-0.5391725505688719,0.23470892450579495,0.44834381728587874,3.0563853936929135,0.1657777704734225,1,2,1.0653040409088135,-1.2574671071818848,1.8564909140216272,-2.0519429645934046,-1.5590303579913538,-0.21473580995668584,0.00016045708616729826,-0.02002960629761219,-0.0,0.0,1.2651983067807837e-17,-0.0,1789195938.3903444
1248.504,-0.1467185676024634,-0.539129377287467,0.2345770778921492,0.44836725839344554,3.0561739263673027,0.16646648409364445,1,2,1.0652872323989868,-1.257328824406006,1.8565734068499964,-2.0516816578307093,-1.5590317885028284,-0.21472055116762334,5.3793297411175445e-05,0.0006220994400791824,0.0003856959519907832,0.0015191376442089677,0.0,-0.0,1789195938.4903464
1248.604,-0.1467347539991158,-0.5390959165008657,0.23454766820628106,0.4484565754805956,3.05614962391583,0.16675180401855702,1,2,1.0652443170547485,-1.257325367336609,1.8566129843341272,-2.0515533886351527,-1.5591023604022425,-0.214701000844137,0.0,7.511256990255788e-05,0.0011603734456002712,0.003511386923491955,0.0,-0.0,1789195938.5903506
1248.704,-0.14673476422546042,-0.5390913450942035,0.23438174315302368,0.4484050176503438,3.055978602280395,0.1673891816780817,1,2,1.065242886543274,-1.2570585173419495,1.856631104146139,-2.0513974628844203,-1.559117619191305,-0.21472055116762334,-4.1074912587646395e-05,0.005587806925177574,0.00014032472972758114,0.0008798334747552872,0.0,-0.0,1789195938.6903422
1248.8039999999999,-0.14681852790031252,-0.5391196751217301,0.23339472433534897,0.4484001898050438,3.0550242385906436,0.17057848624699454,1,2,1.0651363134384155,-1.255355493431427,1.856682602559225,-2.05092253307485,-1.5591414610492151,-0.21474773088564092,-0.002402334241196513,0.028205934911966324,0.00020708497322630137,0.0032714426051825285,-6.0224214394111186e-05,-0.0,1789195938.7904046
1248.904,-0.14713523912688783,-0.539257991203311,0.23115038254137135,0.4487380533755646,3.052999664573958,0.176963974215978,1,2,1.06474769115448,-1.251314954166748,1.8567188421832483,-2.050511976281637,-1.5591500441180628,-0.2147429625140589,-0.005526750348508358,0.054644156247377396,0.00027678959304466844,0.004985062405467033,-1.401298464324817e-45,-0.0,1789195938.8903742
1249.004,-0.1474011753712007,-0.5395205497661909,0.22804536924550994,0.4486935350200413,3.0503182582079695,0.18560169715754654,1,2,1.0645490884780884,-1.2456616920283814,1.8567116896258753,-2.050084253350729,-1.5591500441180628,-0.21473580995668584,-0.00023037921346258372,0.06451932340860367,0.00019396546122152358,0.0024498826824128628,-1.5885443091531385e-38,-0.0,1789195938.9903505
1249.104,-0.14754434002988637,-0.5398612519152713,0.22466435576422072,0.44821290048127455,3.0476081200380043,0.19447772877928277,1,2,1.0646158456802368,-1.2394771736911316,1.8567550818072718,-2.050066133538717,-1.5591428915606897,-0.21473914781679326,0.00033618169254623353,0.07609011977910995,8.729459659662098e-05,0.00010564460535533726,-0.0,-0.0,1789195939.0903492
1249.204,-0.1478451152161607,-0.5403284828966719,0.21884653597224535,0.44761923086804956,3.042890412428225,0.21022604786064647,1,2,1.0645729303359985,-1.2289114457419892,1.8568499724017542,-2.0496984920897425,-1.5593250433551233,-0.21473580995668584,-0.00018140143947675824,0.1163596361875534,-0.001954903593286872,0.0003199972852598876,-0.004736680071800947,-0.0,1789195939.1903555
1249.3039999999999,-0.14851847523047013,-0.5401730709366833,0.2174270747587318,0.4477177162694524,3.0472243441225504,0.21761354603775862,1,2,1.0644735097885132,-1.2262414258769532,1.8567550818072718,-2.0496751270689906,-1.5654571692096155,-0.21472055116762334,0.0011182572925463319,-0.009345422498881817,-0.0002628368965815753,-0.00014710293908137828,-0.02342398092150688,-0.0,1789195939.2903533
1249.404,-0.1485289519285312,-0.540178074872385,0.21743381067517342,0.44767495703140364,3.047313847264823,0.21757841450871018,1,2,1.0644735097885132,-1.2262379390052338,1.8567426840411585,-2.0497189960875453,-1.5655248800860804,-0.21475106874574834,0.00012699259968940169,0.00010580020170891657,-1.1839847502415068e-05,-4.2667645175242797e-05,-1.892104592116084e-05,-0.0,1789195939.3903484
1249.504,-0.14850561551153768,-0.5401814274768391,0.21741775052425816,0.4476479765767123,3.0472563932003234,0.21760692750478292,1,2,1.064504623413086,-1.2262189549258729,1.8567550818072718,-2.0497099361815394,-1.5654738585101526,-0.21473580995668584,1.4024153642822057e-05,4.989597980595936e-25,-0.0,-0.0,-0.0,-0.0,1789195939.490356
1249.604,-0.14849362623812826,-0.5401999992019137,0.2174670071312143,0.44758052073917204,3.047237868039676,0.21731086143940567,1,2,1.064520001411438,-1.2262822550586243,1.8567341009723108,-2.049786230126852,-1.565362278615133,-0.21477014223207647,0.0,0.0,-0.0,-1.0027389481899115e-13,0.0020352157298475504,-0.0,1789195939.5903442
1249.704,-0.14849507449917437,-0.5402665987660769,0.2175667617176461,0.4475869492991574,3.0473207658160573,0.21681257121878597,1,2,1.0645630359649658,-1.2263320845416565,1.8565767447101038,-2.0499006710448207,-1.5652859846698206,-0.21473580995668584,0.00015641307982150465,0.0,-0.00043170861317776144,-0.0003870262880809605,0.0002809297002386302,-0.0,1789195939.6903753
1249.8039999999999,-0.14849167688076317,-0.5402606456514478,0.21754710716826497,0.4476006318847234,3.0472477097995725,0.21686897783593082,1,2,1.0645544528961182,-1.2263131898692627,1.8565953413592737,-2.049877782861227,-1.5652383009540003,-0.21473247209657842,0.0,-1.9141680282903906e-24,-7.217952952487394e-05,-9.855327516561374e-05,0.00024282677622977644,-0.0,1789195939.7903545
1249.904,-0.14851522334022743,-0.5402523310846404,0.21753934874343547,0.4476522597531227,3.047197446543088,0.2168334170687661,1,2,1.064501166343689,-1.2263080936721344,1.8566134611712855,-2.0499049625792445,-1.5651944319354456,-0.21475106874574834,0.0,0.0,-1.401298464324817e-45,-9.82653694417525e-33,0.00011786453978857026,-0.0,1789195939.8903127
1250.004,-0.14851189518827118,-0.540259688911475,0.21756263497513764,0.4476641074937917,3.0471891508415836,0.21679506507127813,1,2,1.064509630203247,-1.2263320845416565,1.8565800825702112,-2.0498672924437464,-1.5651753584491175,-0.21473580995668584,0.0,0.0,-0.0,-0.0,6.100159225752577e-05,-0.0,1789195939.9903586
1250.104,-0.14851406067122264,-0.5402501037093872,0.21753949105946715,0.4476711486418054,3.0472172143425444,0.21683485168076685,1,2,1.064504623413086,-1.2263131898692627,1.8566225210772913,-2.0499168835081996,-1.565213982258932,-0.21473580995668584,0.0,0.0,-0.0,-7.653458293833692e-24,1.961817850054744e-44,-0.0,1789195940.0903454
1250.204,-0.1485013030696217,-0.5402545721083929,0.21755533647045328,0.44765481605462837,3.047245186782413,0.21681850315572834,1,2,1.064531922340393,-1.2263355118087311,1.856610123311178,-2.049901624719137,-1.5652292410479944,-0.21472055116762334,0.0,0.0,3.790798655245453e-05,-0.0,0.0,-0.0,1789195940.190357
1250.3039999999999,-0.14851407775017328,-0.5402558792265794,0.21753310391342656,0.44767527021174824,3.047171422987743,0.21681503809344077,1,2,1.064501166343689,-1.2262942057899018,1.8566134611712855,-2.049920698205465,-1.565167252217428,-0.21473580995668584,0.0,0.0,-0.0,-0.0,0.0,-0.0,1789195940.2903483
1250.404,-0.14851606841277598,-0.5402516324991361,0.2175418449912519,0.44768092166901163,3.0471875226112726,0.2168265585187259,1,2,1.064497709274292,-1.2263131898692627,1.8566134611712855,-2.049901624719137,-1.5651863257037562,-0.21473580995668584,0.0,0.0,-0.0,-0.0,0.0,-0.0,1789195940.3903446
1250.504,-0.14850793630295397,-0.5402595528038169,0.21754992481423285,0.4476494064887002,3.04722000287463,0.21678664375651951,1,2,1.064520001411438,-1.226316676740982,1.8566020170794886,-2.049920698205465,-1.5651982466327112,-0.21473580995668584,0.0,0.0,-0.0,-0.0,0.0,-0.0,1789195940.490352
1250.604,-0.14849475646912344,-0.5402524159815613,0.21752661484063396,0.4476217033653245,3.0471788035134626,0.2168753774278015,1,2,1.064531922340393,-1.2262976628592988,1.8566296736346644,-2.0498982868590296,-1.5651825110064905,-0.21473914781679326,0.0,0.0,-0.0,-0.0,0.0,-0.0,1789195940.590306
1250.704,-0.14850362557468663,-0.5402479164518068,0.21751590490884204,0.4476593637368326,3.0471731199838543,0.21692810321603406,1,2,1.064516544342041,-1.2262822848609467,1.8566330114947718,-2.0498863659300746,-1.5651982466327112,-0.2147286573993128,0.0,0.0,-0.0,-0.0,0.0,-0.0,1789195940.6903493
1250.8039999999999,-0.14851188896150927,-0.5402627817126915,0.2175536893684915,0.4476544555456552,3.0472170202188273,0.21679279287216427,1,2,1.064516544342041,-1.2263131898692627,1.8565838972674769,-2.049901624719137,-1.5651982466327112,-0.21473580995668584,0.0,0.0,-0.0,-0.0,0.0,-0.0,1789195940.7903423
1250.904,-0.14851445396690144,-0.5402501581715261,0.21755841218575384,0.44768267892580527,3.0471934256184197,0.21678310674045043,1,2,1.064497709274292,-1.2263441246799012,1.8566134611712855,-2.0498982868590296,-1.565179173146383,-0.21473580995668584,0.0,0.0,-0.0,-0.0,0.0,-0.0,1789195940.8903327
1251.004,-0.14849184204417026,-0.5402613063372675,0.21754929833722997,0.447630807680921,3.0472217480973716,0.21680061439671386,1,2,1.0645474195480347,-1.226320133810379,1.8566067854510706,-2.049913545648092,-1.5651982466327112,-0.21472055116762334,0.0,0.0,-0.0,-0.0,0.0,-0.0,1789195940.9903102
1251.104,-0.1485122608098204,-0.5402587939305756,0.21754722140318186,0.4476536666918938,3.0472132837026384,0.21681589587570285,1,2,1.064513087272644,-1.2263097327998658,1.8565953413592737,-2.049901624719137,-1.5652020613299769,-0.21473914781679326,0.0,0.0,-0.0,-0.0,0.0,-0.0,1789195941.0903456
1251.204,-0.14850451511651946,-0.5402495017612383,0.21752932300146344,0.44762689875407113,3.047189806496319,0.21688546463346464,1,2,1.064516544342041,-1.2263011497310181,1.8566258589373987,-2.049889703790182,-1.5651982466327112,-0.21475106874574834,0.0,0.0,-0.0,-0.0,0.0,-0.0,1789195941.1903698
1251.3039999999999,-0.14850279287009616,-0.5402496321908512,0.2175322788980371,0.447645672460534,3.047178994788745,0.21685992057407785,0,3,1.064516544342041,-1.226308063869812,1.8566296736346644,-2.0498982868590296,-1.5651825110064905,-0.21473914781679326,0.0,0.0,-0.0,-0.0,0.0,-0.0,1789195941.2903438
1251.404,-0.14851014477884322,-0.5402699748992333,0.21756124358183204,0.4476212947543434,3.047218021242676,0.2167622289528531,0,3,1.0645235776901245,-1.2263131898692627,1.8565643469439905,-2.0498982868590296,-1.5651863257037562,-0.21475106874574834,0.0,0.0,-0.0,-0.0,0.0,-0.0,1789195941.3903852
1251.504,-0.14852600680676847,-0.5402919621731026,0.2176777340098534,0.4476906524119106,3.04734113806871,0.21639705947901364,0,3,1.064520001411438,-1.2264567178538819,1.8564751783954065,-2.049929281274313,-1.5651982466327112,-0.21472055116762334,0.0,-0.00491037592291832,-0.002931303344666958,-0.0002751100400928408,0.0,-0.0,1789195941.490356
1251.604,-0.14852890322906948,-0.5402856939358176,0.21793571712379922,0.4477234823862953,3.047590538298979,0.21572551381196803,0,3,1.064516544342041,-1.226889358167984,1.8564193884478968,-2.049929281274313,-1.56523305574526,-0.21472388902773076,0.0,-0.0010078143095597625,-0.00017432111781090498,-7.132482278393582e-05,0.0,-0.0,1789195941.590337
1251.704,-0.14853174201119418,-0.5402804897336086,0.21794979196222847,0.44770683658667604,3.047575629033548,0.21565304122324133,0,3,1.064501166343689,-1.2269236606410523,1.856434170399801,-2.0499450169005335,-1.5651992003070276,-0.21475106874574834,0.0,-0.00011772065772674978,-7.1273410867434e-05,-1.287618291728296e-31,0.0,-0.0,1789195941.6903353
1251.8039999999999,-0.14852874486037757,-0.5402866986579502,0.21794703950970898,0.4476952047381177,3.0476048845268506,0.2157331653736023,0,3,1.064520001411438,-1.226903186445572,1.856403652821676,-2.049899240533346,-1.5652454535113733,-0.21473914781679326,0.0,-8.066574049366424e-38,-0.0,-2.0317519666194253e-23,0.0,-0.0,1789195941.7903476
1251.904,-0.14853938576692913,-0.540283987740938,0.21790544525266925,0.44776081893960806,3.0475111720748864,0.21577543842876878,0,3,1.0644888877868652,-1.2268397373012085,1.8564274946795862,-2.049929281274313,-1.5651825110064905,-0.21472388902773076,0.0,0.00030449198675341904,-0.0,-0.0,0.0,-0.0,1789195941.8903465
1252.004,-0.14851971982015283,-0.5402708124831344,0.21778351927832032,0.44765986492372856,3.0474368779028347,0.21619942061930983,0,3,1.064516544342041,-1.2266688209823151,1.8564894835101526,-2.0498815975584925,-1.565225903187887,-0.21475106874574834,0.0,0.002073447685688734,0.00029213132802397013,0.0002023696288233623,0.0,-0.0,1789195941.9903421
1252.104,-0.14852749563036244,-0.5402732446288006,0.21777700478594303,0.44770926382926984,3.0473896248540915,0.21623017873574313,0,3,1.064501166343689,-1.22664828718219,1.856471363698141,-2.0498506031432093,-1.5651982466327112,-0.21473247209657842,0.0,0.0007529591675847769,9.260992374038324e-05,8.710369002074003e-05,0.0,-0.0,1789195942.0903141
1252.204,-0.1485214614825008,-0.5402725315774488,0.21776007618336019,0.44767228051222036,3.0473645342644806,0.2162853228764132,0,3,1.0645081996917725,-1.2266244453242798,1.856478516255514,-2.049837728539938,-1.5651872793780726,-0.21474773088564092,0.0,0.00052062445320189,1.8651066476839395e-13,3.2384689668122164e-18,0.0,-0.0,1789195942.1903462
1252.3039999999999,-0.1485243915411685,-0.5402769116866267,0.21775654243159365,0.4476907170852179,3.047365982069561,0.21628853516873356,0,3,1.064508080482483,-1.2266089481166382,1.856467072163717,-2.0498415432372035,-1.5651910940753382,-0.21473580995668584,0.0,8.036047802306712e-05,-0.0,7.748627312787558e-20,0.0,-0.0,1789195942.2903337
1252.404,-0.14852304031762556,-0.5402691145887024,0.21775676398557003,0.4476723774512995,3.0473715398917594,0.21629907412943775,0,3,1.064504623413086,-1.2266244453242798,1.8564875761615198,-2.0498415432372035,-1.5651982466327112,-0.21475106874574834,0.0,2.217466318715587e-33,-0.0,0.0,0.0,-0.0,1789195942.3903363
1252.504,-0.14853229410723157,-0.5402689433705516,0.2177493626019119,0.4477484835374216,3.047356763710859,0.21630202205686172,0,3,1.0644888877868652,-1.2266089481166382,1.8564875761615198,-2.0498539410033167,-1.5651944319354456,-0.21471673647035772,0.0,2.5994228053605184e-05,-0.0,0.0,0.0,-0.0,1789195942.4903388
1252.604,-0.14851766200382055,-0.5402781377270329,0.2177571332189704,0.447648150859491,3.0473628563710897,0.21631676828612245,0,3,1.064520001411438,-1.2266089481166382,1.856459919606344,-2.049814363519186,-1.5651910940753382,-0.21475106874574834,0.0,1.0635466423991602e-05,-0.0,0.0,0.0,-0.0,1789195942.5903466
1252.704,-0.14853227783043524,-0.5402696019182007,0.2177518044519599,0.447724922837668,3.047360781368508,0.21628490905722353,0,3,1.0644888877868652,-1.2266124051860352,1.8564875761615198,-2.0498606167235316,-1.5651910940753382,-0.21473247209657842,0.0,0.0,-4.275477809692166e-27,0.0,0.0,-0.0,1789195942.6903431
1252.8039999999999,-0.148516702745535,-0.540274990096619,0.21773369767617443,0.4476928043557773,3.047350026433446,0.21636829224805854,0,3,1.064520001411438,-1.2265780729106446,1.8564804236041468,-2.049833437005514,-1.5651982466327112,-0.21472055116762334,0.0,0.0,-0.0,0.0,0.0,-0.0,1789195942.7903302
1252.904,-0.14850331176571296,-0.540275123801068,0.21775292309209626,0.44761237170268464,3.04738787549842,0.2163264098792015,0,3,1.0645438432693481,-1.2266158324531098,1.8564837614642542,-2.049833437005514,-1.5652101675616663,-0.21475106874574834,0.0,0.0,-0.0,0.0,0.0,-0.0,1789195942.8903396
1253.004,-0.14850543194134525,-0.5402711366403224,0.2177482093743685,0.44763989241332636,3.0473913330070457,0.21637107633235328,0,4,1.0645403861999512,-1.2266124051860352,1.8564875761615198,-2.0498177013792933,-1.5652292410479944,-0.21473580995668584,0.0,0.0,-0.0,0.0,0.0,-0.0,1789195942.9903617
1253.104,-0.14852283364611596,-0.5402609660816817,0.21774846094598016,0.44768046222063607,3.047351755226495,0.2163548265602981,0,4,1.064497709274292,-1.2266244453242798,1.8565033117877405,-2.0498177013792933,-1.5651982466327112,-0.21475106874574834,0.0,0.0,-0.0,3.0145583189690685e-31,0.0,-0.0,1789195943.0902977
1253.204,-0.1485014227365337,-0.5402764188186331,0.2177413887725546,0.44762986094647583,3.0473797758310424,0.21633535550134,0,4,1.0645473003387451,-1.2265970569900055,1.8564909140216272,-2.049852033654684,-1.5652063528644007,-0.21473580995668584,0.0,0.0,-0.0,0.0,0.0,-0.0,1789195943.1903365
1253.3039999999999,-0.14851529686463372,-0.5402621703697491,0.21773681594859612,0.44765091984389077,3.0473751663910265,0.21640603632257274,0,4,1.064516544342041,-1.2266055208495636,1.856506649647848,-2.0498177013792933,-1.5652292410479944,-0.21475106874574834,0.0,0.0,-0.0,0.0,0.0,-0.0,1789195943.2903373
1253.404,-0.14851250878612515,-0.5402631852868385,0.217732206305758,0.447663237181219,3.0473791761615847,0.21642455757215098,0,4,1.0645235776901245,-1.2265970569900055,1.856506649647848,-2.0498177013792933,-1.5652383009540003,-0.21473580995668584,0.0,0.0,-0.0,0.0,0.0,-0.0,1789195943.390332
1253.504,-0.14852631881143893,-0.5402574931533415,0.21773670575672943,0.4476831194055538,3.0473720353741447,0.2163532809489348,0,4,1.0644924640655518,-1.2266124051860352,1.8565252462970179,-2.0498606167235316,-1.5652173201190394,-0.21475488344301397,0.0,0.0,-0.0,0.0,0.0,-0.0,1789195943.4903698
1253.604,-0.1485270371702078,-0.5402561926676676,0.21773151871674623,0.4476845670410465,3.047334609528403,0.21644340420092378,0,4,1.0644888877868652,-1.2266004842570801,1.856506649647848,-2.0497871838011683,-1.5652101675616663,-0.21475488344301397,0.0,0.0,-0.0,0.0,0.0,-0.0,1789195943.5903325
1253.704,-0.14851394992068306,-0.5402657053283135,0.21775503066554416,0.44766112656359613,3.047416728392266,0.2163749974990222,0,4,1.0645270347595215,-1.2266279023936768,1.8564909140216272,-2.049814363519186,-1.5652573744403284,-0.21473580995668584,0.0,0.0,-0.0,0.0,0.0,-0.0,1789195943.6903384
1253.8039999999999,-0.14851662422111064,-0.5402629394761007,0.21773298587719883,0.44767866066096956,3.047356599721325,0.21641666721137354,0,4,1.064513087272644,-1.2265970569900055,1.8565033117877405,-2.0498110256590785,-1.5652182737933558,-0.21473580995668584,0.0,-5.274067030179314e-41,-0.0,0.0,0.0,-0.0,1789195943.7903385
1253.904,-0.14852413847333368,-0.5402672198564306,0.21773957266481422,0.44769761880492986,3.047343678029518,0.21637696151461597,0,4,1.064501166343689,-1.2265970569900055,1.8564875761615198,-2.049814363519186,-1.5651982466327112,-0.21473580995668584,0.0,0.0,-0.0,0.0,0.0,-0.0,1789195943.890329
1254.004,-0.14852549318901231,-0.5402757861534991,0.2177399052796674,0.44766542972493956,3.0473860668104304,0.2163541450570557,0,4,1.0645116567611694,-1.226581559782364,1.856471363698141,-2.0498415432372035,-1.565225903187887,-0.21474773088564092,0.0,0.0,-0.0,0.0,0.0,-0.0,1789195943.990332
1254.104,-0.14851599964296394,-0.5402681811431423,0.21773795591105152,0.4477024079106464,3.047331856365221,0.2163810325615572,0,4,1.064513087272644,-1.2265970569900055,1.8564909140216272,-2.0498110256590785,-1.5651872793780726,-0.21472055116762334,0.0,0.0,-0.0,0.0,0.0,-0.0,1789195944.09033
1254.204,-0.1485170245680433,-0.5402738580934894,0.217757982712302,0.4476489965339037,3.047381443085516,0.21631062498121295,0,4,1.064520001411438,-1.2266193193248291,1.8564751783954065,-2.0498300991454066,-1.5652063528644007,-0.21475106874574834,0.0,0.0,-0.0,0.0,0.0,-0.0,1789195944.1903527
1254.3039999999999,-0.14851884118062122,-0.5402756910249495,0.21775897114444945,0.44767186474423004,3.047363916932438,0.21631617807475287,0,4,1.064516544342041,-1.2266158324531098,1.856464687977926,-2.049814363519186,-1.5651944319354456,-0.21473914781679326,0.0,0.0,-0.0,0.0,0.0,-0.0,1789195944.2903445
1254.404,-0.14850750890378578,-0.5402764158148488,0.2177293573714132,0.4476338367842441,3.0473815374106623,0.21637906034172716,0,4,1.0645403861999512,-1.2265730959228058,1.8564875761615198,-2.0498482189574183,-1.5652220884906214,-0.21473914781679326,0.0,0.0,-0.0,0.0,0.0,-0.0,1789195944.3903353
1254.504,-0.14850767504927465,-0.5402649115198241,0.217735956690053,0.44765800714422876,3.047354487163507,0.21639559749247492,0,4,1.0645270347595215,-1.226603941326477,1.856506649647848,-2.0498177013792933,-1.5652063528644007,-0.21473580995668584,0.0,0.0,-0.0,0.0,0.0,-0.0,1789195944.4903338
1254.604,-0.14851451911455515,-0.5402724680737155,0.21774921542072376,0.44765153291655163,3.047349639637799,0.21635694796793148,0,4,1.064520001411438,-1.226607398395874,1.8564751783954065,-2.049802919427389,-1.5651910940753382,-0.21474773088564092,0.0,0.0,-0.0,0.0,0.0,-0.0,1789195944.5902932
1254.704,-0.1485215845653586,-0.5402593839376221,0.2177322654012101,0.4477397532067908,3.0473446598095775,0.2164153593264875,0,4,1.064501166343689,-1.2266004842570801,1.8565104643451136,-2.049814363519186,-1.565213982258932,-0.21470767656435186,0.0,0.0,-0.0,0.0,0.0,-0.0,1789195944.6903622
1254.8039999999999,-0.1485293423811533,-0.5402553405406795,0.21774281300712578,0.4477395249346029,3.047365093413346,0.21641546679123455,0,4,1.0644888877868652,-1.2266193193248291,1.856506649647848,-2.0497995815672816,-1.5652344862567347,-0.21472055116762334,0.0,0.0,-0.0,0.0,0.0,-0.0,1789195944.790319
1254.904,-0.14850903359817508,-0.5402658161761859,0.2177171134070452,0.44766526166871945,3.0473202214743695,0.21645789387803757,0,4,1.064523458480835,-1.2265696686557312,1.8565033117877405,-2.0497995815672816,-1.5651944319354456,-0.21473247209657842,0.0,0.0,-0.0,0.0,0.0,-0.0,1789195944.8903344
1255.004,-0.1485273265424564,-0.540260749038621,0.21774591198199003,0.44773592045596405,3.0473609177666265,0.21634822828202216,0,4,1.0644924640655518,-1.2266192895225068,1.856506649647848,-2.0498367748656214,-1.5652101675616663,-0.21472055116762334,0.0,0.0,-0.0,0.0,0.0,-0.0,1789195944.9903286
1255.104,-0.14851900423395237,-0.5402553429357325,0.2177301312630118,0.4476994253953974,3.0473642965574737,0.21645147984345228,0,4,1.06450617313385,-1.226603941326477,1.8565180937396448,-2.049802919427389,-1.5652383009540003,-0.2147286573993128,0.0,0.0,-0.0,0.0,0.0,-0.0,1789195945.0903304
1255.204,-0.14851097402682156,-0.540261543196596,0.21773427516919103,0.4476688196726491,3.0473431892560865,0.21638151220457214,0,4,1.064516544342041,-1.2266073685935517,1.8565180937396448,-2.0498300991454066,-1.5651944319354456,-0.21473914781679326,0.0,0.0,-0.0,0.0,0.0,-0.0,1789195945.1903667
1255.3039999999999,-0.1485168031754728,-0.5402695086467102,0.2177244284464265,0.4476215821138359,3.047378056599361,0.21639602871158164,0,4,1.064520001411438,-1.2265730959228058,1.856499973927633,-2.0498486957945765,-1.565225903187887,-0.21476680437196904,0.0,0.0,-0.0,0.0,0.0,-0.0,1789195945.2903008
1255.404,-0.14851094131314785,-0.5402607067533476,0.21772265157561868,0.44767182576249537,3.047330567764332,0.21643310340496172,0,4,1.064516544342041,-1.2265884441188355,1.8565180937396448,-2.049814363519186,-1.5651982466327112,-0.21473580995668584,0.0,0.0,-0.0,0.0,0.0,-0.0,1789195945.39033
