controller_time_s,tcp_x,tcp_y,tcp_z,tcp_rx,tcp_ry,tcp_rz,gripper_state,gripper_event_counter,actual_q_0,actual_q_1,actual_q_2,actual_q_3,actual_q_4,actual_q_5,actual_qd_0,actual_qd_1,actual_qd_2,actual_qd_3,actual_qd_4,actual_qd_5,host_receive_time_s
4189.266,-0.4479375108360457,-0.4779660615136908,0.3397532771557199,1.1350971381994828,2.8938432059209407,-0.026709732717511835,0,0,0.6091353893280029,-1.170802192097046,1.4655402342425745,-1.8609158001341761,-1.52873403230776,-0.21469289461244756,0.0,0.0,-0.0,-0.0,-0.0,0.0,1788855707.896484
4189.366,-0.4479298770949964,-0.4779701000939748,0.33960926103232797,1.1349643857232976,2.893763641211473,-0.026349740472478806,0,0,0.6091510057449341,-1.1706656080535431,1.4656570593463343,-1.8609067402281703,-1.5287578741656702,-0.2147429625140589,0.0001494877360528335,0.0008310377597808838,0.00015979404270183295,-0.0,-0.0,0.0,1788855707.9839716
4189.465999999999,-0.44794209831407533,-0.4779721354776892,0.33961104452582896,1.1350130167869654,2.893761658757906,-0.02636564856268132,0,0,0.609143853187561,-1.170646534567215,1.4656294027911585,-1.8609158001341761,-1.5287655035602015,-0.21472007433046514,6.27007320872508e-05,0.0001274251553695649,6.204233795870095e-05,-0.0,-6.280880188569427e-05,0.0,1788855708.0839624
4189.566,-0.4479461013372929,-0.4779655148242756,0.33960410436077715,1.1350155720793842,2.8937472851375747,-0.02633612816266431,0,0,0.6091318130493164,-1.170642928486206,1.4656365553485315,-1.8609034023680628,-1.5287655035602015,-0.2147277037249964,0.0,3.735411575078708e-18,-0.0,-0.0,-0.0,0.0,1788855708.1838825
4189.666,-0.4479445587730214,-0.4779676924299555,0.3395964735136052,1.1350141916776686,2.893723018227835,-0.026291904332175795,0,0,0.6091353893280029,-1.170630858545639,1.4656298796283167,-1.8608724079527796,-1.5287616888629358,-0.21472007433046514,0.0,0.0,-0.0,-0.0,-0.0,0.0,1788855708.2840059
4189.766,-0.4479443577939113,-0.4779685503566267,0.3395956515251505,1.1350347320506264,2.893725822612286,-0.026339068052778334,0,0,0.6091353893280029,-1.170634464626648,1.4656456152545374,-1.8609158001341761,-1.5287535826312464,-0.21470767656435186,0.0,0.0,-0.0,-0.0,-0.0,0.0,1788855708.3838956
4189.866,-0.44794486632128794,-0.4779670327470264,0.3395918045590265,1.1350164932716589,2.8937149312395958,-0.02632092671806787,0,0,0.6091318130493164,-1.170630858545639,1.4656456152545374,-1.8609000645079554,-1.5287459532367151,-0.21472007433046514,0.0,0.0,3.403444497962482e-05,-0.0,-0.0,0.0,1788855708.4839838
4189.965999999999,-0.44792297251398283,-0.4779807631202384,0.33958134531928164,1.1349544729278194,2.893720347293457,-0.026322420898457072,0,0,0.6091665625572205,-1.170634464626648,1.4656766096698206,-1.8609191379942835,-1.5287306944476526,-0.21472388902773076,0.0,0.0,1.1773370715673082e-05,-0.0,-0.0,0.0,1788855708.5838807
4190.066,-0.4479501594714275,-0.4779660161033588,0.3396151377624938,1.1350339396669487,2.8937479098327348,-0.026364327282512916,0,0,0.6091282367706299,-1.1706465047648926,1.4656174818622034,-1.8609000645079554,-1.5287616888629358,-0.21472007433046514,0.0,0.0,-0.0,-0.0,-0.0,0.0,1788855708.6836228
4190.166,-0.4479244166450686,-0.47797379479287794,0.33960325042415496,1.1349577701471028,2.89375054675996,-0.026337998450349624,0,0,0.6091593503952026,-1.1706620019725342,1.4656642119037073,-1.8609034023680628,-1.5287497679339808,-0.21473580995668584,0.0,0.0,-0.0,-0.0,-0.0,0.0,1788855708.7836668
4190.266,-0.4479395447095329,-0.47797414018874146,0.33958973416186516,1.1349975958770868,2.8937536336707503,-0.026356214154696668,0,0,0.6091474890708923,-1.1706308883479615,1.4656603972064417,-1.8609501324095667,-1.5287578741656702,-0.21472388902773076,0.0,0.0,-0.0,-0.0,-0.0,0.0,1788855708.883727
4190.366,-0.44795737921479545,-0.47794668826656406,0.33960471367456435,1.1350464944339969,2.8937425299664734,-0.026298363589707673,0,0,0.6091006398200989,-1.1706536573222657,1.4656456152545374,-1.8608843288817347,-1.5287845770465296,-0.21473962465395147,0.0,0.0,-0.0,-0.0,-0.0,0.0,1788855708.9837456
4190.465999999999,-0.447939181847361,-0.47797290195471276,0.339600454958545,1.1350060235697563,2.893760935112194,-0.02635795625635379,0,0,0.6091474294662476,-1.170641617184021,1.4656489531146448,-1.860934396783346,-1.5287655035602015,-0.21472055116762334,0.0,0.0,-0.0,-0.0,-0.0,0.0,1788855709.0838165
4190.566,-0.44795783261294786,-0.47795069026839354,0.33958538054804227,1.1350873997438382,2.893711116011082,-0.026284409116072903,0,0,0.6091042160987854,-1.170630858545639,1.4656603972064417,-1.8609072170653285,-1.5287774244891565,-0.21470433870424444,0.0,0.0,-0.0,-0.0,-0.0,0.0,1788855709.1837475
4190.666,-0.4479459388786589,-0.47796676438841007,0.33958021633111957,1.1349746613593306,2.8937555231520657,-0.026284871927233083,0,0,0.6091353893280029,-1.1706189972213288,1.4656570593463343,-1.8609158001341761,-1.5287774244891565,-0.21475106874574834,0.0,0.0,-0.0,-0.0,-0.0,0.0,1788855709.283822
4190.766,-0.4479280798814853,-0.4779763049442823,0.3396158521865261,1.1350067097127252,2.893774738678105,-0.02636592599545902,0,0,0.6091629862785339,-1.1706655782512208,1.4656456152545374,-1.8609191379942835,-1.528773609791891,-0.21470767656435186,0.0,0.0,-0.0,-0.0,-2.951578496571818e-20,0.0,1788855709.3836377
4190.866,-0.4479448357896832,-0.4779702809496926,0.3395857167919534,1.1350331841903283,2.893720829115081,-0.026292533953092348,0,0,0.6091390252113342,-1.1706189972213288,1.46564227739443,-1.8609000645079554,-1.5287655035602015,-0.21470433870424444,0.0,0.0,-0.0,-0.0,-0.0,0.0,1788855709.4836905
4190.965999999999,-0.44794085786648785,-0.4779651685113803,0.33957940623929556,1.135009098173159,2.893724847431871,-0.02622620748879459,0,0,0.6091390252113342,-1.170622543697693,1.4656537214862269,-1.8608690700926722,-1.5287845770465296,-0.21472055116762334,0.0,1.401298464324817e-45,7.202722190413624e-05,-0.0,-0.0,0.0,1788855709.5836933
4191.066,-0.44794215028261875,-0.47797408385866175,0.33961285330100266,1.1350027816954282,2.89375154741456,-0.026379249384577818,0,0,0.609143853187561,-1.1706451338580628,1.4656227270709437,-1.860910554925436,-1.5287497679339808,-0.21472388902773076,0.0,0.0,3.086307333433069e-05,-0.0,-0.0,0.0,1788855709.6836736
4191.166,-0.44806161649043036,-0.4780110611387326,0.3390747678349562,1.1349336250735405,2.8932645978199694,-0.0251729262950497,0,0,0.6090874671936035,-1.169876680975296,1.4657047430621546,-1.860845228234762,-1.5287726561175745,-0.21472388902773076,-0.0002686401712708175,0.011346080340445042,0.00026701565366238356,0.00014882540563121438,-0.0,0.0,1788855709.7836378
4191.266,-0.44807922325162697,-0.4780051031950463,0.3390646546705471,1.1349649216057738,2.893278966031357,-0.025240258643436476,0,0,0.6090636253356934,-1.169859842663147,1.4657204786883753,-1.860927244225973,-1.5287697950946253,-0.2147310415851038,0.002633636351674795,-0.0002951981732621789,0.00010290854697814211,5.0118087528971955e-06,-0.0,0.0,1788855709.8835614
4191.366,-0.44742882814887164,-0.47840079767231836,0.33999282188714175,1.1337115284418384,2.8949408221847652,-0.027799859615279282,0,0,0.6101535558700562,-1.1711756151965638,1.4656761328326624,-1.8615690670409144,-1.5287821928607386,-0.2147429625140589,0.015021268278360367,-0.039144814014434814,-0.0002848853182513267,-0.013280553743243217,-1.810436856430897e-06,0.0,1788855709.9836009
4191.465999999999,-0.4462335328028886,-0.47739708334171166,0.3457310344123078,1.1356559596104714,2.8994874831065376,-0.03976104575166319,0,0,0.6099427342414856,-1.1801042717746277,1.4656818548785608,-1.8618251285948695,-1.5287616888629358,-0.21469289461244756,-0.013313607312738895,-0.15741486847400665,-8.747896296235069e-10,-0.0016668589087203145,-0.0,0.0,1788855710.0835915
4191.566,-0.44326537526044785,-0.4752103280304898,0.35815378503695494,1.1390993257768693,2.909282979908625,-0.06510147486852623,0,0,0.6098220348358154,-1.1996169549277802,1.4656975905047815,-1.861741682092184,-1.5288060347186487,-0.21470767656435186,0.008177445270121098,-0.2260788083076477,-0.0,3.702816320583224e-05,-0.0009314054623246193,0.0,1788855710.1835546
4191.666,-0.4384445272222,-0.4740645821263964,0.37134739764955976,1.1382301348482893,2.9212120425746577,-0.09246188476624723,0,0,0.6127315759658813,-1.2204531592181702,1.4657099882708948,-1.8617364368834437,-1.5288336912738245,-0.21472388902773076,0.04683641716837883,-0.18921628594398499,5.697511005564593e-05,8.477212395519018e-05,-0.00020644160395022482,0.0,1788855710.283519
4191.766,-0.43407165727273184,-0.4731885284821259,0.38206936999528396,-1.1336167349630188,-2.9231813849520685,0.11459753812915473,0,0,0.6156185865402222,-1.2375722986510773,1.4658086935626429,-1.8616649113097132,-1.528869930897848,-0.21473914781679326,0.02808898501098156,-0.12033060193061829,0.0006432094378396869,0.0004650773771572858,-0.0006892508245073259,0.0,1788855710.3835146
4191.866,-0.42990316658906114,-0.4746312362252751,0.3871068078666348,-1.123236584001511,-2.921990934161975,0.12474476508663408,0,0,0.6214032173156738,-1.2455966633609314,1.4657962957965296,-1.8616887531676234,-1.5291569868670862,-0.2147310415851038,0.06834696978330612,-0.06052103266119957,3.1351421057479456e-05,1.4751741218788084e-05,-0.0002172032109228894,0.0,1788855710.4835508
4191.965999999999,-0.4250283957775534,-0.47778887979309675,0.38973491605492155,-1.1097121115511455,-2.9248440093899495,0.1303530831139939,0,0,0.6300551295280457,-1.2497617465308686,1.4657624403582972,-1.861746450463766,-1.5290973822223108,-0.2147277037249964,0.09777408093214035,-0.0652470663189888,-2.9508088118745945e-05,-0.0003867058258038014,-1.0936340913758613e-05,0.0,1788855710.5834396
4192.066,-0.4189786866259919,-0.4795312792824082,0.3971594989535718,-1.0953214997779712,-2.9229829889223615,0.14576848546220958,0,0,0.6380654573440552,-1.2616892617991944,1.4657929579364222,-1.8617574177184046,-1.529102627431051,-0.21470767656435186,0.08251458406448364,-0.14447937905788422,-4.651243801791629e-34,-4.936162076774053e-05,-0.0,0.0,1788855710.6834247
4192.166,-0.4095013540626495,-0.4831339183757062,0.4063149594193553,-1.0718235379929781,-2.922880681577574,0.16489224244614262,0,0,0.6519114971160889,-1.2764494878104706,1.4657896200763147,-1.8617145023741664,-1.5291569868670862,-0.21472055116762334,0.19692881405353546,-0.13198113441467285,-0.0,-3.9168786389145135e-38,-0.00027000679983757436,0.0,1788855710.783463
4192.266,-0.3965784505433752,-0.4897304065915146,0.4144290012053584,-1.0379953774083475,-2.927875915328657,0.1824477092750492,0,0,0.6732257008552551,-1.289573298101761,1.465773884450094,-1.8617798290648402,-1.5290940443622034,-0.2147277037249964,0.206181138753891,-0.14737793803215027,5.647498619509861e-05,2.44619350269204e-05,-9.219110097546945e-07,0.0,1788855710.8834271
4192.366,-0.38383222049262333,-0.49437233424389604,0.42482502806724753,-1.0067588497990834,-2.929139089715001,0.20468517300659841,0,0,0.6922396421432495,-1.3065779668143769,1.4658167997943323,-1.8616777859129847,-1.5291627089129847,-0.21470767656435186,0.1947372853755951,-0.18221502006053925,1.0328012796550662e-30,1.5414283107572988e-44,-0.0,0.0,1788855710.9834611
4192.465999999999,-0.37001199304732235,-0.5002590274186012,0.4332520520020988,-0.9717576898709201,-2.933534158882656,0.2230485362149823,0,0,0.7143315672874451,-1.3205306392959137,1.4659469763385218,-1.8616110287108363,-1.529379669819967,-0.21473914781679326,0.23603227734565735,-0.10525491088628769,0.002788297366350889,0.00010910296987276524,-0.0002406354178674519,0.0,1788855711.0834267
4192.566,-0.35689224947525305,-0.5064824834337871,0.43910035035275385,-0.9379159124204139,-2.9401002516064745,0.2364712031937444,0,0,0.73638516664505,-1.3303248894265671,1.4661319891559046,-1.8616610966124476,-1.529349152241842,-0.21467334428896123,0.19630642235279083,-0.09315396100282669,0.001272735302336514,6.42254917693208e-06,-9.008764754980803e-05,0.0,1788855711.1833827
4192.666,-0.34705602764957455,-0.5106600430325938,0.44381843747366867,-0.9128895021545158,-2.9443275473174193,0.2472396237606301,0,0,0.7525320649147034,-1.3382205230048676,1.4662168661700647,-1.8616215191283167,-1.5293763319598597,-0.21469670930971319,0.14660368859767914,-0.05913173407316208,0.00041577688534744084,0.0,-2.497643933567288e-28,0.0,1788855711.283378
4192.766,-0.3394482569031659,-0.515014251624338,0.4446360308918344,-0.8923622152433189,-2.9509586459829755,0.2493943800631051,0,0,0.7664850950241089,-1.34012924254451,1.4668601194964808,-1.8615580997862757,-1.5294087568866175,-0.21472055116762334,0.11572874337434769,-0.00032137802918441594,0.014470518566668034,0.00016725192836020142,-0.00016878664609976113,0.0,1788855711.3834193
4192.866,-0.33444771802288986,-0.5176476545539969,0.4431130738602781,-0.8800133284352312,-2.957334671880103,0.2457472534360987,0,0,0.7754141688346863,-1.3404439252666016,1.4702509085284632,-1.8615299663939417,-1.5293729940997522,-0.21470767656435186,0.05786912143230438,-0.014127797447144985,0.019971169531345367,3.473883043625392e-05,-5.86979222134687e-05,0.0,1788855711.4834058
4192.965999999999,-0.33179089326663475,-0.5180808455514703,0.4450208669556449,-0.8740880777411113,-2.957464165365925,0.24985932410978587,0,0,0.7790422439575195,-1.344080464248993,1.4707878271686,-1.8614779911436976,-1.52942401567568,-0.21473914781679326,0.01805211789906025,-0.028363961726427078,0.012462558224797249,0.0003238928911741823,-0.0,0.0,1788855711.5833256
4193.066,-0.32973420674736603,-0.5188861529586503,0.4449736596832645,-0.8692444375537589,-2.959371002019398,0.2495962857688426,0,0,0.7824081778526306,-1.345042647128441,1.4720137755023401,-1.861422678033346,-1.529412094746725,-0.2147429625140589,0.04787203297019005,-9.604870137991384e-05,0.013083713129162788,0.00016415159916505218,-0.0,0.0,1788855711.683322
4193.166,-0.32564227089886116,-0.5208054002116151,0.44275771796372715,-0.8597527971920381,-2.965376829768445,0.24411655258975337,0,0,0.789505124092102,-1.3450114291957398,1.4763763586627405,-1.8614336452879847,-1.5294273535357874,-0.2147277037249964,0.09325489401817322,5.6319546274608e-05,0.08215565979480743,0.00015090496162883937,-0.0,0.0,1788855711.783353
4193.266,-0.31988171717167935,-0.5231039566319868,0.4388818815351593,-0.8472754931446128,-2.974404612427623,0.23429686780325804,0,0,0.7990589141845703,-1.3451277327588578,1.4842169920550745,-1.8614260158934535,-1.529393498097555,-0.21469670930971319,0.09667498618364334,-0.00015961186727508903,0.06809435039758682,2.458247217873577e-05,-0.0,0.0,1788855711.8833272
4193.366,-0.31435355001128124,-0.5249888129873963,0.43728965408321085,-0.8348833373911926,-2.9806528187063286,0.23017878022197807,0,0,0.8079015016555786,-1.3470586997321625,1.489727799092428,-1.8616215191283167,-1.5293195883380335,-0.21472388902773076,0.06306789070367813,-0.07391791045665741,0.009838136844336987,-0.0006489881197921932,0.00048313100705854595,0.0,1788855711.983262
4193.465999999999,-0.30984274167039094,-0.523206098802083,0.44567167914963973,-0.8272596227170043,-2.974561017749674,0.24903034067524635,0,0,0.8113533854484558,-1.3611748677543183,1.4897707144366663,-1.861685415307516,-1.529412094746725,-0.21472388902773076,0.026475263759493828,-0.18132351338863373,4.2363051761640236e-05,0.00011539352271938697,-0.000495610642246902,0.0,1788855712.0832577
4193.566,-0.30306974919165713,-0.5223651796941932,0.45428660485360833,-0.8138555921752928,-2.9701204728360637,0.26818623319177193,0,0,0.8187679648399353,-1.3758685302785416,1.489826504384176,-1.861370702783102,-1.5296037832843226,-0.21469289461244756,0.10833658277988434,-0.09837442636489868,0.0003081586619373411,0.0003903041942976415,-0.00034699757816269994,0.0,1788855712.1832573
4193.666,-0.2956596082811088,-0.524791111262405,0.4574611356107101,-0.7951639818501712,-2.9730079749126688,0.2759199261692567,0,0,0.8308296203613281,-1.3813399237445374,1.4899104277240198,-1.8613783321776332,-1.529576603566305,-0.2147467772113245,0.11536421626806259,-0.026195771992206573,0.0006533797713927925,9.524384222459048e-05,-6.969710375415161e-05,0.0,1788855712.2832408
4193.766,-0.29002898004514277,-0.5272153801438224,0.45869351526082836,-0.7803271878789814,-2.976555129287631,0.2792053586155322,0,0,0.8407231569290161,-1.3834820252707978,1.489964787160055,-1.861405988732809,-1.5295732657061976,-0.2147277037249964,0.08306333422660828,-0.02127431146800518,0.00022676751541439444,5.508328912134013e-31,-1.531240646713903e-37,0.0,1788855712.3832808
4193.866,-0.2855388204301616,-0.5293870423854258,0.4586256919126437,-0.7683412910049537,-2.980500337510551,0.27924600217944295,0,0,0.8489210605621338,-1.3840049815228959,1.4906976858722132,-1.8613821468748988,-1.5296242872821253,-0.21472388902773076,0.0981418713927269,-6.519388261949643e-05,0.021593887358903885,2.5156707124551758e-05,-0.0004924143431708217,0.0,1788855712.4832175
4193.965999999999,-0.2783433781922887,-0.5324592231110179,0.455856182771207,-0.7505398212813581,-2.989347035842194,0.2725417585378888,0,0,0.8616389632225037,-1.384017066364624,1.4961870352374476,-1.861413141290182,-1.529640022908346,-0.2147310415851038,0.14335545897483826,-8.615986007498577e-05,0.10662848502397537,5.4356367431159654e-42,-0.00013600253441836685,0.0,1788855712.583234
4194.066,-0.26999946680916265,-0.5338456068992218,0.44947056186511464,-0.7342911805943354,-3.0019483393980315,0.25562738372299737,0,0,0.8740757703781128,-1.3863811206868668,1.511566464100973,-1.861453195611471,-1.5296157042132776,-0.2147310415851038,0.1077965721487999,-0.04624151811003685,0.18009918928146362,0.0,-2.017870792769827e-05,0.0,1788855712.6832385
4194.166,-0.26281531271313907,-0.5327478127228111,0.4438206063351454,-0.7239454080925088,-3.0120480581269895,0.23951740349189998,0,0,0.8823927044868469,-1.3927633178285141,1.5301554838763636,-1.8615099392332972,-1.5295613447772425,-0.21469289461244756,0.051308125257492065,-0.10555297881364822,0.18750901520252228,-0.0004661438870243728,-0.0,0.0,1788855712.7832046
4194.266,-0.25803592508222317,-0.5283755130407661,0.4447059733235935,-0.7215969361671348,-3.0129506652158073,0.2390746906619686,0,0,0.8840081095695496,-1.4074249130538483,1.5451677481280726,-1.8614899120726527,-1.5295799414264124,-0.21472388902773076,0.0005874025519005954,-0.17442633211612701,0.09884927421808243,-8.675125718582422e-05,-0.0,0.0,1788855712.883132
4194.366,-0.2535021254485337,-0.5249882165021942,0.4515164237947661,-0.7162270283753086,-3.008033037067965,0.25463615052187094,0,0,0.8864226937294006,-1.4233822238496323,1.5496862570392054,-1.861446043054098,-1.5296004454242151,-0.2147586981402796,0.03816237300634384,-0.1431330144405365,0.0030493016820400953,3.129042306682095e-05,-0.0,0.0,1788855712.983222
4194.465999999999,-0.24905085816959907,-0.5231048223407737,0.45870341714906265,-0.7084036507406011,-3.00304570693464,0.27200595921460474,0,0,0.8904455304145813,-1.436111719613411,1.5496991316424769,-1.861429830590719,-1.5296037832843226,-0.2147000471698206,0.04009876772761345,-0.11201006919145584,0.00044946398702450097,6.716678763041273e-05,-0.0,0.0,1788855713.0831838
4194.566,-0.24598987024420652,-0.5222725991935041,0.4623842418848352,-0.702474703693048,-3.0010762634170547,0.28090771296746736,0,0,0.8937548995018005,-1.4430465263179322,1.5501187483416956,-1.8613745174803675,-1.5295732657061976,-0.2147277037249964,0.02840125747025013,-0.020299354568123817,0.0045232390984892845,0.00024767371360212564,-0.0,0.0,1788855713.1831684
4194.666,-0.24495909154678858,-0.5226489045763778,0.46241101530881584,-0.6997120710384538,-3.001879180669426,0.2809979225217847,0,0,0.8956082463264465,-1.443289504652359,1.5503295103656214,-1.8613506756224574,-1.529576603566305,-0.21473914781679326,0.007595903240144253,-8.459841339363714e-19,0.0028400940354913473,8.35113605717197e-05,-0.0,0.0,1788855713.283119
4194.766,-0.24381017908267444,-0.5231715138008988,0.46234247408361034,-0.6965249129590975,-3.0028559629004246,0.28090628110043603,0,0,0.8977957963943481,-1.443282575612404,1.5504611174212855,-1.8613692722716273,-1.5296123663531702,-0.2147148291217249,0.02685762196779251,0.0,0.0015317794168367982,2.072692906196494e-09,-0.0,0.0,1788855713.383169
4194.866,-0.2418764647201164,-0.5236421861347937,0.4607131254402109,-0.6922389528496402,-3.0059584347673813,0.27646154886721036,0,0,0.9010332822799683,-1.4432635766318818,1.5536187330829065,-1.8612061939635218,-1.5296996275531214,-0.21471149126161748,0.04707356169819832,4.9544400098966435e-05,0.08091866970062256,0.00027814757777377963,-0.000396880554035306,0.0,1788855713.483136
4194.965999999999,-0.2372479362337482,-0.5235739368775069,0.4527089769527918,-0.6850830297217654,-3.0170362497915804,0.25517470874453524,0,0,0.9074580073356628,-1.4433080864003678,1.5695059935199183,-1.8611990414061488,-1.5296877066241663,-0.21470433870424444,0.08089077472686768,-0.000848896277602762,0.25173690915107727,9.518990555079654e-05,-7.372933032456785e-05,0.0,1788855713.5831409
4195.066,-0.22990788922099736,-0.521468213170512,0.43830655282160713,-0.6770923006645695,-3.035158744237672,0.21591835235017323,0,0,0.9155669212341309,-1.445781798367836,1.600950066243307,-1.8613468609251917,-1.5296366850482386,-0.21473914781679326,0.05200847238302231,-0.07789254933595657,0.36921465396881104,-0.0003878314164467156,-2.0148242502359668e-29,0.0,1788855713.6836727
4195.166,-0.2235170993877116,-0.5147952650102396,0.42933086434515694,-0.6771154342676341,-3.0454302760105314,0.18941637136537787,0,0,0.9174144268035889,-1.4600151640227814,1.6346777121173304,-1.86163391689443,-1.5296157042132776,-0.2147000471698206,-0.0005072935600765049,-0.2113163322210312,0.27975624799728394,-0.000781516544520855,4.3000741215014837e-32,0.0,1788855713.783128
4195.266,-0.21764282731695733,-0.5071500511478062,0.4313958132204105,-0.6767963611221581,-3.044480865626399,0.19223189603799595,0,0,0.9174705147743225,-1.4835507956198235,1.6560290495501917,-1.861462732354635,-1.529640022908346,-0.2147148291217249,0.001629459555260837,-0.23411616683006287,0.1880243569612503,0.0003237411438021809,0.0,0.0,1788855713.8829806
4195.366,-0.21240529595628604,-0.5004130401555437,0.4359723080007978,-0.6755542276406395,-3.0407921050530047,0.20292992899817106,0,0,0.917609453201294,-1.5064087224057694,1.6711943785296839,-1.861457963983053,-1.5296333471881312,-0.2147310415851038,0.00019405920465942472,-0.21038183569908142,0.09084999561309814,4.227178214932792e-05,0.0,0.0,1788855713.9830024
4195.465999999999,-0.20902550833641087,-0.4960146296619333,0.44329188729014124,-0.6736430781551139,-3.034004698318273,0.22186509127751866,0,0,0.9176454544067383,-1.5242437844029446,1.6752098242389124,-1.8613225422301234,-1.5296300093280237,-0.21471673647035772,0.0,-0.13373954594135284,0.008892371319234371,0.0031378334388136864,0.0,0.0,1788855714.0830302
4195.566,-0.20737646463258455,-0.4938599816139448,0.4481566938815371,-0.6723588280747604,-3.0292787148633327,0.23467818429633952,0,0,0.9176609516143799,-1.5337444220534344,1.6753414312945765,-1.8612672291197718,-1.5296638647662562,-0.21468955675234014,0.00011648828512988985,-0.06170329451560974,0.00017555865633767098,0.0001534255570732057,0.0,0.0,1788855714.1829956
4195.666,-0.20691837924909434,-0.4932612916262732,0.4494508657046802,-0.6719511940146438,-3.0280501936702513,0.23807225698620457,0,0,0.9176609516143799,-1.5363291066936036,1.67542010942568,-1.861222883264059,-1.529651943837301,-0.2147310415851038,2.057847632386256e-05,-0.0006586116505786777,0.002905522473156452,0.0002427496510790661,0.0,0.0,1788855714.2830486
4195.766,-0.2064824713677116,-0.4928726494006046,0.44741159360173105,-0.6722461083527013,-3.0302874825648733,0.23215814181844593,0,0,0.917880117893219,-1.5362415474704285,1.6793220678912562,-1.8609234295287074,-1.5296877066241663,-0.21472388902773076,0.008361205458641052,0.0008999050478450954,0.09738573431968689,0.002023459877818823,0.0,0.0,1788855714.3830497
4195.866,-0.20478618812873645,-0.49081373342210416,0.4383906934986455,-0.6745249911593519,-3.0394193106405067,0.20739662870974135,0,0,0.9180561900138855,-1.5363206167570134,1.6974323431598108,-1.8609754047789515,-1.5296452681170862,-0.2147277037249964,0.00021474281675182283,-0.0002447949373163283,0.2603490948677063,8.859692024998367e-05,-2.712427703954745e-05,0.0,1788855714.4829404
4195.965999999999,-0.20149938363039152,-0.48653875981767164,0.42139837061639657,-0.679226989771145,-3.056021865260143,0.15993684025289315,0,0,0.9180765151977539,-1.5363014762154599,1.731640640889303,-1.8610621891417445,-1.5296486059771937,-0.21472055116762334,0.0018789077876135707,-6.439777644118294e-05,0.4113397002220154,-5.616184532947037e-14,-6.037680212088681e-36,0.0,1788855714.58297
4196.066,-0.19714978257222524,-0.48086426882760575,0.4034338707755764,0.6804169620897462,3.056406832329636,-0.10836688270006498,0,0,0.9180680513381958,-1.538049505358078,1.7701309362994593,-1.8614708385863246,-1.5295780340777796,-0.2147277037249964,2.0467727196743668e-29,-0.04347265884280205,0.32744932174682617,-0.002761798445135355,-0.0,0.0,1788855714.6829655
4196.166,-0.19252508626224454,-0.47487766955423105,0.39504265104596503,0.6793887184091487,3.0498833436889545,-0.08342107766031423,0,0,0.9181482791900635,-1.548058734541275,1.7976811567889612,-1.861577650109762,-1.5296123663531702,-0.2147277037249964,0.001482935855165124,-0.15310660004615784,0.2214997559785843,-0.00018108599761035293,-0.0,0.0,1788855714.7828882
4196.266,-0.18737311866554185,-0.46889865777173984,0.3954242198786512,0.6780410231980999,3.050314632458923,-0.08417949474256685,0,0,0.9191048741340637,-1.566529208128788,1.8155854384051722,-1.8615299663939417,-1.5296090284930628,-0.21468907991518194,0.01581527292728424,-0.21452422440052032,0.1465616077184677,-1.0783399375213776e-05,-0.0,0.0,1788855714.882877
4196.366,-0.18257449721806757,-0.46384198327873816,0.4010866306052836,0.6762008647345248,3.055159060498099,-0.10071303448360384,0,0,0.9206866025924683,-1.587541242639059,1.8247798124896448,-1.861279626885885,-1.5296486059771937,-0.21473914781679326,0.0050531248562037945,-0.17294588685035706,0.03709426894783974,0.002447837730869651,-0.0,0.0,1788855714.9828699
4196.465999999999,-0.1809138811236192,-0.4616561470609082,0.40621592917545357,0.676777324496484,3.0590797654043764,-0.11613806716485993,0,0,0.9206913709640503,-1.5986486874022425,1.8251617590533655,-1.861291070977682,-1.5296366850482386,-0.2147277037249964,0.00013266471796669066,-0.04190199077129364,-0.00019928955589421093,7.127039862098172e-05,-0.0,0.0,1788855715.0828893
4196.566,-0.18080086964226671,-0.4615118154835673,0.4065547338718647,0.6767766975499379,3.059352241369019,-0.11718242085102444,0,0,0.9206974506378174,-1.5993839703001917,1.8251903692828577,-1.8613106213011683,-1.5296366850482386,-0.2147467772113245,3.139465720879422e-27,-0.0,0.00022463132336270064,1.0129106158274226e-05,-0.0,0.0,1788855715.1829412
4196.666,-0.18080439554464894,-0.46149648087143713,0.4064871989979581,0.6768635174597897,3.0592586432320656,-0.11684946401463038,0,0,0.9206745624542236,-1.5993415317931117,1.8252628485309046,-1.8611990414061488,-1.5296486059771937,-0.21470767656435186,0.0,4.026118040201254e-05,0.001170181087218225,0.0028281081467866898,-0.0,0.0,1788855715.2828345
4196.766,-0.18079021265592923,-0.46150073432406746,0.4061480622574024,0.6767321481834025,3.058796426958446,-0.11486004449308602,0,0,0.9207093119621277,-1.5989343128600062,1.825373951588766,-1.8603445492186488,-1.5296757856952112,-0.21472055116762334,0.0,0.008680460043251514,0.0003861409495584667,0.02197142131626606,-0.0,0.0,1788855715.3828657
4196.866,-0.18093688621031886,-0.4616821203736376,0.4048623923649059,0.6765120497049117,3.057028155245236,-0.10772541910326558,0,0,0.9207057356834412,-1.596870561639303,1.82536489168276,-1.8574539623656214,-1.5297306219684046,-0.21472055116762334,0.0,0.027569787576794624,8.611394150648266e-05,0.040728867053985596,-0.0,0.0,1788855715.4827888
4196.965999999999,-0.18100112847774844,-0.4617476486088352,0.4032772404179917,0.6761978124994802,3.0543849989302285,-0.09752952691057344,0,0,0.9206830263137817,-1.5946155987181605,1.8253615538226526,-1.8525949917235316,-1.5297353903399866,-0.21472388902773076,0.0,0.0208614282310009,0.0,0.053408991545438766,-0.00015734405315015465,0.0,1788855715.582876
4197.066,-0.18119343234205756,-0.4619829447003037,0.40167984971918563,0.6759531871421257,3.0520864480986973,-0.08897511796235491,0,0,0.9206518530845642,-1.592020174066061,1.8253706137286585,-1.8492056332030238,-1.529696289693014,-0.21471149126161748,0.0,0.03135279566049576,-0.0,0.014441628009080887,-6.310298340395093e-05,0.0,1788855715.6827343
4197.166,-0.18163823051549255,-0.4625872778584538,0.40012756074912753,0.6757011706223323,3.050863071458772,-0.0840126290243906,0,0,0.9206866025924683,-1.588783403436178,1.8253286520587366,-1.8489586315550746,-1.5297582785235804,-0.2147277037249964,0.0,0.03075968474149704,-0.0,0.0006087787332944572,-1.7921206060250086e-41,0.0,1788855715.7827644
4197.266,-0.18203422412271306,-0.46311812120447904,0.3987526831995814,0.6755680081848432,3.049733604420348,-0.07990319008839344,0,0,0.9206902384757996,-1.5859481296935023,1.8253615538226526,-1.8489381275572718,-1.529726807271139,-0.214701000844137,0.0,0.032653938978910446,-0.0,0.0005846470012329519,-0.0,0.0,1788855715.88285
4197.366,-0.18242076782471953,-0.46363247953221387,0.3969162753373482,0.6752689524138075,3.047740547098115,-0.07245430251992444,0,0,0.920694887638092,-1.5824910602965296,1.8253548781024378,-1.84716858486318,-1.5297234694110315,-0.21470767656435186,0.0,0.04577760398387909,-0.0,0.05910004302859306,-0.0,0.0,1788855715.9832592
4197.465999999999,-0.18283291756465284,-0.46418646882083237,0.3929497107941613,0.6744525352279496,3.041989685512167,-0.05134960086107936,0,0,0.920710563659668,-1.5760165653624476,1.825367275868551,-1.838834901849264,-1.5297353903399866,-0.21470767656435186,0.0,0.0798647478222847,0.0,0.09076453000307083,-0.0,0.0,1788855716.0828495
4197.566,-0.1835192721093087,-0.4650765452979397,0.38930829592774474,0.673853231217053,3.0376404534324575,-0.03601160536089464,0,0,0.9206793904304504,-1.5693244289471586,1.8253806273089808,-1.8347069225706996,-1.5296810309039515,-0.21472055116762334,0.0,0.040504276752471924,-0.0,0.0003920742019545287,-0.0,0.0,1788855716.182807
4197.666,-0.1836253226255847,-0.4652959639054024,0.3887610883960514,0.6736597680830839,3.0372098521255046,-0.034235119466390636,0,0,0.9207870364189148,-1.5681801599315186,1.8253467718707483,-1.8345838985838832,-1.5297201315509241,-0.21469670930971319,0.0029511370230466127,0.00263180467300117,-0.0,0.0014450495364144444,-0.0,0.0,1788855716.2828383
4197.766,-0.1835079605439415,-0.46569176032639353,0.3879586130706025,0.6724378059531243,3.0367226253811697,-0.03164444239985799,0,0,0.9214767217636108,-1.5665782390027125,1.8253706137286585,-1.8343922100462855,-1.5297201315509241,-0.21473914781679326,0.00527425529435277,0.032457951456308365,-0.0,0.0013613039627671242,-1.0930731377811753e-06,0.0,1788855716.3828044
4197.866,-0.1840360127504971,-0.4664726827307377,0.38565181555046446,0.671983927847187,3.0346066210895106,-0.02409294862143166,0,0,0.9215797781944275,-1.5619747557542105,1.8254049460040491,-1.8336979351439417,-1.5297201315509241,-0.21472388902773076,0.00015735368651803583,0.057066526263952255,0.00012170551781309769,0.005006063263863325,-0.0,0.0,1788855716.482768
4197.965999999999,-0.1847361271088799,-0.4673990526508708,0.38310767459711603,0.6716992828676537,3.0324301030764285,-0.016600323355792396,0,0,0.921576201915741,-1.5567172097838302,1.825397793446676,-1.8336411915221156,-1.5297015349017542,-0.21469670930971319,1.501590395491803e-05,0.04376723989844322,9.272406168747693e-05,0.0004226236487738788,-0.0,0.0,1788855716.5827563
4198.066,-0.185101780160841,-0.4679373764013148,0.3816456124285688,0.6713523901002768,3.0312419186546102,-0.0122895715742914,0,0,0.9216479063034058,-1.55370211348448,1.8253944555865687,-1.8336101971068324,-1.5297201315509241,-0.2147310415851038,0.0027195466682314873,0.01894150860607624,-0.0,0.0001798808661988005,-0.0,0.0,1788855716.682754
4198.166,-0.1854987479144838,-0.4684861814771601,0.380155740429128,0.6711220288318487,3.0299922876709715,-0.007895585220169296,0,0,0.9216803312301636,-1.550597532918193,1.8253515402423304,-1.8335663280882777,-1.5297353903399866,-0.21472388902773076,0.00018254676251672208,0.04813879355788231,1.417440274690137e-35,0.0003660075890365988,-0.0,0.0,1788855716.782739
4198.266,-0.18620741977725386,-0.4694686205985152,0.37741634834317395,0.6707142715311579,3.0276763860326668,-3.0304939516117706e-06,0,0,0.9217317700386047,-1.5449648083052416,1.8253634611712855,-1.8336054287352503,-1.5297167936908167,-0.21470433870424444,0.00019582186359912157,0.06311154365539551,-0.0,8.822835661703721e-05,-0.0,0.0,1788855716.8826733
4198.366,-0.1870425062082344,-0.47056169163647327,0.3742608579829643,0.6703412166699343,3.0249591053097746,0.009084953636295823,0,0,0.9217124581336975,-1.538506095563509,1.8253830114947718,-1.8336173496642054,-1.529696289693014,-0.21469289461244756,5.800784128950909e-05,0.06269960105419159,-0.0,1.7891029911905332e-17,-0.0,0.0,1788855716.9826696
4198.465999999999,-0.18788114233163103,-0.471666199671543,0.37102845627528275,0.6698675422827979,3.0221798555697608,0.018390167564587348,0,0,0.9217042922973633,-1.531894763266184,1.8253830114947718,-1.833602090875143,-1.5296896139727991,-0.2147277037249964,0.0,0.06711627542972565,-0.0,0.0,-0.0,0.0,1788855717.0826619
4198.566,-0.18864972920605647,-0.47268190866741777,0.36803197879674776,0.6694719833382613,3.0196075501400435,0.026938444022182893,0,0,0.9217042922973633,-1.5257617880455037,1.8253706137286585,-1.8336335621275843,-1.5296996275531214,-0.21472388902773076,0.0,0.05239864066243172,-0.0,0.0,-0.0,0.0,1788855717.1826746
4198.666,-0.18913933914385272,-0.4733524930693693,0.3660230278868681,0.6691433841321329,3.017887253411419,0.03268931405609139,0,0,0.9217352867126465,-1.5216724325767537,1.8253706137286585,-1.8336264095702113,-1.5297167936908167,-0.2147310415851038,0.0,0.034848183393478394,-0.0,0.0,-0.0,0.0,1788855717.282649
4198.766,-0.1895507287454978,-0.4738643108367626,0.3644405811457322,0.6689889446985825,3.0164890323700067,0.03723743974682152,0,0,0.9216971397399902,-1.5184501868537446,1.8253582159625452,-1.8335901699461878,-1.529726807271139,-0.2147277037249964,0.0,0.027826324105262756,-0.0,0.0,-0.0,0.0,1788855717.3826363
4198.866,-0.1899040838567758,-0.47433390450031554,0.3630000690514704,0.6688314027586044,3.0151801995567573,0.04126441168137402,0,0,0.9216886162757874,-1.5155311164310952,1.8253706137286585,-1.8336173496642054,-1.5296738783465784,-0.21470433870424444,0.0,0.03202396258711815,-0.0,0.0,-0.0,0.0,1788855717.4826121
4198.965999999999,-0.1901710716293522,-0.47471986569508545,0.3618464645278411,0.6685571358763285,3.0142025664638177,0.044543983239270224,0,0,0.9217304587364197,-1.5131736037186165,1.8253515402423304,-1.833614011804098,-1.5296843687640589,-0.21473962465395147,0.0,0.01830318197607994,-0.0,0.0,-0.0,0.0,1788855717.5825977
4199.066,-0.19032111390010586,-0.47487958540554676,0.36131522180185344,0.6685912770544491,3.013713607105968,0.04605890364182221,0,0,0.9216839671134949,-1.512101301257946,1.8253548781024378,-1.833606859246725,-1.5296896139727991,-0.2147148291217249,0.0,0.0012325291754677892,-0.0,0.0,-0.0,0.0,1788855717.6826172
4199.166,-0.19032563217752008,-0.4748727784178614,0.3612976406813383,0.6686512143656438,3.0136542337021286,0.04607597232860203,1,1,0.9216610789299011,-1.512096421127655,1.8253896872149866,-1.8336173496642054,-1.5296538511859339,-0.21469289461244756,0.0,0.0001449963019695133,-0.0,0.0,-0.0,0.0,1788855717.7824693
4199.266,-0.19034492199473682,-0.4748741729606786,0.3613088657082116,0.668613811738063,3.0137129986006537,0.04600836237421982,1,1,0.9216371178627014,-1.5120929454318066,1.8253706137286585,-1.833660741845602,-1.5296810309039515,-0.2147467772113245,0.0,6.668741434623371e-07,-0.0,0.0,-0.0,0.0,1788855717.8825567
4199.366,-0.19033806887095694,-0.47488359683309556,0.3613012342853996,0.6686051395420111,3.0137041211473243,0.04606917742326466,1,1,0.9216610789299011,-1.5120652888766308,1.8253515402423304,-1.833630224267477,-1.5296877066241663,-0.2147277037249964,0.0,8.379763191913838e-22,-0.0,0.0,-0.0,0.0,1788855717.9825559
4199.465999999999,-0.1903361801286541,-0.47487727292976756,0.36129875834970704,0.6686127869165472,3.0137067548739402,0.0460552153940651,1,1,0.9216563701629639,-1.512080856864788,1.8253772894488733,-1.8336502514281214,-1.5296877066241663,-0.2147277037249964,-1.1895278165252599e-11,-2.4580912980258553e-33,-0.0,0.0,-0.0,0.0,1788855718.082511
4199.566,-0.1903540764682106,-0.4748767237135625,0.361306139904944,0.6686425623355339,3.01366077713086,0.04599842257599186,1,1,0.921616792678833,-1.5120773588171978,1.8253582159625452,-1.8336502514281214,-1.5296381155597132,-0.2147429625140589,-0.0001358677982352674,0.0,-0.0,0.0,-0.0,0.0,1788855718.1824315
4199.666,-0.19035336685184412,-0.47486770684761465,0.36129890320862823,0.668730949758635,3.0136410783308154,0.04602727711717999,1,1,0.9216083288192749,-1.5120894362083455,1.8253863493548792,-1.8336502514281214,-1.5296452681170862,-0.21469289461244756,-7.845953950891271e-05,0.0,-0.0,0.0,-0.0,0.0,1788855718.2824783
4199.766,-0.19038447515358375,-0.4748726844067653,0.36131055827903225,0.6687560264419846,3.013650549196569,0.045932366590698416,1,1,0.9215617775917053,-1.5120703515461464,1.8253501097308558,-1.8336931667723597,-1.5296333471881312,-0.21472388902773076,-0.0001451007992727682,0.0,-4.5597818854048455e-09,0.0,-0.0,0.0,1788855718.3824487
4199.866,-0.19038230216237326,-0.4748628774116038,0.36132679650938443,0.6687459934381992,3.013657638370949,0.04591494844631804,1,1,0.9215533137321472,-1.5121082936278363,1.8253501097308558,-1.8336669407286585,-1.5296333471881312,-0.21473962465395147,-0.0002648437221068889,0.0,-1.7364576706313528e-05,0.0,-0.0,0.0,1788855718.4824524
4199.965999999999,-0.19038200502080072,-0.4748806163687405,0.3613301768009217,0.6687361630685686,3.013665795400799,0.045911856877438775,1,1,0.921576201915741,-1.512072292422392,1.82530385652651,-1.8336616955199183,-1.5296366850482386,-0.21472388902773076,-5.373569001676515e-05,0.0,-8.571330417451994e-27,0.0,-0.0,0.0,1788855718.5823967
4200.066,-0.19037330465279417,-0.47486722585103297,0.3613072520197191,0.6687092922980125,3.0136361692676465,0.04597623177188344,1,1,0.9215713143348694,-1.5120843809894104,1.82536489168276,-1.8336578808226527,-1.5296242872821253,-0.2147429625140589,-1.641214927042508e-32,0.0,-0.0,0.0,-0.0,0.0,1788855718.6823833
4200.166,-0.19038983439735901,-0.4748688754124208,0.36131707696442583,0.6687438827711767,3.0136646462681105,0.04595978311431786,1,1,0.9215522408485413,-1.5120758053711434,1.8253353277789515,-1.83366121868276,-1.529651943837301,-0.2147429625140589,-9.783402492757887e-05,0.0,-0.0,0.0,-0.0,0.0,1788855718.7824259
4200.266,-0.1904154867734729,-0.4749127023891429,0.36116484911659946,0.668758961130385,3.013493214865681,0.046420342249018684,1,1,0.921560525894165,-1.5117847149125119,1.8253467718707483,-1.8336264095702113,-1.5296333471881312,-0.21470767656435186,0.0,0.004783962853252888,-0.0,0.0,-0.0,0.0,1788855718.8823802
4200.366,-0.190647056882037,-0.47520555072659976,0.3601904623896817,0.6686195984743475,3.012650337675136,0.049212191010447305,1,1,0.92154860496521,-1.509851937448122,1.8253863493548792,-1.833609243432516,-1.5296571890460413,-0.21472388902773076,0.0,0.04054659605026245,-0.0,3.8940625355331215e-14,-0.0,0.0,1788855718.9823368
4200.465999999999,-0.1914459558409833,-0.4762752959529129,0.35684132344101943,0.6681818649864594,3.009664666613365,0.05865851010646665,1,1,0.921560525894165,-1.5030520123294373,1.8253548781024378,-1.833597322503561,-1.5296419302569788,-0.21468907991518194,0.0,0.09744687378406525,-0.0,0.00013470237900037318,-0.0,0.0,1788855719.082387
4200.566,-0.1929378594594494,-0.47823647445926115,0.35044880497437403,0.6672387641630534,3.0039802266761377,0.07653508949799079,1,1,0.9215450286865234,-1.4901683938554307,1.8253534475909632,-1.8336264095702113,-1.5296486059771937,-0.2147277037249964,0.0,0.15307140350341797,-0.0,3.115218152882626e-12,-0.0,0.0,1788855719.1823795
4200.666,-0.19432575999541715,-0.4797525901251,0.3451881832008057,0.6670727193294453,2.9991488624109715,0.09103174107639471,1,1,0.9211618900299072,-1.4795352456024666,1.8252833525287073,-1.833728929559225,-1.529670540486471,-0.21471673647035772,-0.0017925307620316744,0.04609450697898865,-0.0002401466335868463,-0.0001874877925729379,1.6924023412790118e-25,0.0,1788855719.282235
4200.766,-0.194391258412861,-0.4798744347952444,0.3448491819980246,0.6669420269598887,2.99882015944817,0.09189751375419704,1,1,0.9211930632591248,-1.4788217109492798,1.8252514044391077,-1.8337580166258753,-1.5296137968646448,-0.21473580995668584,-1.0031712522133834e-22,-0.00024946965277194977,-0.00029734213603660464,-7.205545261967927e-05,0.0,0.0,1788855719.3823516
4200.866,-0.19440557384776336,-0.47986891527637443,0.3447941714352205,0.666995188759719,2.9987319629604468,0.09209196869634784,1,1,0.9211618900299072,-1.4787513104132195,1.8252866903888147,-1.8337184391417445,-1.5296056906329554,-0.21472388902773076,0.0,9.547702939016744e-05,-5.281640187604353e-05,-4.205708608852218e-31,0.0,0.0,1788855719.4822888
4200.965999999999,-0.19439931271395638,-0.4798768471256903,0.34479267560900195,0.6669548682157465,2.998749790657649,0.09214209297160957,1,1,0.9211858510971069,-1.4787326988628884,1.825263802205221,-1.833689352075094,-1.5296276251422327,-0.2147277037249964,4.2746545659611e-05,0.0006631409632973373,-0.0,-0.0,0.0,0.0,1788855719.5822637
4201.066,-0.19453427050686042,-0.48007419065182855,0.3440899170051609,0.6668419722456365,2.9981264745556704,0.09413566564819237,1,1,0.9212132692337036,-1.4773526352695008,1.8252866903888147,-1.8336650333800257,-1.529651943837301,-0.21470815340151006,0.00011639665899565443,0.037402667105197906,-0.0,0.00011009911395376548,0.0,0.0,1788855719.682286
4201.166,-0.19534856339734935,-0.4811732653276538,0.3403385515536895,0.6661964038464091,2.994741159516182,0.10446373877640935,1,1,0.9212408661842346,-1.4698020231774827,1.8252266089068812,-1.8336860142149867,-1.5296605269061487,-0.2147429625140589,-6.164704245747998e-05,0.09585031867027283,-0.00024169370590243489,4.0156839531846344e-05,0.0,0.0,1788855719.782284
4201.266,-0.19634379212325398,-0.4824130389154292,0.3359526880178424,0.6657269800980855,2.9906601794584624,0.11634409143707687,1,1,0.9211379289627075,-1.4609836128405114,1.8251531759845179,-1.8337866268553675,-1.5296090284930628,-0.21472055116762334,-0.00028971786377951503,0.05660099908709526,-0.00202536815777421,-0.0002780014183372259,9.839025239095414e-25,0.0,1788855719.8822377
4201.366,-0.19652716837131304,-0.48268385949871995,0.33554257894971307,0.6656225270428486,2.990337069609789,0.11736683871276841,1,1,0.9211737513542175,-1.4597496104291459,1.8246992270099085,-1.8338295421996058,-1.5296157042132776,-0.21471721330751592,9.78770331130363e-05,-0.00014820537762716413,-0.012426653876900673,-0.00017992178618442267,0.0,0.0,1788855719.982263
4201.465999999999,-0.19691710318283198,-0.4831963068672352,0.3367120017381555,0.6658329611632173,2.991664270572204,0.11337207642305365,1,1,0.921169102191925,-1.459795632665493,1.8222678343402308,-1.8342434368529261,-1.5295918623553675,-0.21472055116762334,4.30479776696302e-05,-0.0017372991424053907,-0.049858514219522476,-0.005200154148042202,0.00042331701843068004,0.0,1788855720.0822024
4201.566,-0.1982704127500101,-0.48500172764219696,0.3410284060242832,0.666471956659736,2.9961584619809196,0.10001681743047858,1,1,0.9212013483047485,-1.459985838537552,1.8131149450885218,-1.8345886669554652,-1.5295870939837855,-0.21473247209657842,0.0004075314791407436,0.0020434712059795856,-0.10814366489648819,-3.0364899430423975e-05,0.00010881821799557656,0.0,1788855720.1822267
4201.666,-0.19989286587384542,-0.48715385377200565,0.3455541411190932,0.667123195942901,3.0006679040575372,0.08650952839970397,1,1,0.9212300181388855,-1.4592563521913071,1.8024418989764612,-1.834433218041891,-1.5296123663531702,-0.21473914781679326,0.00013945168757345527,0.026413194835186005,-0.08033671230077744,0.0026022042147815228,-4.1129176679532975e-05,0.0,1788855720.2821484
4201.766,-0.20093756165013502,-0.4885443852295223,0.3454718147099889,0.6671520141022713,3.000790213844537,0.08621992207187776,1,1,0.921249270439148,-1.4552671995810051,1.7982071081744593,-1.8344108066954554,-1.5296276251422327,-0.21470815340151006,7.18904921086505e-05,0.05279034748673439,-0.008032238110899925,0.0001288239291170612,-7.232930511236191e-05,0.0,1788855720.3822346
4201.866,-0.20167979471168665,-0.4895295535036914,0.34205917010348175,0.6666472004015207,2.9977322339725174,0.09542008545596825,1,1,0.9212443828582764,-1.4485369262150307,1.7981460730182093,-1.8344127140440882,-1.5295851866351526,-0.21472055116762334,-1.173486793959455e-06,0.07958097755908966,-0.00035172683419659734,8.303397294184833e-07,-8.318503323029e-31,0.0,1788855720.482247
4201.965999999999,-0.20261015994810397,-0.49073422975616693,0.33797096113212066,0.666111723702048,2.9941040437068716,0.10633536288374812,1,1,0.9212132692337036,-1.4403376144221802,1.797906223927633,-1.8344704113402308,-1.5295851866351526,-0.21471721330751592,0.0,0.07873756438493729,-0.009828219190239906,1.0962503558923598e-16,-0.0,0.0,1788855720.5822191
4202.066,-0.20406004663520186,-0.49266233620287514,0.33655144947433174,0.6658837044669068,2.9930935827108214,0.10945090396726513,1,1,0.9212323427200317,-1.433298797612526,1.793084446583883,-1.8344365559019984,-1.52958852449526,-0.21473247209657842,0.0,0.05957096442580223,-0.10657382011413574,-9.132156264968216e-05,-0.0,0.0,1788855720.6822147
4202.166,-0.207106480530306,-0.49667371497901597,0.34205190314039124,0.6667462672179068,2.99891668999394,0.09214853852695938,1,1,0.9212408661842346,-1.428642363553383,1.7758234182940882,-1.834388872186178,-1.5296157042132776,-0.21475106874574834,-2.326899594961682e-18,0.0360729843378067,-0.219826802611351,-5.940792069562888e-27,-0.0,0.0,1788855720.7821727
4202.266,-0.21095918308308997,-0.5017365806116754,0.35072265101276956,0.6681183947337315,3.0075712543506494,0.06554611537832165,1,1,0.921233594417572,-1.4243913006833573,1.7522357145892542,-1.834250112573141,-1.5296123663531702,-0.21473580995668584,0.0,0.05138453468680382,-0.23566895723342896,0.002147434279322624,-0.0,0.0,1788855720.882187
4202.366,-0.2140421776241542,-0.5057703539122981,0.3562317581801878,0.6690220183458945,3.013091383707491,0.04815017071631338,1,1,0.9212060570716858,-1.4191686821034928,1.7344825903521937,-1.834224363366598,-1.5296157042132776,-0.21472055116762334,0.0,0.05037172883749008,-0.11038129031658173,0.0002487949386704713,-0.0,0.0,1788855720.9821835
4202.465999999999,-0.21518377034111932,-0.5072869977399451,0.35552422361772845,0.6689068121630446,3.012771745570278,0.04933779617833902,1,1,0.9212228059768677,-1.4142010819962998,1.730326000844137,-1.8342005215086878,-1.529640022908346,-0.21473914781679326,0.0,0.048526257276535034,0.0002733191940933466,0.0016099766362458467,-0.0,0.0,1788855721.082182
4202.566,-0.21586828713292874,-0.5082290286020984,0.35227658569139114,0.6684351022193087,3.0101163025668707,0.057799157370788154,1,1,0.921261191368103,-1.408108041887619,1.7303021589862269,-1.8341971836485804,-1.5296276251422327,-0.21473247209657842,0.0,0.06574010103940964,3.0058956326683983e-05,0.00010474975715624169,-0.0,0.0,1788855721.1820982
4202.666,-0.21663184566887034,-0.5092554310554382,0.3486659633633369,0.6679330308116506,3.007121784342094,0.06709301603547138,1,1,0.9212696552276611,-1.4013411712697526,1.7302749792682093,-1.8342367611327113,-1.5295780340777796,-0.21473914781679326,1.1396199890968007e-39,0.06590903550386429,-0.0,4.5691939161005214e-18,-0.0,0.0,1788855721.2822087
4202.766,-0.2173093652536113,-0.5101618111734911,0.34538482760291006,0.66750221317835,3.0044738009803975,0.07559473984519441,1,1,0.9212923645973206,-1.3952158999494095,1.7302587668048304,-1.8342606029906214,-1.5296433607684534,-0.21472055116762334,0.0,0.05618409812450409,-0.00015054889081511647,0.0,-0.0,0.0,1788855721.3821435
4202.866,-0.21778063787903318,-0.5108058531928494,0.34316821825672505,0.6672000038043749,3.0026413331377473,0.08123910026375243,1,1,0.921312689781189,-1.3909852814725419,1.730135742818014,-1.8342963657774867,-1.5296309630023401,-0.21470481554140264,1.67928665237911e-39,0.03179279714822769,-0.0007890330161899328,2.0108060776298098e-25,-0.0,0.0,1788855721.4820652
4202.965999999999,-0.21803577863687773,-0.5111347838281766,0.3421893359755335,0.6670364467646926,3.001847509840199,0.08366560492080144,1,1,0.9213008284568787,-1.3889811796000977,1.72992450395693,-1.834332128564352,-1.529619042073385,-0.21473914781679326,0.0,0.008331774733960629,-0.006428250577300787,0.0,-0.0,0.0,1788855721.5821226
4203.066,-0.21846397164229484,-0.5116859278410443,0.34289258163775693,0.6671886910579957,3.0025978973058507,0.0813901871696511,1,1,0.9212887287139893,-1.3882545095733185,1.7275551001178187,-1.8343388042845667,-1.5296309630023401,-0.21472722688783819,9.953138757623492e-09,0.004319400060921907,-0.04457825794816017,0.0,-0.0,0.0,1788855721.6820784
4203.166,-0.21960325638638892,-0.5131554306868777,0.34639695724484154,0.6677763071662705,3.005971653505192,0.0708985657114552,1,1,0.9212539792060852,-1.3881038886359711,1.7198031584369105,-1.8342963657774867,-1.529619042073385,-0.21472055116762334,0.0,0.0018507213098928332,-0.11215488612651825,0.0,-0.0,0.0,1788855721.7820594
4203.266,-0.22124133248952474,-0.5153457580004196,0.3517360533825687,0.6684943335598289,3.0110512983773536,0.05501478022672694,1,1,0.9212923645973206,-1.3879158061793824,1.708088223134176,-1.8341919384398402,-1.5296123663531702,-0.21472388902773076,0.0,0.009667249396443367,-0.10652215778827667,0.0025650509633123875,-0.0,0.0,1788855721.8820488
4203.366,-0.22298837232649504,-0.5176253248930164,0.35384210794594617,0.6688611547472265,3.0132718499361517,0.048019144830753493,1,1,0.9212696552276611,-1.3838542115739365,1.6987956205951136,-1.8339907131590785,-1.5296242872821253,-0.21472388902773076,0.0,0.06970014423131943,-0.08281280845403671,0.0005374012398533523,-0.0,0.0,1788855721.981985
4203.465999999999,-0.22524658635231723,-0.5205936270150744,0.3531356166141195,0.6689162700296551,3.013306663681173,0.04794533998886946,1,1,0.9212575554847717,-1.3749476981214066,1.689859692250387,-1.834024568597311,-1.5296242872821253,-0.21468955675234014,0.0,0.10153808444738388,-0.08834107965230942,0.00010439351171953604,-0.0,0.0,1788855722.081966
4203.566,-0.22725502401929457,-0.5232369965281696,0.3519286885703555,0.6687921032300513,3.0129117604127296,0.04946012176567588,1,1,0.9212575554847717,-1.3664141309312363,1.6823514143573206,-1.833992143670553,-1.5296672026263636,-0.21471721330751592,0.0,0.05976976826786995,-0.05587942898273468,0.001042740885168314,-4.362504281429924e-12,0.0,1788855722.1819725
4203.666,-0.2280631604756031,-0.52430795142513,0.3507892998329977,0.6686586566361427,3.011965973463636,0.05233618145949335,1,1,0.9212539792060852,-1.3622122567943116,1.67969257036318,-1.8334552250304164,-1.5296228567706507,-0.21470815340151006,0.0,0.025688789784908295,-0.0010364602785557508,0.0052040391601622105,-0.00017948183813132346,0.0,1788855722.2819421
4203.766,-0.22818220365382602,-0.524474404988469,0.35012124023491603,0.668538664033596,3.0114656681101026,0.05424026058777834,1,1,0.9212779402732849,-1.3610294473222275,1.6796844641314905,-1.8333031139769496,-1.5297029654132288,-0.21471149126161748,0.0,0.0009389445767737925,-0.0004951850860379636,0.0006324269925244153,-6.580760236829519e-05,0.0,1788855722.3818965
4203.866,-0.22818345781379595,-0.5244835894345511,0.35015383466306627,0.6685238322727132,3.011466447010948,0.05408795579061677,1,1,0.9212779402732849,-1.3610499513200303,1.6796448866473597,-1.8333302936949671,-1.5296571890460413,-0.21472055116762334,0.0,-3.3044467272702605e-05,-0.00012861301365774125,0.00011044336861232296,-0.0,0.0,1788855722.4819317
4203.965999999999,-0.22819393244235442,-0.5244600043219274,0.3501539339248407,0.668555870662186,3.011462816603178,0.05409457287421639,1,1,0.9212384819984436,-1.3610894244960328,1.67969257036318,-1.8333350620665492,-1.5296638647662562,-0.21473914781679326,0.0,-0.00024833326460793614,1.999105188588146e-05,1.4136716242063585e-09,-0.0,0.0,1788855722.5818279
4204.066,-0.22810248019115967,-0.5244340149095152,0.35019690812749893,0.6684049973280098,3.0115199127687835,0.05403087937399872,1,1,0.9213414192199707,-1.3612688493779679,1.6798117796527308,-1.8333236179747523,-1.5296638647662562,-0.21473914781679326,0.0008106455206871033,-0.0031273376662284136,0.0007558486540801823,0.0,-0.0,0.0,1788855722.6820362
4204.166,-0.22804898686164002,-0.524373303451781,0.3502966842328323,0.6684307964147396,3.0115693727330504,0.05379103634798889,1,1,0.9213485717773438,-1.3615490955165406,1.6799324194537562,-1.8333269558348597,-1.5296433607684534,-0.21472055116762334,6.12861622357741e-05,-0.0023045006673783064,0.000768618076108396,0.0,-0.0,0.0,1788855722.7818139
4204.266,-0.22787468840054262,-0.5242910322818735,0.3506944517719516,0.668240905949286,3.011903072288928,0.052733563027417614,1,1,0.9215006828308105,-1.3623046588948746,1.6799877325641077,-1.8333660564818324,-1.5295937697040003,-0.21472388902773076,4.864992320108286e-07,-0.019321344792842865,0.0005198619910515845,0.0,-0.0,0.0,1788855722.8819022
4204.366,-0.22752456889348607,-0.5238347779104412,0.3524112945665036,0.668434150254846,3.0132588841721755,0.04839129924673109,1,1,0.9215078949928284,-1.365378500228264,1.6799691359149378,-1.8333832226195277,-1.52958852449526,-0.2147305647479456,0.0,-0.045172326266765594,1.796225660655182e-05,0.0,1.6400015283579705e-06,0.0,1788855722.9818602
4204.465999999999,-0.22703772332274882,-0.5231616802021549,0.35491009932721906,0.6688288451084371,3.015239068646562,0.04204198510726307,1,1,0.9214814901351929,-1.3698350352099915,1.6799200216876429,-1.8334347210326136,-1.5296123663531702,-0.21470481554140264,0.0,-0.035224996507167816,-0.0001650952035561204,-0.00013148596917744726,0.0,0.0,1788855723.08184
4204.566,-0.22696227052830256,-0.5230677349975785,0.3553126427418443,0.6688820061834917,3.015567475381218,0.040992218825608766,1,1,0.9214886426925659,-1.370520458822586,1.6798761526690882,-1.8334585628905238,-1.5296157042132776,-0.21469670930971319,0.0,0.00013144196418579668,-0.0001922078663483262,-0.00019702830468304455,0.0,0.0,1788855723.1818097
4204.666,-0.22695810232984867,-0.5230991126259289,0.35536795210068634,0.6687678549498046,3.0156605589354637,0.04076932079299096,1,1,0.9215282797813416,-1.370523915891983,1.679772679005758,-1.8335095844664515,-1.5296123663531702,-0.21473914781679326,0.0,4.240882844896987e-05,-0.00023814410087652504,-0.00028600834775716066,0.0,0.0,1788855723.2818282
4204.766,-0.22700205326126396,-0.5231279485216713,0.3554202369345227,0.6688780242004878,3.0157162906498636,0.04053207291157257,1,1,0.921497106552124,-1.3704880785993119,1.6796324888812464,-1.8335768185057582,-1.5296157042132776,-0.21470481554140264,0.00019697977404575795,6.668029755019234e-07,-0.002272104611620307,-0.0001378074666718021,0.0,0.0,1788855723.381671
4204.866,-0.22700466655956092,-0.5231707032826315,0.3553542313941083,0.6687759047084748,3.015647614117857,0.04075375787116568,1,1,0.9215365648269653,-1.3703203809312363,1.679560963307516,-1.833506246606344,-1.5295971075641077,-0.21472388902773076,6.258596113184467e-05,0.0015769326128065586,-0.0001842819037847221,-3.871658554999158e-05,0.0,0.0,1788855723.4817524
4204.965999999999,-0.22701332222570367,-0.5231983972958286,0.35533348549187144,0.6687700002961453,3.0156447154288846,0.040800611366346835,1,1,0.9215558171272278,-1.370233343248703,1.679502312337057,-1.833506246606344,-1.5296056906329554,-0.21470815340151006,-2.3814370275570228e-14,0.00030893960501998663,-0.00047104497207328677,-1.5411834135281577e-12,0.0,0.0,1788855723.581727
4205.066,-0.22710075361475127,-0.5232928958418603,0.3549226391952422,0.6686853619279741,3.0153384041010187,0.04188901625610218,1,1,0.9215365648269653,-1.3695256274989625,1.6795361677752894,-1.833477636376852,-1.5296276251422327,-0.21475106874574834,0.0,0.0021815120708197355,-0.00012093236728105694,-0.0,0.0,0.0,1788855723.6817923
4205.166,-0.22713065303760238,-0.5233027496799197,0.3549108429529145,0.6687439000599419,3.0153145106485835,0.04194172914335954,1,1,0.921505331993103,-1.369462327366211,1.6794808546649378,-1.8334499798216761,-1.5296333471881312,-0.21474248567690069,0.0,0.001084078918211162,-0.0003898338763974607,6.30498252576217e-05,0.0,0.0,1788855723.7816637
4205.266,-0.22736311201486972,-0.5236181271910493,0.35377088647348576,0.6685966027480357,3.014432754846472,0.044872171615257625,1,1,0.9215174317359924,-1.3674021524241944,1.6794679800616663,-1.8334108791747035,-1.5296552816974085,-0.21473580995668584,0.0,0.04114985838532448,-0.0005476529477164149,9.74717695498839e-05,0.0,0.0,1788855723.881736
4205.366,-0.22801876193164655,-0.5245386544644991,0.35118499508293244,0.6681697961810364,3.0124670321707443,0.05120476905084353,1,1,0.9215713143348694,-1.3621932876161118,1.678817097340719,-1.8334256611266078,-1.5296366850482386,-0.21475440660585576,0.0,0.06032431870698929,-0.018991928547620773,7.628130765935381e-12,0.0,0.0,1788855723.9817421
4205.465999999999,-0.22930524543378508,-0.5261730674068733,0.3501227331453142,0.6682220605597348,3.011917735865257,0.05290588842933109,1,1,0.9215017557144165,-1.3565556716969986,1.6743667761432093,-1.8333984814085902,-1.529640022908346,-0.21472722688783819,0.0,0.030498679727315903,-0.07585841417312622,1.2326584510446992e-05,0.0,0.0,1788855724.0816402
4205.566,-0.23083792849769913,-0.5282373163015479,0.3534092916376095,0.6686218849731772,3.015208034735602,0.0425540642324198,1,1,0.9215522408485413,-1.3544051063111802,1.6647709051715296,-1.833386560479635,-1.5296552816974085,-0.21473914781679326,0.0,0.024787837639451027,-0.1293858289718628,0.00012561058974824846,0.0,0.0,1788855724.181692
4205.666,-0.23279419740475374,-0.5308054507463018,0.35941054109906406,0.6695245976025136,3.0207522102028777,0.024508582036760398,1,1,0.9215413928031921,-1.3535317045501252,1.6509559790240687,-1.8333474598326625,-1.5296486059771937,-0.21470815340151006,9.252790557129267e-15,0.0001079283538274467,-0.12404502183198929,0.0001465253153583035,7.769152290083443e-17,0.0,1788855724.2816904
4205.766,-0.23433528662820777,-0.5328532228869158,0.3650522559453925,0.6702853277500008,3.0258336430712878,0.007675064035164709,1,1,0.921560525894165,-1.3535625350526352,1.6390827337848108,-1.8334418735899867,-1.5296486059771937,-0.21468955675234014,9.868029155768454e-05,0.0,-0.11947858333587646,-0.00012964785855729133,0.0,0.0,1788855724.3816545
4205.866,-0.23580702915914045,-0.5348213394972555,0.37058291856820075,0.670878640653189,3.0307189916283708,-0.00864751260447166,1,1,0.9215964078903198,-1.353519619708397,1.627390209828512,-1.8334018192686976,-1.5296757856952112,-0.21473914781679326,0.0003059776790905744,0.00011215289850952104,-0.10097229480743408,-4.2497536924201995e-05,0.0,0.0,1788855724.4815757
4205.965999999999,-0.23638809362222551,-0.5356069444129463,0.3727506153718729,0.671116835712324,3.032576893415261,-0.015036077331321809,1,1,0.921615481376648,-1.3534206759980698,1.6227191130267542,-1.8333541355528773,-1.5296638647662562,-0.21474248567690069,9.265582775697112e-05,0.0030824101995676756,0.001003179349936545,-7.23676729652567e-10,0.0,0.0,1788855724.5816298
4206.066,-0.23649364837823075,-0.5359839628502708,0.3716803414004165,0.6706783693296259,3.03187752893511,-0.012422822154098045,1,1,0.9218634963035583,-1.3515367221883317,1.6227191130267542,-1.833386560479635,-1.5296486059771937,-0.21470481554140264,0.0034515971783548594,0.014926138333976269,4.8944766604108736e-05,3.2868902053451166e-05,0.0,0.0,1788855724.6816282
4206.166,-0.23644684123574156,-0.5360117676991489,0.3716861028336598,0.6704938263743218,3.031902142083655,-0.012529030358022004,1,1,0.9219508767127991,-1.3515367072871705,1.6227191130267542,-1.8334433041014613,-1.5296056906329554,-0.21473580995668584,0.00029647391056641936,-0.0017939561512321234,-3.116457082796842e-05,1.1804856638483354e-37,-3.1827879738945055e-16,0.0,1788855724.781604
4206.266,-0.23630916311544947,-0.535813581917618,0.372433635052268,0.6706128750259628,3.0325325817455577,-0.01470192518464597,1,1,0.9219353795051575,-1.3528153908303757,1.6227381865130823,-1.8337251148619593,-1.5296123663531702,-0.21473580995668584,9.69206084846519e-05,-0.024620188400149345,-2.0692725229309872e-05,-0.000748736783862114,-0.0,0.0,1788855724.881502
4206.366,-0.23578016743868402,-0.535113997571439,0.3748164341232343,0.6709038589523433,3.034220959308975,-0.02063459702324443,1,1,0.9219353795051575,-1.356990100150444,1.6227276960956019,-1.833733697930807,-1.5296037832843226,-0.2147148291217249,0.0,-0.0654640644788742,0.00012780890392605215,-0.00012231474102009088,-0.0,0.0,1788855724.9815657
4206.465999999999,-0.23471686683148352,-0.5337003423956025,0.3793461284729648,0.6713353154628444,3.037409375423597,-0.031780034682714266,1,1,0.9219317436218262,-1.3650863033584137,1.6228521505938929,-1.8336378536620082,-1.5296123663531702,-0.21475440660585576,6.033452518749982e-05,-0.09468671679496765,0.002427090425044298,5.5349442845908925e-05,-0.0,0.0,1788855725.0814984
4206.566,-0.23393659451032656,-0.5327526510932392,0.38225182367770044,0.6715442086219986,3.0394408920904157,-0.038846719885881155,1,1,0.9220274686813354,-1.3704110842994233,1.6230571905719202,-1.8335143528380335,-1.5296366850482386,-0.21472388902773076,0.000276644597761333,-0.007505607325583696,0.00012391999189276248,0.00017457385547459126,-0.0,0.0,1788855725.1815364
4206.666,-0.2339043595086727,-0.5327093708736066,0.38148948413052003,0.6713989965618087,3.0387916195625677,-0.03639538385165715,1,1,0.922031044960022,-1.3697973054698487,1.6238563696490687,-1.8332101307311,-1.5296638647662562,-0.21475440660585576,4.5456643420038745e-05,0.0006216759793460369,0.013499706983566284,0.00041262703598476946,-0.0,0.0,1788855725.2814353
4206.766,-0.23386664315200856,-0.5326557163669726,0.38132654881139666,0.6714761813362526,3.038622002478669,-0.035860331510349695,1,1,0.9220274686813354,-1.3697888118079682,1.6241753737079065,-1.8331624470152796,-1.5296672026263636,-0.21469337144960576,2.0562921363885235e-26,-8.573567174607888e-05,0.00023058647639118135,0.00025499623734503984,-0.0,0.0,1788855725.3815327
4206.866,-0.23378456609291431,-0.532603722145369,0.38111998222337845,0.6713014202626217,3.038362960813296,-0.03479444919841822,1,1,0.9220898151397705,-1.3697305631688614,1.6244500319110315,-1.8327490291991175,-1.5296791235553187,-0.21472055116762334,0.0,0.0003106086514890194,0.00824569258838892,0.013101070187985897,0.0,0.0,1788855725.4814558
4206.965999999999,-0.23317660680082858,-0.5318614239353917,0.37941995686329,0.6707395333002922,3.035051551534076,-0.023209981459451537,1,1,0.9221519827842712,-1.3695153307965775,1.6265013853656214,-1.8268190822997035,-1.5296538511859339,-0.2147305647479456,0.0019220163812860847,0.000628333305940032,0.03081163577735424,0.12229479104280472,-6.369489710777998e-05,0.0,1788855725.5815098
4207.066,-0.2315197494556604,-0.5298174375857929,0.37571474425454016,0.6693112699369698,3.0262227776096533,0.0072050054290572,1,1,0.9223195910453796,-1.3695494693568726,1.6307027975665491,-1.809432169000143,-1.5296910444842737,-0.21471149126161748,0.0010525071993470192,1.872719427448155e-12,0.04773827642202377,0.20430311560630798,-0.0,0.0,1788855725.6814332
4207.166,-0.22986715333285956,-0.5276469592611843,0.37221352107125394,0.6678973807811334,3.0163935013890284,0.03954226250941898,1,1,0.9223423004150391,-1.3695613753846665,1.634087864552633,-1.7897383175291957,-1.5297029654132288,-0.21472388902773076,0.00013975737965665758,-2.4622021287553945e-20,0.010537338443100452,0.18467417359352112,-0.0,0.0,1788855725.781458
4207.266,-0.22932876247368406,-0.526935036836543,0.3713378116495543,0.6673434909794369,3.012538935641895,0.05174945900201057,1,1,0.9223387241363525,-1.3694826823524018,1.6341117064105433,-1.7810775242247523,-1.5296691099749964,-0.21473914781679326,3.35208061094418e-17,0.0017550064949318767,-0.0002008722658501938,0.00030068052001297474,-0.0,0.0,1788855725.881361
4207.366,-0.22955578669669494,-0.5272493481085403,0.37025621721311536,0.6671762039503155,3.011704122610851,0.054536424228282816,1,1,0.9223577976226807,-1.3675663781217118,1.6341231505023401,-1.7810207806029261,-1.529696289693014,-0.2147429625140589,0.0,0.053410936146974564,-4.73949548904784e-05,0.00021984461636748165,-0.0,0.0,1788855725.981395
4207.465999999999,-0.2307687722072034,-0.5288566094781895,0.3647628773309161,0.6665739201861427,3.0073295657095755,0.06821341527163179,1,1,0.9223506450653076,-1.3577418190291901,1.6341002623187464,-1.780989786187643,-1.529665772114889,-0.21468955675234014,0.0,0.14729908108711243,3.2707438406500405e-37,0.00014403139357455075,-0.0,0.0,1788855726.0812666
4207.566,-0.23286259338841997,-0.5316268294310826,0.35501632234121167,0.6652940898504738,2.9996560652732684,0.09199042806287075,1,1,0.9223423004150391,-1.3403237772038956,1.6340239683734339,-1.7811957798399867,-1.5296638647662562,-0.21472722688783819,0.0,0.16855859756469727,-0.0006293518817983568,-0.0007750885561108589,-2.7298897802116757e-15,0.0,1788855726.1813922
4207.666,-0.2342451536725524,-0.5334337799808087,0.34844912838062697,0.664495719393673,2.9943673531066874,0.10785299208754942,1,1,0.9223077297210693,-1.3285609644702454,1.6338618437396448,-1.7813054523863734,-1.5296333471881312,-0.21472388902773076,0.0,0.06286988407373428,-0.002093380084261298,-0.0007961908122524619,-0.0,0.0,1788855726.2813187
4207.766,-0.2347611867555799,-0.5341632777438086,0.3474175986264082,0.6642840616782697,2.9937347418230047,0.10994684618775781,1,1,0.9223626852035522,-1.3255338233760376,1.6323979536639612,-1.7813712559142054,-1.5296672026263636,-0.21473580995668584,0.0002740337804425508,0.010555604472756386,-0.028424948453903198,-0.0003436561964917928,-0.0,0.0,1788855726.3813868
4207.866,-0.23525874423655174,-0.5351468784868955,0.3490629233206962,0.6640350126969154,2.995576452669009,0.10484558378821116,1,1,0.9227088689804077,-1.3248293858817597,1.6279967466937464,-1.7813874683775843,-1.5296638647662562,-0.21473580995668584,0.0018862258875742555,0.008334934711456299,-0.06580658257007599,-0.00010147290595341474,-0.0,0.0,1788855726.4813254
4207.965999999999,-0.23687637337753564,-0.5373157922034864,0.35224546380469335,0.6645066584401852,2.998956801436321,0.0946606290646027,1,1,0.9227373600006104,-1.3222806018641968,1.6180337111102503,-1.7813412151732386,-1.5296419302569788,-0.21473914781679326,0.00018185116641689092,0.04552586376667023,-0.1185368075966835,-5.679322546062051e-41,-0.0,0.0,1788855726.5812674
4208.066,-0.2393293681308355,-0.5405597684737073,0.3546147671904554,0.664990822902244,3.0019456983757022,0.08577203245831386,1,1,0.9227445125579834,-1.3158920270255585,1.6051047484027308,-1.7812568149962367,-1.5296910444842737,-0.21470815340151006,2.1224383513214108e-24,0.09343115240335464,-0.14784599840641022,-1.1754723765458105e-19,-0.0,0.0,1788855726.6812127
4208.166,-0.24280068146441489,-0.5451382209124292,0.35495410827472523,0.6652097304506455,3.003571703752263,0.08086776509962634,1,1,0.9227254390716553,-1.3038061124137421,1.5894506613360804,-1.781236310998434,-1.5296843687640589,-0.21472722688783819,0.0,0.13718649744987488,-0.15028929710388184,0.0001578975497977808,-0.0,0.0,1788855726.7813334
4208.266,-0.24611135985873678,-0.5495129242359252,0.35352167806229845,0.6652141590415431,3.003683571984961,0.08059655696444587,1,1,0.9227135181427002,-1.2905185979655762,1.5759509245501917,-1.781229158441061,-1.5296757856952112,-0.21472388902773076,0.0,0.11827468872070312,-0.1255044788122177,9.430520947484311e-11,-0.0,0.0,1788855726.8812165
4208.366,-0.24909536003915164,-0.5534301571096418,0.3532244375022677,0.6653976550510098,3.0046516969823704,0.07760103428050161,1,1,0.9226751923561096,-1.2796110969832917,1.5628822485553187,-1.781229158441061,-1.5296571890460413,-0.21472055116762334,0.0,0.09558537602424622,-0.12766803801059723,7.680109663693744e-25,-0.0,0.0,1788855726.9812393
4208.465999999999,-0.2514116643397622,-0.556541717296271,0.35370697898519565,0.6654903362294726,3.0060957389458554,0.07331173263989439,1,1,0.9227218627929688,-1.2717121702483674,1.5518673102008265,-1.781217714349264,-1.5296672026263636,-0.2147429625140589,0.0,0.06501062214374542,-0.09344308823347092,0.0,-0.0,0.0,1788855727.081274
4208.566,-0.25310375079011715,-0.558805726134621,0.3539126277726014,0.6656099747012095,3.007034413979942,0.07047589577066103,1,1,0.9227458238601685,-1.2658190888217469,1.5439532438861292,-1.7812487087645472,-1.5296724478351038,-0.21472388902773076,3.302973425840859e-15,0.05533881112933159,-0.07416074723005295,0.0,-0.0,0.0,1788855727.1812248
4208.666,-0.25479803918771454,-0.5610787924800157,0.3538676880526742,0.6657050240473645,3.0077327944500154,0.0683346499610589,1,1,0.9227734208106995,-1.2596470874599,1.5361679236041468,-1.7811814747252406,-1.529665772114889,-0.21469289461244756,0.00013488918193615973,0.06192188337445259,-0.06743191927671432,0.0002683422644622624,-0.0,0.0,1788855727.2812166
4208.766,-0.2558291319532187,-0.5623661148665198,0.3532860777560508,0.6657273476223428,3.0079013886045267,0.0688244064283294,1,1,0.9227422475814819,-1.255512849693634,1.5320809523211878,-1.7810169659056605,-1.5299552122699183,-0.21472055116762334,4.9999151087831706e-05,0.017762871459126472,-0.011354967951774597,0.0008811639854684472,-0.002598726423457265,0.0,1788855727.381248
4208.866,-0.25582893089504544,-0.5623953413587995,0.35324759824895885,0.66566616115104,3.0078852312220485,0.06902774108038301,1,1,0.922776997089386,-1.2554015976241608,1.5320003668414515,-1.7809177837767542,-1.5299871603595179,-0.21472388902773076,0.0,2.9541171898017637e-05,-6.107212539063767e-05,0.00044175953371450305,-0.00026087090373039246,0.0,1788855727.4811392
4208.965999999999,-0.25585673231306816,-0.562355081012595,0.35324757575371024,0.6658201336522671,3.0078107500375606,0.06910264338287614,1,1,0.9226980209350586,-1.2554494005492707,1.5320499579059046,-1.7808581791319789,-1.5299752394305628,-0.21469670930971319,-0.000369799614418298,-0.0002543221053201705,0.00023840946960262954,0.0007824890199117362,-9.27840155782178e-05,0.0,1788855727.5811143
4209.066,-0.2558678616555638,-0.562328067384276,0.35319772645495096,0.6658553891156938,3.007717437333114,0.06932503889165408,1,1,0.9226548671722412,-1.2554341119578858,1.5321205298053187,-1.7807780704894007,-1.5299666563617151,-0.21470815340151006,-0.0001231811475008726,-0.0001010763953672722,0.00020890429732389748,0.0005121263675391674,-0.0,0.0,1788855727.681092
4209.166,-0.2558079831656812,-0.562347736493419,0.35320622596525586,0.6656600047836686,3.007761974309123,0.06933528140733952,1,1,0.9227541089057922,-1.255454735164978,1.5321248213397425,-1.780757566491598,-1.529968563710348,-0.21473914781679326,0.0027913686353713274,-0.00041513057658448815,0.0001114343322115019,0.00022070991690270603,-0.0,0.0,1788855727.7811213
4209.266,-0.25435454240358896,-0.5626710190609316,0.35366001597639596,0.662380742230125,3.008836185457413,0.06854293825117408,1,1,0.9250039458274841,-1.2565728288939972,1.5325916449176233,-1.7807542286314906,-1.52997333208193,-0.21470815340151006,0.025329304859042168,-0.030365420505404472,0.015787487849593163,0.00037777083343826234,-0.00014170688518788666,0.0,1788855727.881068
4209.366,-0.2520660944784034,-0.5615777317896283,0.3581257251520846,0.6599217102900532,3.01266092439319,0.05865551212685451,1,1,0.9269590973854065,-1.2651961308768769,1.5341365973102015,-1.7808290920653285,-1.5299666563617151,-0.21472388902773076,0.0015216906322166324,-0.1630074381828308,0.01921674981713295,1.713232089354109e-20,2.6541587430983782e-05,0.0,1788855727.9811175
4209.465999999999,-0.24866706634282146,-0.557747320996526,0.37212001834650055,0.6603339921264282,3.022944670029493,0.026148037189531407,1,1,0.9276894330978394,-1.2891854804805298,1.534881893788473,-1.7808410129942835,-1.529994312916891,-0.2147582213031214,0.0016081820940598845,-0.3005952835083008,0.0017989546759054065,-0.0001968040451174602,1.007782802768439e-37,0.0,1788855728.0811915
4209.566,-0.24416274462329163,-0.5526002378194087,0.39022156335355274,0.6609547006632247,3.0358342319913945,-0.016770072031656175,1,1,0.9285994172096252,-1.319783554678299,1.5348995367633265,-1.780729433099264,-1.530011002217428,-0.21470815340151006,0.019979353994131088,-0.2926471531391144,0.0002521084970794618,0.0006881947047077119,0.0,0.0,1788855728.1811044
4209.666,-0.238928595073362,-0.5483648657450384,0.40540005166640547,0.6580755257645768,3.0469738465296414,-0.053342091889910626,1,1,0.9314692616462708,-1.3457812380841752,1.5349801222430628,-1.7806135616698207,-1.530043903981344,-0.21472388902773076,0.03313309699296951,-0.22333447635173798,0.0014732577838003635,0.0022926409728825092,-0.0014163651503622532,0.0,1788855728.281093
4209.766,-0.2334085832633732,-0.5454863012539296,0.416175319423485,0.6518457783049066,3.055399244183538,-0.07946033779723828,1,1,0.9361887574195862,-1.3651249420693894,1.5358713308917444,-1.780490060845846,-1.5300677458392542,-0.2147310415851038,0.05882883444428444,-0.17834487557411194,0.03198528662323952,0.001486201654188335,-0.00013534171739593148,0.0,1788855728.381073
4209.866,-0.22554467418497998,-0.5427955609648347,0.4224284098861062,0.6396139911983132,3.0614201020512133,-0.09335063145970496,1,1,0.9444971084594727,-1.3825102311423798,1.543476406727926,-1.7804419002928675,-1.5300710836993616,-0.21472388902773076,0.10485769808292389,-0.1534244865179062,0.10166891664266586,0.0012176710879430175,-5.391789445474693e-12,0.0,1788855728.481034
4209.965999999999,-0.2154809808670155,-0.5410742519178993,0.4239333349670691,0.6202311712541365,3.065325663499809,-0.09459557092570903,1,1,0.9571402072906494,-1.3961003583720704,1.5561402479754847,-1.7804542980589808,-1.5300524870501917,-0.2147310415851038,0.13130898773670197,-0.12146532535552979,0.16812774538993835,0.0003252137394156307,-0.0,0.0,1788855728.580955
4210.066,-0.204421819162534,-0.5375814265103039,0.4200646883454839,0.6004909054186002,3.0652160017581997,-0.08017081340091387,1,1,0.9697494506835938,-1.410141484146454,1.5800898710833948,-1.7804542980589808,-1.530043903981344,-0.21470815340151006,0.12311176210641861,-0.13603155314922333,0.2842739224433899,6.205854879226536e-05,-0.0,0.0,1788855728.6809947
4210.166,-0.1943939297597675,-0.5324427445656885,0.41167659767483544,0.5847507461775965,3.061006346402242,-0.052940051824516464,1,1,0.9795159101486206,-1.4230205130628129,1.6118653456317347,-1.7805420360960902,-1.5300233999835413,-0.21471149126161748,0.060028593987226486,-0.1242855116724968,0.3399752676486969,-1.076655462384224e-05,-7.202347884347065e-38,0.0,1788855728.7809367
4210.266,-0.1882386436618828,-0.5252386611544777,0.40210295799404583,0.5807616924903208,3.0535733833874135,-0.022433992711967138,1,1,0.9815449118614197,-1.4357858014157792,1.6459415594684046,-1.7806135616698207,-1.5300076643573206,-0.21472722688783819,6.502842343557334e-24,-0.11997060477733612,0.31303536891937256,-6.429383211070672e-05,-0.0,0.0,1788855728.8810055
4210.366,-0.18398864243719615,-0.5188330453575509,0.39581829892008136,0.5802234378338615,3.0479762596633084,-0.00197397240731827,1,1,0.9814969897270203,-1.4477106866291543,1.672267262135641,-1.7806774578490199,-1.529980484639303,-0.2147310415851038,-0.00018259843636769801,-0.12341862171888351,0.1950676441192627,-0.0001534387847641483,-0.0,0.0,1788855728.9810197
4210.465999999999,-0.18104402143851117,-0.514472692158942,0.3975223008020002,0.5803100443156155,3.048806353112135,-0.005057003127489296,1,1,0.9815568327903748,-1.4611116734198113,1.683512036000387,-1.7806774578490199,-1.529999081288473,-0.21469670930971319,8.048292511375621e-05,-0.14573755860328674,0.048970554023981094,-5.672590486938134e-05,-0.0,0.0,1788855729.0810096
4210.566,-0.17922207646877877,-0.5117469783711561,0.4035832913515293,0.5808088563953714,3.0531437862857804,-0.02120744896804965,1,1,0.9815711975097656,-1.473829300408699,1.684807602559225,-1.780546327630514,-1.5300167242633265,-0.21469670930971319,1.2855628020447263e-12,-0.09333360195159912,0.003594310488551855,0.0002216319990111515,3.082774785684281e-37,0.0,1788855729.1809676
4210.666,-0.17843686523449698,-0.5105326735359224,0.4058730017042344,0.5809899964399353,3.0547587176771525,-0.027377430911031102,1,1,0.9815319180488586,-1.4790973153761406,1.6857860724078577,-1.780553480187887,-1.5300076643573206,-0.2147429625140589,0.0,-0.021768314763903618,0.026680251583456993,0.00011785942479036748,0.0,0.0,1788855729.2809758
4210.766,-0.1777584023912433,-0.5094494341041554,0.4029698343495415,0.5808662963640594,3.0524595884911983,-0.018718394603587613,1,1,0.9814634323120117,-1.479544260804989,1.6922691504107874,-1.780553480187887,-1.5300353209124964,-0.21472722688783819,-0.00024862782447598875,-0.00016308340127579868,0.1093832328915596,2.7300417570716444e-20,0.0,0.0,1788855729.380956
4210.866,-0.17625844003809782,-0.5071025580618029,0.3957013596135073,0.5803780369633676,3.0465609432238487,0.0028053632289895846,1,1,0.9813449382781982,-1.4795012038997193,1.7073057333575647,-1.780553480187887,-1.5300143400775355,-0.21472722688783819,-0.002582240616902709,4.7943609388312325e-05,0.18773318827152252,0.0,0.0,0.0,1788855729.480965
4210.965999999999,-0.174174667096016,-0.5036941823512678,0.3858386215901357,0.579925193748631,3.038214655923103,0.03197746875945348,1,1,0.9810128211975098,-1.4795287412456055,1.7279661337481897,-1.7806412182249964,-1.5299599806415003,-0.21472388902773076,-0.007388915866613388,9.80908925027372e-45,0.19876247644424438,1.401298464324817e-45,0.0,0.0,1788855729.5808325
4211.066,-0.17302265288809957,-0.5012069413527209,0.3792753923916592,0.5805709438292915,3.0322588817694758,0.051463119898797885,1,1,0.9801702499389648,-1.4795478743365784,1.7418068091021937,-1.780661245385641,-1.5299237410174769,-0.21469289461244756,-0.006547026336193085,0.0,0.07891551405191422,-7.796973659424111e-05,0.000120077449537348,0.0,1788855729.680917
4211.166,-0.17335985642882756,-0.5005881686651545,0.37814980940276155,0.5822452107744048,3.030917980217731,0.054753720938497584,1,1,0.9789512157440186,-1.4795442533544083,1.7441838423358362,-1.780677934686178,-1.5299304167376917,-0.21472722688783819,-0.02059713937342167,-3.216995173715986e-05,5.0152637413702905e-05,-8.04287992650643e-05,0.00012593690189532936,0.0,1788855729.7808712
4211.266,-0.17432323751998652,-0.5002433647052409,0.37808307140038006,0.5851697495155355,3.0302419358153796,0.05492175515597795,1,1,0.9770143032073975,-1.4794927400401612,1.7442587057696741,-1.7806254825987757,-1.5299270788775843,-0.21472388902773076,-0.014346188865602016,0.00037877439172007143,0.000792451377492398,-1.6994570898417387e-23,3.83526962926311e-16,0.0,1788855729.8808343
4211.366,-0.174711371358729,-0.50009082498309,0.3779361555099778,0.5863764883933534,3.0298708857169054,0.05543382247605864,1,1,0.9762265086174011,-1.4793693137219925,1.744417969380514,-1.7805382213988246,-1.5299633185016077,-0.21470433870424444,-0.0024877768009901047,0.0017782815266400576,0.004476155620068312,0.0003788692119996995,0.0,0.0,1788855729.9808524
4211.465999999999,-0.17429285489376056,-0.4995163153683769,0.37631119245899336,0.5860923429775148,3.028436465352922,0.060321233829057436,1,1,0.976273238658905,-1.4793297213367005,1.7478049437152308,-1.7804986439146937,-1.5299599806415003,-0.21472722688783819,-5.45548100490123e-05,0.00017639911675360054,0.0694333091378212,0.00014436873607337475,0.0,0.0,1788855730.080876
4211.566,-0.17282303530001367,-0.4973306848581335,0.37048624308469047,0.5854735065631286,3.0232053650639035,0.0777136871092649,1,1,0.9762578010559082,-1.479340487425663,1.7601869742022913,-1.7805177174010218,-1.5299719015704554,-0.21472388902773076,-1.94593539313024e-38,6.159597978694364e-05,0.16902515292167664,1.934753690591151e-08,0.0,0.0,1788855730.1807559
4211.666,-0.17056523498935772,-0.49398404570474297,0.36191024033314917,0.5845490128458053,3.0152362345871686,0.10333522200262305,1,1,0.9762352108955383,-1.4793597918799897,1.7785566488849085,-1.7805777988829554,-1.5299394766436976,-0.21469670930971319,0.0,4.6473287511616945e-05,0.19876036047935486,4.27311521651029e-31,0.0,0.0,1788855730.2808404
4211.766,-0.16843230567732081,-0.49081955159514784,0.35415466269239193,0.5836082708225997,3.007773213272498,0.1265283660614578,1,1,0.9762015342712402,-1.4793813687613984,1.7953203360186976,-1.7806650600829066,-1.5298674742328089,-0.21472388902773076,-0.0006466533523052931,-0.00040670993621461093,0.10640063136816025,-0.00016771907394286245,0.0005726846866309643,0.0,1788855730.380814
4211.866,-0.16840319397161918,-0.4899055228623702,0.352402071596202,0.5848591186123141,3.005632100639512,0.1316725357738374,1,1,0.9752008318901062,-1.4794365179589768,1.7991817633258265,-1.7806774578490199,-1.5297511259662073,-0.21473437944521123,-0.02147694304585457,-0.00015742730465717614,2.461016901722228e-19,-9.134653373621404e-05,0.0004583957197610289,0.0,1788855730.4807396
4211.965999999999,-0.16988146023082412,-0.48938954861861783,0.35234582886812604,0.5893867818727807,3.0045560897690136,0.13170986213770464,1,1,0.9721767902374268,-1.4793765482357522,1.7992294470416468,-1.7806292972960414,-1.5297563711749476,-0.21472388902773076,-0.04168158397078514,0.0002232347324024886,-0.0,-1.3439447684504557e-05,0.0001019650007947348,0.0,1788855730.580776
4212.066,-0.17194492758709123,-0.4886708834981818,0.35224359101087677,0.5956465808149629,3.00304895545718,0.13184990313268494,1,1,0.9679660797119141,-1.4792410892299195,1.7992895285235804,-1.780553480187887,-1.5297868887530726,-0.21473580995668584,-0.04331580176949501,0.0004476347239688039,0.0003840901772491634,0.00014425045810639858,3.617383002500379e-26,0.0,1788855730.6806805
4212.166,-0.17409149892241652,-0.48795953092113326,0.35208232869067774,0.6021079830075129,3.0014413824736215,0.13208251000760035,1,1,0.9636306762695312,-1.4789425891688843,1.799310032521383,-1.7805258236327113,-1.5298107306109827,-0.2147310415851038,-0.037029191851615906,0.004192289896309376,0.00018753993208520114,9.42818442126736e-05,0.0,0.0,1788855730.780651
4212.266,-0.17521145909068933,-0.48756784708643675,0.35198696382884276,0.6055178955399133,3.0005543589234174,0.13223674012507333,1,1,0.9613437652587891,-1.4788096708110352,1.7993682066546839,-1.7805019817748011,-1.5298040548907679,-0.21472388902773076,-0.009142627008259296,0.0006099792080931365,0.00027685525128617883,8.036478538997471e-05,0.0,0.0,1788855730.8806603
4212.366,-0.17531822493983956,-0.4875343282895811,0.35192993387089355,0.6058061205220073,3.000400471193405,0.13237428662480083,1,1,0.9611241817474365,-1.4787341964295884,1.7994087378131312,-1.7804938755431117,-1.5297735373126429,-0.2147429625140589,-0.0006134852883405983,0.0019584260880947113,0.0005721255438402295,6.163430953165516e-05,0.0,0.0,1788855730.9806948
4212.465999999999,-0.17540191993220186,-0.48765112895491747,0.35152026482709464,0.6058225988815604,3.0000099083490306,0.13353889103105554,1,1,0.9611206650733948,-1.4779383850148697,1.7994301954852503,-1.7804748020567835,-1.5297768751727503,-0.2147000471698206,-0.00010819294402608648,0.01670820824801922,0.000248266092967242,8.757581963436678e-05,0.0,0.0,1788855731.0806658
4212.566,-0.17564430070471093,-0.4880255969376986,0.3502607357865413,0.6055558189172109,2.9988769853544395,0.13698916639947703,1,1,0.9611467719078064,-1.4754804533771058,1.799499813710348,-1.7805057964720667,-1.5297616163836878,-0.2147429625140589,-9.329817771686066e-07,0.033411066979169846,0.0005055579240433872,5.511971903615631e-05,0.0,0.0,1788855731.1806817
4212.666,-0.1760862877280548,-0.4886093300913705,0.3481554365722184,0.6053800915819977,2.9969218774564523,0.1427840230795406,1,1,0.9610846042633057,-1.4714178007892151,1.7996562162982386,-1.7805329761900843,-1.5297496954547327,-0.21473914781679326,-0.00017820134235080332,0.04090530052781105,0.004367022309452295,0.0,0.0,0.0,1788855731.2806046
4212.766,-0.1761120678881752,-0.48863804656250237,0.3459491734642899,0.6051172761810567,2.9948403134659007,0.14906798152232079,1,1,0.9610762596130371,-1.4687596944025536,1.801567856465475,-1.7805692158141078,-1.52977162996401,-0.21472722688783819,-0.0001296318951062858,0.013936867006123066,0.03443198278546333,5.217861766333034e-23,0.0,0.0,1788855731.380642
4212.866,-0.17518733575452816,-0.48734002759883843,0.34260704746784604,0.6046196035493425,2.991438438107104,0.15905139925285716,1,1,0.9610965251922607,-1.4683714520982285,1.808462921773092,-1.7806054554381312,-1.5297444502459925,-0.21472388902773076,-4.857316525885835e-05,0.0002153551613446325,0.11358801275491714,-8.386331319343299e-05,0.0,0.0,1788855731.480639
4212.965999999999,-0.17255807601238968,-0.48361019996269206,0.33418110820096314,0.6033895381050111,2.9826531466466033,0.18453923536770378,1,1,0.961127758026123,-1.4682994347861786,1.8269570509540003,-1.7806412182249964,-1.5297530333148401,-0.21469289461244756,1.0651158038002816e-20,0.0002493082720320672,0.23620516061782837,-9.688063437351957e-05,0.0,0.0,1788855731.5806408
4213.066,-0.16908694415867775,-0.47865871829075995,0.323601653871654,0.6017752980922277,2.9713747624481406,0.21603275108785663,1,1,0.961122989654541,-1.4683679205230256,1.850738827382223,-1.7812878094115199,-1.529696289693014,-0.21470815340151006,0.0,-0.00028298707911744714,0.21396926045417786,-0.00806171540170908,0.000498367240652442,0.0,1788855731.680595
4213.166,-0.16673406200509205,-0.47510858408523443,0.3164345085205667,0.6008970678489224,2.9632706820088797,0.23800396485239236,1,1,0.9609036445617676,-1.46834750593219,1.8668816725360315,-1.7812878094115199,-1.5297234694110315,-0.21473914781679326,-0.003376069711521268,5.716190571547486e-05,0.11382259428501129,-9.489017247688025e-05,9.220196807291359e-05,0.0,1788855731.7806015
4213.266,-0.16540401633345986,-0.4730901331020678,0.3123710224525387,0.6004416930052844,2.9585220873275486,0.25055412175694386,1,1,0.9607599377632141,-1.4681796592525025,1.8759210745440882,-1.7812196216978968,-1.5297201315509241,-0.2147310415851038,-0.0004254489322192967,0.0037795347161591053,0.07847919315099716,3.251364688594549e-08,2.773355451803548e-26,0.0,1788855731.8806207
4213.366,-0.16482326931247748,-0.4722329663778471,0.3087451881365431,0.5998929029839746,2.95441728504653,0.26147261562919055,1,1,0.9607274532318115,-1.4654172372869034,1.8811500708209437,-1.7811442814269007,-1.5297444502459925,-0.21472722688783819,-0.0012263974640518427,0.05498054251074791,0.014704925939440727,0.00016677091480232775,0.0,0.0,1788855731.9805412
4213.465999999999,-0.1655112970322127,-0.4730337967790274,0.305183149171134,0.5997162686636629,2.9504985202274536,0.27143817266340053,1,1,0.9604973793029785,-1.4581272539547463,1.8812578360186976,-1.7811318836607875,-1.5297167936908167,-0.21468955675234014,-0.0028951980639249086,0.0955292284488678,7.987931894604117e-05,9.652175504015759e-05,0.0,0.0,1788855732.080538
4213.566,-0.16662756922623229,-0.474412797492519,0.2992002469534604,0.5990240503753225,2.9440441782073115,0.28805906426015965,1,1,0.9602372646331787,-1.445734204058983,1.8812421003924769,-1.7811557255186976,-1.529754940663473,-0.2147615591632288,-0.002500192727893591,0.14451245963573456,1.1187608456829368e-13,3.702500474533038e-34,0.0,0.0,1788855732.180609
4213.666,-0.16792529291760788,-0.4762208818974958,0.2910227477468285,0.5978457791698257,2.935098281062002,0.3106224925263376,1,1,0.9601604342460632,-1.4289168429425736,1.8812735716449183,-1.7811485729613246,-1.5297201315509241,-0.21472388902773076,-0.00037864476325921714,0.17133647203445435,-0.0,0.0,0.0,0.0,1788855732.2803974
4213.766,-0.1691481307470728,-0.47790549076294186,0.28298455567045366,0.5966661608373436,2.9262013552298582,0.3325412367047407,1,1,0.9600645899772644,-1.412389339213707,1.88123065630068,-1.7811733684935511,-1.529682461415426,-0.21470433870424444,-0.0019085739040747285,0.1614001840353012,-0.0,0.0,0.0,0.0,1788855732.3803878
4213.866,-0.17023101189571394,-0.47938660285357815,0.27536012145118227,0.5954534306670616,2.917727729711165,0.3531941269479983,1,1,0.9599807262420654,-1.3967954528382798,1.8812134901629847,-1.7812005482115687,-1.5297167936908167,-0.21472388902773076,-0.00026648578932508826,0.1468239426612854,-8.827151032164693e-05,0.0,0.0,0.0,1788855732.4803693
4213.965999999999,-0.17109182930685812,-0.4806458307678225,0.2686927073898674,0.594254470428161,2.9102988634379106,0.3710680433970765,1,1,0.9600095748901367,-1.3831330400756379,1.8811190764056605,-1.781264444390768,-1.5297477881061,-0.21472388902773076,4.174992136540823e-05,0.12259133905172348,-0.0008080846746452153,-0.00011236086720600724,0.0,0.0,1788855732.5803862
4214.066,-0.17174179522165392,-0.48167344320766725,0.2635704578284861,0.5931898370591465,2.9046980342453086,0.38443803659787623,1,1,0.9601197242736816,-1.3724492353251954,1.8808186689959925,-1.7815171680846156,-1.5297682921039026,-0.21473914781679326,0.001493169111199677,0.08311764895915985,-0.005508111324161291,-0.0005479831015691161,0.0,0.0,1788855732.6804895
4214.166,-0.17216389520459494,-0.48231275274790764,0.2610309118453985,0.5927382000702736,2.901908744263209,0.39104669782913754,1,1,0.9601619839668274,-1.3667709839395066,1.880179230366842,-1.7815481624998988,-1.5297921339618128,-0.21470433870424444,0.0005713389255106449,0.03460370749235153,-0.0066972533240914345,-0.0001206655433634296,-0.00014819420175626874,0.0,1788855732.7804234
4214.266,-0.17238740838250902,-0.4826448235698155,0.2605209710533002,0.5926510358539353,2.9014082184008423,0.3922513600839773,1,1,0.960177481174469,-1.365115002994873,1.8794201056109827,-1.7815357647337855,-1.5298007170306605,-0.21469289461244756,0.000128901592688635,0.0034031937830150127,-0.0072565446607768536,-7.308789684579153e-10,-7.838852616259828e-05,0.0,1788855732.8804576
4214.366,-0.1724622686760128,-0.482752871505249,0.26045366976156115,0.5926366089081491,2.9013673621580263,0.3923840334949268,1,1,0.9601809978485107,-1.364732102756836,1.8791182676898401,-1.781522890130514,-1.5298126379596155,-0.21469289461244756,1.8966631614603102e-05,0.015708710998296738,-0.00025690149050205946,-0.0,-5.115952106393706e-10,0.0,1788855732.980381
4214.465999999999,-0.172691860576312,-0.48309655776511473,0.2583401036466909,0.5922172162173772,2.898927224415628,0.39801943537518203,1,1,0.9601929187774658,-1.3604492408088227,1.8790996710406702,-1.7814847431578578,-1.5298007170306605,-0.21470815340151006,7.233810902107507e-05,0.07673061639070511,-0.00017388068954460323,-0.0,-0.0,0.0,1788855733.0804007
4214.566,-0.17329504790987427,-0.483970199394419,0.25292883525769905,0.5911995595610581,2.892705589863463,0.41224779819088936,1,1,0.9601929187774658,-1.3494319778731843,1.878986660634176,-1.7815047703185023,-1.5297816435443323,-0.21473914781679326,0.0,0.1384134590625763,-0.0029901047237217426,-0.0,-0.0,0.0,1788855733.1804292
4214.666,-0.1747777769604606,-0.486134340142716,0.24714682518351133,0.5901514762107711,2.8866593402514837,0.42614772220918673,1,1,0.960244357585907,-1.334568591122963,1.8750107924090784,-1.7817756138243617,-1.5298317114459437,-0.21473914781679326,0.000509341829456389,0.13836729526519775,-0.09405513852834702,-0.007687103468924761,-0.0,0.0,1788855733.280325
4214.766,-0.1784083291997275,-0.49130441320654605,0.24809395623095615,0.5906910308756091,2.8899176749611226,0.41885127049872656,1,1,0.9602206349372864,-1.323493556385376,1.8588112036334437,-1.7822629414000453,-1.5298193136798304,-0.21472055116762334,5.583921719025404e-26,0.0864328145980835,-0.22555768489837646,-0.0004962741513736546,-0.0,0.0,1788855733.380283
4214.866,-0.18339693200848534,-0.49842574502012277,0.2544693115591697,0.592243210783512,2.9000371106162306,0.3958095557321621,1,1,0.9602154493331909,-1.3162700992873688,1.833872143422262,-1.7821828327574671,-1.5298007170306605,-0.2147148291217249,-6.304487093337179e-21,0.06724143028259277,-0.24170233309268951,-4.448791514732875e-05,-0.0,0.0,1788855733.4802442
4214.965999999999,-0.18721391049657105,-0.5038747256991752,0.2579539995597583,0.5931327089555272,2.9061136668407825,0.38187257933240676,1,1,0.9602169990539551,-1.3083235186389466,1.815254036580221,-1.782158990899557,-1.5298317114459437,-0.21472055116762334,0.0,0.08885256946086884,-0.1277722716331482,0.00011378633644198999,-0.0,0.0,1788855733.5802739
4215.066,-0.18861672821752487,-0.5058814977156102,0.2556623398853245,0.5928271075563607,2.9042954135274717,0.3861560815089726,1,1,0.9602134227752686,-1.2998375457576294,1.8100417296039026,-1.7821794948973597,-1.5298283735858362,-0.2147310415851038,7.298041600733995e-05,0.07550987601280212,-0.0009264023974537849,2.046577696809132e-13,-0.0,0.0,1788855733.6802557
4215.166,-0.18903737071535678,-0.5065046786613429,0.2515921597605919,0.592101337913205,2.899937997745342,0.3962822422562474,1,1,0.9602289199829102,-1.2919688683799286,1.8099373022662562,-1.7822276554503382,-1.5298193136798304,-0.2147463003741663,0.00025536527391523123,0.07242868095636368,-0.0022011888213455677,-0.00025840563466772437,-0.0,0.0,1788855733.7801938
4215.266,-0.18963095938278265,-0.5073922633851823,0.24847475204667918,0.5916365280311938,2.8967862892972884,0.4035627393040133,1,1,0.9602649211883545,-1.2849323910525818,1.808547321950094,-1.7823263607420863,-1.5298126379596155,-0.21468955675234014,6.160840712254867e-05,0.07478225976228714,-0.03346589207649231,-0.0005658672889694571,-0.0,0.0,1788855733.880273
4215.366,-0.19101329031408448,-0.509338544501439,0.2476910569157883,0.5916584079459687,2.896743550456519,0.40371878336099354,1,1,0.9602336883544922,-1.2789769035628815,1.8027494589435022,-1.7823792896666468,-1.5298317114459437,-0.21468955675234014,-1.3294852415149383e-12,0.04284265264868736,-0.09282536059617996,-0.0009395723463967443,-0.0,0.0,1788855733.980241
4215.465999999999,-0.19358683114994174,-0.5130170569019937,0.2513808908137869,0.5924752517835927,2.90247897010708,0.39055775125580494,1,1,0.9602360725402832,-1.2758489114097138,1.7895806471454065,-1.7823864422240199,-1.5298283735858362,-0.21472055116762334,0.0,0.019165746867656708,-0.1687985211610794,-0.00016735363169573247,-0.0,0.0,1788855734.080243
4215.566,-0.19690863431018518,-0.5177594954271073,0.2580081888619534,0.5938882459423359,2.9117680331779656,0.3687966935805195,1,1,0.9602324366569519,-1.2744434934905549,1.7715790907489222,-1.7823296986021937,-1.529809300099508,-0.21472055116762334,-2.8564052456658828e-08,0.012154526077210903,-0.174470454454422,8.433149923803285e-05,-0.0,0.0,1788855734.1802115
4215.666,-0.19956918521234804,-0.5216290955161582,0.26325673353539203,0.5948519781506528,2.9191206409174324,0.3515226545382467,1,1,0.9603163599967957,-1.2728369396976014,1.756827179585592,-1.7822982273497523,-1.529860798512594,-0.21472388902773076,0.0009388907346874475,0.02412794530391693,-0.10662192106246948,0.00026375442394055426,-1.1903342096363862e-16,0.0,1788855734.2801135
4215.766,-0.20049132718908647,-0.523030508361737,0.263737473713468,0.5948571739398815,2.9202150255825305,0.34903791259208405,1,1,0.960405170917511,-1.2701422435096283,1.7521527449237269,-1.7822109661498011,-1.5298712889300745,-0.21473580995668584,0.0003585989761631936,0.03123721480369568,0.001117702922783792,0.0009627437102608383,-9.189278353005648e-05,0.0,1788855734.380094
4215.866,-0.20069340339507974,-0.5232864272423047,0.26139599065577795,0.5945713009258842,2.9176462103035496,0.3551635222508491,1,1,0.9603655338287354,-1.2660086315921326,1.75232440630068,-1.7818881473936976,-1.5298641363727015,-0.21470433870424444,-1.0820320312632248e-05,0.05236479267477989,0.0007893297588452697,0.0008685445645824075,-1.4027630927972962e-26,0.0,1788855734.4801385
4215.965999999999,-0.20102364923116012,-0.5237935623507013,0.2580225679488855,0.5939781162857081,2.9142811188429434,0.36332723152814955,1,1,0.960400402545929,-1.2597983044436951,1.7523163000689905,-1.781931539575094,-1.5298832098590296,-0.2147148291217249,0.0,0.06884519755840302,3.154087607981637e-05,8.477667142869905e-05,-0.0,0.0,1788855734.5800884
4216.066,-0.20139574925685175,-0.5243284042047589,0.2542632618012092,0.5933670137932239,2.9104314691195126,0.3723943291795186,1,1,0.960391640663147,-1.2528873544982453,1.7523039023028772,-1.7819434605040492,-1.5298522154437464,-0.21473580995668584,0.0,0.06681730598211288,2.536440082895839e-36,6.096619675018157e-20,-0.0,0.0,1788855734.6800933
4216.166,-0.20173363015865825,-0.5248256274500576,0.2505576861316755,0.5927534900037201,2.906664052728881,0.38133949674331846,1,1,0.9604039192199707,-1.246109054689743,1.7523277441607874,-1.7819673023619593,-1.5298708120929163,-0.21473914781679326,0.0,0.06767750531435013,-0.0,0.0,-0.0,0.0,1788855734.7800903
4216.266,-0.20201740609696653,-0.525232436554659,0.24752153634689528,0.5922870063849018,2.9035308037269956,0.38855510592378384,1,1,0.9603932499885559,-1.2405265730670472,1.7523077170001429,-1.7820221386351527,-1.5298331419574183,-0.21473914781679326,0.0,0.035062190145254135,-0.0,1.1137317034357332e-28,-0.0,0.0,1788855734.8800333
4216.366,-0.20211606699897747,-0.5253415320200155,0.24682596346330798,0.5922649915509614,2.902853132392519,0.3901434686057342,1,1,0.9603620171546936,-1.2391955119422455,1.7522404829608362,-1.7820869884886683,-1.5298522154437464,-0.21471149126161748,0.0,0.00015775459178257734,-0.00027720507932826877,-0.0002384644467383623,-0.0,0.0,1788855734.9800777
4216.465999999999,-0.20209566785452124,-0.5253756626478578,0.24681716032657808,0.5921863594073685,2.9029329250937006,0.3901467598398871,1,1,0.9604361057281494,-1.239135817890503,1.7521875540362757,-1.7821232281126917,-1.5298946539508265,-0.21469289461244756,0.00023989180044736713,0.0006206400576047599,-0.0008749868138693273,-0.0001872873108368367,-0.0,0.0,1788855735.0800574
4216.566,-0.20214966444930665,-0.5254011502991236,0.2466124636959794,0.5922166060069951,2.902687846912147,0.390599655778089,1,1,0.9603775143623352,-1.2387372118285676,1.7521560827838343,-1.7821265659727992,-1.5298727194415491,-0.21470815340151006,0.00010702024155762047,0.004404766019433737,-0.0012693841708824039,-3.558123717084527e-05,-0.00011270835966570303,0.0,1788855735.1801035
4216.666,-0.20223350341740526,-0.5255560781633519,0.24658599384229507,0.5921485108673827,2.9027509604876616,0.390490687022124,1,1,0.9604134559631348,-1.238346980219223,1.7517007032977503,-1.782145162621969,-1.5298693815814417,-0.21472388902773076,1.1261072252424992e-23,0.004063631407916546,-0.01106241438537836,-2.242981645395048e-05,-7.749184442218393e-05,0.0,1788855735.2800565
4216.766,-0.20280141039776706,-0.5263806166827392,0.24696305503981902,0.5922353724417411,2.9035488054568312,0.38871078808919324,1,1,0.9604289531707764,-1.2369512480548401,1.7488964239703577,-1.7821041546263636,-1.5298846403705042,-0.21472722688783819,0.0,0.02809038758277893,-0.046375032514333725,-0.0,-5.274448954852018e-13,0.0,1788855735.379998
4216.866,-0.20442715909312792,-0.5287331802411861,0.24739786412242876,0.5924550383602236,2.905109520688303,0.3850999436187934,1,1,0.9604530930519104,-1.2320010227015992,1.7411735693561,-1.782083650628561,-1.5298693815814417,-0.21470815340151006,0.00023310480173677206,0.07459000498056412,-0.10623612999916077,-0.0,-0.0,0.0,1788855735.480007
4216.965999999999,-0.2072573679822658,-0.5328387139179435,0.24729901906903556,0.5925707237943695,2.9069607963322786,0.3809238214073489,1,1,0.9605080485343933,-1.2220711273005982,1.7279909292804163,-1.7820221386351527,-1.5298693815814417,-0.2147463003741663,0.0006226939149200916,0.11931559443473816,-0.16015489399433136,0.0004804291529580951,-1.2872552576445043e-23,0.0,1788855735.5799687
4217.066,-0.21112646585500433,-0.538321072173364,0.24698847674602276,0.5929843901918559,2.9093355886102388,0.37560190728528803,1,1,0.9604613780975342,-1.2085079711726685,1.7102740446673792,-1.7819673023619593,-1.5299447218524378,-0.21472388902773076,3.902073876815848e-05,0.12752220034599304,-0.17079991102218628,0.00017547338211443275,-0.0032833991572260857,0.0,1788855735.6800036
4217.166,-0.21394510777726822,-0.5423652943140471,0.2472447724673109,0.5931830672626736,2.91104532733087,0.37185210445970773,1,1,0.9604819416999817,-1.1990606051734467,1.6964543501483362,-1.7804919681944789,-1.530013386403219,-0.21472388902773076,1.4999391778877159e-15,0.05918962508440018,-0.11159996688365936,0.0544198676943779,-0.0003447294293437153,0.0,1788855735.7799585
4217.266,-0.2150257438104825,-0.5439288425464416,0.24901778088521637,0.5931763736300045,2.9111657250506773,0.37175277299175974,1,1,0.9605115652084351,-1.1971096259406586,1.6885154883014124,-1.7746144733824671,-1.5300663153277796,-0.21472388902773076,7.150676956955996e-31,0.00015159178292378783,-0.05714656785130501,0.011732511222362518,-0.00013302602746989578,0.0,1788855735.8800006
4217.366,-0.21581842976285873,-0.5451029498704867,0.2509315683678557,0.5935340528565115,2.913718487429618,0.36569180446637817,1,1,0.9605489373207092,-1.1971132022193451,1.683894459401266,-1.77457918743276,-1.530043903981344,-0.21470767656435186,0.003209565533325076,0.0,-0.034509096294641495,0.00012638269981835037,-7.957563118878223e-21,0.0,1788855735.9799857
4217.465999999999,-0.2159139241712617,-0.5456912780088072,0.2517519162773807,0.593076733068361,2.9149517025762646,0.3631565599956408,1,1,0.9609971642494202,-1.1971275371364136,1.6819341818438929,-1.7745515308775843,-1.5300129095660608,-0.21469289461244756,0.0027131810784339905,0.0,-0.0013028812827542424,8.663733564180762e-16,-0.0,0.0,1788855736.0799003
4217.566,-0.21577063259654586,-0.5457546525631615,0.2517083120066081,0.5926268713704859,2.915085390966585,0.36330806648393194,1,1,0.9612765312194824,-1.197052077656128,1.6819379965411585,-1.7745701275267542,-1.5300710836993616,-0.21472055116762334,0.0020339780021458864,0.0013015589211136103,-0.0002483947901055217,0.0,-1.4060222010009772e-33,0.0,1788855736.1799033
4217.666,-0.21571468625423432,-0.5458016145628946,0.2517101377406486,0.5924841182761933,2.9151155021019695,0.36328211229095314,1,1,0.9613988399505615,-1.1970090133002778,1.6818741003619593,-1.7745667896666468,-1.5300419966327112,-0.2147000471698206,0.0003676507330965251,0.00011017476936103776,-0.0010417996672913432,0.0,-6.115897849667817e-05,0.0,1788855736.2798865
4217.766,-0.21565629868335165,-0.5459818829229428,0.2516043343758071,0.592044064142506,2.9152837417506827,0.3635616934269186,1,1,0.9616862535476685,-1.196550415163376,1.681490723286764,-1.774527212182516,-1.530175511037008,-0.21470767656435186,0.0025585582479834557,0.015243004076182842,-0.0022317511029541492,1.2814060118044716e-23,-0.0006469644722528756,0.0,1788855736.3798428
4217.866,-0.21575271798284212,-0.5461403191614479,0.25093805850914264,0.5919282521683285,2.914742136135481,0.36503961314590366,1,1,0.9617152214050293,-1.1952198308757325,1.681268040333883,-1.7745515308775843,-1.5302322546588343,-0.21469289461244756,2.9116287159069998e-09,0.005972043611109257,-0.00022068432008381933,0.0,-0.0002232720289612189,0.0,1788855736.4798768
4217.965999999999,-0.21572056457607325,-0.5461039645134038,0.25094771010118255,0.5918722679219168,2.914710718393325,0.3650298825783317,1,1,0.961718738079071,-1.195327566271164,1.6813939253436487,-1.7745548687376917,-1.5301960150348108,-0.2147277037249964,4.836924927076325e-05,-0.00043836928671225905,0.0005856368807144463,0.0,-7.697122055105865e-05,0.0,1788855736.5798507
4218.066,-0.2157134105978264,-0.5460412744791143,0.25104349655052094,0.5919761170417996,2.914715117033528,0.3647972284609717,1,1,0.9616566300392151,-1.1955928963473816,1.681530777608053,-1.7745667896666468,-1.5301397482501429,-0.2147277037249964,0.0,-0.002862994559109211,0.0007560925441794097,0.0,-2.7495858077442263e-40,0.0,1788855736.6798656
4218.166,-0.21553928654532054,-0.5458432943896704,0.2512782756030145,0.5919853402884637,2.9147890666884257,0.3643663350873521,1,1,0.96169114112854,-1.1964412790587922,1.6821392218219202,-1.7746030292906703,-1.5300372282611292,-0.21470767656435186,-4.910809366265312e-05,-0.017378568649291992,0.010524104349315166,0.0,0.000352666451362893,0.0,1788855736.7798615
4218.266,-0.21493308897704674,-0.5449519114625051,0.2524568189826705,0.5921339194521839,2.91563248265052,0.3619947284193027,1,1,0.9616518616676331,-1.2003258031657715,1.6847041288958948,-1.7750069103636683,-1.5299237410174769,-0.21475011507143194,-2.266019407670683e-07,-0.0589069128036499,0.05113334581255913,-0.011846870183944702,0.0028655065689235926,0.0,1788855736.8798444
4218.366,-0.21247365570433424,-0.5414410745078722,0.2528776504544893,0.5923061270590504,2.9162952891495966,0.36016568587737713,1,1,0.9616602063179016,-1.210006521349289,1.697688404713766,-1.7796532116331996,-1.5298588911639612,-0.2147000471698206,-2.2988881028140895e-05,-0.14429013431072235,0.20910678803920746,-0.11120261996984482,0.0005384285468608141,0.0,1788855736.9798207
4218.465999999999,-0.20797101226930087,-0.5350131121235211,0.25258516455813335,0.5934394706093428,2.925003764386268,0.3390343057938171,1,1,0.9616827368736267,-1.2289079886725922,1.72866136232485,-1.8076359234251917,-1.529839817677633,-0.2147148291217249,-1.7865982954390347e-05,-0.2263563871383667,0.4244448244571686,-0.46843984723091125,0.00013047516404185444,0.0,1788855737.0796714
4218.566,-0.20342173602050675,-0.5284820203944437,0.2510312236870034,0.5968933543254984,2.950751730026995,0.2739799185437278,1,1,0.9616384506225586,-1.2516630452922364,1.775588337575094,-1.880376478234762,-1.5298007170306605,-0.21473914781679326,-0.0001895400055218488,-0.21141661703586578,0.4753584563732147,-0.9538580179214478,0.0001818177115637809,0.0,1788855737.1797836
4218.666,-0.20078245505983605,-0.5247358420984816,0.249799612557943,0.6017091454483011,2.988298690102372,0.1710417012361092,1,1,0.9616312980651855,-1.270144448881485,1.8229840437518519,-1.984887262383932,-1.5298674742328089,-0.2147148291217249,-7.913764420663938e-05,-0.16416525840759277,0.48067507147789,-0.9817988276481628,4.8767717089504004e-05,0.0,1788855737.2796366
4218.766,-0.19632710145277174,-0.5184035713836873,0.24537497968118915,0.6038343783527079,3.006853660254081,0.11565475420550078,1,1,0.9616538286209106,-1.2847736340812226,1.8670051733600062,-2.054315229455465,-1.5299394766436976,-0.21472388902773076,0.0,-0.14606255292892456,0.35863009095191956,-0.49990642070770264,-0.000458143069408834,0.0,1788855737.379573
4218.866,-0.19407008284788274,-0.5152072742935483,0.24722622920487758,0.6053565790019882,3.019857919128598,0.07443943279018717,1,1,0.9616744518280029,-1.2981780630401154,1.8877909819232386,-2.091196676293844,-1.5299447218524378,-0.21472388902773076,0.0,-0.10445863008499146,0.08469899743795395,-0.02273704670369625,-9.248971764463931e-05,0.0,1788855737.4797552
4218.965999999999,-0.19354228863894504,-0.5143953133566621,0.2485736436635176,0.6055571687850339,3.0206931817781206,0.07159912424711837,1,1,0.9616158604621887,-1.3022243541530152,1.8896954695331019,-2.0910707912840785,-1.5299342314349573,-0.2147310415851038,0.0,-0.0019572435412555933,-0.0001499784120824188,-0.00030360513483174145,0.00016030667757149786,0.0,1788855737.579675
4219.066,-0.19353444102611847,-0.5144035660530278,0.24854683098840388,0.6055345968101542,3.0206612793341434,0.07168075339922221,1,1,0.9616348147392273,-1.3021718126586457,1.8896892706500452,-2.0910550556578578,-1.5299237410174769,-0.21472388902773076,0.0,0.00010587784345261753,-0.0002884162531699985,-9.819644037634134e-05,8.063095447141677e-05,0.0,1788855737.6797383
4219.166,-0.19358108382023081,-0.5144527991158174,0.248641848589848,0.605562197000824,3.0207950494565368,0.07116653880730754,1,1,0.9616122841835022,-1.302202896480896,1.8895419279681605,-2.0912333927550257,-1.5299046675311487,-0.21473914781679326,0.0,-2.2317843104247004e-05,-0.0019904663786292076,-0.0028825413901358843,0.0,0.0,1788855737.7796948
4219.266,-0.1937261352476457,-0.5146987309013848,0.2490155471316011,0.6055591850981387,3.0212305661205234,0.0697325643473275,1,1,0.9616502523422241,-1.3022112411311646,1.8886988798724573,-2.091398378411764,-1.5298879782306116,-0.21473914781679326,0.0,-0.0001437508180970326,-0.01711110584437847,-0.0005665738717652857,4.893503721428175e-27,0.0,1788855737.8797576
4219.366,-0.19438764414733956,-0.515649520388839,0.2504895889969335,0.6057688591816682,3.02276042542576,0.06482000519331817,1,1,0.9616589546203613,-1.3021561664393921,1.885120693837301,-2.0913888416686,-1.5299118200885218,-0.21472388902773076,0.0,0.00027553242398425937,-0.06103294715285301,4.7177483793348074e-05,0.0,0.0,1788855737.979573
4219.465999999999,-0.19602696927489313,-0.5179869281127122,0.25425584053271033,0.6062623451806589,3.026511893714758,0.052555111878756035,1,1,0.9616553783416748,-1.302144245510437,1.8761394659625452,-2.0911628208556117,-1.5299432913409632,-0.21472388902773076,0.0,8.442904072580859e-05,-0.11223702132701874,0.007247547619044781,0.0,0.0,1788855738.0796933
4219.566,-0.1982382787218326,-0.5211546721850551,0.259408050544786,0.6069418541859687,3.0315733436319743,0.03549021321293571,1,1,0.9616553783416748,-1.3020604413798829,1.8639281431781214,-2.091142316857809,-1.5299294630633753,-0.21470433870424444,2.5046017888256245e-26,0.0002504577860236168,-0.12640222907066345,1.9006143702426925e-05,0.0,0.0,1788855738.1795516
4219.666,-0.20055953247083783,-0.5244943330836314,0.2650501630920164,0.6075446218773914,3.0369453567126556,0.017054441791564675,1,1,0.9616708159446716,-1.3020675641349335,1.8507817427264612,-2.0910264454283656,-1.529917065297262,-0.21473914781679326,-1.4752788047189824e-05,0.00016561493976041675,-0.11799521744251251,0.003777585458010435,0.0,0.0,1788855738.2796173
4219.766,-0.2014258445351418,-0.5257444831819742,0.2672052237500317,0.6077681230321563,3.038994917211005,0.010033583117846384,1,1,0.9616862535476685,-1.302075908785202,1.8458059469806116,-2.091010709802145,-1.5299447218524378,-0.2147463003741663,0.0,-6.90942324581556e-05,-2.0282001078619771e-10,6.585070514120162e-05,0.0,0.0,1788855738.3796015
4219.866,-0.2014457990488799,-0.5257146935814966,0.26720448678839503,0.6079447558488114,3.038934563696764,0.010025513916611418,1,1,0.9616206884384155,-1.3021201652339478,1.8458660284625452,-2.0910212002196253,-1.5299204031573694,-0.21469289461244756,0.0,-0.0002982847800012678,0.00136159872636199,7.623190867889207e-06,0.0,0.0,1788855738.479581
4219.965999999999,-0.20141827136576346,-0.5256899748759231,0.2671686967371376,0.6078456063947679,3.038908390173862,0.010181441241019665,1,1,0.9616361260414124,-1.3021358114532013,1.8459613958941858,-2.090990205804342,-1.5299204031573694,-0.21473914781679326,0.0,-9.118679008679464e-05,0.0003239949874114245,0.0,0.0,0.0,1788855738.5795681
4220.066,-0.20136696677570068,-0.5256609724776545,0.2671217884787277,0.6077868126959446,3.038876060076012,0.01033436846169603,1,1,0.9616827368736267,-1.3021646601012726,1.8461087385760706,-2.091002126733297,-1.5299204031573694,-0.2147277037249964,0.0,-0.0001773151889210567,0.0015126416692510247,0.0,0.0,0.0,1788855738.679549
4220.166,-0.2013102903759149,-0.5256022623112394,0.26702270937639105,0.6077499761305046,3.0387917298401534,0.010661581525057372,1,1,0.9617068767547607,-1.3021801275065918,1.8463581244098108,-2.0910073719420375,-1.5299237410174769,-0.21472055116762334,5.7004802968550196e-30,-8.949217590270564e-05,0.004961311351507902,0.0,0.0,0.0,1788855738.7795854
4220.266,-0.2011835142867816,-0.5253682878710304,0.2666589517958402,0.6078226095955871,3.0384333884709274,0.011833027104570154,1,1,0.9616518616676331,-1.30221243322406,1.8472450415240687,-2.091034551660055,-1.5299237410174769,-0.2147000471698206,0.0,-0.0018386017763987184,0.012185703031718731,0.0,0.0,0.0,1788855738.8794303
4220.366,-0.20071233006769987,-0.5247019725653101,0.2669345361248995,0.6077798554616948,3.0384883760345045,0.011683257619001236,1,1,0.9616637825965881,-1.304273859863617,1.8492086569415491,-2.0910431347289027,-1.5299304167376917,-0.21472388902773076,-2.7273694058749243e-07,-0.045802995562553406,0.031323011964559555,-0.0001221436250489205,0.0,0.0,1788855738.9795089
4220.465999999999,-0.19924792045356207,-0.5227009644869015,0.26871914639007705,0.6077436140759022,3.0393692663294614,0.008629343024458275,1,1,0.961771547794342,-1.3118900221637269,1.8546460310565394,-2.0910126171507777,-1.5299270788775843,-0.21472388902773076,0.002198585541918874,-0.10286805033683777,0.07687801122665405,-2.583850255177822e-05,0.0,0.0,1788855739.0794904
4220.566,-0.19683599101991692,-0.5197328705168076,0.27131657680721183,0.6072007120513805,3.040790474595931,0.004096873153694329,1,1,0.9623011350631714,-1.323328660135605,1.8629263083087366,-2.0910569630064906,-1.5299394766436976,-0.21467715898622686,0.004789314698427916,-0.11223606020212173,0.08935172855854034,-4.303864025419384e-40,2.888239792250971e-26,0.0,1788855739.179469
4220.666,-0.19431528972309295,-0.5167321165038203,0.27286826053449326,0.6061823135355138,3.0414302722357567,0.0024091061436665676,1,1,0.962960422039032,-1.3334402304938813,1.8718484083758753,-2.09104647258901,-1.5299084822284144,-0.21473914781679326,0.008887617848813534,-0.08755467087030411,0.10894036293029785,-0.0,0.0,0.0,1788855739.2794242
4220.766,-0.19029828797234521,-0.5125195815036686,0.270204855081257,0.603313301855337,3.0387577718238057,0.013685859043441464,1,1,0.9646505117416382,-1.3409921389869233,1.8872483412372034,-2.0909916363158167,-1.5299394766436976,-0.21469289461244756,0.03557271510362625,-0.04368467256426811,0.18704091012477875,-0.0,0.0,0.0,1788855739.379422
4220.866,-0.1840131868771477,-0.508752567206194,0.26295938171890987,0.5937204930232689,3.033552375529727,0.037965531835211765,1,1,0.970409631729126,-1.3423621368459244,1.9058263937579554,-2.0911861858763636,-1.5299270788775843,-0.21469289461244756,0.07833889871835709,-0.0010768325300887227,0.18441618978977203,-0.006379891186952591,0.0,0.0,1788855739.4793768
4220.965999999999,-0.17621244319200416,-0.5064543385901514,0.25636694207352717,0.577915184686687,3.030235329862066,0.0599222765487221,1,1,0.9803134202957153,-1.342406452899315,1.9214766661273401,-2.091520448724264,-1.5299032370196741,-0.21472388902773076,0.10826089233160019,-0.0002795911277644336,0.10560204833745956,-0.0003880358417518437,0.0,0.0,1788855739.579329
4221.066,-0.17044334955675747,-0.507323818946809,0.2549371472169097,0.5623168603645776,3.0319518059373793,0.06519892734319066,1,1,0.9905236959457397,-1.3423825067332764,1.9248321692096155,-2.0914975605406703,-1.5299394766436976,-0.21472388902773076,0.09054138511419296,0.0,-0.00031500967452302575,-0.00010671063500922173,0.0,0.0,1788855739.6793563
4221.166,-0.16664436688197845,-0.5086179772579174,0.2549414973962616,0.5509247000991173,3.0341858517202827,0.06548610695636549,1,1,0.9980335235595703,-1.342322663669922,1.9247482458697718,-2.091496606866354,-1.529917065297262,-0.2147429625140589,0.057674624025821686,0.0002533656661398709,-0.0020015619229525328,-5.7903958804672584e-05,0.0,0.0,1788855739.7793334
4221.266,-0.1648250516356772,-0.5093347136929656,0.25481253929081027,0.5453316090139185,3.03516508546485,0.0661363373642617,1,1,1.0017435550689697,-1.341857210998871,1.9244449774371546,-2.091330667535299,-1.5299480597125452,-0.21472055116762334,0.009839623235166073,0.011186829768121243,-0.001188682857900858,0.0004413443384692073,0.0,0.0,1788855739.879342
4221.366,-0.1649469074023218,-0.5095788696799262,0.25438084599722244,0.5452303405073293,3.034878304479362,0.06721339887975021,1,1,1.0018001794815063,-1.3406078082374115,1.9239280859576624,-2.0913096867003382,-1.5299566427813929,-0.21470767656435186,-6.597184255952016e-05,0.008426439948379993,-0.014793112874031067,0.00012638751650229096,0.0,0.0,1788855739.979356
4221.465999999999,-0.1658091334609165,-0.5109325896058434,0.25606913751090754,0.5453721759520137,3.0365737758909055,0.061418617797284504,1,1,1.0018086433410645,-1.3399498027614136,1.9190943876849573,-2.0912262401976527,-1.5299599806415003,-0.21472388902773076,-2.8675731300609186e-07,0.017346521839499474,-0.10372500121593475,0.0024619188625365496,0.0,0.0,1788855740.079317
4221.566,-0.16858929055339725,-0.5152785394765196,0.26060118155477874,0.5458434168883818,3.0412112378611815,0.04527659196608519,1,1,1.0018121004104614,-1.3363287311843415,1.9039023558246058,-2.0910312137999476,-1.5299599806415003,-0.2147277037249964,0.0,0.045960865914821625,-0.1791374534368515,0.0004320649313740432,0.0,0.0,1788855740.179231
4221.666,-0.17119715177103248,-0.5193352741914485,0.26411423391525124,0.546282351152283,3.0448979047429434,0.032173090551419536,1,1,1.0017932653427124,-1.3317180287889023,1.889965836201803,-2.0909182033934535,-1.5299599806415003,-0.21470433870424444,-6.02028148657524e-22,0.045963503420352936,-0.07924234122037888,0.003194276010617614,0.0,0.0,1788855740.2792346
4221.766,-0.17163683033813387,-0.5200371682112176,0.2625060138559963,0.5461163424774208,3.0437649482470195,0.03612037861125904,1,1,1.0017967224121094,-1.327608661060669,1.8886311689959925,-2.0909062824644984,-1.5299165884601038,-0.21472388902773076,0.00014156661927700043,0.030518850311636925,0.0002607304195407778,0.0002786627155728638,0.0,0.0,1788855740.379188
4221.866,-0.17159652122337202,-0.5200520685094152,0.26268716598417136,0.5460522176768999,3.0442922736142375,0.03417026500134767,1,1,1.001868486404419,-1.3279690605453034,1.8889487425433558,-2.0922190151610316,-1.5298813025103968,-0.21472388902773076,0.0014609827194362879,-0.023940296843647957,0.0002107273176079616,-0.04177556186914444,-7.485483741189016e-35,0.0,1788855740.4792438
4221.965999999999,-0.17222422071182183,-0.5211108535981435,0.2654730596913232,0.5467882330892665,3.053601690907452,-3.147565444887232e-05,1,1,1.0019251108169556,-1.3311163795045395,1.8916638533221644,-2.1157051525511683,-1.5298469702350062,-0.21472388902773076,0.00017430848674848676,-0.041731227189302444,0.06503712385892868,-0.4827534258365631,0.00023826665710657835,0.0,1788855740.579204
4222.066,-0.17386884676166658,-0.523812476779273,0.2716128346176918,0.5488016761838773,3.0803869868238465,-0.10814619003649142,1,1,1.0019968748092651,-1.3377612245133896,1.9047864119159144,-2.19696106533193,-1.5298593680011194,-0.21469289461244756,0.0009236164623871446,-0.06739918887615204,0.2314077913761139,-1.0589503049850464,0.00010766425839392468,0.0,1788855740.6792083
4222.166,-0.1731416916546708,-0.5228466894264844,0.27219968721981247,-0.5425697468581611,-3.0642199650431405,0.22875400914196703,1,1,1.0020759105682373,-1.3440482330373307,1.9391792456256312,-2.3091350994505824,-1.5298998991595667,-0.21473914781679326,0.00017461062816437334,-0.05569407343864441,0.4500214457511902,-1.0982823371887207,-3.078717054449953e-05,0.0,1788855740.7791898
4222.266,-0.16774429059014676,-0.5145216796931719,0.26196124058833586,-0.5372245441809861,-3.043825678500178,0.2877664303330993,1,1,1.0021066665649414,-1.3494127702764054,1.9933198134051722,-2.4000126324095667,-1.5299566427813929,-0.21470767656435186,1.4733346688444726e-05,-0.03332125023007393,0.6147831678390503,-0.6834201812744141,-0.00025288245524279773,0.0,1788855740.8791842
4222.366,-0.161097876642889,-0.504083391046221,0.25254244453431274,-0.5324070172994739,-3.02444254385213,0.3390664328742231,1,1,1.0020688772201538,-1.3583121311715622,2.04970628419985,-2.4847542248167933,-1.530511204396383,-0.21472055116762334,2.8067848688806407e-05,-0.1707690805196762,0.44551947712898254,-1.1494967937469482,-0.006049773655831814,0.0,1788855740.979198
4222.465999999999,-0.15849298122913727,-0.5001487377655373,0.2586989400646854,-0.5224045899516425,-2.983237457632932,0.4423736625966386,1,1,1.0021237134933472,-1.3735201370767136,2.07963735262026,-2.5753032169737757,-1.530511204396383,-0.21472388902773076,2.8446358825793787e-43,-0.07534836232662201,0.15627260506153107,-0.476065993309021,-3.8139409298310056e-05,0.0,1788855741.079125
4222.566,-0.15815110254963802,-0.4995781908004258,0.2591712501419308,-0.5212134816227734,-2.9778871750318663,0.45528042366876115,1,1,1.0020482540130615,-1.3749105793288727,2.083834473286764,-2.5876499615111292,-1.530391041432516,-0.21472388902773076,-0.00037705613067373633,8.155539035215043e-06,-9.278552897740155e-05,6.195364403538406e-05,0.0003835087118204683,0.0,1788855741.179108
4222.666,-0.15797001246808703,-0.4993578568378552,0.2609138622225566,-0.5206257109845523,-2.9757324824748426,0.4608819041685416,1,1,1.0020772218704224,-1.378183202152588,2.083881680165426,-2.5884934864439906,-1.5301874319659632,-0.21472388902773076,0.00041102341492660344,-0.07346008718013763,-6.792168960600975e-08,-0.008439596742391586,0.00025030216784216464,0.0,1788855741.2791114
4222.766,-0.15739685151052163,-0.4984785828728432,0.2662691416454925,-0.5192029577800997,-2.969424250358166,0.4753666862688586,1,1,1.0021133422851562,-1.388709844355919,2.083897892628805,-2.5888291798033656,-1.5302303473102015,-0.21470767656435186,0.0004425338702276349,-0.1357174813747406,0.0002916866505984217,-0.00020202614541631192,8.682395855430514e-05,0.0,1788855741.379113
4222.866,-0.15594208814284372,-0.49718865395828693,0.27332444162594066,-0.5158260303630892,-2.9617296618416615,0.4939403352733001,1,1,1.0031819343566895,-1.4031939965537568,2.084445301686422,-2.5887533626952113,-1.5302303473102015,-0.21472388902773076,0.015701187774538994,-0.14783704280853271,0.022133897989988327,-4.6916731662349775e-05,5.5447769344001564e-17,0.0,1788855741.4789784
4222.965999999999,-0.153360908760801,-0.49444009655506693,0.27694246306659537,-0.5129923461110508,-2.9586168214657325,0.5024172312584004,1,1,1.0045843124389648,-1.4161865425160904,2.091118637715475,-2.588691850701803,-1.5302117506610315,-0.21472388902773076,0.010880589485168457,-0.10232910513877869,0.12524652481079102,0.00023100306862033904,0.0,0.0,1788855741.579026
4223.066,-0.1490255374576235,-0.4888623861850761,0.27030854346506916,-0.5131790615449808,-2.968725616977112,0.4808256148183997,1,1,1.0059388875961304,-1.4206836384585877,2.1115697065936487,-2.5883451900877894,-1.5302699247943323,-0.21473914781679326,0.02305479533970356,0.00023399274505209178,0.26077762246131897,0.00027475549723021686,0.0,0.0,1788855741.6790385
4223.166,-0.143237552847373,-0.48218197446538713,0.25909391782878244,-0.51264803885377,-2.9850174371523823,0.4456325427505632,1,1,1.0086323022842407,-1.4206033957055588,2.1378725210772913,-2.5883013210692347,-1.530283276234762,-0.21475106874574834,0.025643225759267807,0.0002748917031567544,0.20945942401885986,0.00010962437227135524,-7.044193625915796e-05,0.0,1788855741.779035
4223.266,-0.14157885913882937,-0.48041025312886615,0.2559730626920195,-0.512253100997915,-2.9897340789711184,0.4352431352124253,1,1,1.0095875263214111,-1.4202719342759629,2.1447866598712366,-2.5878049335875453,-1.5303242842303675,-0.21473914781679326,-0.00020881225646007806,-0.0004056263423990458,-0.020663006231188774,0.0006133168935775757,-0.0002304036170244217,0.0,1788855741.879018
4223.366,-0.1417737115322123,-0.48070804217614005,0.25603206486924757,-0.5123538979045138,-2.9898769658542164,0.4348244742050335,1,1,1.0095791816711426,-1.4196661871722718,2.1437204519854944,-2.5870443783202113,-1.5303433577166956,-0.21470767656435186,-0.00026404979871585965,0.01731753908097744,-0.0001771423121681437,0.02848832868039608,-9.804267028812319e-05,0.0,1788855741.9790065
4223.465999999999,-0.14145401408815753,-0.48018761155409306,0.25365358032766794,-0.5140857441277006,-2.9974331674973387,0.4163135990213575,1,1,1.0095875263214111,-1.4177352798036118,2.143711868916647,-2.5753289661803187,-1.530398193989889,-0.21472388902773076,0.00021003474830649793,0.03503149375319481,-2.5990239009843208e-05,0.2592262327671051,-0.00016919900372158736,0.0,1788855742.0789971
4223.566,-0.1401762785974039,-0.4781320341713625,0.24628709410712857,-0.5198471439230116,-3.022103439118072,0.3539313502709921,1,1,1.009590983390808,-1.4126406025937577,2.1436365286456507,-2.534689565698141,-1.5303638617144983,-0.21473914781679326,7.475302118109539e-05,0.05728599801659584,-0.001267379499040544,0.5192250609397888,-7.420698966598138e-05,0.0,1788855742.178959
4223.666,-0.13891178807276802,-0.4760728613990233,0.2402484025633843,-0.5255209763605398,-3.045531518365906,0.2906420362052741,1,1,1.0095707178115845,-1.4092195493033906,2.141568962727682,-2.4903413257994593,-1.5303195158587855,-0.21472388902773076,0.0,0.0012069807853549719,-0.05012635886669159,0.28699901700019836,5.532135638475211e-09,0.0,1788855742.2789197
4223.766,-0.14075600560965354,-0.47894715641774954,0.24415630420356113,-0.525329962935963,-3.0442925744413047,0.2939691526567584,1,1,1.0095242261886597,-1.409243495469429,2.1292288939105433,-2.480375429193014,-1.5303123633014124,-0.21473914781679326,-5.162951856618747e-05,8.53823876241222e-05,-0.2063656747341156,-0.0001168731614598073,0.0,0.0,1788855742.3789625
4223.866,-0.1455874182397161,-0.4865729505982245,0.2554444902692416,-0.5222130389579225,-3.0304474835434383,0.33151447072508233,1,1,1.0094832181930542,-1.4092459988645096,2.102097813283102,-2.480318685571188,-1.5303123633014124,-0.21472055116762334,-0.000215703941648826,0.0011067131999880075,-0.30408811569213867,0.0014770959969609976,0.0,0.0,1788855742.4789472
4223.965999999999,-0.15031925855554856,-0.494068621491997,0.2670418004721376,-0.5189761502670349,-3.0163826301104413,0.3681819187913688,1,1,1.0094763040542603,-1.4090639364770432,2.0743563810931605,-2.479422231713766,-1.530328098927633,-0.21473580995668584,0.00010936141188722104,0.00573117146268487,-0.22464078664779663,0.02021995186805725,0.0,0.0,1788855742.5789504
4224.066,-0.15201367650607364,-0.49676419644665376,0.2706331344547946,-0.5190372843678982,-3.0165524629883125,0.3674807026047597,1,1,1.0095105171203613,-1.4082453411868592,2.061591450368063,-2.4670096836485804,-1.5303943792926233,-0.21473580995668584,9.761887486092746e-05,0.011209427379071712,-0.024654727429151535,0.27133655548095703,0.0,0.0,1788855742.6789286
4224.166,-0.15022266275155374,-0.49389530744243115,0.2628700893277882,-0.5256639867575861,-3.04427474792542,0.2933588946575184,1,1,1.009519338607788,-1.4045320761254807,2.061507050191061,-2.4170037708678187,-1.530328098927633,-0.2147277037249964,0.0001496641052654013,0.05638033151626587,-5.965222590020858e-05,0.6490543484687805,-6.458318966906518e-05,0.0,1788855742.7788253
4224.266,-0.14816701597542367,-0.49059312588351506,0.255122055154028,-0.5322228725595912,-3.071022992311937,0.2155685879506312,1,1,1.0095206499099731,-1.4008365732482453,2.0614822546588343,-2.3652779064574183,-1.5302918593036097,-0.21472388902773076,1.0806662231743758e-07,0.007699731737375259,-0.00010688379552448168,0.30428704619407654,0.0003620838397182524,0.0,1788855742.8787458
4224.366,-0.1479203214966724,-0.49020525249358937,0.2545356190058218,-0.532887628264328,-3.073778430591162,0.20720389755369406,1,1,1.0095276832580566,-1.4008594912341614,2.0612667242633265,-2.3591276607909144,-1.5302746931659144,-0.2147310415851038,9.056036651600152e-05,-7.680030830670148e-05,-0.005199949257075787,-0.0005213200929574668,9.594854054739699e-05,0.0,1788855742.9788818
4224.465999999999,-0.14798590205601678,-0.49030068693353135,0.25464008100656715,-0.5328836969064393,-3.073659550512998,0.20751467555838454,1,1,1.0095207691192627,-1.4007888001254578,2.06092340150942,-2.359079977075094,-1.5302866140948694,-0.21472388902773076,5.5903767794722865e-22,0.000385806750273332,-0.0038173068314790726,3.23730128002353e-05,1.661477223787692e-23,0.0,1788855743.0787888
4224.566,-0.14832599170985905,-0.49087369288976795,0.2554567826768074,-0.5325636953501041,-3.0727747908166423,0.21023965107580475,1,1,1.0095585584640503,-1.4007075291923066,2.058884922658102,-2.3590508900084437,-1.530295197163717,-0.21475488344301397,0.0,0.0007788197253830731,-0.038765329867601395,0.00011829956201836467,0.0,0.0,1788855743.1788292
4224.666,-0.14968333952859678,-0.4930066787248694,0.2583082615526232,-0.5318798759744258,-3.069563301088991,0.21985479729979127,1,1,1.0095396041870117,-1.3999977272799988,2.051300827656881,-2.358983655969137,-1.5303142706500452,-0.21472388902773076,0.0,0.013180877082049847,-0.11193270981311798,0.00020542950369417667,0.0,0.0,1788855743.2788236
4224.766,-0.15206469202584189,-0.49675269429565894,0.2626328643860282,-0.530759059814897,-3.0646251660843498,0.2345041962721283,1,1,1.009505271911621,-1.3975208860686799,2.038186852131979,-2.358737131158346,-1.5303266684161585,-0.21472388902773076,0.0,0.03619919344782829,-0.1437988430261612,0.0005586164188571274,0.0,0.0,1788855743.378791
4224.866,-0.1542814098606865,-0.5003411274565723,0.26512171957218567,-0.5299118506224406,-3.061558380044168,0.24364960979446745,1,1,1.0095707178115845,-1.3924909097007294,2.0264113585101526,-2.358481546441549,-1.5303037802325647,-0.21472388902773076,2.226073769762138e-09,0.07613120973110199,-0.08196749538183212,0.0005887525039725006,3.787915210099286e-18,0.0,1788855743.4786842
4224.965999999999,-0.15557836790168572,-0.502406649767051,0.26167417555571326,-0.5305568437115166,-3.064460693337942,0.23510179939149878,1,1,1.009563684463501,-1.3820037704757233,2.022076431904928,-2.3585649929442347,-1.530288044606344,-0.21473580995668584,8.650179370306432e-05,0.12720565497875214,-0.008535083383321762,7.529401045758277e-05,0.0,0.0,1788855743.5787184
4225.066,-0.1563290739634885,-0.5035961629048457,0.25424207442578356,-0.5321682969266482,-3.0713106668966597,0.21447087079519447,1,1,1.0095479488372803,-1.3673691612533112,2.0220401922809046,-2.3585692844786585,-1.5302985350238245,-0.21473580995668584,1.7514299062180637e-26,0.14645010232925415,-0.00013238190149422735,-1.1470640789209424e-13,0.0,0.0,1788855743.6786509
4225.166,-0.15694870717579806,-0.5046187432506445,0.2477755252403876,-0.5334757729946934,-3.07713966298012,0.19664425015989245,1,1,1.009572148323059,-1.354528085594513,2.02186090150942,-2.3586565456786097,-1.530283276234762,-0.21473962465395147,1.3720382822260807e-21,0.10485218465328217,-0.0028331868816167116,-0.00023884110851213336,0.0,0.0,1788855743.778757
4225.266,-0.1573174351256566,-0.5052278226791705,0.24378706782832396,-0.5342966952431705,-3.0806703457164386,0.18558195507081002,1,1,1.009590983390808,-1.3465884935906907,2.0216930548297327,-2.3586565456786097,-1.530295197163717,-0.21472388902773076,0.0,0.05782889202237129,-0.0020742674823850393,-7.258253754116595e-05,0.0,0.0,1788855743.8786473
4225.366,-0.1577147943684414,-0.5058713940836366,0.24185340822082624,-0.5346105283634337,-3.082294585478406,0.18048204023074974,1,1,1.0095994472503662,-1.3418845993331452,2.020547691975729,-2.358636518517965,-1.530295197163717,-0.21475488344301397,1.6410602025985811e-32,0.03780406340956688,-0.0339742936193943,-1.3160521600111272e-30,0.0,0.0,1788855743.9786577
4225.465999999999,-0.15927245879339955,-0.5083514360965999,0.24308478707126785,-0.5341841682508591,-3.0805417565086097,0.18596649388854847,1,1,1.0096029043197632,-1.337944121365883,2.0127137343036097,-2.3586002788939417,-1.530295197163717,-0.2147467772113245,0.00011190523218829185,0.04120137542486191,-0.13533444702625275,-4.289332560344335e-40,0.0,0.0,1788855744.0786345
4225.566,-0.1628615176363304,-0.5140278710247208,0.24866390759553159,-0.5326246799825415,-3.0739056256290773,0.20636849705739324,1,1,1.0095804929733276,-1.3332378280213852,1.993565861378805,-2.3585454426207484,-1.5303195158587855,-0.2147429625140589,8.393295138375834e-05,0.04458264261484146,-0.22791022062301636,8.530642662663013e-05,2.0879347118439774e-43,0.0,1788855744.178674
4225.666,-0.16668685368793415,-0.520138524706101,0.2546311765514647,-0.5312540702638101,-3.0682408163764268,0.22347883978318406,1,1,1.009616494178772,-1.3278336238912125,1.971621338521139,-2.354109903375143,-1.5303195158587855,-0.21472388902773076,0.00034159672213718295,0.06698992848396301,-0.18851371109485626,0.16473059356212616,0.0,0.0,1788855744.2786324
4225.766,-0.16765398188321126,-0.5216584898386716,0.2523204826826647,-0.5348243259435,-3.082389737161557,0.1796388215132998,1,1,1.0096269845962524,-1.3204315465739747,1.9581769148456019,-2.3171855411925257,-1.5303037802325647,-0.21470767656435186,9.62453632382676e-05,0.070546455681324,-0.09242163598537445,0.4886288642883301,0.0,0.0,1788855744.3786469
4225.866,-0.16779588295191955,-0.521936852919428,0.2483126841003167,0.5367437574864231,3.0873040586474407,-0.12881195698434017,1,1,1.0097074508666992,-1.313031719332077,1.948869530354635,-2.280098100701803,-1.530295197163717,-0.21473962465395147,0.0005506951711140573,0.07294479012489319,-0.10331520438194275,0.16347530484199524,-1.3806840367639708e-30,0.0,1788855744.478614
4225.965999999999,-0.17018909003040758,-0.5257462354540238,0.250581047061945,0.5368782456613606,3.0891076126799613,-0.1370104171125634,1,1,1.0097109079360962,-1.3074162167361756,1.9360335508929651,-2.2784792385497035,-1.530295197163717,-0.21473580995668584,0.00010791670501930639,0.03311357647180557,-0.14423608779907227,-0.00019620540842879564,-0.0,0.0,1788855744.5785463
4226.066,-0.17207410240968582,-0.5287951177135808,0.25485981585063494,-0.5368486478401349,-3.0910448399855297,0.1516947285956583,1,1,1.0097588300704956,-1.3066536647132416,1.9249704519854944,-2.278215547601217,-1.5302680174456995,-0.21472388902773076,0.0009466875926591456,0.00029185914900153875,-0.07380929589271545,0.003443704452365637,-0.0,0.0,1788855744.6786327
4226.166,-0.1722983075539849,-0.5292542135725748,0.2555027180177696,-0.5367320065176198,-3.0913055037836275,0.15089479832805894,1,1,1.0098650455474854,-1.3065062922290345,1.9225757757769983,-2.275416990319723,-1.5302799383746546,-0.21473962465395147,0.0009548611124046147,0.0028169939760118723,-0.0001964921539183706,0.08430840075016022,-0.0,0.0,1788855744.7785738
4226.266,-0.17188334331259036,-0.5286107543035713,0.2545137811379975,0.5366898410443551,3.089371832431801,-0.13778940388025238,1,1,1.009899377822876,-1.3063663703254242,1.922467056904928,-2.266517778436178,-1.530334774647848,-0.21472388902773076,0.00011752324644476175,0.0002445623103994876,-0.0022039636969566345,0.050765566527843475,-0.0,0.0,1788855744.8785021
4226.366,-0.17199544079945225,-0.5288417590897414,0.2542494176087959,0.5365628158620396,3.0890765918595,-0.13635005177849785,1,1,1.0099507570266724,-1.3054171067527314,1.921683136616842,-2.2657014332213343,-1.5303314367877405,-0.21473962465395147,0.0004969315486960113,0.02137867920100689,-0.01857134886085987,0.00033050018828362226,-0.0,0.0,1788855744.9784894
4226.465999999999,-0.17257016753845475,-0.5298092898491901,0.2542222929479068,0.5365082284699203,3.089242061303994,-0.13681423168271284,1,1,1.0100106000900269,-1.3030755084804078,1.9187172094928187,-2.265413900414938,-1.5303791205035608,-0.21472388902773076,0.0005434659542515874,0.02589745633304119,-0.06529552489519119,0.005122869275510311,-0.00020074988424312323,0.0,1788855745.0785408
4226.566,-0.17392787998764636,-0.5319852358316486,0.25533020706795967,0.5363380010230311,3.08675249344663,-0.12513736447915003,1,1,1.0100431442260742,-1.2991538506797333,1.907309357319967,-2.249979158441061,-1.5304067770587366,-0.21472388902773076,0.0002283163630636409,0.05265644192695618,-0.1534108966588974,0.3816157281398773,-9.941898315446451e-05,0.0,1788855745.1784358
4226.666,-0.1745773593531786,-0.5329715051188784,0.25580988926083814,0.5355568701119298,3.074234245710006,-0.0706306061436512,1,1,1.0100346803665161,-1.2957205933383484,1.889057461415426,-2.1977812252440394,-1.5303671995746058,-0.21473580995668584,9.019872959470376e-05,0.016061881557106972,-0.2072981595993042,0.5265920162200928,-9.472777618835763e-43,0.0,1788855745.2784932
4226.766,-0.17649590610843702,-0.5360045260653702,0.2615439386433314,0.5352170978043601,3.068317002711237,-0.04631191733658348,1,1,1.0100466012954712,-1.2950970095447083,1.8654845396624964,-2.1580568752684535,-1.5303400198565882,-0.2147429625140589,0.0,0.00027374766068533063,-0.2430245578289032,0.19115319848060608,-0.0,0.0,1788855745.3784928
4226.866,-0.1798869670407688,-0.5413452581371007,0.2706660328294496,0.5359350600618225,3.0750322082926744,-0.07404387419381207,1,1,1.0099966526031494,-1.2951687735370179,1.8440435568438929,-2.155679842034811,-1.5303314367877405,-0.21472388902773076,2.264152208607998e-26,-0.0006080050952732563,-0.16753897070884705,-0.0014790738932788372,-0.0,0.0,1788855745.4784768
4226.965999999999,-0.18086590488722665,-0.5428765241559962,0.27330234363359673,0.5361379372419546,3.0771008837921237,-0.08268931847876088,1,1,1.0099763870239258,-1.2951376003078003,1.8379820028888147,-2.155607839623922,-1.5303552786456507,-0.2147310415851038,0.0,0.0010398258455097675,0.001871977699920535,-5.891479304409586e-07,-0.0,0.0,1788855745.5784445
4227.066,-0.18085247144917144,-0.5428712515444107,0.27326733028978106,0.536103784582065,3.077088401973459,-0.08252587468226089,1,1,1.0099952220916748,-1.295105294590332,1.8380101362811487,-2.1555634937682093,-1.5303743521319788,-0.21473485628236944,0.0,0.00023216450063046068,0.0002015993231907487,0.000132881265017204,-0.0,0.0,1788855745.6783752
4227.166,-0.1808681624863078,-0.5428569682295374,0.27323778403144294,0.5361722757268175,3.077034753509002,-0.08243469866361963,1,1,1.0099542140960693,-1.2950825554183503,1.838045899068014,-2.1555515728392542,-1.5303552786456507,-0.2147277037249964,-0.0006702097598463297,-1.945039002748672e-05,2.121875513694249e-05,5.333668377716094e-05,-0.0,0.0,1788855745.7782896
4227.266,-0.18087932244859797,-0.5428595180164486,0.2732506442160845,0.536216834376642,3.0770179495916996,-0.08250523881779397,1,1,1.0099353790283203,-1.295089767580368,1.838029686604635,-2.155567308465475,-1.5303314367877405,-0.2147153059588831,-1.7016507626976818e-05,-1.1691149666148704e-05,5.249942702789667e-09,0.0,-0.0,0.0,1788855745.8783772
4227.366,-0.18088230629066432,-0.5428531586691576,0.2732376962998194,0.5362197817652171,3.0770005685034394,-0.0824651860251136,1,1,1.0099234580993652,-1.295082615022995,1.8380492369281214,-2.1555634937682093,-1.5303242842303675,-0.21472388902773076,-1.1491789255446664e-28,0.0,-0.0,0.0,-0.0,0.0,1788855745.9783735
4227.465999999999,-0.18086647402457512,-0.5428522618406187,0.27325169697493856,0.5362128326728945,3.0770311648667694,-0.08249076230427284,1,1,1.0099507570266724,-1.2951136392406006,1.8380573431598108,-2.155567308465475,-1.530346695576803,-0.21470433870424444,0.0,0.0,-0.0,0.0,-0.0,0.0,1788855746.078288
4227.566,-0.18089790032056074,-0.542842694533909,0.27326869232621986,0.536303940868704,3.0770002963751573,-0.08254624589669392,1,1,1.0098888874053955,-1.2951363188079377,1.838045899068014,-2.155560155908102,-1.5303195158587855,-0.21470433870424444,0.0,0.0,-0.0,0.0,-0.0,0.0,1788855746.1783793
4227.666,-0.18087400816872082,-0.5428474095904026,0.2732558812150946,0.5361823617301902,3.077027626125204,-0.08243103429550867,1,1,1.0099353790283203,-1.2951207917979737,1.8380420843707483,-2.1555048427977503,-1.5303505102740687,-0.21473962465395147,0.0,0.0,-0.0,0.0,-0.0,0.0,1788855746.2783332
4227.766,-0.18088062139973032,-0.5428534674399915,0.27325975600839425,0.5361980359248626,3.0770227450516954,-0.08252424188117571,1,1,1.0099270343780518,-1.2951136392406006,1.8380382696734827,-2.1555634937682093,-1.530328098927633,-0.21473580995668584,0.0,0.0,-0.0,0.0,-0.0,0.0,1788855746.3783205
4227.866,-0.18086631811236994,-0.5428476394073743,0.2732368943801275,0.536242575285891,3.0769935326438675,-0.08242505053107706,1,1,1.0099438428878784,-1.2951017183116456,1.8380697409259241,-2.1555406055846156,-1.5303314367877405,-0.21468907991518194,0.0,0.0,-0.0,0.0,-0.0,0.0,1788855746.4783328
4227.965999999999,-0.18089679577094858,-0.5428519179741964,0.27325844223883955,0.5362252449101678,3.0770285102443875,-0.08248013017911625,1,1,1.0099042654037476,-1.2951017183116456,1.8380187193499964,-2.155532499352926,-1.530346695576803,-0.2147429625140589,0.0,0.0,-0.0,0.0,-0.0,0.0,1788855746.5783043
4228.066,-0.18090037474459023,-0.5428488902010438,0.2732689542981507,0.536249958043268,3.07703477424875,-0.08252455656559975,1,1,1.009895920753479,-1.2951207917979737,1.838022534047262,-2.1555477581419886,-1.530346695576803,-0.21473580995668584,0.0,0.0,-0.0,0.0,-0.0,0.0,1788855746.6783109
4228.166,-0.18089023342593463,-0.5428485838378454,0.27324946814691403,0.5362159116143089,3.077008292398203,-0.08247396971419224,1,1,1.0099077224731445,-1.2951017183116456,1.8380420843707483,-2.155544420281881,-1.530328098927633,-0.2147429625140589,0.0,0.0,-0.0,0.0,-0.0,0.0,1788855746.7783294
4228.266,-0.1808811400007629,-0.5428529068125894,0.27326229729203466,0.5361936675459381,3.0770294125549023,-0.08251809195164579,1,1,1.0099269151687622,-1.2951172155192872,1.8380349318133753,-2.1555549106993617,-1.530334774647848,-0.21473962465395147,0.0,0.0,-0.0,0.0,-0.0,0.0,1788855746.8781648
4228.366,-0.18088322144286398,-0.5428560939764846,0.27325897685277223,0.5362441304801872,3.076998659722818,-0.0825136303018227,1,1,1.0099234580993652,-1.295105294590332,1.8380258719073694,-2.1555477581419886,-1.530316177998678,-0.21470767656435186,0.0,0.0,-0.0,0.0,-0.0,0.0,1788855746.9782352
4228.465999999999,-0.18088516329610316,-0.5428429929999803,0.2732502271614043,0.5362658434905637,3.077004988167955,-0.08247001449514728,1,1,1.009911298751831,-1.2951172155192872,1.8380606810199183,-2.1555477581419886,-1.530334774647848,-0.21470767656435186,0.0,0.0,-0.0,0.0,-0.0,0.0,1788855747.0782688
4228.566,-0.18088819256772878,-0.542853922317178,0.273266839501142,0.5362277041266746,3.0770252118738624,-0.08254076338455742,1,1,1.0099165439605713,-1.2951172155192872,1.8380258719073694,-2.155560155908102,-1.5303314367877405,-0.2147277037249964,0.0,0.0,-0.0,0.0,-0.0,0.0,1788855747.1782
4228.666,-0.18087120015811833,-0.5428523971062843,0.27325657332844144,0.5361959567207413,3.077007262041365,-0.08249928742866632,1,1,1.0099388360977173,-1.2951172155192872,1.8380463759051722,-2.1555477581419886,-1.5303195158587855,-0.21472388902773076,0.0,0.0,-0.0,0.0,-0.0,0.0,1788855747.2782307
4228.766,-0.18088910436922834,-0.5428596166536098,0.27327252827798676,0.536228095455132,3.0770284650997004,-0.08257063214326862,1,1,1.0099200010299683,-1.2951136392406006,1.8380101362811487,-2.155567308465475,-1.530328098927633,-0.21472388902773076,0.0,0.0,-0.0,0.0,-0.0,0.0,1788855747.3781557
4228.866,-0.18088991863815282,-0.54284109504397,0.2732481292963761,0.5362535764131849,3.0770139348538716,-0.0824417398084265,1,1,1.009904384613037,-1.2951136392406006,1.8380573431598108,-2.1555329761900843,-1.530346695576803,-0.21472388902773076,0.0,0.0,-0.0,0.0,-0.0,0.0,1788855747.4781957
4228.965999999999,-0.18088350271562775,-0.5428478638314359,0.2732344333963051,0.5362531746288004,3.0770056178522305,-0.0824247851317573,1,1,1.0099200010299683,-1.295086221104004,1.8380573431598108,-2.1555477581419886,-1.5303433577166956,-0.21470767656435186,0.0,0.0,-0.0,0.0,-0.0,0.0,1788855747.5781689
4229.066,-0.18088315261714794,-0.5428394301348249,0.27324439581337945,0.5362376599254235,3.077022401393064,-0.08237944362106338,1,1,1.0099165439605713,-1.2951136392406006,1.8380573431598108,-2.1554976902403773,-1.5303657690631312,-0.21472388902773076,0.0,0.0,-0.0,0.0,-0.0,0.0,1788855747.678119
4229.166,-0.18088347894790463,-0.5428523250384971,0.27325614993147956,0.5363013112125858,3.077012720924569,-0.08251544370909095,1,1,1.0099234580993652,-1.295108900671341,1.8380420843707483,-2.1555706463255824,-1.5303385893451136,-0.21467334428896123,-2.0581668991326296e-07,0.0,-0.0,0.0,-0.0,0.0,1788855747.7780154
4229.266,-0.18087477262842538,-0.542856499138942,0.2732472004768923,0.5361730269701911,3.0770156059972806,-0.08247660055142729,1,1,1.0099388360977173,-1.295093373661377,1.8380382696734827,-2.155551096002096,-1.530328098927633,-0.21473962465395147,1.225909883780445e-23,0.0,-0.0,0.0,-0.0,0.0,1788855747.8780673
4229.366,-0.18089956555500658,-0.542843122822767,0.27325708814887223,0.5363288216903627,3.076997211695636,-0.08249830675537466,1,1,1.0098888874053955,-1.2951172155192872,1.838045899068014,-2.155551096002096,-1.5303314367877405,-0.21468907991518194,0.0,0.0,-0.0,0.0,-0.0,0.0,1788855747.9780548
4229.465999999999,-0.18088117148034455,-0.5428435192458766,0.27325333726692186,0.5362580763826006,3.0770328332854278,-0.08244085741344251,1,1,1.0099234580993652,-1.295120821600296,1.8380535284625452,-2.1555291614928187,-1.5303657690631312,-0.21470433870424444,0.0,0.0,-0.0,0.0,-0.0,0.0,1788855748.0780551
4229.566,-0.18090557356895895,-0.5428426076066816,0.27325139128163184,0.5362644712874209,3.077019418399129,-0.08246896911830526,1,1,1.0098819732666016,-1.295105294590332,1.8380420843707483,-2.155544420281881,-1.530346695576803,-0.21473962465395147,0.0,0.0,-0.0,0.0,-0.0,0.0,1788855748.1780286
4229.666,-0.180885402199161,-0.5428560715637192,0.2732690326972702,0.5362235281599185,3.077028194862218,-0.08253594429193517,1,1,1.0099234580993652,-1.2951172155192872,1.8380187193499964,-2.155551096002096,-1.530334774647848,-0.21472388902773076,0.0,0.0,-0.0,0.0,-0.0,0.0,1788855748.2779338
4229.766,-0.1808774072019095,-0.5428564079300672,0.2732608371982852,0.5361682927989917,3.0770201689353587,-0.0824758940807343,1,1,1.0099353790283203,-1.2951088708690186,1.8380187193499964,-2.1555167637267054,-1.5303314367877405,-0.2147467772113245,0.0,0.0,-0.0,0.0,-0.0,0.0,1788855748.3779695
4229.866,-0.18085746063443658,-0.5428456844791085,0.2732464911791278,0.5361830348977402,3.076998941585525,-0.08243533511906263,1,1,1.0099542140960693,-1.295124427681305,1.8380730787860315,-2.155525346795553,-1.5303242842303675,-0.21471673647035772,0.0,0.0,-0.0,0.0,-0.0,0.0,1788855748.477897
4229.965999999999,-0.18087901255813668,-0.54284433113172,0.273237762738331,0.5362233794809996,3.0770164766801646,-0.08244752903614513,1,1,1.0099234580993652,-1.2951017183116456,1.8380730787860315,-2.1555634937682093,-1.5303433577166956,-0.21472388902773076,0.0,0.0,-2.752673208306078e-05,0.0,1.674801679666265e-28,0.0,1788855748.5779896
4230.066,-0.1808795413651085,-0.5428517416894357,0.27325145646506854,0.5362213402812422,3.07700746631577,-0.08247858071684269,1,1,1.0099270343780518,-1.295105294590332,1.8380420843707483,-2.155544420281881,-1.530328098927633,-0.21472007433046514,0.0,0.0,-1.088362478185445e-05,0.0,0.0,0.0,1788855748.677939
4230.166,-0.1808908519673131,-0.5428495435353314,0.27326503069093444,0.5362167779803065,3.077017385511492,-0.08251281702763666,1,1,1.0099077224731445,-1.2951207917979737,1.838029686604635,-2.155539651910299,-1.530328098927633,-0.2147429625140589,0.0,0.0,-0.0,5.127696769795242e-13,0.0,0.0,1788855748.7778604
4230.266,-0.18087713360192992,-0.5428524240238116,0.2732627787258898,0.5361836665430214,3.0770460466952505,-0.08250946638565941,1,1,1.0099353790283203,-1.295120821600296,1.8380382696734827,-2.1555549106993617,-1.5303505102740687,-0.21473962465395147,0.0,0.0,-0.0,0.0,0.0,0.0,1788855748.877927
4230.366,-0.18087815151991463,-0.5428357086242672,0.2732101302852753,0.5362370441382492,3.076976996372775,-0.08229122816117158,1,1,1.0099165439605713,-1.295077697639801,1.8380897680865687,-2.155496736566061,-1.5303433577166956,-0.21472007433046514,0.0,0.0,0.001330820145085454,0.0,0.0,0.0,1788855748.9778678
4230.465999999999,-0.1808015532067564,-0.5428370969840195,0.27320952926146247,0.536056499202504,3.077012233136462,-0.08235190109069349,1,1,1.0100332498550415,-1.2951291364482422,1.8381732145892542,-2.1555687389769496,-1.5303362051593226,-0.21472007433046514,0.0015536140417680144,-0.0003788837057072669,6.939416925888509e-05,3.0598581361118704e-05,8.936404567727596e-12,0.0,1788855749.077866
4230.566,-0.1780059167318545,-0.5435628407634874,0.2758449822185023,0.5285852452957563,3.0805771900662697,-0.09228526095299326,1,1,1.01500403881073,-1.2993084353259583,1.8380826155291956,-2.15818514446401,-1.5303962866412562,-0.21472007433046514,0.11835873126983643,-0.08668935298919678,-0.00017647043569013476,-0.025859905406832695,-0.00041394465370103717,0.0,1788855749.1777997
4230.666,-0.17169310951276148,-0.5441343658113942,0.282603635028999,0.5130769883193511,3.086895789239408,-0.11008647624734073,1,1,1.0252429246902466,-1.311511592274048,1.838137451802389,-2.1582771740355433,-1.5303705374347132,-0.21472388902773076,0.08044639229774475,-0.13615964353084564,-3.6916907790278397e-13,-2.0159477571723983e-05,-2.9363788930387244e-40,0.0,1788855749.2778783
4230.766,-0.16668212036407487,-0.5443641176464844,0.28836247909960594,0.5009347890191587,3.091874025986911,-0.1252067905646774,1,1,1.033220648765564,-1.3219692570022126,1.8381922880755823,-2.158213277856344,-1.530358616505758,-0.21473962465395147,0.10682445019483566,-0.07220352441072464,0.0005424676346592605,0.000208839715924114,0.00028843991458415985,0.0,1788855749.3776906
4230.866,-0.15928219311266004,-0.5461097327669566,0.28908432459998384,0.48055817470152956,3.094770281678066,-0.12656915160999574,1,1,1.0463483333587646,-1.3238825362971802,1.8388760725604456,-2.1579348049559535,-1.5302560965167444,-0.21473580995668584,0.15131041407585144,0.00576796056702733,0.029244644567370415,0.004726808052510023,0.0004656262171920389,0.0,1788855749.4778001
4230.965999999999,-0.15092654915753917,-0.5462215423124867,0.28556259202931056,0.4598341609317935,3.09474165004578,-0.11483120499973375,1,1,1.0595741271972656,-1.3238311421922226,1.8466580549823206,-2.1577989063658656,-1.530031983052389,-0.2147429625140589,0.10797283798456192,-6.680290243821219e-05,0.12367743253707886,0.00017836135521065444,0.0005871565663255751,0.0,1788855749.5777354
4231.066,-0.1449887749162567,-0.5435154087159925,0.2791074933990494,0.44869354409783735,3.091666710871478,-0.09340917486099207,1,1,1.0666399002075195,-1.3239112210324784,1.8613222281085413,-2.1578976116576136,-1.530051056538717,-0.21472007433046514,0.04543566331267357,-0.00045654800487682223,0.1470252275466919,7.847859524190426e-05,7.383967749774456e-05,0.0,1788855749.6777596
4231.166,-0.14182193680456723,-0.5388004557529193,0.2710116305104951,0.44695293105312006,3.0860211290493793,-0.06625000500777549,1,1,1.0675556659698486,-1.3239101630500336,1.879751984273092,-2.157854219476217,-1.5300830046283167,-0.2147429625140589,0.00013936417235527188,7.630981417605653e-05,0.22232449054718018,1.1484926898397418e-10,2.521132424705758e-29,0.0,1788855749.777729
4231.266,-0.138426745174656,-0.5326426601224183,0.2611538859694509,0.4465757333017377,3.078514228705309,-0.032973766531603645,1,1,1.0675606727600098,-1.3238944572261353,1.902522389088766,-2.157893796960348,-1.5301139990436,-0.21472055116762334,3.072886996940971e-13,-1.5852650903980248e-05,0.23853252828121185,-3.3149241062346846e-05,0.0,0.0,1788855749.877781
4231.366,-0.1359599052383133,-0.5272696913234896,0.25307242416662207,0.44744545763394944,3.0717533401554418,-0.005464528792452225,1,1,1.0667269229888916,-1.3238538962653656,1.9214404265033167,-2.1579181156554164,-1.5300644079791468,-0.21473580995668584,-0.024081263691186905,0.0005402888054959476,0.10289817303419113,-1.5096228942387277e-21,0.0,0.0,1788855749.9777617
4231.465999999999,-0.13678880405095517,-0.5264211904682456,0.25223962880793693,0.4507207236114998,3.070616671365776,-0.0026617156417569183,1,1,1.0645779371261597,-1.3238502454808732,1.9234078566180628,-2.1579300365843714,-1.5301035086261194,-0.2147277037249964,-0.024587007239460945,2.876597068106524e-22,-4.890958371106535e-05,-1.9168705563622423e-33,6.302199713454432e-41,0.0,1788855750.0777357
4231.566,-0.13955537264606813,-0.5257174568173252,0.25208594814193497,0.4587540875698328,3.0693586332435605,-0.0023627866257335097,1,1,1.0593467950820923,-1.323562965994217,1.9234111944781702,-2.157921930352682,-1.5301397482501429,-0.21472388902773076,-0.0843154788017273,0.0032668551430106163,-0.0,-0.0,-5.644591146847233e-05,0.0,1788855750.1777287
4231.666,-0.14527690501401874,-0.5241675459324425,0.2520421522389703,0.475509613977638,3.0668284563774617,-0.0025269547531973865,1,1,1.0484586954116821,-1.3234876108220597,1.9234188238727015,-2.157914777795309,-1.5301874319659632,-0.21469289461244756,-0.13976719975471497,0.0002006613212870434,-0.0,-0.0,-0.00015363226702902466,0.0,1788855750.277682
4231.766,-0.1523917384677588,-0.5221422482288568,0.2520385887157766,0.4962559481782396,3.063726283183071,-0.0028171542899388057,1,1,1.034893274307251,-1.3234756898931046,1.923410717641012,-2.1579143009581507,-1.5303743521319788,-0.21473962465395147,-0.11737930774688721,8.912795601645485e-05,-0.00011159880523337051,-0.0,-0.0005441533867269754,0.0,1788855750.3776622
4231.866,-0.1565547278368069,-0.5209323163982489,0.25205999829304493,0.5084491632175363,3.0617516814780115,-0.003150194269844227,1,1,1.0269323587417603,-1.3234636348536988,1.9233487288104456,-2.1579300365843714,-1.5303671995746058,-0.21473962465395147,-0.04312819615006447,0.0004953042953275144,-0.00017616883269511163,-0.0,-0.00015405102749355137,0.0,1788855750.477655
4231.965999999999,-0.1571225656609315,-0.5207734473152185,0.2520753755551606,0.5101244805213982,3.0614989031112483,-0.0032466869590113026,1,1,1.0258554220199585,-1.3234636348536988,1.9233158270465296,-2.157945295373434,-1.5303743521319788,-0.21472388902773076,0.0013395220739766955,0.00011733028804883361,-0.0004049721756018698,-0.0,-2.0352475985419005e-05,0.0,1788855750.5776658
4232.066,-0.15707942207561953,-0.5207972433923136,0.25210274948354155,0.5100068906988399,3.061537644878689,-0.0032972342261253246,1,1,1.0259498357772827,-1.3234828573516388,1.9232686201678675,-2.1579181156554164,-1.5303791205035608,-0.21470767656435186,0.0002741777279879898,4.5686330876452104e-18,-0.0003168385592289269,-0.0,-1.2738494579352308e-18,0.0,1788855750.6775234
4232.166,-0.1571263682988815,-0.5208232787311238,0.2520990515864725,0.5100836392643465,3.0615309999474785,-0.003301224355705899,1,1,1.02590012550354,-1.3233955216458817,1.9231656233416956,-2.1579061947264613,-1.5303838888751429,-0.21470767656435186,4.197810631012544e-05,0.0015335396165028214,-0.0011517632519826293,-0.0,-0.00011192874808330089,0.0,1788855750.7775872
4232.266,-0.15722173895671232,-0.5209112943648535,0.2520964608023687,0.5101406868662343,3.0615424966529616,-0.003388114033601509,1,1,1.0258315801620483,-1.3231573116830369,1.9228761831866663,-2.157912870446676,-1.5303824583636683,-0.21473962465395147,-0.001558059360831976,0.0034533152356743813,-0.006523050833493471,-1.3016135910817488e-24,-6.983966886764392e-05,0.0,1788855750.87759
4232.366,-0.1590127634792582,-0.5209403997421256,0.25270554613005375,0.5146681866065963,3.061265195497898,-0.0056065673779705045,1,1,1.0229443311691284,-1.3229527187398453,1.9211691061602991,-2.157863279382223,-1.5303071180926722,-0.21469289461244756,-0.08066479861736298,0.0004061263462062925,-0.04625712335109711,-0.0,0.0005055508227087557,0.0,1788855750.9774952
4232.465999999999,-0.16536506588160563,-0.5222606511068482,0.257098557970885,0.528599638192795,3.0628844105517294,-0.020816387083399085,1,1,1.0140478610992432,-1.3230843108943482,1.9110153357135218,-2.1579863033690394,-1.530358616505758,-0.21472388902773076,-0.03884351626038551,-0.0018146325601264834,-0.14567610621452332,-0.0004906514077447355,-0.00040863387403078377,0.0,1788855751.0775366
4232.566,-0.16690744964856954,-0.5265887852089443,0.26375739771471873,0.5262866471651128,3.0692392480807182,-0.04353425280796563,1,1,1.0159096717834473,-1.3234039109996338,1.8959921042071741,-2.158468862573141,-1.5305159727679651,-0.21472007433046514,0.05805230885744095,-0.009055323898792267,-0.10889828205108643,-0.004222805146127939,-0.000656444113701582,0.0,1788855751.1775181
4232.666,-0.1607455099844251,-0.5293595999628857,0.26506205522341886,0.5071564894823269,3.073498487902427,-0.047967633259262836,1,1,1.0284279584884644,-1.3236110371402283,1.8933151404010218,-2.1588479481139125,-1.530574146901266,-0.21470767656435186,0.19299528002738953,0.0007245014421641827,0.0032853984739631414,-0.0003163990913890302,-0.0002420465025352314,0.0,1788855751.2774498
4232.766,-0.1493771124064417,-0.5325268203325877,0.26483955672778636,0.47439456999912305,3.0782300245614636,-0.046975723463525694,1,1,1.0496866703033447,-1.3236038547805329,1.8938587347613733,-2.1590057812132777,-1.5305350462542933,-0.21470767656435186,0.20912694931030273,1.346851657979542e-10,0.003604267491027713,-0.007889007218182087,-3.544489300111309e-05,0.0,1788855751.3774784
4232.866,-0.14119917895251327,-0.536186029497162,0.2664664118553049,0.4489406932617059,3.0869143227818117,-0.06914369795058754,1,1,1.0663011074066162,-1.323807181125023,1.8939712683307093,-2.174309869805807,-1.5305898825274866,-0.2147277037249964,0.12148222327232361,-9.026050247484818e-05,0.0021629161201417446,-0.3613174855709076,-3.2188625482376665e-05,0.0,1788855751.4774606
4232.965999999999,-0.1398738322141543,-0.5415057080335085,0.2719224375304498,0.4387644981908428,3.105324751129061,-0.1532972037107302,1,1,1.0731325149536133,-1.3237832349589844,1.8956902662860315,-2.233087202111715,-1.5305636564837855,-0.21472388902773076,0.03470063582062721,-0.0,0.04655484855175018,-0.7715652585029602,-0.00010868071694858372,0.0,1788855751.5774474
4233.066,-0.14032779338984366,-0.5449624014971538,0.2760233645649417,-0.429282753646861,-3.08008167057032,0.25077563218639193,1,1,1.0753428936004639,-1.3238825362971802,1.9062026182757776,-2.3109666309752406,-1.5304954687701624,-0.21472388902773076,0.014803297817707062,-0.0019090225687250495,0.17475196719169617,-0.7027163505554199,-6.232266514416551e-06,0.0,1788855751.6773913
4233.166,-0.13806440565637343,-0.5418879236043578,0.27071771665122796,-0.4253894118189696,-3.069524032365324,0.2846806741252936,1,1,1.0762488842010498,-1.3241566282561799,1.9312995115863245,-2.359504362145895,-1.5303943792926233,-0.21473914781679326,0.02396291308104992,-0.015133548527956009,0.3182911276817322,-0.30024293065071106,0.0018521581077948213,0.0,1788855751.7774096
4233.266,-0.13232026752021772,-0.5323084567571735,0.2586041324898647,-0.42601088129630404,-3.079572237103481,0.2566798264091832,1,1,1.0770856142044067,-1.3289852750352402,1.9685071150409144,-2.371953626672262,-1.5298674742328089,-0.21470433870424444,0.0,-0.08027123659849167,0.42136073112487793,-0.0002723679644986987,0.0005439755041152239,0.0,1788855751.877397
4233.366,-0.12480809821247245,-0.5183108342688684,0.24621789739435246,-0.4291155932497965,-3.0940294723705772,0.21072218792614053,1,1,1.0770306587219238,-1.3421338659575959,2.0140116850482386,-2.372223516503805,-1.52983266512026,-0.21470767656435186,-0.0001172302509075962,-0.1956505924463272,0.46882885694503784,-0.0017000834923237562,0.00014270763495005667,0.0,1788855751.977333
4233.465999999999,-0.1170146741711259,-0.5036769936171364,0.24029646629787382,-0.4309485632188968,-3.1015186182314425,0.18541555629338963,1,1,1.076897382736206,-1.366302178507187,2.0585110823260706,-2.3750392399229945,-1.5299513975726526,-0.21472388902773076,-0.0037553044967353344,-0.2800745368003845,0.41111090779304504,-0.08703845739364624,9.560827721627661e-24,0.0,1788855752.0773597
4233.566,-0.11144094631951336,-0.493203509259556,0.24424886607432955,-0.42850215655905904,-3.089682516032157,0.22258818891972423,1,1,1.076888918876648,-1.3972395819476624,2.094188992177145,-2.4058052502074183,-1.53062612215151,-0.2147429625140589,8.369956776732579e-05,-0.322609543800354,0.30469027161598206,-0.5766323804855347,-0.014347539283335209,0.0,1788855752.1772685
4233.666,-0.1096656662876542,-0.48977388380986775,0.26037653021719115,-0.4187828311311462,-3.0421087078204785,0.36051569670797246,1,1,1.0769847631454468,-1.4299095434001465,2.1184399763690394,-2.495227952996725,-1.5320890585528772,-0.21473580995668584,0.0014000805094838142,-0.32676997780799866,0.1690569818019867,-1.1295788288116455,-0.028043346479535103,0.0,1788855752.2773495
4233.766,-0.10947138405680465,-0.4898272416500832,0.28312723266938045,-0.4040575363957935,-2.969367057762618,0.539836605716213,1,1,1.077650785446167,-1.4593632382205506,2.1322267691241663,-2.6108952961363734,-1.5338380972491663,-0.21473962465395147,0.016985973343253136,-0.2620404064655304,0.12081871181726456,-1.1217252016067505,-0.020603543147444725,0.0,1788855752.3773456
4233.866,-0.1087450938204115,-0.48920682848670294,0.30205883241648435,-0.3897682228371413,-2.8939516486884744,0.6882176946919965,1,1,1.0795785188674927,-1.4797278207591553,2.1433003584491175,-2.7168365917601527,-1.5401962439166468,-0.21470433870424444,0.003306260099634528,-0.1378631740808487,0.10483583807945251,-0.9618040919303894,-0.07815084606409073,0.0,1788855752.4772394
4233.965999999999,-0.10816195148985526,-0.48748692260528176,0.3102603892367747,-0.3820022254058997,-2.840550162925962,0.7823234897689666,1,1,1.0796843767166138,-1.486183763747551,2.157264534627096,-2.799865861932272,-1.5441516081439417,-0.21472007433046514,0.007313774432986975,-0.0021708288695663214,0.1835721880197525,-0.7232679128646851,-0.0004664432199206203,0.0,1788855752.5772543
4234.066,-0.10547078702392378,-0.4833353458538678,0.3082440487947169,-0.3763345728747938,-2.814149711263403,0.8310118886175645,1,1,1.0804628133773804,-1.4860841941884537,2.1812713781939905,-2.862528463403219,-1.544131104146139,-0.21470433870424444,0.0018788931192830205,1.4466000235456527e-31,0.29412415623664856,-0.5419723391532898,-9.918885916704312e-05,0.0,1788855752.677268
4234.166,-0.10093967223010246,-0.4749403448379434,0.2981030968758293,-0.37524087574158177,-2.8087572154825167,0.8407363400574782,1,1,1.0804784297943115,-1.486065075998642,2.2190874258624476,-2.9081126652159632,-1.5441582838641565,-0.2147277037249964,0.00012504987535066903,0.0,0.4534415006637573,-0.3608296513557434,-3.8417550454612156e-32,0.0,1788855752.7772975
4234.266,-0.09420238604824045,-0.46236510484551674,0.2804336717776222,-0.3779306033705422,-2.825790426835059,0.8108413410192505,1,1,1.080437183380127,-1.4860722583583375,2.2694762388812464,-2.9344893894591273,-1.5441120306598108,-0.21473962465395147,-0.0005055335350334644,-4.527057073039333e-30,0.5171484351158142,-0.12919321656227112,-0.0,0.0,1788855752.8772535
4234.366,-0.08725687126694909,-0.449260933334111,0.26144882405400033,-0.3831880763996429,-2.8565956862655226,0.7540663650332923,1,1,1.0802867412567139,-1.4860998404077073,2.3167553583728235,-2.936845441857809,-1.5441396872149866,-0.21473962465395147,-0.003926556557416916,-4.652803098060375e-22,0.41618335247039795,-9.232234151568264e-05,-0.0,0.0,1788855752.977226
4234.465999999999,-0.08266147427349924,-0.44019387652206055,0.2491280972381163,-0.38741108281668907,-2.8771503951507857,0.7140777488988366,1,1,1.0797476768493652,-1.4859607529691239,2.3476837317096155,-2.936761518517965,-1.5441792646991175,-0.21472007433046514,-0.00920126959681511,0.0011672277469187975,0.19863072037696838,0.00022572348825633526,-0.00054427474969998,0.0,1788855753.0771804
4234.566,-0.08180406668433178,-0.4382137381066734,0.24650367446195048,-0.38874071619887957,-2.88135114201906,0.7052776208674045,1,1,1.0793406963348389,-1.4858002600124856,2.354232136403219,-2.9367338619627894,-1.5442631880389612,-0.21472007433046514,-0.008777341805398464,0.00015849093324504793,-0.0014902208931744099,0.00018225153326056898,-0.0001987496652873233,0.0,1788855753.1772218
4234.666,-0.08313323207600115,-0.43797158178534107,0.2463758049786679,-0.3930396700904019,-2.8803596256105357,0.7043329090725478,1,1,1.0763202905654907,-1.4855448764613648,2.354262177144186,-2.9366775951781214,-1.544283692036764,-0.2147277037249964,-0.05076752230525017,0.0029163830913603306,-0.0,0.0001836776646086946,-0.00017242605099454522,0.0,1788855753.277205
4234.766,-0.08626234022810639,-0.4373780826502295,0.2462916974808801,-0.40315473654689316,-2.8776524003154127,0.7028635744484014,1,1,1.0691871643066406,-1.4853651088527222,2.354262177144186,-2.9366208515562953,-1.544295612965719,-0.21471673647035772,-0.08662228286266327,0.0010925756068900228,-0.0,0.0008918665116652846,-0.00017449934966862202,0.0,1788855753.3772304
4234.866,-0.09109641871515786,-0.4364424370932751,0.24599616984034622,-0.41873037445650896,-2.873709434731133,0.7000165094487224,1,1,1.0581774711608887,-1.4847216618112107,2.354262177144186,-2.936458250085348,-1.5443075338946741,-0.21473962465395147,-0.13031071424484253,0.01113828830420971,-0.0,0.00035203027073293924,-0.00018071015074383467,0.0,1788855753.4772222
4234.965999999999,-0.09800701632166214,-0.4350710897042107,0.245273793661731,-0.441024363961722,-2.868244300173049,0.6951910030486746,1,1,1.0424953699111938,-1.4830328983119507,2.354279343281881,-2.936476846734518,-1.544427220021383,-0.21472388902773076,-0.17752620577812195,0.021088669076561928,-0.0,0.0001319635775871575,-0.0012393203796818852,0.0,1788855753.577202
4235.066,-0.10567541611524625,-0.4335706081623799,0.2436746756020185,-0.46571236468808386,-2.863154655373699,0.6872736901641949,1,1,1.0252829790115356,-1.4792590972832222,2.3542586008654993,-2.9364687405028285,-1.5448053518878382,-0.21471673647035772,-0.14422689378261566,0.04728815704584122,-0.0,9.875833347905427e-05,-0.007872398942708969,0.0,1788855753.6771052
4235.166,-0.1094735803564215,-0.4330551029794574,0.24117083098865288,-0.47785136177644655,-2.8627635528218116,0.677739671055678,1,1,1.0172827243804932,-1.473383129840233,2.3542657534228724,-2.936488767663473,-1.5458558241473597,-0.2147429625140589,-0.016531672328710556,0.07531861215829849,-0.0,2.4242463432819335e-43,-0.005744487512856722,0.0,1788855753.777116
4235.266,-0.10970385786870451,-0.43353317452903134,0.23811539806598614,-0.47861816680600666,-2.8674822677919454,0.6685761833780436,1,1,1.0174314975738525,-1.466223807340004,2.354271952305929,-2.936482091943258,-1.5459635893451136,-0.21471149126161748,0.0024165480863302946,0.05982149764895439,-0.0,0.0,-0.0002762806252576411,0.0,1788855753.8770895
4235.366,-0.10984487277394095,-0.4338548440294606,0.23606884996280222,-0.47902956855524786,-2.8706864421425187,0.6624497658913869,1,1,1.0175461769104004,-1.4614179518869896,2.354250733052389,-2.9364544353880824,-1.5459802786456507,-0.21473580995668584,0.0003818485129158944,0.034295182675123215,-6.227917053597265e-12,0.0,-0.00012539127783384174,0.0,1788855753.9770854
4235.465999999999,-0.10991455986977358,-0.43394556948474444,0.2354693322356426,-0.4792591155491299,-2.8715770924690704,0.6606958114107293,1,1,1.017517328262329,-1.459990644162037,2.354239288960592,-2.936495920220846,-1.545978848134176,-0.21472388902773076,-0.00012493625399656594,0.0006254451000131667,-0.0001184639913844876,0.0,-7.30375832063146e-05,0.0,1788855754.0770307
4235.566,-0.1098946251296072,-0.43395190538412043,0.23548281429959222,-0.4791669330385208,-2.8715856369823847,0.6607223248781349,1,1,1.0175652503967285,-1.460018241112568,2.354226891194479,-2.9364735088744105,-1.5459802786456507,-0.21473962465395147,-7.230700075916056e-43,1.3667129650229981e-09,-0.00015351205365732312,0.0,-1.4997993957877043e-07,0.0,1788855754.1769867
4235.666,-0.10990641169772401,-0.43396487069023093,0.2354964645299073,-0.47915983462208295,-2.8714719263823563,0.660658824966763,1,1,1.0175890922546387,-1.4600063127330323,2.354168478642599,-2.9364496670165003,-1.5461142698871058,-0.21473962465395147,0.0005115513922646642,0.0,-0.0006542004412040114,0.0,-0.0015424640150740743,0.0,1788855754.277023
4235.766,-0.10996259246558485,-0.43403042883749293,0.2356013499281112,-0.4791494501579864,-2.871189958246332,0.6609318348219887,1,1,1.0175856351852417,-1.460030273800232,2.3539229075061243,-2.9364615879454554,-1.546232048665182,-0.2147429625140589,0.0007268579211086035,0.0,-0.0013213376514613628,0.0,-0.0041071767918765545,0.0,1788855754.3769941
4235.866,-0.10982567383136604,-0.4339270111106088,0.23558259814435784,-0.4785161058934339,-2.8682256783038915,0.6580224016471927,1,1,1.0187275409698486,-1.460030273800232,2.353954855595724,-2.9364615879454554,-1.5504997412311,-0.21472007433046514,0.007842721417546272,0.0,-0.00011652572720777243,0.0,-0.08525079488754272,0.0,1788855754.4769943
4235.965999999999,-0.11091829224392122,-0.43330271995980957,0.23558223614707696,-0.48129230928059996,-2.8580638204927338,0.6490187302046141,1,1,1.0187017917633057,-1.4600099262646218,2.353858534489767,-2.9363261661925257,-1.5630033651935022,-0.21470433870424444,-0.0005588258500210941,0.0,-0.0025671699550002813,0.0022684289142489433,-0.1572406142950058,0.0,1788855754.5769866
4236.066,-0.11242799945833887,-0.43242623407805286,0.23561563507003652,-0.48497510646789355,-2.8437483120050877,0.6365530085916303,1,1,1.0187087059020996,-1.459978775387146,2.3537188212024134,-2.936209817925924,-1.5805347601519983,-0.21473962465395147,-2.3774940927978605e-05,6.338123785099015e-05,-0.000440964155131951,0.0003638373746071011,-0.1662621945142746,0.0,1788855754.676904
4236.166,-0.11310462981102891,-0.43206641590183603,0.23568881355948135,-0.4866393316218849,-2.837431442090953,0.6313795401235975,1,1,1.0186883211135864,-1.4599942725947876,2.353570524846212,-2.936193128625387,-1.5881183783160608,-0.21470433870424444,-0.00016585482808295637,0.0,-0.0034134110901504755,0.00023775036970619112,-0.0006141297635622323,0.0,1788855754.7769535
4236.266,-0.11321179688034808,-0.4322171234352235,0.23590165182304912,-0.48660254937856834,-2.8370376413473033,0.6320758839944738,1,1,1.0186657905578613,-1.4600218099406739,2.3530474344836634,-2.936209817925924,-1.5881412664996546,-0.21471673647035772,4.553447070065886e-05,0.0,-0.010731546208262444,7.452433055732399e-05,-0.00010453606955707073,0.0,1788855754.8769257
4236.366,-0.11378712575141371,-0.4331609381202768,0.23709756602366885,-0.4862505318581536,-2.8350640217984346,0.636036614190077,1,1,1.0186727046966553,-1.4600099337152024,2.349872891102926,-2.936154981652731,-1.5881012121783655,-0.21473914781679326,7.770900633913273e-41,0.0,-0.06273060292005539,1.9476037581282622e-28,-2.313225782799022e-12,0.0,1788855754.9769337
4236.465999999999,-0.115661359447852,-0.4362066974123731,0.2410461233491229,-0.48522056810163544,-2.828367192902643,0.6490304010307222,1,1,1.0186933279037476,-1.4599978488734742,2.339538637791769,-2.936122556725973,-1.5881169478045862,-0.21473914781679326,0.0,0.0,-0.13752694427967072,0.00022359461581800133,-0.0,0.0,1788855755.076869
4236.566,-0.11802199015963438,-0.4400074168677583,0.2458507946799105,-0.48415626823741054,-2.8210315600578144,0.6631144458191413,1,1,1.0186692476272583,-1.4598385852626343,2.326273266469137,-2.9341989956297816,-1.588097874318258,-0.21473580995668584,0.0,0.005787586327642202,-0.11556190997362137,0.07153492420911789,-0.0,0.0,1788855755.176816
4236.666,-0.11946615674626294,-0.4423403422808532,0.2471208953737291,-0.4850230923542816,-2.8266499013347124,0.6521659612828292,1,1,1.0186933279037476,-1.4593196374228974,2.3161054293261927,-2.9158956013121546,-1.5881217161761683,-0.2147429625140589,0.0,0.0039357515051960945,-0.09582177549600601,0.31028664112091064,-0.0,0.0,1788855755.2766738
4236.766,-0.1197416925856154,-0.44274416476834183,0.24393831550791586,-0.4887725557713242,-2.8503711035066837,0.6051215251435568,1,1,1.0187036991119385,-1.459199697976448,2.3090489546405237,-2.8719407520689906,-1.5881412664996546,-0.21470433870424444,0.0,0.00045281046186573803,-0.031900323927402496,0.5615867972373962,-0.0,0.0,1788855755.3768363
4236.866,-0.11841897697134154,-0.44058974979660837,0.23687369502210862,-0.49391809895764827,-2.8842547899584696,0.5342995247441884,1,1,1.0187722444534302,-1.459187814300396,2.308331553136007,-2.816324373284811,-1.5882023016559046,-0.21470433870424444,0.00024778314400464296,0.00010925363312708214,-0.0003596780588850379,0.4923830032348633,-0.0009950358653441072,0.0,1788855755.476826
4236.965999999999,-0.11762116943734977,-0.43920686559103345,0.23312475005722488,-0.4965869003701398,-2.90133616892551,0.49635179665440027,1,1,1.0187362432479858,-1.4592105162194748,2.3083227316485804,-2.787333150903219,-1.5883649031268519,-0.21473580995668584,1.4203961882230942e-06,6.343547903083597e-15,-1.845305943346571e-18,0.02252119779586792,-0.0002943113213405013,0.0,1788855755.5766976
4237.066,-0.11760313615625625,-0.439215909396939,0.23316163695826864,-0.4964863349085674,-2.901279468949088,0.49666432445925435,1,1,1.0187687873840332,-1.4592549738338967,2.3083351294146937,-2.7875071964659632,-1.5883062521563929,-0.21475488344301397,0.00018196803284808993,-0.00014487183943856508,-2.313817458343692e-05,-0.0015570911346003413,-8.269547106465325e-05,0.0,1788855755.676838
4237.166,-0.11728666793456774,-0.4392811076623584,0.23317222565142692,-0.4955609220663846,-2.901511143960135,0.4968326823408285,1,1,1.0194674730300903,-1.4593112033656617,2.3083863894092005,-2.787553449670309,-1.588313404713766,-0.21470433870424444,0.015895497053861618,-0.00018701008229982108,0.00026065154816024005,-0.0002270408731419593,-2.7761319475583795e-34,0.0,1788855755.7767775
4237.266,-0.11640701941524338,-0.439490615677294,0.2331554648014923,-0.492736371469883,-2.902380545153989,0.4970014743448996,1,1,1.0214293003082275,-1.4593459379724045,2.308439318333761,-2.7874661884703578,-1.5882657209979456,-0.21472388902773076,0.011158183217048645,-0.00013340465375222266,0.00028083051438443363,-3.51324379153084e-05,-0.0,0.0,1788855755.87678
4237.366,-0.11637516731629999,-0.4394830219924713,0.23310599114537908,-0.49271865332578807,-2.9025575638678185,0.49683478505582707,1,1,1.0214653015136719,-1.4592992824367066,2.308488670979635,-2.7873898945250453,-1.5881903807269495,-0.21470433870424444,-0.0009850618662312627,-8.273378510059715e-12,6.356454105116427e-05,0.0006894769612699747,0.00015599328617099673,0.0,1788855755.9767716
4237.465999999999,-0.11637400623033865,-0.43946438036263735,0.23308383170482075,-0.49275976925699205,-2.9026453053893757,0.49671154430289727,1,1,1.0214362144470215,-1.4593100485256691,2.3085313479052942,-2.7873107395567835,-1.5881508032428187,-0.21470767656435186,-0.00016774290998000652,0.0,0.00024259413476102054,0.00015766371507197618,9.280700760427862e-05,0.0,1788855756.076817
4237.566,-0.11639492152841183,-0.4394744357378009,0.23309112859225709,-0.4927996357745533,-2.902595919800126,0.49677559891396333,1,1,1.0214089155197144,-1.4592836287668725,2.3084993998156946,-2.7873603306212367,-1.5881579558001917,-0.21470433870424444,-0.00015743491530884057,0.0,7.116976485121995e-05,7.298512355191633e-05,6.715171912219375e-05,0.0,1788855756.176758
4237.666,-0.11639742150143981,-0.4394446179481,0.23306903978549742,-0.4928309381213056,-2.9026107941397905,0.4966395385471998,1,1,1.0213744640350342,-1.4593064498952408,2.308570210133688,-2.7873245678343714,-1.5881851355182093,-0.21472388902773076,-9.240952203981578e-05,0.0,0.0002176030830014497,0.000181323746801354,2.3422011926059572e-36,0.0,1788855756.276699
4237.766,-0.11641990768122845,-0.43943497053652286,0.23303164509950614,-0.4929253650918404,-2.9026817931759257,0.49646824764705805,1,1,1.0213146209716797,-1.4592513603023072,2.308582607899801,-2.787258287469381,-1.5881665388690394,-0.21472388902773076,-0.0018275100737810135,3.3823561422947407e-40,0.00021797281806357205,0.0002555572136770934,0.0,0.0,1788855756.3764954
4237.866,-0.11644665430145748,-0.4394315442545811,0.23302528430580258,-0.4929892466357455,-2.902675562073823,0.4963902333565866,1,1,1.0212616920471191,-1.4592357289842148,2.3085666338550013,-2.78721346477651,-1.5881817976581019,-0.21473580995668584,-0.0001879585033748299,0.0,0.00010530716826906428,0.00041183800203725696,0.0,0.0,1788855756.4766147
4237.965999999999,-0.11653850694798104,-0.4393345829115857,0.23295401274931737,-0.4934300755745639,-2.9026902319435677,0.4960228816534776,1,1,1.0209689140319824,-1.4592632812312623,2.3087547461139124,-2.787133356133932,-1.5881970564471644,-0.21473580995668584,-0.003198886290192604,5.075078812061262e-13,0.0003321291005704552,0.00010358365398133174,9.496618274651227e-21,0.0,1788855756.5765886
4238.066,-0.11609711695592549,-0.43981587305740105,0.23405239593212912,-0.49078724185677136,-2.8992967441281428,0.5055475716088436,1,1,1.0223543643951416,-1.4598061826876183,2.3086450735675257,-2.793480535546774,-1.5879829565631312,-0.21474773088564092,0.0456085242331028,-0.008706408552825451,-0.0002478625683579594,-0.20333163440227509,0.00604158453643322,0.0,1788855756.6766593
4238.166,-0.11466971538931714,-0.4422098240815064,0.2392002968162935,-0.4793802729901275,-2.8783286287574406,0.5570648939601158,1,1,1.0279239416122437,-1.4601346042803307,2.3086920420276087,-2.8319999180235804,-1.5878737608539026,-0.21473962465395147,0.01660226099193096,0.00019753062224481255,-8.353750308742747e-05,-0.4186675548553467,0.00029985906439833343,0.0,1788855756.7765725
4238.266,-0.11571536828682524,-0.4432693922777083,0.24273404169874246,-0.47804823123833284,-2.8614818798635433,0.5915778701448373,1,1,1.0270984172821045,-1.4600866746953507,2.308667246495382,-2.8588367901244105,-1.5878585020648401,-0.21474773088564092,-0.018574770539999008,0.00031111136195249856,7.840839680284262e-05,-0.02458084188401699,8.077903476078063e-05,0.0,1788855756.8765032
4238.366,-0.11600194048818369,-0.4431682134417559,0.24270776303307207,-0.47902448311798645,-2.861268192247512,0.5912435955069434,1,1,1.0264307260513306,-1.4601092872074624,2.308718506489889,-2.8587147198119105,-1.5879014174090784,-0.21473580995668584,0.0007786722853779793,2.3916803911561146e-05,0.0001056808905559592,0.0001678939297562465,4.6289455837019144e-36,0.0,1788855756.9764807
4238.465999999999,-0.11581630063821727,-0.4432058452106339,0.24262075442432518,-0.47844215111702054,-2.8616530270695595,0.590926539750374,1,1,1.026829719543457,-1.4599942800453682,2.308758322392599,-2.8585578403868617,-1.5878704229937952,-0.21476680437196904,0.015146463178098202,-0.00011722042836481705,0.00019957023323513567,3.2014111639000475e-05,0.0,0.0,1788855757.0764482
4238.566,-0.11361804246463347,-0.4437720315427513,0.24257181667976085,-0.4714881191134869,-2.863735562951327,0.5916849706955831,1,1,1.0317745208740234,-1.4599019971540947,2.308798138295309,-2.858612676660055,-1.5878313223468226,-0.2147753874408167,0.059644799679517746,0.004855748265981674,0.00018577174341771752,-5.5361215345328674e-05,4.950286083460379e-25,0.0,1788855757.1765258
4238.666,-0.11288067745106921,-0.4440173608673482,0.24248211315530077,-0.4690866939494406,-2.864537399698878,0.5917553837378774,1,1,1.033502221107483,-1.459603564148285,2.3087034861194056,-2.858645101586813,-1.5878313223468226,-0.21476775804628545,-0.0006346475565806031,0.00016558812058065087,-0.00031456249416805804,-4.362420804682188e-05,5.428086296888068e-05,0.0,1788855757.2764595
4238.766,-0.1129713459491139,-0.44402078307091597,0.24250443854000475,-0.4693498372254598,-2.8644134004359216,0.5917868429129594,1,1,1.0333343744277954,-1.459586815243103,2.308626715336935,-2.8586417637267054,-1.5878551642047327,-0.21474868455995733,-0.00035021669464185834,0.0001511216687504202,-0.0018821136327460408,-0.0,1.208089351282088e-35,0.0,1788855757.376519
4238.866,-0.11306105685771548,-0.4441258446313506,0.24263749557337466,-0.4693505368102423,-2.864190542059302,0.5921485524534496,1,1,1.033286452293396,-1.4595664155534287,2.308244053517477,-2.858581682244772,-1.5878751913653772,-0.21477872530092412,-0.00018313560576643795,0.00019711340428330004,-0.007664605043828487,-0.0,-3.0828566215145976e-44,0.0,1788855757.4765077
4238.965999999999,-0.11317708712597274,-0.44429540570385695,0.2428341259631417,-0.46934464371073836,-2.863829044903327,0.5927373662651275,1,1,1.033271074295044,-1.4595030111125489,2.307662312184469,-2.858554025689596,-1.587933365498678,-0.2147753874408167,-4.641808118321933e-05,0.002276365179568529,-0.010847453959286213,-7.407180973634238e-28,-8.39450819967169e-09,0.0,1788855757.5764747
4239.066,-0.11382009682436346,-0.44538380911560344,0.24420532144110757,-0.4690727413529949,-2.861621449482167,0.5972881044655703,1,1,1.033286452293396,-1.4593423020890732,2.3040011564837855,-2.8585854969420375,-1.587933365498678,-0.21473199525942022,-6.218733332244775e-38,0.0003278086078353226,-0.08562967926263809,-0.0,-0.0,0.0,1788855757.6764672
4239.166,-0.11570037844225231,-0.44998701322264,0.2505734954654848,-0.46509262499117643,-2.8509204770819805,0.6207607814636009,1,1,1.0349576473236084,-1.4595495921424408,2.2891703287707728,-2.861617704431051,-1.5879061857806605,-0.21474057832826787,0.061372313648462296,-0.0017312203999608755,-0.19853247702121735,-0.10621345043182373,-0.0,0.0,1788855757.7764444
4239.266,-0.11099228445052939,-0.4585166922472919,0.26209405369432154,-0.43491027247151287,-2.8276394190939826,0.6852002916270531,1,1,1.0535266399383545,-1.4595664230040093,2.2702563444720667,-2.8905850849547328,-1.5878942648517054,-0.214759651814596,0.3025752604007721,-0.00015832023927941918,-0.12971919775009155,-0.48957276344299316,-0.0,0.0,1788855757.8764167
4239.366,-0.09580539794170922,-0.4651111759383575,0.272157724059543,-0.379340139044182,-2.7977243623510737,0.777042736714197,1,1,1.0897018909454346,-1.4595101487687607,2.266865078602926,-2.9541708431639613,-1.5879014174090784,-0.21476346651186162,0.3820241689682007,0.00044887125841341913,0.000358284218236804,-0.649580717086792,-0.0,0.0,1788855757.9764166
4239.465999999999,-0.08169509002916447,-0.4690604482690886,0.279040487132114,-0.33262104675018245,-2.776006775816589,0.8464438130004065,1,1,1.1210947036743164,-1.459438146357872,2.266880814229147,-3.004085203210348,-1.5878942648517054,-0.21476346651186162,0.21324898302555084,0.00010875735461013392,0.00010070048301713541,-0.28858646750450134,-0.0,-0.0,1788855758.0763457
4239.566,-0.07644473332397578,-0.47008208740143453,0.2800831998971446,-0.31668774528028076,-2.7748995202148063,0.8589644948178129,1,1,1.1324037313461304,-1.4593626794270058,2.2670286337481897,-3.0122491321959437,-1.587933365498678,-0.214759651814596,0.03495641425251961,0.0032191399950534105,0.0030380659736692905,0.0004686130560003221,-2.096603020618204e-05,-0.0,1788855758.1763241
4239.666,-0.07627819663672791,-0.4701006217243125,0.2799786834775997,-0.31623819440581247,-2.775145563663911,0.8587668460824779,1,1,1.1327595710754395,-1.4591997277787705,2.2671192328082483,-3.012301107446188,-1.5879781881915491,-0.21475583711733037,-0.0010983950924128294,0.004065404646098614,0.00034598124329932034,3.1265048164641485e-05,-8.783354860497639e-05,-0.0,1788855758.2762616
4239.766,-0.07634287248185259,-0.4701720725014406,0.27960635697054514,-0.31636019025831424,-2.7756398512399465,0.8576507877691607,1,1,1.1327170133590698,-1.458410122697689,2.2671359221087855,-3.012273450891012,-1.588069264088766,-0.21477157274355108,-0.00044077279744669795,0.018986262381076813,0.0001611064508324489,7.078872915284695e-26,-0.0007272586226463318,-0.0,1788855758.3762445
4239.866,-0.07670187027355913,-0.47082203030990233,0.2765948095101343,-0.3169653915046001,-2.7800916749306293,0.8491481343251841,1,1,1.1326534748077393,-1.4519207415035744,2.2671759764300745,-3.0121332607665003,-1.5882981459247034,-0.214759651814596,-0.0005007079453207552,0.12045979499816895,0.000183442811248824,0.0009909420041367412,-0.0008932506898418069,-0.0,1788855758.4763198
4239.965999999999,-0.07758171151585463,-0.472725455607579,0.2677365774631456,-0.3181039304823,-2.793364987991129,0.8249629320707759,1,1,1.1326690912246704,-1.4326752585223694,2.267196003590719,-3.0121571026244105,-1.5883410612689417,-0.21478778520692998,-4.3470514356158674e-05,0.24745990335941315,0.00018000093405134976,3.4650609450181946e-05,-0.00015306724526453763,-0.0,1788855758.576334
4240.066,-0.07898118085263771,-0.4751403798027015,0.25513972883906083,-0.3205410797215523,-2.8116120942179523,0.7904248304439461,1,1,1.132128357887268,-1.4053788793138047,2.267144028340475,-3.0121976337828578,-1.5883734861956995,-0.21475583711733037,-0.009428921155631542,0.2893381118774414,3.600006311899051e-05,-0.00032972500775940716,-0.0001431715936632827,-0.0,1788855758.6762676
4240.166,-0.08035331143824287,-0.4771948098657416,0.24268690173041296,-0.3232171925209782,-2.828860995473304,0.7565304355178881,1,1,1.1313174962997437,-1.3784420502236863,2.267136875783102,-3.012700220147604,-1.5884044806109827,-0.214759651814596,-0.008650376461446285,0.23369349539279938,-0.0,-0.01747920922935009,-8.250473911175504e-05,-0.0,1788855758.7763002
4240.266,-0.08215201178152787,-0.4784200829294806,0.23514154645092922,-0.3271777941872547,-2.835402062268601,0.7408985873369375,1,1,1.1289962530136108,-1.3604316723397751,2.26716119447817,-3.0190636120238246,-1.5887206236468714,-0.21476298967470342,-0.05037947744131088,0.11082974821329117,-0.0,-0.15026621520519257,-0.0015344879357144237,-0.0,1788855758.876207
4240.366,-0.08836835700048072,-0.4780042096761886,0.2351636472846772,-0.3436597872569659,-2.8176114334119107,0.7491036101760783,1,1,1.118173599243164,-1.3555131417563935,2.267154041920797,-3.035874982873434,-1.5960457960711878,-0.214759651814596,-0.1536998599767685,0.003413897706195712,-0.0,-0.11947067081928253,-0.20845195651054382,-0.0,1788855758.9761882
4240.465999999999,-0.09885577279553699,-0.4750274476486016,0.23568027653946344,-0.3752146411561896,-2.7809929519693206,0.72579548687523,1,1,1.102837324142456,-1.35541387022052,2.267136875783102,-3.038868089715475,-1.6315353552447718,-0.2147753874408167,-0.12445385754108429,0.0032225600443780422,-0.0,-5.78028412217017e-16,-0.4667540490627289,-0.0,1788855759.0761075
4240.566,-0.10594547037932184,-0.4721215509793967,0.23579426076281557,-0.39735609059166804,-2.741522312103287,0.69312358392185,1,1,1.0962185859680176,-1.3550034624389191,2.267190758381979,-3.0387422047057093,-1.677204434071676,-0.214759651814596,-0.01625269465148449,0.004281727597117424,-0.0,0.0010527983540669084,-0.30163225531578064,-0.0,1788855759.1761837
4240.666,-0.10651402784384062,-0.47188909265478785,0.23554846668195012,-0.39909086097968244,-2.737473395089695,0.6886573578935509,1,1,1.096052885055542,-1.3543488395265122,2.267136875783102,-3.038656850854391,-1.6825998465167444,-0.21476346651186162,-6.865686737000942e-05,0.0069906264543533325,-0.0,0.00091286696260795,0.0003402942093089223,-0.0,1788855759.2761974
4240.766,-0.10657738181270478,-0.4720330173466679,0.23437700625583002,-0.3991048332903772,-2.7392897224976016,0.6854128110474145,1,1,1.096042513847351,-1.3519461911967774,2.2671688238727015,-3.0384208164610804,-1.6824644247638147,-0.21474773088564092,4.0407707274425775e-05,0.05446245148777962,-0.0,0.001573153305798769,0.0005635219858959317,-0.0,1788855759.3761415
4240.866,-0.10692433700006101,-0.47269333857070467,0.22925320952479022,-0.39916967412137483,-2.746364557226634,0.6715522121054106,1,1,1.0960115194320679,-1.3410881769708176,2.2671688238727015,-3.0381938419737757,-1.6824300924884241,-0.21476346651186162,-1.4469698726315983e-05,0.16581718623638153,-0.0,0.0010517765767872334,0.00012088112998753786,-0.0,1788855759.4761906
4240.965999999999,-0.107473437558856,-0.4738269260557865,0.21992910617758119,-0.39922832738618164,-2.7587594733719976,0.6468229278437501,1,1,1.0960578918457031,-1.321138010626175,2.2670963446246546,-3.038384576837057,-1.6824339071856897,-0.21472484270204717,0.0,0.20506857335567474,-0.0002820132940541953,6.546121252106837e-20,2.6286145404735918e-22,-0.0,1788855759.5761495
4241.066,-0.10791885626294588,-0.47467522549148333,0.21148503926726314,-0.3992318261171103,-2.769789651588027,0.6241651044853919,1,1,1.0960338115692139,-1.3031910222819825,2.2670849005328577,-3.0384327373900355,-1.6824801603900355,-0.2147753874408167,0.0,0.13984109461307526,-0.00010360193118685856,-0.0003672778548207134,0.0,-0.0,1788855759.676149
4241.166,-0.108176789370855,-0.4750123530183371,0.20783816327717897,-0.39946166348617673,-2.774335771965546,0.6145953075923589,1,1,1.0958662033081055,-1.2953411501697083,2.26703387895693,-3.0387169323363246,-1.6824763456927698,-0.2147753874408167,-0.005903660785406828,0.018277373164892197,-0.0002823966497089714,-0.00027350892196409404,0.0,-0.0,1788855759.776121
4241.266,-0.10916586916065815,-0.47480859986199264,0.20783296270912155,-0.40231235069982263,-2.7735423167058615,0.6141342800847537,1,1,1.0938115119934082,-1.2952799958041687,2.266979996358053,-3.0387479267516078,-1.6825054327594202,-0.2147443930255335,-0.02456408366560936,-0.00010559336078586057,-0.00045598438009619713,-0.00010479857883183286,2.4548840351580336e-34,-0.0,1788855759.8760974
4241.366,-0.11120067287471963,-0.47436508425446827,0.20785998184102358,-0.40809592564265434,-2.7719137306928525,0.6131912730859989,1,1,1.089558720588684,-1.2952799660018464,2.2668946425067347,-3.03872074703359,-1.6825359503375452,-0.21475583711733037,-0.051649630069732666,-3.210740032955073e-05,-0.0023474711924791336,-2.3059925875655658e-38,0.0,-0.0,1788855759.9760773
4241.465999999999,-0.11290921547721082,-0.474093080610536,0.2079769327210125,-0.4128361221847154,-2.7704166815133573,0.6127899114162871,1,1,1.086087703704834,-1.2952573162368317,2.266531769429342,-3.038708349267477,-1.682545010243551,-0.2147443930255335,-0.017409291118383408,0.0,-0.0031246596481651068,-0.0,0.0,-0.0,1788855760.0760586
4241.566,-0.11344720338476089,-0.47444900535555357,0.20844356032092692,-0.41371276028481796,-2.769383218708972,0.6142402960947515,1,1,1.0854343175888062,-1.2952489417842408,2.2651880423175257,-3.0386458835997523,-1.6825535933123987,-0.21474773088564092,-0.005916176829487085,-2.0443036152784089e-10,-0.03655408322811127,-3.650690728293392e-27,0.0,-0.0,1788855760.1760304
4241.666,-0.11553971495040838,-0.47681786789364244,0.21128191103731364,-0.41574710827932665,-2.7639076305270582,0.6238674671223456,1,1,1.0838723182678223,-1.2952284973910828,2.25722581544985,-3.038622041741842,-1.6825535933123987,-0.21476298967470342,-0.018897229805588722,0.00012010024511255324,-0.1309954971075058,-0.0,-2.802596928649634e-44,-0.0,1788855760.276004
4241.766,-0.11872224977616068,-0.4819460294813962,0.21700934606404307,-0.41676499987764604,-2.7541374744554994,0.642552705288339,1,1,1.083042860031128,-1.2949631077102204,2.240574661885397,-3.037283559838766,-1.6826284567462366,-0.21474773088564092,-0.0013018458848819137,0.005878619849681854,-0.15321390330791473,0.05347058176994324,-0.00014897641085553914,-0.0,1788855760.3759754
4241.866,-0.1198102640409726,-0.4838436302977882,0.21626428241877632,-0.41712817542425334,-2.765203333463781,0.6195325897914105,1,1,1.0829604864120483,-1.2940891546062012,2.231838051472799,-3.0112811527647914,-1.682784382496969,-0.21476298967470342,-0.002839433727785945,0.012725423090159893,-0.03784647956490517,0.4943360388278961,-0.00043564510997384787,-0.0,1788855760.475955
4241.965999999999,-0.11970935360713846,-0.48294778705379443,0.20951538561076732,-0.4184107403237524,-2.7947257025510472,0.5565625136868478,1,1,1.0823277235031128,-1.2917512518218537,2.2288664023028772,-2.961301942864889,-1.6827686468707483,-0.2147753874408167,-0.014236679300665855,0.03271621838212013,-0.04679695889353752,0.3827574849128723,-0.00010096019104821607,-0.0,1788855760.5759363
4242.066,-0.12148216035899159,-0.4855943892352021,0.21077830081715032,-0.4193387911064474,-2.796650204171321,0.5516982216889214,1,1,1.0816757678985596,-1.2901886862567444,2.2190097014056605,-2.9493309460081996,-1.6827448050128382,-0.21477872530092412,-0.005385321564972401,0.00013931015564594418,-0.14958757162094116,-0.0036987178027629852,-5.891185541405871e-31,-0.0,1788855760.675921
4242.166,-0.1245204898403398,-0.4910713536466785,0.21711010418766508,-0.41956798396775397,-2.7865355690435094,0.5731216806242269,1,1,1.081472396850586,-1.290009157066681,2.2015202681170862,-2.9488326511778773,-1.6827719847308558,-0.214759651814596,-0.0036660952027887106,0.005155656486749649,-0.16310055553913116,0.006807474885135889,-0.0,-0.0,1788855760.7759368
4242.266,-0.1260986751677479,-0.4938533961822277,0.21848388579071493,-0.4198410526181816,-2.7888569440661017,0.5679048115378057,1,1,1.0813199281692505,-1.2883979839137574,2.1911962668048304,-2.936080118218893,-1.6827753225909632,-0.21475106874574834,-0.00025164062390103936,0.01629696413874626,-0.04720204323530197,0.28788501024246216,-0.0,-0.0,1788855760.8758848
4242.366,-0.12610560543572064,-0.49376385710787757,0.2152183165855683,-0.4201202841942457,-2.804365184794388,0.5338965616323921,1,1,1.0812616348266602,-1.2869508129409333,2.187998119984762,-2.9078575573363246,-1.6828115622149866,-0.2147443930255335,-0.00010053312144009396,0.010040774010121822,-0.03837509825825691,0.07809767872095108,-4.618940965112322e-15,-0.0,1788855760.975904
4242.465999999999,-0.1273196605367711,-0.4958555283265001,0.21753918901468694,-0.42034354169544913,-2.800704427785671,0.5417504637631858,1,1,1.0810890197753906,-1.2865735751441498,2.181269947682516,-2.90764917949819,-1.6828115622149866,-0.21474057832826787,-0.00023539407993666828,5.92655960645061e-05,-0.08593233674764633,0.00013237517850939184,-0.00010868538811337203,-0.0,1788855761.0758975
4242.566,-0.1282821681512741,-0.4976567301713432,0.21969513900336204,-0.42031994552093943,-2.7974763023719236,0.5488129595409267,1,1,1.0810855627059937,-1.286546067600586,2.175439182912008,-2.907346864739889,-1.6827963034259241,-0.2147443930255335,-8.207030623452738e-05,0.00014809025742579252,-0.019797710701823235,0.0028631531167775393,-6.509897127111343e-16,-0.0,1788855761.1758316
4242.666,-0.12830974599988865,-0.49772430224657177,0.21963842488636143,-0.4202936903419873,-2.797589850857467,0.5485352274904971,1,1,1.0811043977737427,-1.2863291662982483,2.175235096608297,-2.9071504078307093,-1.6828153769122522,-0.21474773088564092,-2.9970512701792493e-32,0.0006101199542172253,2.2505537344841287e-05,0.00023594454978592694,-0.0,-0.0,1788855761.2758663
4242.766,-0.1283060757171589,-0.4977277073847671,0.21946515195229815,-0.42028634495008954,-2.7978295316274346,0.5480318145825562,1,1,1.0811131000518799,-1.2860242587378998,2.175270382558004,-2.9070941410460414,-1.6828115622149866,-0.2147443930255335,0.0,0.004222401883453131,-0.0,0.0007217487436719239,-0.0,-0.0,1788855761.3758414
4242.866,-0.12832001482806038,-0.4977826879249851,0.21839607449541254,-0.4202517276621616,-2.7995169467685677,0.5443635269123531,1,1,1.081140398979187,-1.2841483515552063,2.175274674092428,-2.906114240685934,-1.6828153769122522,-0.21474773088564092,0.0,0.04212719202041626,-0.0,0.02799369767308235,-0.0,-0.0,1788855761.4758496
4242.965999999999,-0.128435719473212,-0.4979757933283259,0.21468424033907818,-0.420300484812775,-2.805069231773918,0.5319486586491091,1,1,1.081130027770996,-1.2774966222098847,2.1752541700946253,-2.903128286401266,-1.6828902403460901,-0.2147443930255335,0.00010336974082747474,0.07908735424280167,-0.0,0.00038157490780577064,-0.0011691513936966658,-0.0,1788855761.5758054
4243.066,-0.12860520434948366,-0.4983196346702419,0.21107716197379817,-0.4202652450572994,-2.8092688550389386,0.5227350503094795,1,1,1.081140398979187,-1.2702359420112153,2.1752012411700647,-2.9031645260252894,-1.682852570210592,-0.21474773088564092,-7.073135202517733e-05,0.06726043671369553,-0.0006345807923935354,-4.414992145029828e-05,-0.00011868874571518973,-0.0,1788855761.6757421
4243.166,-0.12892845556427798,-0.4988285961698545,0.20902589243884906,-0.4203831977746774,-2.811445681518592,0.5178029984054757,1,1,1.0810426473617554,-1.2653827232173462,2.1742032209979456,-2.903208395043844,-1.682840649281637,-0.21475106874574834,-0.0002829768054652959,0.02986874058842659,-0.02473381720483303,-7.186566654127091e-05,-1.0669382022431838e-19,-0.0,1788855761.77659
4243.266,-0.12970334075802492,-0.500243939987844,0.21009214831709044,-0.42040397877188695,-2.809617735955509,0.5218402056217114,1,1,1.0810085535049438,-1.2642969352057953,2.1698387304889124,-2.9030686817564906,-1.682840649281637,-0.21476298967470342,-0.0012143017956987023,0.008868249133229256,-0.06062038242816925,-4.346338637779241e-18,-0.0,-0.0,1788855761.8757493
4243.366,-0.13095536401314042,-0.5025311763560157,0.21135087159502822,-0.42048286723389594,-2.8072410267646464,0.5270097648807889,1,1,1.0809571743011475,-1.2616956394961854,2.1628597418414515,-2.9027210674681605,-1.682859245930807,-0.21474773088564092,-0.00018674597959034145,0.04051041975617409,-0.07179868221282959,0.0010036318562924862,-0.0,-0.0,1788855761.9757407
4243.465999999999,-0.13226719691085778,-0.5049358014535855,0.21091807698505957,-0.4205331775519613,-2.806688734663724,0.528179698332546,1,1,1.0809026956558228,-1.2557519537261506,2.155997101460592,-2.902720113793844,-1.682852570210592,-0.21474773088564092,-0.0001750725059537217,0.07614362239837646,-0.061033181846141815,0.00017185579054057598,-0.0,-0.0,1788855762.0756524
4243.566,-0.1335113659497034,-0.5072645684767021,0.20910368297135612,-0.42052936642615196,-2.807653235106012,0.5256931238157021,1,1,1.0809214115142822,-1.2475134593299408,2.14968187013735,-2.9027801952757777,-1.682990852986471,-0.21473247209657842,-6.865833711344749e-05,0.06489811092615128,-0.07135140150785446,4.421358971740119e-05,-0.0037166099064052105,-0.0,1788855762.1756227
4243.666,-0.13482118726369086,-0.5096412333634085,0.21048456658121079,-0.42060178995210623,-2.8049412931195445,0.5312435784351185,1,1,1.0808804035186768,-1.244920329456665,2.1423705259906214,-2.90246119121694,-1.683148209248678,-0.2147286573993128,-0.0025162030942738056,0.004569432698190212,-0.0661097913980484,0.018476417288184166,-0.00016494467854499817,-0.0,1788855762.275684
4243.766,-0.13644210148323038,-0.5113333076883104,0.21202388224699675,-0.4222756850222703,-2.8050288967034698,0.5297353232422385,1,1,1.0796639919281006,-1.2447850567153473,2.1353820005999964,-2.8946596584715785,-1.683159653340475,-0.21475106874574834,-0.021180370822548866,0.0006001423462294042,-0.08254044502973557,0.14195889234542847,-5.8228753914590925e-05,-0.0,1788855762.3756092
4243.866,-0.1382400778490111,-0.5131732168375219,0.21267856744534858,-0.4242588431144944,-2.812146929592319,0.5123098550990733,1,1,1.0783107280731201,-1.2447731655887146,2.125678841267721,-2.8717109165587367,-1.6831792036639612,-0.2147443930255335,-0.006855262443423271,0.00021872602519579232,-0.11240962892770767,0.2804793119430542,-0.0,-0.0,1788855762.475495
4243.965999999999,-0.13982658627498762,-0.5158058144069577,0.2139499618223759,-0.4247307363119735,-2.8199691191265206,0.4941916898974875,1,1,1.078047513961792,-1.2447301310351868,2.1132829825030726,-2.8454204998412074,-1.6831634680377405,-0.21473580995668584,-0.0010763606987893581,7.282302249222994e-05,-0.13254137337207794,0.2076612412929535,-0.0,-0.0,1788855762.5755186
4244.066,-0.14158550154059688,-0.5189140820570608,0.2162937679960176,-0.42490939598782584,-2.824430525944521,0.48359419413161464,1,1,1.0779310464859009,-1.2447253626636048,2.099952522908346,-2.823996683160299,-1.6831944624530237,-0.2147753874408167,-0.0009991490514948964,0.000765999429859221,-0.14014442265033722,0.24655365943908691,-0.0,-0.0,1788855762.6755135
4244.166,-0.14360393351382517,-0.5220719177536407,0.21861962663672135,-0.42573841348107194,-2.8298695187452463,0.47035872097065234,1,1,1.0774195194244385,-1.2445901197246094,2.08571702638735,-2.799812456170553,-1.683166805897848,-0.21474057832826787,-0.009446386247873306,0.0018727474380284548,-0.13170433044433594,0.2573685944080353,-0.0,-0.0,1788855762.7755704
4244.266,-0.14507492816663678,-0.5239621938166968,0.21938864231256183,-0.42677806199552437,-2.8383113314711657,0.4494957649395215,1,1,1.0767022371292114,-1.244554118519165,2.074947182332174,-2.773247381249899,-1.6831944624530237,-0.214759651814596,-0.011034579947590828,0.00022850318055134267,-0.09475347399711609,0.23284946382045746,-0.0,-0.0,1788855762.8755698
4244.366,-0.14643555329674085,-0.525848954813774,0.22085422412785632,-0.4275738963866914,-2.8407248306081785,0.443183182732393,1,1,1.0761423110961914,-1.2441092890552063,2.0664566198932093,-2.760459085504049,-1.6831563154803675,-0.21476823488344365,-0.007778995204716921,0.014474990777671337,-0.062093209475278854,0.04410041123628616,-0.0,-0.0,1788855762.9755678
4244.465999999999,-0.14730308338248677,-0.5263469811605952,0.2195122774641412,-0.42890970451620447,-2.8418570513066,0.43930558299165323,1,1,1.075164556503296,-1.2405613225749512,2.064772431050436,-2.75954069713735,-1.6832235495196741,-0.21478730836977178,-0.006916474085301161,0.060651976615190506,0.0001453214936191216,0.00019154175242874771,-0.0017957170493900776,-0.0,1788855763.0755088
4244.566,-0.14758178762548096,-0.5266703374160091,0.2162787688682991,-0.4291074588819727,-2.8446663949264948,0.43181882731784316,1,1,1.0750277042388916,-1.2343017023852845,2.0647099653827112,-2.7601481876769007,-1.6834424177752894,-0.2147753874408167,-0.002807534532621503,0.049403347074985504,-0.0006343909772112966,-0.004223823081701994,-0.003034814726561308,-0.0,1788855763.1754727
4244.666,-0.14772483322173308,-0.5268485212352428,0.2153416890503379,-0.42924923893969924,-2.8449324858957175,0.43108275795154,1,1,1.074948787689209,-1.2321455043605347,2.064680878316061,-2.761723657647604,-1.683451000844137,-0.2147443930255335,-0.00011970724153798074,-0.00032894598552957177,-0.004714734852313995,-0.028651902452111244,-8.743411308387294e-05,-0.0,1788855763.275432
4244.766,-0.14802383290214816,-0.5273803288241989,0.21623916823453967,-0.42929061862317386,-2.8424494339875412,0.4371120933662281,1,1,1.0749231576919556,-1.232138530617096,2.0635021368609827,-2.765141626397604,-1.6834304968463343,-0.21474057832826787,-0.0004233533109072596,-0.0,-0.00045399341615848243,-0.0003212665906175971,-3.65875219822005e-18,-0.0,1788855763.3753867
4244.866,-0.1480235087049231,-0.5273688113795556,0.21622394567699582,-0.42928261018742575,-2.8424664417796563,0.43707063754057696,1,1,1.0749127864837646,-1.232133762245514,2.063537899647848,-2.7651525936522425,-1.6834271589862269,-0.21475583711733037,-0.00010643862333381549,0.00010458401084179059,-1.5353467460954562e-05,2.8406071578501724e-05,-0.0,-0.0,1788855763.4753687
4244.965999999999,-0.14804731559490253,-0.5273738946373918,0.2162219617856598,-0.4293414833768308,-2.842441375994524,0.4369698787984276,1,1,1.0748873949050903,-1.2321132582477112,2.063491169606344,-2.7650753460326136,-1.68347675005068,-0.2147443930255335,-0.0013725891476497054,8.436812640866265e-05,-3.939222342928173e-39,3.2533645807665844e-32,-0.0,-0.0,1788855763.5754688
4245.066,-0.1489513876059879,-0.5271296168417353,0.21622286102500737,-0.43171631270704863,-2.8418927986290186,0.4366793677269251,1,1,1.0731749534606934,-1.2320977312377472,2.063467327748434,-2.7650772533812464,-1.683439079915182,-0.214759651814596,-0.026037579402327538,0.00013687778846360743,-0.00013349266373552382,0.0005019950331188738,-0.0,-0.0,1788855763.675459
4245.166,-0.1504412711930063,-0.5267203099898446,0.21620502066310993,-0.4356536933283721,-2.8409502496585666,0.43602537825225957,1,1,1.0703669786453247,-1.2320463222316285,2.0634215513812464,-2.7650090656676234,-1.68347675005068,-0.21476298967470342,-0.02648943103849888,0.00044754185364581645,-0.00043810432543978095,0.0006790767656639218,-3.75419269005306e-08,-0.0,1788855763.7754648
4245.266,-0.1525077724209755,-0.5261278703732943,0.21614232962023752,-0.4411697987328992,-2.839748700041365,0.43510433396249465,1,1,1.0664325952529907,-1.2319471103003998,2.063425366078512,-2.7649504146971644,-1.6834185759173792,-0.21475583711733037,-0.05558805167675018,0.0006707333377562463,-0.000352501287125051,0.0002541068533901125,0.00010477499017724767,-0.0,1788855763.8754144
4245.366,-0.15395606966306702,-0.5256880209222047,0.21611034202706086,-0.44510538583223436,-2.8393747430326735,0.434582781909989,1,1,1.0635613203048706,-1.2319901150516053,2.0634706656085413,-2.764707704583639,-1.682871166859762,-0.21476680437196904,0.011683134362101555,0.0001281546865357086,0.0006470442749559879,0.005763482302427292,0.008699093945324421,-0.0,1788855763.9754453
4245.465999999999,-0.152184977911943,-0.5261148044270515,0.21598460582918194,-0.44059598098778596,-2.8411923136212205,0.4349968315992348,1,1,1.0667425394058228,-1.232002006178238,2.063734833394186,-2.7645355663695277,-1.68229848543276,-0.21475106874574834,0.05979051813483238,-7.645990262972191e-05,0.002080689650028944,0.0004445099039003253,0.0004569529846776277,-0.0,1788855764.0753574
4245.566,-0.14686609758218708,-0.5274586301049002,0.2157919069893786,-0.42663777420817894,-2.844790464780621,0.4362000690079558,1,1,1.0766990184783936,-1.2319865983775635,2.064202133809225,-2.7645236454405726,-1.6823447386371058,-0.21474773088564092,0.1383262276649475,-3.689560617203824e-05,0.012540964409708977,9.516360296402127e-05,4.510205690166913e-05,-0.0,1788855764.1753623
4245.666,-0.1338372207700917,-0.530538259884178,0.21564016733046446,-0.392454079739078,-2.8530465270806653,0.44023533003635995,1,1,1.1009833812713623,-1.2324280899814148,2.0652435461627405,-2.764695783654684,-1.6822579542743128,-0.21475106874574834,0.3481653928756714,-0.012423970736563206,3.0303020428232644e-14,-0.00115931814070791,0.001044371398165822,-0.0,1788855764.2753854
4245.766,-0.11534643206124273,-0.534995557056918,0.216054189090638,-0.3438277045699284,-2.8677473536422866,0.4512456632885107,1,1,1.1347692012786865,-1.2332158249667664,2.065207306538717,-2.7649923763670863,-1.6767242590533655,-0.21476298967470342,0.2867719829082489,-0.012592452578246593,-1.846648592618294e-05,-0.005725460592657328,0.158723846077919,-0.0,1788855764.3753748
4245.866,-0.10129430354565383,-0.53877626724662,0.21884977002197598,-0.30948965942341333,-2.906788459968357,0.4901660801955119,1,1,1.1537120342254639,-1.2385599178126832,2.0651968161212366,-2.7672983608641566,-1.6339247862445276,-0.21474773088564092,0.11169861257076263,-0.11628778278827667,-2.082298429807676e-20,-0.08125142753124237,0.6897806525230408,-0.0,1788855764.4752858
4245.965999999999,-0.09063397715546603,-0.5426053214348405,0.23200455319836535,-0.28269735991042777,-2.958490401337223,0.5971820118400839,1,1,1.1591719388961792,-1.2585567694953461,2.0652106443988245,-2.787987371484274,-1.5497825781451624,-0.21474773088564092,0.004984917584806681,-0.2766004204750061,-0.0,-0.34464386105537415,0.9074217677116394,-0.0,1788855764.5752432
4246.066,-0.08364975236785138,-0.5446184054719921,0.25538659499906124,-0.2562838866205065,-2.9769823697871107,0.7441511787985937,1,1,1.158538818359375,-1.2918178004077454,2.065207306538717,-2.8277207813658656,-1.4740636984454554,-0.21469289461244756,-0.011861534789204597,-0.3717237412929535,-0.0,-0.3812018632888794,0.5066830515861511,-0.0,1788855764.6752331
4246.166,-0.08234033658859888,-0.5414034785788427,0.27895768246062563,-0.24862098035212313,-2.9475532336740478,0.8232890476183474,1,1,1.1566109657287598,-1.3324276965907593,2.0651891867267054,-2.841950079003805,-1.4645689169513147,-0.2147000471698206,-0.027438534423708916,-0.4391224682331085,0.0001524036779301241,0.00044128092122264206,-0.06922987848520279,1.9227636618540112e-40,1788855764.7751951
4246.266,-0.08373218457487913,-0.5354565429750083,0.3025920296630844,-0.25282577124176137,-2.9104542641827367,0.8782537669283795,1,1,1.150491714477539,-1.3774520319751282,2.0652039686786097,-2.8418942890562953,-1.469036881123678,-0.2147000471698206,-0.09083948284387589,-0.4701637029647827,-2.0300247342674993e-05,0.00018843750876840204,-0.0017751781269907951,8.050411997828633e-05,1788855764.8752007
4246.366,-0.08509673066965466,-0.5276824530427351,0.3287871724269949,-0.2578388164492038,-2.8707415938962266,0.941564504301733,1,1,1.1419618129730225,-1.427942694430687,2.065247360860006,-2.8418389759459437,-1.4689777533160608,-0.21468764940370733,-0.08095645159482956,-0.5217074155807495,-0.0,0.0010557955829426646,-0.00010169826418859884,0.0,1788855764.9752035
4246.465999999999,-0.08437019557390435,-0.5192346633046462,0.3538953956164743,-0.25850724891536847,-2.831622565616626,1.0022330306858493,1,1,1.1363708972930908,-1.4770724934390564,2.0652368704425257,-2.841794630090231,-1.4689324537860315,-0.2146843115435999,-0.022452378645539284,-0.44969260692596436,-0.0,0.00011437883949838579,0.0004123369581066072,0.0,1788855765.0752084
4246.566,-0.08110526783969965,-0.5119805517919555,0.37384227431077466,-0.2527241211178446,-2.8008910227480963,1.0512347273406264,1,1,1.1361932754516602,-1.5167530190995713,2.0652363936053675,-2.841790815392965,-1.4687836805926722,-0.21473914781679326,0.0004235271189827472,-0.33428719639778137,-0.00010693872900446877,-4.3797048419946805e-05,0.0006927002687007189,0.0,1788855765.1751456
4246.666,-0.07855017213545205,-0.5068714845911573,0.38672886441720755,-0.24840180526168779,-2.7804458829971725,1.0829729675768252,1,1,1.1365575790405273,-1.5427564953318615,2.06525165239443,-2.841799398461813,-1.4688008467303675,-0.21470433870424444,0.010102329775691032,-0.19209274649620056,-0.00012262922246009111,-0.00039693588041700423,0.00012454135867301375,0.0,1788855765.2751324
4246.766,-0.07714317891303206,-0.5045327981045453,0.3924051674703594,-0.24579253049002092,-2.7714676052547484,1.0970513280588334,1,1,1.137161374092102,-1.5543277256986876,2.065270725880758,-2.841774126092428,-1.4687851111041468,-0.2147429625140589,5.073515421827324e-05,-0.029963437467813492,-3.1388375646201894e-05,4.830471516470425e-05,2.8629034288680187e-25,0.0,1788855765.375111
4246.866,-0.07720227868850521,-0.5045985830693078,0.3922153950221703,-0.24594676641347904,-2.7718776231792592,1.096389518986745,1,1,1.137108325958252,-1.553995020022132,2.0652640501605433,-2.8415619335570277,-1.4687851111041468,-0.2147429625140589,-4.25509933847934e-05,1.6108789679947222e-07,-0.0,0.0004359486047178507,0.0,0.0,1788855765.4751241
4246.965999999999,-0.07720285353206531,-0.5045884415634344,0.39222767749646537,-0.24597311731033156,-2.771834636674935,1.0963991382030147,1,1,1.137104868888855,-1.5540294212153931,2.065273110066549,-2.8415619335570277,-1.46881610551943,-0.21473580995668584,-1.2649096788663883e-05,0.0,-0.0,0.0001675704406807199,0.0,0.0,1788855765.5751526
4247.066,-0.07717817990111647,-0.5045939654374345,0.3922182877998676,-0.24589986340160477,-2.771904370515416,1.0963812187461097,1,1,1.137149691581726,-1.554020970394351,2.0652764479266565,-2.84153475383901,-1.4687884489642542,-0.21473914781679326,0.0,0.0,-0.0,8.834088657749817e-05,0.0,0.0,1788855765.675101
4247.166,-0.07720782409405766,-0.5045920731937433,0.3922252493617344,-0.24597825322803302,-2.7718607557818524,1.0963721476663846,1,1,1.1370964050292969,-1.5540209852955122,2.065260712300436,-2.8415309391417445,-1.468804184590475,-0.21473914781679326,0.0,0.0,-0.0,5.2306117140688e-05,0.0,0.0,1788855765.7750528
4247.266,-0.07721521101800599,-0.5045854712641404,0.39218733532740413,-0.24600495194069913,-2.7719378882986407,1.096261260580771,1,1,1.1370738744735718,-1.5540019416115065,2.065313164387838,-2.8415070972838343,-1.4687884489642542,-0.2147467772113245,0.0,0.0,-0.0,0.0,0.0,0.0,1788855765.8750358
4247.366,-0.07720052944204064,-0.504590694988066,0.3922122433102854,-0.24595246395051784,-2.771907578839086,1.0963395818677066,1,1,1.137104868888855,-1.5540174928358574,2.065279785786764,-2.841515203515524,-1.4687851111041468,-0.2147467772113245,0.0,0.0,-0.0,0.0,0.0,0.0,1788855765.9749997
4247.465999999999,-0.07720253137719833,-0.5045913143214035,0.3921978551520046,-0.24599792084158734,-2.771928475715374,1.0962914966959834,1,1,1.137104868888855,-1.5540019676885386,2.065291229878561,-2.8415070972838343,-1.4688008467303675,-0.21472388902773076,0.0,0.0,-0.0,0.0,0.0,0.0,1788855766.0750036
4247.566,-0.07720322935866504,-0.5045852113363907,0.3922242356872966,-0.24602511562800852,-2.7718911315000705,1.096338392817924,1,1,1.1370998620986938,-1.5540433538011094,2.065273110066549,-2.8414885006346644,-1.4688079992877405,-0.21470767656435186,0.0,0.0,-0.0,0.0,0.0,0.0,1788855766.175002
4247.666,-0.07718609930476504,-0.5045886415595698,0.39222249052632246,-0.24594765781548214,-2.7718991927787298,1.0963799186257253,1,1,1.1371304988861084,-1.554036383782961,2.065279785786764,-2.841522356072897,-1.4687884489642542,-0.21472388902773076,0.0,0.0,-0.0,0.0,0.0,0.0,1788855766.2749486
4247.766,-0.07721598725059894,-0.504599257479856,0.3921898449540409,-0.24602760630616707,-2.7719424533602983,1.0962766589825186,1,1,1.1370842456817627,-1.5539709043553849,2.0652764479266565,-2.8415070972838343,-1.4687884489642542,-0.21472007433046514,0.0,0.0,-0.0,2.4037624443543938e-14,0.0,0.0,1788855766.374998
4247.866,-0.07718104635181414,-0.5045920815341852,0.39220932206047227,-0.24593503438281908,-2.7719261009925527,1.0963502258771975,1,1,1.1371427774429321,-1.554017513324954,2.0652878920184534,-2.841522356072897,-1.4687884489642542,-0.21472388902773076,0.0,0.0,-0.0,0.0,0.0,0.0,1788855766.4749777
4247.965999999999,-0.07720641777798193,-0.5045895147004025,0.39220233400118687,-0.24598741358118248,-2.7719216927017953,1.0963135514263809,1,1,1.1370929479599,-1.5540089656463643,2.065291229878561,-2.841513773004049,-1.4687851111041468,-0.21473580995668584,0.0,0.0,-0.0,0.0,0.0,0.0,1788855766.5749469
4248.066,-0.07720329238656728,-0.5045962014814633,0.39221642845501886,-0.2459872794191605,-2.7718879085552786,1.0963493602872463,1,1,1.137108325958252,-1.5540054601481934,2.065260712300436,-2.841522356072897,-1.468804184590475,-0.21472388902773076,0.0,0.0,-0.0,0.0,0.0,0.0,1788855766.6749337
4248.166,-0.07719543651774681,-0.5045869887018974,0.3922182706863946,-0.2459915679552067,-2.771932147161462,1.0963777356316209,1,1,1.137104868888855,-1.554036370744445,2.065284554158346,-2.8415070972838343,-1.4687541166888636,-0.21470767656435186,0.0,0.0,-0.0,0.0,0.0,0.0,1788855766.774903
4248.266,-0.07720036764140502,-0.5046026704354324,0.39218994221701176,-0.2459728683742058,-2.7719676868499703,1.096327837353906,1,1,1.137108325958252,-1.5539674267968913,2.065279785786764,-2.84152950863027,-1.468750301991598,-0.21472055116762334,0.0,0.0,-0.0,0.0,0.0,0.0,1788855766.8749485
4248.366,-0.07720751574852149,-0.5045943400929951,0.3922038233692845,-0.24598584177443547,-2.771917526548134,1.0963108052865371,1,1,1.1370964050292969,-1.5539984975806256,2.0652764479266565,-2.8415104351439417,-1.4687917868243616,-0.21473580995668584,0.0,0.0,-0.0,0.0,0.0,0.0,1788855766.97486
4248.465999999999,-0.07721540859413628,-0.5045858931852369,0.3921967810762031,-0.24601202460512944,-2.7719198055918755,1.0962921988573657,1,1,1.1370738744735718,-1.5540089581957837,2.0653026739703577,-2.841513773004049,-1.4687884489642542,-0.21473914781679326,0.0,0.0,-0.0,0.0,0.0,0.0,1788855767.074797
4248.566,-0.07718718198831183,-0.5045967210372713,0.3921904143762209,-0.2459355609911087,-2.7719720769201195,1.0962803467792062,1,1,1.1371339559555054,-1.55398994058881,2.065291229878561,-2.8414951763548792,-1.4687812964068812,-0.21473580995668584,0.0,0.0,-0.0,0.0,0.0,0.0,1788855767.1748354
4248.666,-0.07719808458727409,-0.5045985768347032,0.3921996205351306,-0.24594630977632279,-2.771927426323077,1.0963160907377858,1,1,1.13711678981781,-1.5539864611676713,2.0652764479266565,-2.841522356072897,-1.4687884489642542,-0.2147429625140589,0.0,0.0,-0.0,0.0,0.0,0.0,1788855767.274812
4248.766,-0.07717834533016676,-0.5045869675639215,0.39220978946979707,-0.2459378071933816,-2.7719505116701875,1.0963194860765542,1,1,1.1371427774429321,-1.554036346530058,2.0652945677386683,-2.841482778588766,-1.4687851111041468,-0.21472388902773076,0.0,0.0,-0.0,5.272185075131338e-36,0.0,0.0,1788855767.3748536
4248.866,-0.07721299024557433,-0.5045927287175285,0.39220246157085836,-0.24601038457730937,-2.7719304483151834,1.0962891510418113,1,1,1.1370842456817627,-1.5540019658258934,2.0652764479266565,-2.8414885006346644,-1.4687884489642542,-0.2147310415851038,0.0,0.0,-0.0,0.0,0.0,0.0,1788855767.4748166
4248.965999999999,-0.07721076516317942,-0.5045850188615371,0.3921908380151784,-0.2460073279929638,-2.771935479239045,1.09625522422136,1,1,1.1370842456817627,-1.5540089209428807,2.0653093496905726,-2.8414951763548792,-1.4688008467303675,-0.21473962465395147,0.0,0.0,-0.0,0.0,0.0,0.0,1788855767.5747695
4249.066,-0.07721064354057533,-0.5045972145211634,0.39222211526380957,-0.2459897951483543,-2.771883928589499,1.0963320743416527,1,1,1.1370964050292969,-1.5540089414319773,2.065244499837057,-2.8414951763548792,-1.4688079992877405,-0.21473580995668584,0.0,0.0,-0.0,0.0,0.0,0.0,1788855767.674738
4249.166,-0.07720670981833007,-0.504586792548156,0.39220879229253214,-0.24599447434806507,-2.771908643461117,1.0962786332190284,1,1,1.1370964050292969,-1.5540244349143286,2.0652831236468714,-2.8414794407286585,-1.46881610551943,-0.21473962465395147,0.0,0.0,-0.0,0.0,0.0,0.0,1788855767.7747295
4249.266,-0.07721965969050137,-0.5045859266205136,0.3921982584656515,-0.24606392808488398,-2.771901616927954,1.0962614815588834,1,1,1.1370738744735718,-1.5540089060417195,2.0652945677386683,-2.8414985142149867,-1.4688270727740687,-0.21471673647035772,0.0,0.0,-0.0,0.0,0.0,0.0,1788855767.8746648
4249.366,-0.07720378851776984,-0.50458699783385,0.3922006809593684,-0.245997697182946,-2.771954813013054,1.096263121001839,1,1,1.1370964050292969,-1.5540209610811253,2.065291229878561,-2.8414603672423304,-1.4687884489642542,-0.2147310415851038,0.0,0.0,-0.0,0.0,0.0,0.0,1788855767.974658
4249.465999999999,-0.07721689975743472,-0.5045861573810246,0.3922108690604851,-0.24601342703992765,-2.7718891818891773,1.0963156641905571,1,1,1.1370738744735718,-1.5540209741196414,2.065284554158346,-2.8415104351439417,-1.4688008467303675,-0.21473962465395147,0.0,0.0,-0.0,0.0,0.0,0.0,1788855768.074757
4249.566,-0.07721355499356447,-0.5045841948134157,0.39220230474222084,-0.24599374008179897,-2.7719153223655013,1.0962828705798986,1,1,1.1370773315429688,-1.5540209610811253,2.0652979055987757,-2.8414951763548792,-1.4687956015216272,-0.21475154558290654,0.0,0.0,-0.0,0.0,0.0,0.0,1788855768.1747475
4249.666,-0.07720444731072772,-0.5045932977905064,0.39218610240810625,-0.2460041338017046,-2.771974954850106,1.0962454922617983,1,1,1.1370998620986938,-1.5539899592152615,2.0652945677386683,-2.841476102868551,-1.4687851111041468,-0.21472388902773076,0.0,0.0,-0.0,0.0,0.0,0.0,1788855768.274601
4249.766,-0.0771996694541276,-0.5045805792738722,0.39218111352706136,-0.24601752517557116,-2.7719669475804443,1.096199603216915,1,1,1.137104868888855,-1.554017500286438,2.065328900014059,-2.841464181939596,-1.4688199202166956,-0.21472388902773076,0.0,0.0,-0.0,4.989363922014434e-10,1.7329469107851316e-37,0.0,1788855768.3746612
4249.866,-0.07719600614601706,-0.5045893077022306,0.39219189502771673,-0.2460150696683056,-2.7719550134025863,1.096270442336792,1,1,1.137115240097046,-1.5540054601481934,2.0653026739703577,-2.841491838494772,-1.4688008467303675,-0.21470433870424444,0.0,0.0,-0.0,0.0,0.0,0.0,1788855768.4746327
4249.965999999999,-0.07719721610433879,-0.5045879161019619,0.3921912809372001,-0.24599563965800197,-2.7719411984485443,1.0962803753831478,1,1,1.137111783027649,-1.5540054471096774,2.0653093496905726,-2.8415104351439417,-1.4688008467303675,-0.21472007433046514,0.0,0.0,-0.0,0.0,0.0,0.0,1788855768.574679
4250.066,-0.07720976908565574,-0.5045959691156913,0.39219966180342164,-0.24601239934871966,-2.771928142209899,1.096305708396937,1,1,1.1370929479599,-1.553989964803197,2.0652764479266565,-2.8415104351439417,-1.4687884489642542,-0.21472007433046514,0.0,0.0,-0.0,0.0,0.0,0.0,1788855768.674643
4250.166,-0.07720562452004287,-0.5045910079134969,0.3921940644104046,-0.24600764346443757,-2.7719560279491176,1.0962649185748705,1,1,1.1370964050292969,-1.554001997490861,2.065291229878561,-2.8414794407286585,-1.4687884489642542,-0.21472388902773076,0.0,0.0,-0.0,0.0,0.0,0.0,1788855768.7746286
4250.266,-0.07721528698870572,-0.5045839010098523,0.3921937242345702,-0.246064113443471,-2.7719410357417194,1.0962631956901039,1,1,1.1370738744735718,-1.5540140450796862,2.065306011830465,-2.8414861164488734,-1.4687956015216272,-0.21470767656435186,0.0,0.0,-0.0,0.0,0.0,0.0,1788855768.874595
4250.366,-0.07720542166075453,-0.5045914369847588,0.3921850539430334,-0.2459797029402521,-2.771965972033764,1.0962759486465405,1,1,1.1370929479599,-1.5539899592152615,2.065306011830465,-2.8415070972838343,-1.4687679449664515,-0.21473962465395147,0.0,0.0,-0.0,0.0,0.0,0.0,1788855768.9745471
4250.465999999999,-0.07719087075264269,-0.5045881242203112,0.39219345127173283,-0.24597300354149912,-2.771940109268246,1.0962904705417782,1,1,1.137123703956604,-1.5540089153549452,2.0653093496905726,-2.841513773004049,-1.4688008467303675,-0.21472388902773076,0.0,0.0,-0.0,0.0,0.0,0.0,1788855769.074485
4250.566,-0.07720893440244732,-0.5045958982887229,0.3921784437940766,-0.2459923567968651,-2.7719904196305882,1.0962441625159662,1,1,1.1370896100997925,-1.5539744694582005,2.0652979055987757,-2.8414861164488734,-1.468764607106344,-0.21473580995668584,0.0,0.0,-0.0,0.0,0.0,0.0,1788855769.1744769
4250.666,-0.07719696519209039,-0.5045907292523555,0.39220394525876906,-0.24598733039300452,-2.7719511351644273,1.096320374499276,1,1,1.137108325958252,-1.554014078607299,2.0652878920184534,-2.8414951763548792,-1.468769375477926,-0.21471673647035772,0.0,0.0,-0.0,0.0,0.0,0.0,1788855769.2744904
4250.766,-0.0772014805201055,-0.5045980280615636,0.3922001922742818,-0.24598802075494863,-2.7719446982905174,1.096309560252464,0,2,1.137108325958252,-1.553989964803197,2.065273110066549,-2.8415023289122523,-1.4687798658954065,-0.21472007433046514,0.0,0.0,-0.0,0.0,0.0,0.0,1788855769.374443
4250.866,-0.07717948664630454,-0.5045887068615651,0.392196928305124,-0.24593595095082388,-2.771991592316093,1.0963073467793916,0,2,1.1371358633041382,-1.5540209554931899,2.065306011830465,-2.841482778588766,-1.4687541166888636,-0.21472388902773076,0.0,0.0,-0.0,0.0,0.0,0.0,1788855769.4744153
4250.965999999999,-0.07720276125691984,-0.5045958224287721,0.39220243097907453,-0.2459984737439319,-2.7719297004064822,1.0962944876380536,0,2,1.137108325958252,-1.5539968752167006,2.065273110066549,-2.8414951763548792,-1.4688008467303675,-0.21472007433046514,0.0,0.0,-0.0,0.0,0.0,0.0,1788855769.574396
4251.066,-0.0772046877269725,-0.5045889844776835,0.39219631457591625,-0.2459843639174072,-2.771947666980735,1.0962696221746697,0,2,1.1370964050292969,-1.5540089153549452,2.0652945677386683,-2.841482778588766,-1.4687884489642542,-0.21473962465395147,0.0,0.0,-0.0,0.0,0.0,0.0,1788855769.6743884
4251.166,-0.07719031305649493,-0.5045840902811316,0.3921970974388206,-0.24601484437940108,-2.7719502290055327,1.096295463024864,0,2,1.137120246887207,-1.5540244106999417,2.065313164387838,-2.8414985142149867,-1.4687956015216272,-0.21469623247255498,0.0,0.0,-0.0,0.0,0.0,0.0,1788855769.7743633
4251.266,-0.07720213474051754,-0.5045882836534977,0.3921983999735208,-0.245999997784048,-2.7719528835063696,1.0962786280169166,0,2,1.1370998620986938,-1.554014078607299,2.0652945677386683,-2.8414794407286585,-1.4687851111041468,-0.21472388902773076,0.0,0.0,-0.0,0.0,0.0,0.0,1788855769.8743036
4251.366,-0.07720377332143338,-0.5045837839337223,0.3921933111339486,-0.245987026540827,-2.7719467311212664,1.0962740829456807,0,2,1.1370929479599,-1.554017500286438,2.065313164387838,-2.8414951763548792,-1.4687851111041468,-0.21473962465395147,0.0,0.0,-0.0,0.0,0.0,0.0,1788855769.9743311
4251.465999999999,-0.07720334502443904,-0.5045988246996613,0.3922089043331509,-0.2459808537743484,-2.7719199637885494,1.0963477689418586,0,2,1.137104868888855,-1.5539934274605294,2.0652640501605433,-2.841520925561422,-1.4687765280352991,-0.21472388902773076,0.0,0.0,-0.0,0.0,0.0,0.0,1788855770.0743303
4251.566,-0.07719150572107432,-0.5045923476166845,0.3921935425535628,-0.24595565315897863,-2.7719753412964847,1.0962536551929167,0,2,1.137123703956604,-1.5540054471096774,2.065291229878561,-2.841463705102438,-1.4687884489642542,-0.21473580995668584,0.0,0.0,-0.0,0.0,0.0,0.0,1788855770.174294
4251.666,-0.07719024382427822,-0.5045834112455286,0.39217262872312425,-0.24597049604267415,-2.7720059441870224,1.0962302695730235,0,2,1.137115240097046,-1.5540054601481934,2.065341297780172,-2.8414861164488734,-1.4687731901751917,-0.2147310415851038,0.0,0.0,-0.0,0.0,0.0,0.0,1788855770.2742875
4251.766,-0.07719954676978392,-0.5045934553439875,0.3921996610377329,-0.24599289987628045,-2.7719645149388787,1.096277189435552,0,2,1.137108325958252,-1.5540054601481934,2.065279785786764,-2.8414675197997035,-1.4687812964068812,-0.21472007433046514,0.0,0.0,-0.0,0.0,0.0,0.0,1788855770.3743706
4251.866,-0.07719777584060658,-0.5045872106968861,0.39219136699982715,-0.24598643955363458,-2.771951705528273,1.0962739808228315,0,2,1.137108325958252,-1.5540089153549452,2.0653093496905726,-2.8414985142149867,-1.4687917868243616,-0.2147277037249964,0.0,0.0,-0.0,0.0,0.0,0.0,1788855770.4743292
4251.965999999999,-0.07718831573308828,-0.5045856586602986,0.39219497272197845,-0.2459563425481677,-2.7719521786668526,1.096263245524469,0,2,1.1371270418167114,-1.5540209554931899,2.0653093496905726,-2.841482778588766,-1.468804184590475,-0.21473580995668584,0.0,0.0,-0.0,0.0,0.0,0.0,1788855770.5743382
4252.066,-0.0772084487252253,-0.5045865622761813,0.3921860672830633,-0.2460108845649999,-2.771941642523934,1.0962280985264292,0,2,1.1370929479599,-1.5540020049414416,2.0653093496905726,-2.8414861164488734,-1.46881610551943,-0.21473580995668584,0.0,0.0,-0.0,0.0,0.0,0.0,1788855770.6743257
4252.166,-0.07719759618237428,-0.5045948502010316,0.3922049592127064,-0.2459798747113939,-2.7719415577122404,1.0962969834961354,0,2,1.137115240097046,-1.5540054601481934,2.065273110066549,-2.841482778588766,-1.4687917868243616,-0.21472388902773076,0.0,0.0,-0.0,0.0,0.0,0.0,1788855770.7742994
4252.266,-0.07720588509005731,-0.5045878336347139,0.3922114131806498,-0.2460038704150081,-2.771911370766287,1.096301847605333,0,2,1.1370964050292969,-1.5540244106999417,2.065279785786764,-2.8414861164488734,-1.468804184590475,-0.2147277037249964,0.0,0.0,-0.0,0.0,0.0,0.0,1788855770.8742628
4252.366,-0.07719865044904785,-0.5045901470864336,0.39219513535062744,-0.2460060552244364,-2.771959509364003,1.0962484163353206,0,2,1.137111783027649,-1.5540089153549452,2.065291229878561,-2.841463705102438,-1.468804184590475,-0.21471673647035772,0.0,0.0,-0.0,0.0,0.0,0.0,1788855770.9741743
4252.465999999999,-0.07722806473795639,-0.5045861638371366,0.39220016288036025,-0.24608789484898305,-2.7719207847159164,1.0962916430784742,0,2,1.1370500326156616,-1.5540089153549452,2.065291229878561,-2.8414985142149867,-1.4687851111041468,-0.21470767656435186,0.0,0.0,-0.0,0.0,0.0,0.0,1788855771.0742404
4252.566,-0.07719527965783218,-0.5045918133439681,0.3922250993413975,-0.24598101008466236,-2.7719033054062714,1.0963315612694673,0,2,1.137120246887207,-1.5540328428945323,2.06525689760317,-2.841475626031393,-1.4688079992877405,-0.21472007433046514,0.0,0.0,-0.0,0.0,0.0,0.0,1788855771.1742563
4252.666,-0.0771882863438628,-0.504589289763125,0.39220668309017787,-0.24596212953899113,-2.771948295886349,1.0963031352999872,0,2,1.1371270418167114,-1.5540244423649092,2.0652878920184534,-2.8414794407286585,-1.4687884489642542,-0.21472388902773076,0.0,0.0,-0.0,0.0,0.0,0.0,1788855771.274138
4252.766,-0.07721342371941765,-0.5045944440188337,0.39220653421262963,-0.246017825304359,-2.7719287439251303,1.0963012277066173,0,2,1.1370842456817627,-1.55400198631499,2.0652673880206507,-2.8414861164488734,-1.4687851111041468,-0.21472388902773076,0.0,0.0,-0.0,6.119295015995257e-23,0.0,0.0,1788855771.3741083
4252.866,-0.07720491408973987,-0.5045862168191388,0.39220628598830987,-0.24602821866313077,-2.7719348732818245,1.0963075262454283,0,2,1.1370929479599,-1.5540244106999417,2.065291229878561,-2.841488023797506,-1.4687851111041468,-0.21470815340151006,0.0,0.0,-0.0,0.0,0.0,0.0,1788855771.4740863
4252.965999999999,-0.07720077877902512,-0.504595246182777,0.3921852847195977,-0.24597190274935116,-2.7719801214722177,1.096237444518799,0,2,1.137108325958252,-1.5539865095964451,2.065291229878561,-2.841470857659811,-1.4687851111041468,-0.21473914781679326,0.0,0.0,-0.0,0.0,0.0,0.0,1788855771.5740821
4253.066,-0.07720943046509741,-0.5045914448538736,0.39219896731221177,-0.24602031773332228,-2.7719438077118705,1.0962520101767157,0,2,1.1370929479599,-1.5540054601481934,2.065279785786764,-2.841463705102438,-1.468804184590475,-0.21472388902773076,0.0,0.0,-0.0,0.0,0.0,0.0,1788855771.6740758
4253.166,-0.07718066905857962,-0.5045855092392186,0.3922001653220961,-0.24595398677940544,-2.7719508140628624,1.0962989866218986,0,2,1.1371393203735352,-1.5540278677693387,2.0653093496905726,-2.8414951763548792,-1.4687956015216272,-0.21472055116762334,0.0,0.0,-0.0,0.0,0.0,0.0,1788855771.7740836
4253.266,-0.07719816590181323,-0.5045916175448089,0.39219530770449207,-0.24596407653075708,-2.7719672687882553,1.0962721151166577,0,2,1.137108325958252,-1.5540054601481934,2.065291229878561,-2.841475626031393,-1.4687765280352991,-0.21473914781679326,0.0,0.0,-0.0,0.0,0.0,0.0,1788855771.874085
4253.366,-0.07719861649323587,-0.5045970454303625,0.3922052100079341,-0.24595895788723754,-2.7719789240347783,1.0962903036744658,0,2,1.137108325958252,-1.5540054601481934,2.0652640501605433,-2.8414517841734828,-1.468757454548971,-0.21473580995668584,0.0,0.0,-0.0,0.0,0.0,0.0,1788855771.974025
4253.465999999999,-0.07718981815057192,-0.5045976073934171,0.3921890430197976,-0.24599258473802205,-2.7719814525045194,1.0962739073394148,0,2,1.137130618095398,-1.5539865095964451,2.0652878920184534,-2.8414861164488734,-1.4687851111041468,-0.214701000844137,0.0,0.0,-0.0,0.0,0.0,0.0,1788855772.0739229
4253.566,-0.07720046939603864,-0.5045900772180665,0.39219498169216993,-0.24602038577163104,-2.7719470512017224,1.096268465144565,0,2,1.137108325958252,-1.5540054601481934,2.0652945677386683,-2.8414861164488734,-1.468804184590475,-0.21470815340151006,0.0,0.0,-0.0,0.0,0.0,0.0,1788855772.173961
4253.666,-0.07722518171988181,-0.5045892182906229,0.3921879715111899,-0.24609118784137562,-2.7719392083509624,1.0962144030923482,0,2,1.137065052986145,-1.5539934330484648,2.065291229878561,-2.8414675197997035,-1.4688199202166956,-0.21470815340151006,0.0,0.0,-0.0,0.0,0.0,0.0,1788855772.2739031
4253.766,-0.07719530933298124,-0.5045982494218444,0.39219580766128437,-0.24597072233331427,-2.771966439787212,1.0962827804630488,0,2,1.137120246887207,-1.5539899387261649,2.0652764479266565,-2.841482778588766,-1.4687812964068812,-0.21472388902773076,0.0,0.0,-0.0,0.0,0.0,0.0,1788855772.3739028
4253.866,-0.07719867681186926,-0.5045904011370431,0.3921972686992361,-0.2459954604840872,-2.771933335504217,1.096286003686633,0,2,1.1371119022369385,-1.5540054731867095,2.0652945677386683,-2.8415023289122523,-1.468804184590475,-0.21472055116762334,0.0,0.0,-0.0,0.0,0.0,0.0,1788855772.4739492
4253.965999999999,-0.0772016388286367,-0.504597044102401,0.3921892878178092,-0.24599607537510004,-2.7719957209472508,1.0962215281262482,0,2,1.137108325958252,-1.553989964803197,2.0652764479266565,-2.8414365253844203,-1.4687851111041468,-0.21472388902773076,0.0,0.0,-0.0,0.0,0.0,0.0,1788855772.5741177
4254.066,-0.07720677530930356,-0.5045892902287477,0.39221427540393644,-0.24604963662481882,-2.7719247535730487,1.096324194903761,0,2,1.1370928287506104,-1.5540244106999417,2.065273110066549,-2.841482778588766,-1.4687884489642542,-0.21469289461244756,0.0,0.0,-0.0,6.08511281721572e-19,0.0,0.0,1788855772.6739128
