controller_time_s,tcp_x,tcp_y,tcp_z,tcp_rx,tcp_ry,tcp_rz,gripper_state,gripper_event_counter,actual_q_0,actual_q_1,actual_q_2,actual_q_3,actual_q_4,actual_q_5,actual_qd_0,actual_qd_1,actual_qd_2,actual_qd_3,actual_qd_4,actual_qd_5,host_receive_time_s
3056.877,-0.44795955841254637,-0.47794563266390183,0.339771381747652,1.1351490739498382,2.8938612444953535,-0.02674083010438095,0,0,0.6090925335884094,-1.1708190006068726,1.4655254522906702,-1.8609196148314417,-1.5287531057940882,-0.21470815340151006,0.0,0.0,-0.0,-0.0,-0.0,0.0,1789114140.0240173
3056.977,-0.4479228786738188,-0.47792061600362473,0.33967204473916024,1.1351190951447803,2.8937802704191116,-0.026421128718444643,0,0,0.6090995669364929,-1.170814113026001,1.465724293385641,-1.8609034023680628,-1.5287931601153772,-0.21470433870424444,-0.00013360229786485434,0.0,0.00014667687355540693,-0.0,-0.00020429020514711738,0.0,1789114140.110263
3057.0769999999998,-0.44793757622807795,-0.4779113402933356,0.3397043060609714,1.1351588340015806,2.893771376278949,-0.026546462072527338,0,0,0.6090685725212097,-1.1708416503718873,1.4656971136676233,-1.8609191379942835,-1.5287545363055628,-0.21470815340151006,-7.528468267992139e-05,0.0,3.781208215514198e-05,-0.0,-8.213544060708955e-05,0.0,1789114140.2101622
3057.1769999999997,-0.4479490074702192,-0.4778970030334622,0.33969966627316767,1.1351832976173664,2.89380483431299,-0.02646380823818254,0,0,0.6090497374534607,-1.1708380740932007,1.4656975905047815,-1.8609000645079554,-1.5288170019732874,-0.21472055116762334,0.0,0.0,2.1146108475367242e-10,-0.0,-3.5311920054681423e-09,0.0,1789114140.3101175
3057.277,-0.4479329817687596,-0.4779169444987593,0.3397051838443429,1.1351266884076683,2.8937938264443845,-0.026557393446333528,0,0,0.60908043384552,-1.1708416205695649,1.4656975905047815,-1.8609305820860804,-1.5287583510028284,-0.21472055116762334,0.0,0.0,1.4951854614345798e-42,-0.0,-0.0,0.0,1789114140.4101245
3057.377,-0.4479333008444899,-0.4779021963390789,0.3397049553816276,1.1351281519905845,2.893824784388614,-0.026494213519911436,0,0,0.6090685725212097,-1.1708607834628602,1.4657204786883753,-1.8609158001341761,-1.5288050810443323,-0.21473914781679326,-6.987826054682955e-05,0.0,-0.0,-0.0,-0.0,0.0,1789114140.5105016
3057.477,-0.44794780801988227,-0.477903024534221,0.3397090007418131,1.1352092541475018,2.89380162649713,-0.026513102501618882,0,0,0.6090566515922546,-1.1708416503718873,1.4656861464129847,-1.8609158001341761,-1.5288050810443323,-0.21469670930971319,-1.4312889106804505e-05,0.0,-0.0,-0.0,-4.494676403127747e-33,0.0,1789114140.6102722
3057.5769999999998,-0.44793140071293036,-0.47790240038513276,0.33967260662112364,1.135103236084534,2.893755277845084,-0.026417778297412004,0,0,0.6090651154518127,-1.1708297592452546,1.4657405058490198,-1.860884805718893,-1.5287702719317835,-0.2147429625140589,-0.0,0.0,-0.0,-0.0,-0.0,0.0,1789114140.7100453
3057.6769999999997,-0.4479426817609082,-0.47791259965487914,0.3396954104541064,1.1351122635195248,2.8938001972317577,-0.026515549142471374,0,0,0.6090685725212097,-1.1708225768855591,1.4656899611102503,-1.8609191379942835,-1.528773609791891,-0.2147429625140589,0.0,0.0,-0.0,-0.0,-0.0,0.0,1789114140.8099105
3057.777,-0.4479299671090193,-0.47791643527807603,0.3396689357292365,1.1351511249628181,2.893760362511824,-0.026415710156864673,0,0,0.6090872883796692,-1.1708069306663056,1.4657204786883753,-1.8609000645079554,-1.5287893454181116,-0.21469289461244756,0.0,0.0,-0.0,-0.0,-0.0,0.0,1789114140.9099135
3057.877,-0.4479423366557409,-0.4779038952110753,0.3397003073721827,1.1351778745962036,2.8937683389716984,-0.026522347337559437,0,0,0.6090566515922546,-1.1708416503718873,1.4657047430621546,-1.8609158001341761,-1.5287664572345179,-0.21470815340151006,0.0,0.0,-0.0,-0.0,-0.0,0.0,1789114141.0099602
3057.977,-0.4479340436714558,-0.4779147216318132,0.33967079308074755,1.1351240266677627,2.893796625707586,-0.026427811799962876,0,0,0.609083890914917,-1.170806960468628,1.4657204786883753,-1.8609191379942835,-1.5288050810443323,-0.21472055116762334,0.0,0.0,-0.0,-0.0,-0.0,0.0,1789114141.110008
3058.0769999999998,-0.44793275529087423,-0.47790722383468043,0.3396818947618602,1.135128311876844,2.8937833864182148,-0.026402321668491033,0,0,0.6090754866600037,-1.1708261531642457,1.4657133261310022,-1.8608728847899378,-1.5288050810443323,-0.21472388902773076,0.0,0.0,4.628421379493375e-08,-0.0,-0.0,0.0,1789114141.2099571
3058.1769999999997,-0.44788106466132627,-0.47783453792706887,0.33944193596292777,1.1351069480201428,2.89348127132085,-0.02573555247645716,0,0,0.609027624130249,-1.1707829695991059,1.4661524931537073,-1.8608352146544398,-1.5287979284869593,-0.21472388902773076,-0.003815925447270274,1.938326235628729e-12,0.018956148996949196,0.0006268729921430349,-2.12262324367756e-28,0.0,1789114141.3099594
3058.277,-0.44812320355260393,-0.4762499975187384,0.3371719127141325,1.137511945572291,2.8897052672931394,-0.019524074656574297,0,0,0.6067816019058228,-1.1707218152335663,1.4708340803729456,-1.8607326946654261,-1.5287979284869593,-0.21473580995668584,-0.022628189995884895,0.0004625876317732036,0.08987292647361755,0.00031026112264953554,-0.0,0.0,1789114141.410312
3058.377,-0.4450452137487909,-0.47488377224050293,0.3303776173102088,1.1336353244339876,2.8830458505573926,-0.0006198953471106351,0,0,0.6078417897224426,-1.1707029205611725,1.4851949850665491,-1.8607446155943812,-1.5291884581195276,-0.21470815340151006,0.012787426821887493,-1.6436399213137856e-26,0.19787146151065826,8.010803139768541e-05,-0.002005220390856266,0.0,1789114141.5099564
3058.477,-0.44018225887397977,-0.4712914467949046,0.31809732828503046,1.1294699038428595,2.86977731019155,0.03314141456648431,0,0,0.6077041029930115,-1.1708176893046875,1.5117266813861292,-1.8613501987852992,-1.5299909750567835,-0.21469289461244756,-0.00043718659435398877,-0.00011831741721834987,0.30844852328300476,-0.00979835819453001,-0.012323998846113682,0.0,1789114141.6100266
3058.5769999999998,-0.4354964618139855,-0.4668347451657128,0.3055084521780038,1.1272734518974792,2.855831746608281,0.06349851784271283,0,0,0.606141984462738,-1.1713050168803711,1.5405634085284632,-1.8657680950560511,-1.530043903981344,-0.2147000471698206,-0.029792608693242073,-0.0009379913099110126,0.2608678936958313,-0.06088278070092201,-8.643713954370469e-05,0.0,1789114141.7099657
3058.6769999999997,-0.43449006975082244,-0.4626560224929063,0.2976467364154072,1.1319589570840514,2.8478382517498115,0.07528220119016149,0,0,0.6015287637710571,-1.1713289779475708,1.5597546736346644,-1.8753797016539515,-1.530043903981344,-0.2147000471698206,-0.06164318323135376,-0.0007694201194681227,0.13246218860149384,-0.16835860908031464,-1.3143095429768437e-06,0.0,1789114141.810038
3058.777,-0.4386277831801401,-0.45904632362073655,0.29585224207608735,1.1466259624367214,2.8505518830467977,0.05729875277263182,0,0,0.5929508805274963,-1.1712859135917206,1.5681594053851526,-1.8977133236327113,-1.530036751423971,-0.21470815340151006,-0.0915503054857254,-1.6976011465885676e-05,0.027876414358615875,-0.22844688594341278,-1.1265712899027566e-15,0.0,1789114141.9100254
3058.877,-0.4436864163250834,-0.4570302684695253,0.2976376553882719,1.160749935119574,2.8583870259983373,0.03164603943594319,0,0,0.5858486890792847,-1.1712606710246583,1.5685160795794886,-1.9186951122679652,-1.5308688322650355,-0.21471673647035772,-0.037748295813798904,0.00010667637252481654,0.0001216879827552475,-0.1915724277496338,-0.027679255232214928,0.0,1789114142.0099049
3058.977,-0.44508019540727717,-0.45666793225586655,0.2981313047309684,1.1647262149881172,2.8636038086010447,0.02407241281044862,0,0,0.584507167339325,-1.1710788172534485,1.568862263356344,-1.9268156490721644,-1.5332735220538538,-0.21472055116762334,-0.00030723694362677634,0.0026808823458850384,0.012982218526303768,-0.0002676858857739717,-0.0033073951490223408,0.0,1789114142.110032
3059.0769999999998,-0.44427027541610514,-0.45615255107635777,0.29636210161106524,1.16390974388188,2.861615445109057,0.02907085911118376,0,0,0.5845514535903931,-1.1709890228560944,1.5726030508624476,-1.9267779789366664,-1.5333741346942347,-0.2147463003741663,3.853214002447203e-05,0.0008350746356882155,0.051860738545656204,-5.673248233506456e-05,-0.0007600406534038484,0.0,1789114142.2099595
3059.1769999999997,-0.44373681252817826,-0.4557824690521497,0.2952143947754676,1.1634774817650166,2.8603208073445243,0.032287342501321634,0,0,0.584542989730835,-1.1709936422160645,1.5751355330096644,-1.926829000512594,-1.5334613958941858,-0.21473914781679326,2.802596928649634e-45,-5.803888780064881e-05,0.0008574927924200892,-4.248823743299983e-32,-0.0005680507165379822,0.0,1789114142.3099582
3059.277,-0.44372705234843607,-0.455685340911627,0.29504695641804324,1.1636159729325375,2.8606969073829074,0.03343343143281504,0,0,0.584542989730835,-1.170921878223755,1.5753892103778284,-1.9267779789366664,-1.534220043812887,-0.21473580995668584,0.0,0.0015727290883660316,0.007282960694283247,-1.9268385585746728e-05,-0.02265361323952675,0.0,1789114142.41002
3059.377,-0.4433196413032419,-0.4548347747451028,0.29354142996586363,1.1642804394900377,2.8624206861994614,0.04160109478564535,0,0,0.5845000147819519,-1.1708428126624604,1.5785592238055628,-1.9267779789366664,-1.5388105551349085,-0.21473580995668584,0.0,0.00043474388075992465,0.05905025824904442,-0.0,-0.07207278162240982,0.0,1789114142.5099802
3059.477,-0.44208751333414903,-0.45278087451865956,0.2897121016998295,1.1653285209776985,2.86573181495256,0.061400822296509526,0,0,0.5844999551773071,-1.1707458061030884,1.586808983479635,-1.9267379246153773,-1.5491645971881312,-0.21472388902773076,0.0,0.00022918442846275866,0.12087584286928177,-0.0,-0.12121238559484482,0.0,1789114142.610036
3059.5769999999998,-0.4388699280386865,-0.44905894511192734,0.2817592870121193,1.1648780424479432,2.865991004569088,0.09535695429952869,0,0,0.5844807624816895,-1.1707578760436554,1.6044758001910608,-1.9268237553038539,-1.5623553434955042,-0.21472722688783819,0.0,6.462245073635131e-05,0.2225811779499054,-0.0,-0.1477855145931244,0.0,1789114142.7099903
3059.6769999999997,-0.4345778482828527,-0.44440053006200375,0.2718114294447999,1.1635536475430335,2.8660444266728455,0.13623783939001285,0,0,0.5845862030982971,-1.1707625848105927,1.6271684805499476,-1.928338190118307,-1.5782001654254358,-0.21469670930971319,2.1902542357565835e-05,0.0,0.22538498044013977,-0.07102791965007782,-0.11650927364826202,0.0,1789114142.8099723
3059.777,-0.4317063148827365,-0.44208640509873964,0.26461434628295855,1.1639385614850577,2.8675781280214587,0.14018110329808697,0,0,0.584479570388794,-1.1707182687572022,1.6473725477801722,-1.947507997552389,-1.5810778776751917,-0.21472388902773076,-0.0005796117475256324,0.0003601608332246542,0.17030544579029083,-0.33019310235977173,-0.00016015335859265178,0.0,1789114142.9099636
3059.877,-0.4324110220516005,-0.4424387839795346,0.26235796946512835,1.1717538693822993,2.8858675240417897,0.09930722793442877,0,0,0.5842878818511963,-1.170685963039734,1.662332836781637,-1.99493469814443,-1.5810468832599085,-0.2147148291217249,-0.007174897473305464,0.002686018357053399,0.13557639718055725,-0.5676227807998657,-4.6094839490251616e-05,0.0,1789114143.009976
3059.977,-0.43406977782649026,-0.44330969075276616,0.2616195238151677,1.180316117597918,2.905304434464911,0.05405343344847626,0,0,0.5839524269104004,-1.1699723464301606,1.6731765905963343,-2.0420123539366664,-1.5810917059527796,-0.21470433870424444,-0.0009607261163182557,0.010852022096514702,0.0769420862197876,-0.2979823052883148,-2.986567798836982e-39,0.0,1789114143.1099887
3060.0769999999998,-0.43399358355834,-0.44313623030803456,0.25945489865067817,1.1810224435388723,2.9070937291014034,0.05192603156702705,0,0,0.583904504776001,-1.1680482190898438,1.6772497336017054,-2.0502125225462855,-1.581874195729391,-0.21473247209657842,-0.0006453781388700008,0.0340697206556797,0.014593898318707943,0.00047558435471728444,-0.00998137891292572,0.0,1789114143.2105522
3060.1769999999997,-0.43442308082539466,-0.4432495014633338,0.25618857185768,1.1800690258706115,2.9040488425381006,0.05909597618028084,0,0,0.5836805701255798,-1.1628971558860322,1.6775582472430628,-2.050148149529928,-1.581965748463766,-0.21473914781679326,-0.006666888017207384,0.07402867823839188,0.0008792675216682255,0.0004719229764305055,-0.00027829271857626736,0.0,1789114143.3100498
3060.277,-0.435745328392274,-0.4429900364098796,0.250480371221286,1.1801495410107445,2.8987185026390283,0.07199896122004407,0,0,0.58226478099823,-1.153642700319626,1.6777656714068812,-2.0501533947386683,-1.582867447529928,-0.21472055116762334,-0.024122120812535286,0.0964999720454216,0.005969948135316372,9.068442159332335e-05,-0.03806404024362564,0.0,1789114143.4098985
3060.377,-0.43770659494625735,-0.44168805763095237,0.24430153940642413,1.1828819406693305,2.894183958024523,0.08888092952479178,0,0,0.5793455243110657,-1.14408294976268,1.6786235014544886,-2.0501185856261195,-1.5868333021747034,-0.21472055116762334,-0.03173702582716942,0.08094438910484314,0.01908721774816513,1.5093438825859908e-27,-0.0027055847458541393,0.0,1789114143.509989
3060.477,-0.4383769503435761,-0.43952608334888865,0.24016981038906182,1.1860066726305856,2.887599130303347,0.09922294464371409,0,0,0.5757822394371033,-1.1404453676990052,1.6830876509295862,-2.0501257381834925,-1.586975399647848,-0.21474773088564092,-0.038398802280426025,-0.0003349881444592029,0.08882156014442444,0.0,-0.0004979687510058284,0.0,1789114143.6099901
3060.5769999999998,-0.435561562915431,-0.4361395575996293,0.23404017634466634,1.185584599212761,2.87811612677265,0.11732511962449528,0,0,0.5736124515533447,-1.14045603693042,1.697439972554342,-2.050066133538717,-1.586968723927633,-0.21472055116762334,-2.3890494742437298e-20,0.0006634159362874925,0.2073133885860443,0.0006081365863792598,-0.0001469306880608201,0.0,1789114143.7100556
3060.6769999999997,-0.42912861213943426,-0.4325516718787201,0.22450221355858857,1.1787805653270549,2.8658166462441397,0.14539597519213118,0,0,0.5744147896766663,-1.1404846471599122,1.7201831976519983,-2.0503598652281703,-1.586968723927633,-0.2147463003741663,0.01580830290913582,0.0,0.23101142048835754,-0.008898880332708359,-7.262205326696858e-05,0.0,1789114143.8099968
3060.777,-0.42490791679623036,-0.43004530368470933,0.21821524522618801,1.1749786391223498,2.858343115705981,0.16193145007991905,0,0,0.5747392177581787,-1.140472726230957,1.7358129660235804,-2.05272974590444,-1.587003533040182,-0.21472388902773076,-0.007548465393483639,-1.864330806711223e-05,0.05172291025519371,-0.06563803553581238,-0.0,0.0,1789114143.9100008
3060.877,-0.4273285920905644,-0.4299950339453988,0.21957444870125997,1.18243280101105,2.8666549442237477,0.14074704426310114,0,0,0.572424590587616,-1.1405720871737977,1.7364090124713343,-2.070141454736227,-1.5869482199298304,-0.2147277037249964,-0.029059162363409996,0.00024728375137783587,-0.00017787211982067674,-0.3084189295768738,-0.0,0.0,1789114144.010019
3060.977,-0.43142489435693016,-0.4301866606557035,0.2221634365440448,1.1944661580858837,2.880933663488494,0.10447476096994769,0,0,0.5689491033554077,-1.1405157905868073,1.736467186604635,-2.099117418328756,-1.586956802998678,-0.21472388902773076,-0.047427959740161896,2.7170215616934e-05,3.4528773539932445e-05,-0.21848511695861816,-0.0,0.0,1789114144.1100254
3061.0769999999998,-0.4336884954230421,-0.42877449266136886,0.2223166838164724,1.201451974486329,2.881268584419536,0.09809255218359153,0,0,0.5649088621139526,-1.1399099391749878,1.7365029493915003,-2.104796072045797,-1.5869930426227015,-0.21473580995668584,-0.015673290938138962,0.018839145079255104,0.0004555328923743218,0.001294528366997838,-0.00018396126688458025,0.0,1789114144.2100232
3061.1769999999997,-0.4337685347613704,-0.428911346963591,0.22070245878272082,1.2006202200097145,2.879835199700046,0.10147678980247088,0,0,0.5650284886360168,-1.1372086268714447,1.736521069203512,-2.1048318348326625,-1.5869930426227015,-0.21472388902773076,0.007966076955199242,0.02230847254395485,5.6808141380315647e-05,3.582411591196433e-05,-8.547210018150508e-05,0.0,1789114144.3099759
3061.277,-0.43359245753677855,-0.429184267749235,0.22000151959257036,1.1995499611052038,2.8795059656181916,0.1029654272783275,0,0,0.5655708312988281,-1.1360316735557099,1.7365177313434046,-2.104824205438131,-1.5869839827166956,-0.21472055116762334,0.0005638623842969537,0.011593160219490528,2.4353012939570817e-09,1.4155912399534386e-17,-0.0,0.0,1789114144.4099486
3061.377,-0.43366156053883087,-0.42927563142656844,0.2184876302893008,1.198793771691327,2.878102741754983,0.10626408431872643,0,0,0.5656391978263855,-1.1335401696017762,1.7365730444537562,-2.104765554467672,-1.587003533040182,-0.21472388902773076,0.0034369463101029396,0.04450328275561333,0.00030628038803115487,0.0,-0.0,0.0,1789114144.5100446
3061.477,-0.43343903764060426,-0.4299851719350205,0.2146014810205497,1.1954398609136465,2.8751902676453973,0.11442698147822027,0,0,0.5668349266052246,-1.1270305675319214,1.7365902105914515,-2.104804655114645,-1.586987320576803,-0.21472388902773076,0.013903586193919182,0.08193109184503555,0.00010202678095083684,0.0,-0.0,0.0,1789114144.6099112
3061.5769999999998,-0.4331569579504021,-0.430788878195591,0.21023965634144742,1.1915992669771363,2.8718911231976123,0.12355166231443478,0,0,0.5682085156440735,-1.1197036069682618,1.736565415059225,-2.1048137150206507,-1.5869291464435022,-0.21473580995668584,0.01001166831701994,0.05776876211166382,-0.0,0.0,-0.0,0.0,1789114144.7100859
3061.6769999999997,-0.4327507693094064,-0.4314439303585266,0.20780445346161674,1.1887761842025721,2.8703951618,0.12872812879785991,0,0,0.5695015788078308,-1.1156436067870636,1.736594025288717,-2.1048203907408656,-1.5869634787188929,-0.21470433870424444,0.003482744563370943,0.017927100881934166,-0.0,0.0,-0.0,0.0,1789114144.8099709
3061.777,-0.43272937941607803,-0.4315195433712358,0.2075030685068618,1.1884608461158612,2.8701925577089558,0.12935035713877557,0,0,0.56962651014328,-1.1151078504375,1.736546818410055,-2.104811807672018,-1.5869601408587855,-0.21471149126161748,0.0034468104131519794,0.00033301732037216425,-0.0,0.0,-0.0,0.0,1789114144.9112034
3061.877,-0.43266765381191297,-0.4315784021676433,0.20728079257359044,1.1881410641455505,2.8700227171341814,0.12992470016030286,0,0,0.569765031337738,-1.1147651237300416,1.7365697065936487,-2.1047212086119593,-1.5869601408587855,-0.21471673647035772,0.00014017554349265993,0.011694831773638725,-0.0,0.0005413315375335515,-0.0,0.0,1789114145.0099912
3061.977,-0.4321751750885653,-0.4321586249125419,0.206235957696083,1.1859101581026665,2.869798504462638,0.1321797675561468,0,0,0.571026086807251,-1.1130407613566895,1.7366016546832483,-2.1047002277769984,-1.586956802998678,-0.21470815340151006,0.02199755609035492,0.022043289616703987,-0.0,0.0002400994999334216,-0.0,0.0,1789114145.1099677
3062.0769999999998,-0.4312691963388783,-0.43321381504822404,0.20471990304140428,1.1819709639158429,2.869820461607346,0.13543097383987174,0,0,0.5733323097229004,-1.1105002027801056,1.7365973631488245,-2.104696889916891,-1.5869672934161585,-0.21472388902773076,0.03459908440709114,0.034584663808345795,2.1813748389831744e-05,0.00025921696214936674,-0.0,0.0,1789114145.2100406
3062.1769999999997,-0.4299952103463469,-0.43460900592205265,0.20348897880202915,1.1770025515088427,2.870596397468265,0.13807661380018466,0,0,0.5764465928077698,-1.1084222358516236,1.7365697065936487,-2.1046887836852015,-1.586944882069723,-0.21473914781679326,0.020844854414463043,0.014750054106116295,1.148616775026312e-06,6.680146179860458e-05,-0.0,0.0,1789114145.3099935
3062.277,-0.4298399802989596,-0.43476616932609086,0.2031449326947342,1.1763383248279928,2.8704281255705983,0.1389535926243689,0,0,0.5768095254898071,-1.1078768235496064,1.736586872731344,-2.1045643291869105,-1.5869515577899378,-0.21472388902773076,-0.003703224705532193,0.003210294758901,1.4135297966844096e-11,0.003205163637176156,-0.0,0.0,1789114145.4099584
3062.377,-0.42991650929381275,-0.4346833341247283,0.20304079727603624,1.1765381898778395,2.870098016225309,0.13920293585137694,0,0,0.576610803604126,-1.1077223879149933,1.736594025288717,-2.104466577569479,-1.5868762175189417,-0.21472388902773076,-1.7319346199979723e-16,0.00021757408103439957,5.797998164780438e-05,0.00020122989371884614,-7.950603148978288e-40,0.0,1789114145.5099905
3062.477,-0.42990433956095925,-0.4347109294168086,0.2030944807363727,1.1764835163946328,2.8701641595046268,0.13898936008921564,0,0,0.5766515135765076,-1.107789323931076,1.7365687529193323,-2.1045056782164515,-1.5868213812457483,-0.21473580995668584,-0.00034741777926683426,-6.27755289315246e-05,-0.00014437577920034528,2.3996097297640517e-05,-0.0,0.0,1789114145.6105323
3062.5769999999998,-0.42991884570917666,-0.43468945896380995,0.20309765980674882,1.1765400659183716,2.8701389530738783,0.1390273629664883,0,0,0.576610803604126,-1.1078014236739655,1.736572567616598,-2.1044775448241175,-1.586837116871969,-0.21473580995668584,-0.00013544218381866813,0.0,-5.842661266797222e-05,0.0,5.9534031606744975e-05,0.0,1789114145.7099993
3062.6769999999997,-0.42992456560852893,-0.4346957496049942,0.20309205711002984,1.176541578632335,2.8701437395287805,0.13901824616464173,0,0,0.5766143798828125,-1.1077774328044434,1.736553970967428,-2.104490419427389,-1.586837116871969,-0.21473247209657842,0.0,0.0,-0.0,0.0,0.0,0.0,1789114145.8100693
3062.777,-0.4299166526267725,-0.43470466124157714,0.20308910500071237,1.1765313312835635,2.8701097169372254,0.13897584819731204,0,0,0.5766263008117676,-1.1077738565257569,1.7365573088275355,-2.104497571984762,-1.5867903868304651,-0.21472055116762334,0.0,0.0,-0.0,0.0,0.0,0.0,1789114145.9100196
3062.877,-0.4299191187373317,-0.43470695683584587,0.20308325555170165,1.1765482377578815,2.8701163079178666,0.13899182049957537,1,1,0.5766298770904541,-1.1077582401088257,1.7365506331073206,-2.1045056782164515,-1.5868061224566858,-0.21470767656435186,0.0,0.0,-0.0,0.0,0.0,0.0,1789114146.0099916
3062.977,-0.42991410458250934,-0.43471725101217856,0.20309832597330268,1.1764841795216276,2.870184870818488,0.13896812278133688,1,1,0.5766526460647583,-1.1077738565257569,1.7365382353412073,-2.1045128307738246,-1.5868285338031214,-0.21473914781679326,0.0,0.0,-0.0,0.0,0.0,0.0,1789114146.110049
3063.0769999999998,-0.42994548451132325,-0.4346944238005428,0.20311674989043654,1.1765808121049033,2.870174455780919,0.13895514647669682,1,1,0.5765951871871948,-1.1077892941287537,1.736511532460348,-2.1044937572874964,-1.5868476072894495,-0.21473580995668584,0.0,0.0,-0.0,0.0,0.0,0.0,1789114146.2099962
3063.1769999999997,-0.42994220552755813,-0.4346942831930235,0.20310815846084745,1.1765623807360313,2.870137372011336,0.13894184438732327,1,1,0.5765916109085083,-1.1077822011760254,1.7365220228778284,-2.1044937572874964,-1.5868094603167933,-0.2147429625140589,0.0,0.0,-0.0,0.0,0.0,0.0,1789114146.3099954
3063.277,-0.42993464561941985,-0.4347022074695023,0.20310060520512768,1.1765461286814207,2.8701487772796797,0.13895388919619006,1,1,0.576610803604126,-1.1077703398517151,1.736525837575094,-2.1045056782164515,-1.5868166128741663,-0.21473580995668584,-1.5678099156867375e-27,0.0,-0.0,0.0,0.0,0.0,1789114146.4100482
3063.377,-0.4299508497605606,-0.43469727780289474,0.2030973999488619,1.1765639872679636,2.8701653991749003,0.13894384131304272,1,1,0.5765916109085083,-1.1077511471560975,1.7365105787860315,-2.104528089562887,-1.5868318716632288,-0.21474773088564092,0.0,0.0,-0.0,0.0,0.0,0.0,1789114146.509997
3063.477,-0.4299336647286446,-0.4346912709887251,0.2031122243837819,1.1765926375936497,2.870133759347423,0.13892850049343006,1,1,0.5765951871871948,-1.1078049105456849,1.7365487257586878,-2.104509016076559,-1.5868094603167933,-0.21472055116762334,0.0,0.0,-0.0,0.0,0.0,0.0,1789114146.6100311
3063.5769999999998,-0.4299329764709001,-0.4346948975884158,0.2030835728465329,1.1765772168300168,2.8701395036567385,0.13902612138220913,1,1,0.5766072273254395,-1.107754723434784,1.7365449110614222,-2.1045056782164515,-1.5868476072894495,-0.21471673647035772,0.0,0.0,-0.0,0.0,0.0,0.0,1789114146.7100213
3063.6769999999997,-0.4299161322833953,-0.43470609752845,0.2030987376819881,1.1765339550974383,2.870175615192196,0.13899524800188143,1,1,0.5766383409500122,-1.107785777454712,1.736553970967428,-2.104509016076559,-1.5868476072894495,-0.21472055116762334,0.0,0.0,-0.0,0.0,0.0,0.0,1789114146.8100352
3063.777,-0.42993378181195735,-0.4346847179562988,0.2030980990574826,1.1765908448902358,2.870136526633107,0.13900909153436497,1,1,0.5765916109085083,-1.1077892941287537,1.7365573088275355,-2.1044937572874964,-1.5868437925921839,-0.21472388902773076,0.0,0.0,-0.0,0.0,0.0,0.0,1789114146.9100606
3063.877,-0.4299297653728857,-0.4346953361439317,0.20309926133321593,1.176571579249497,2.870154885013887,0.13900188249807446,1,1,0.576610803604126,-1.1077822011760254,1.7365449110614222,-2.104497571984762,-1.5868476072894495,-0.21472055116762334,0.0,0.0,-0.0,0.0,0.0,0.0,1789114147.010037
3063.977,-0.42993173006654534,-0.4346963331387743,0.203105547090765,1.1765499310225107,2.8701591210067927,0.13896055205453672,1,1,0.5766072273254395,-1.1077892941287537,1.7365415732013147,-2.1045056782164515,-1.5868285338031214,-0.21473914781679326,0.0,0.0,-0.0,0.0,0.0,0.0,1789114147.1100109
3064.0769999999998,-0.4299404366463037,-0.43467417379392975,0.2030926466309087,1.1765918078908224,2.8701004061327295,0.13902447819478655,1,1,0.5765676498413086,-1.107785777454712,1.736561123524801,-2.10447420696401,-1.586825195943014,-0.21473914781679326,0.0,0.0,-0.0,0.0,0.0,0.0,1789114147.21006
3064.1769999999997,-0.42991718545173635,-0.4347044943121614,0.2031117327231621,1.1765238897105288,2.87020273871922,0.1389986177792399,1,1,0.5766383409500122,-1.1078048807433625,1.736546818410055,-2.1044937572874964,-1.5868666807757776,-0.21473247209657842,0.0,0.0,-0.0,0.0,0.0,0.0,1789114147.310011
3064.277,-0.42993141458046724,-0.43469612766118054,0.2031030170769687,1.176580402657878,2.870142085829682,0.13897159435653023,1,1,0.5766072273254395,-1.107785777454712,1.7365415732013147,-2.1045009098448695,-1.5868285338031214,-0.21471673647035772,0.0,0.0,-0.0,0.0,0.0,0.0,1789114147.4100852
3064.377,-0.42992566386624875,-0.43469058114621545,0.20308381615561072,1.1765503348562598,2.8701377523610545,0.13903836918187368,1,1,0.5766072273254395,-1.1077703398517151,1.736565415059225,-2.104497571984762,-1.5868437925921839,-0.21473247209657842,0.0,0.0,-0.0,0.0,0.0,0.0,1789114147.5100062
3064.477,-0.4299254226423277,-0.4346916805646331,0.20309694452609833,1.1765681187344013,2.8701225770440026,0.13900809275539014,1,1,0.5766059160232544,-1.1077892941287537,1.7365573088275355,-2.104481359521383,-1.586825195943014,-0.21472055116762334,0.0,0.0,-0.0,0.0,0.0,0.0,1789114147.6100676
3064.5769999999998,-0.4299445886917491,-0.4346825461467401,0.20308642627533718,1.1766145201330793,2.870114774768425,0.13899214398034074,1,1,0.5765761137008667,-1.1077618163875123,1.7365506331073206,-2.10451664547109,-1.5868285338031214,-0.21472055116762334,0.0,0.0,-0.0,0.0,0.0,0.0,1789114147.7102692
3064.6769999999997,-0.4299281367039274,-0.4346942655536599,0.20309280456193435,1.1765127514933056,2.870152750546251,0.13904647252892519,1,1,0.576610803604126,-1.1077738565257569,1.7365415732013147,-2.1044661007323207,-1.5868476072894495,-0.21475488344301397,0.0,0.0,-0.0,0.0,0.0,0.0,1789114147.8100643
3064.777,-0.42993044937848524,-0.43471420616151496,0.20310748808472603,1.1764946062466313,2.8701953005832532,0.13893691178938888,1,1,0.5766334533691406,-1.1077703398517151,1.7365105787860315,-2.1045128307738246,-1.5868285338031214,-0.21475488344301397,0.0,0.0,-0.0,0.0,0.0,0.0,1789114147.9100049
3064.877,-0.4299481801018551,-0.43469842671775066,0.2031067284502136,1.1765717554455426,2.8701624795428478,0.13893649350133674,1,1,0.57659512758255,-1.107766793375351,1.7365072409259241,-2.1045128307738246,-1.5868285338031214,-0.21473914781679326,0.0,0.0,-0.0,0.0,0.0,0.0,1789114148.0100098
3064.977,-0.4299324332494331,-0.4347063288087928,0.20309737849236098,1.1765532551409006,2.8701522672635402,0.1389526794726949,1,1,0.5766191482543945,-1.1077632767013093,1.736525837575094,-2.10451664547109,-1.5868199507342737,-0.21472388902773076,0.0,0.0,-0.0,0.0,0.0,0.0,1789114148.1100235
3065.0769999999998,-0.4299194818683051,-0.4347015648778417,0.203099488894105,1.1765150879120105,2.8701688681981845,0.1389789600686217,1,2,0.5766263008117676,-1.1077892941287537,1.7365573088275355,-2.104509492913717,-1.5868318716632288,-0.2147429625140589,0.0,0.0,-0.0,0.0,0.0,0.0,1789114148.2100167
3065.1769999999997,-0.42991868239381686,-0.4347021741625307,0.20309558138266529,1.1765413886911786,2.8701588202284136,0.13901024636518772,1,2,0.5766298770904541,-1.1077822309783478,1.736553970967428,-2.104497571984762,-1.5868437925921839,-0.21472055116762334,0.0,0.0,-0.0,0.0,0.0,0.0,1789114148.310061
3065.277,-0.42992334710385033,-0.4346955785103107,0.20308665022071598,1.1765305853369297,2.8701301677994193,0.1390383137554945,1,2,0.5766143798828125,-1.1077703398517151,1.736553970967428,-2.1044775448241175,-1.5868318716632288,-0.21473580995668584,0.0,0.0,-0.0,0.0,0.0,0.0,1789114148.4100919
3065.377,-0.42993416558715813,-0.4346930314325167,0.20309819021115044,1.1765522404771709,2.8701255455769585,0.13894217274716986,1,2,0.5765951871871948,-1.1077808898738404,1.7365487257586878,-2.1045128307738246,-1.5867975393878382,-0.2147429625140589,0.0,0.0,-0.0,0.0,0.0,0.0,1789114148.510055
3065.477,-0.42992501519785414,-0.43469632040636524,0.2030978797983641,1.1765158881431619,2.870137428041437,0.1389876799028455,1,2,0.576610803604126,-1.107785777454712,1.7365506331073206,-2.104485174218649,-1.5868132750140589,-0.21475106874574834,0.0,0.0,-0.0,0.0,0.0,0.0,1789114148.6100616
3065.5769999999998,-0.4299287243652416,-0.43469873930179864,0.20310268445030646,1.1765537289951746,2.8701374755489297,0.13896153469483377,1,2,0.576610803604126,-1.107785777454712,1.7365415732013147,-2.104497571984762,-1.5868132750140589,-0.2147286573993128,0.0,0.0,-0.0,0.0,0.0,0.0,1789114148.7100985
3065.6769999999997,-0.4299206000680574,-0.4347066606665733,0.20308131193718487,1.1764812622959073,2.870132993533864,0.13903275109063004,1,2,0.5766298770904541,-1.1077512365630646,1.7365382353412073,-2.10447420696401,-1.5868166128741663,-0.21475106874574834,0.0,0.0,-0.0,0.0,0.0,0.0,1789114148.8100958
3065.777,-0.42992963812001306,-0.43469979493703936,0.20309446888036742,1.176521165082932,2.870135960711649,0.13897737223897963,1,2,0.576610803604126,-1.1077703398517151,1.7365382353412073,-2.1044937572874964,-1.5868094603167933,-0.21474773088564092,0.0,0.0,-0.0,0.0,2.802596928649634e-45,0.0,1789114148.910055
3065.877,-0.4299212467182031,-0.4346952731230915,0.20310376230754823,1.1764907343768156,2.870137777897242,0.13897466512781653,1,2,0.576610803604126,-1.1078013640693207,1.7365573088275355,-2.1044775448241175,-1.5868013540851038,-0.21476680437196904,0.0,0.0,-0.0,0.0,0.0,0.0,1789114149.0100157
3065.977,-0.429938081581233,-0.4346930358455588,0.2030875750156371,1.1765657011053479,2.8701018682739163,0.13897665593402056,1,2,0.5765916109085083,-1.1077582699111481,1.7365382353412073,-2.104497571984762,-1.5867975393878382,-0.21473247209657842,0.0,0.0,-0.0,0.0,0.0,0.0,1789114149.1100035
3066.0769999999998,-0.429918775014889,-0.4346860646143888,0.2030952498825217,1.1765104719458654,2.8701454754912934,0.13905124996414917,1,2,0.5766072273254395,-1.1078013640693207,1.7365759054767054,-2.1044661007323207,-1.5868437925921839,-0.2147582213031214,0.0,0.0,-0.0,0.0,0.0,0.0,1789114149.210072
3066.1769999999997,-0.42992417319239307,-0.43468873480904086,0.20309445946261284,1.1765463335887414,2.870142626447865,0.13904974704473477,1,2,0.5766072273254395,-1.1077892941287537,1.736561123524801,-2.1044703922667445,-1.586850945149557,-0.21473580995668584,0.0,0.0,-0.0,0.0,0.0,0.0,1789114149.3100758
3066.277,-0.4299190687579022,-0.43469940802095713,0.2030982473625684,1.1764983096681183,2.870127260810348,0.13899952562600862,1,2,0.5766191482543945,-1.1077892941287537,1.7365506331073206,-2.1044661007323207,-1.5868046919452112,-0.21475106874574834,0.0,0.0,-0.0,0.0,0.0,0.0,1789114149.4100702
3066.377,-0.4299346984434441,-0.4346811656497006,0.20310383786453062,1.1766031396493475,2.870115573028172,0.13900010077208083,1,2,0.5765832662582397,-1.1078013938716431,1.7365573088275355,-2.1044775448241175,-1.5868285338031214,-0.21472055116762334,0.0,0.0,-0.0,0.0,0.0,0.0,1789114149.510089
3066.477,-0.4299356871697546,-0.43469862680670174,0.20310114732175172,1.1765291788499317,2.870139406229081,0.13896372757158446,1,2,0.5766036510467529,-1.1077738565257569,1.736525837575094,-2.104488512078756,-1.5868094603167933,-0.21475106874574834,0.0,0.0,-0.0,0.0,0.0,0.0,1789114149.6100843
3066.5769999999998,-0.429934497128112,-0.4346995480655653,0.20311265420109637,1.176556049068555,2.8701574390524076,0.13892988002120396,1,2,0.5766072273254395,-1.107792781000473,1.7365291754352015,-2.1045056782164515,-1.5868166128741663,-0.21473580995668584,0.0,0.0,-0.0,0.0,0.0,0.0,1789114149.710061
3066.6769999999997,-0.42990401732865735,-0.43470443958184957,0.2030756140895701,1.1764567198273528,2.870123176820711,0.13907082372523066,1,2,0.5766419172286987,-1.1077668231776734,1.736572567616598,-2.1044627628722132,-1.5868166128741663,-0.21475106874574834,0.0,0.0,-0.0,0.0,0.0,0.0,1789114149.8100743
3066.777,-0.4299271805843953,-0.43470652250487124,0.2031017621566671,1.1765226576337553,2.870157973693726,0.138994362708561,1,2,0.5766262412071228,-1.1077738565257569,1.7365220228778284,-2.1044775448241175,-1.5868318716632288,-0.21473580995668584,0.0,0.0,-0.0,0.0,0.0,0.0,1789114149.910062
3066.877,-0.42993079178826815,-0.43470253216300114,0.20310926261515333,1.1765359856619504,2.8701910959019927,0.13893033651840975,1,2,0.576617956161499,-1.1077892643264313,1.7365382353412073,-2.1045319042601527,-1.5868356863604944,-0.2147443930255335,0.0,0.0,-0.0,0.0,0.0,0.0,1789114150.0100868
3066.977,-0.429943280209282,-0.4346849527237355,0.2030876450278647,1.1765596667635352,2.870124964217731,0.13905050157056462,1,2,0.5765832662582397,-1.1077582997134705,1.7365310827838343,-2.104464670220846,-1.5868437925921839,-0.21474773088564092,0.0,0.0,-0.0,0.0,0.0,0.0,1789114150.1100638
3067.0769999999998,-0.4299632291683475,-0.4346610445278838,0.20310598300755173,1.1766650847173594,2.8700827599429988,0.1389763235503856,1,2,0.5765269994735718,-1.1077943009189148,1.7365415732013147,-2.1044775448241175,-1.5868166128741663,-0.21473247209657842,-0.00029184622690081596,-0.0005255542928352952,-0.0,6.422192382160574e-05,0.0,0.0,1789114150.2100918
3067.1769999999997,-0.42994820853015714,-0.43476822117905856,0.20365894175322713,1.176717770599648,2.8704877968953397,0.13699193145893812,1,2,0.576610803604126,-1.1085648101619263,1.736378018056051,-2.104776998559469,-1.5863326231585901,-0.21475106874574834,0.0009986588265746832,-0.018177848309278488,-0.0008380895014852285,-0.007075852248817682,0.007958819158375263,0.0,1789114150.3100863
3067.277,-0.42916875170220103,-0.43529141485420303,0.20697126844470912,1.1761190382251256,2.8727215697310493,0.12793875558081388,1,2,0.5776954889297485,-1.1141053599170228,1.7363885084735315,-2.1048971615233363,-1.5841386953936976,-0.2147286573993128,0.007406880147755146,-0.09560511261224747,-4.96727334393654e-05,-0.00012017304834444076,0.026081150397658348,0.0,1789114150.4100885
3067.377,-0.42850551755826555,-0.43508782129929774,0.21492503906592117,1.1789315258314037,2.8796583792473047,0.1103392404345753,1,2,0.5778728723526001,-1.1274348062327881,1.7363937536822718,-2.104896684686178,-1.5832069555865687,-0.21473580995668584,0.000262366229435429,-0.15631768107414246,-0.0,-5.1459915994200855e-05,0.00031147210393100977,0.0,1789114150.5103195
3067.477,-0.42766544853329236,-0.4345676848929144,0.22514993103543804,1.1830661606348172,2.889233056952357,0.08863201326104486,1,2,0.577924370765686,-1.1445845824531098,1.7363937536822718,-2.1049004993834437,-1.5831907431231897,-0.21472055116762334,0.0,-0.17683708667755127,-0.0,-0.0,9.8467331554275e-05,0.0,1789114150.6100326
3067.5769999999998,-0.42663833746312757,-0.4340239346795665,0.23512795276968235,1.1867822459725361,2.898531435589927,0.06730001686483951,1,2,0.5781110525131226,-1.1613563758185883,1.7363937536822718,-2.1048647365965785,-1.5831549803363245,-0.21474773088564092,0.007274170406162739,-0.13327060639858246,-3.4103068173862994e-05,-2.0178697886277366e-43,0.00019296203390695155,0.0,1789114150.7101524
3067.6769999999997,-0.42579071727411916,-0.4336206828457746,0.24226709996303797,1.1893526966278802,2.905216389227646,0.05186956672402295,1,2,0.5783350467681885,-1.1733551782420655,1.7363818327533167,-2.1049210033812464,-1.5831669012652796,-0.21473580995668584,0.00019555258040782064,-0.12063480913639069,-3.534567076712847e-05,-0.0,7.598170486744493e-05,0.0,1789114150.8100429
3067.777,-0.42502890489234096,-0.43313603568729087,0.24877267822589738,-1.188600535507035,-2.9031746072215183,-0.03762116033804417,1,2,0.5783588886260986,-1.1843090814403077,1.7363694349872034,-2.1049448452391566,-1.583144489918844,-0.21476680437196904,-7.228766480693594e-05,-0.10137897729873657,-2.956834954659371e-08,-0.00040422557503916323,2.390590587977789e-27,0.0,1789114150.910025
3067.877,-0.42427010499991247,-0.43263987917316477,0.25494503960876297,-1.1865348157770306,-2.8976856669217423,-0.023983020090723117,1,2,0.5783695578575134,-1.194693313246109,1.736349884663717,-2.1050788364806117,-1.5831602255450647,-0.21474773088564092,-0.0001229220360983163,-0.09894172847270966,-0.00040479254676029086,-0.0005122680449858308,-0.0,0.0,1789114151.0100322
3067.977,-0.42360475976459666,-0.43210928343446847,0.2602443334483454,-1.1849655365660243,-2.8929350455869187,-0.012466467882315573,1,2,0.5782403349876404,-1.2036802035621186,1.7363761107074183,-2.1050359211363734,-1.5831549803363245,-0.21473914781679326,-0.00028566631954163313,-0.08890068531036377,-0.00010621793626341969,-7.762060704408213e-05,-0.0,0.0,1789114151.1100602
3068.0769999999998,-0.42299053386579594,-0.4324468023078107,0.26627817405301485,-1.1807748529806006,-2.8861473772558432,0.007341018758483417,1,2,0.5791720747947693,-1.2125956875136872,1.7358949820147913,-2.1105500660338343,-1.582449738179342,-0.21474773088564092,0.02980206348001957,-0.08824703842401505,-0.01016517635434866,-0.16323596239089966,0.03425704687833786,0.0,1789114151.2100885
3068.1769999999997,-0.4227086886557264,-0.43754512013130065,0.2762078724386382,-1.166951458636651,-2.8739100899839825,0.08173725003312854,1,2,0.5841930508613586,-1.2213023465922852,1.7339089552508753,-2.148149152795309,-1.5681222120868128,-0.21475106874574834,0.06869781762361526,-0.0718732476234436,-0.02587057277560234,-0.5734086036682129,0.27566269040107727,0.0,1789114151.3100927
3068.277,-0.42184776014568737,-0.44671227533953384,0.2869122785277918,-1.1455162138393513,-2.863947010549254,0.20068047615158327,1,2,0.5921435356140137,-1.2265067261508484,1.7327049414264124,-2.2122894726195277,-1.534687344227926,-0.214762036000387,0.07937082648277283,-0.0390382744371891,-2.216587314749119e-22,-0.6103567481040955,0.4148700535297394,0.0,1789114151.4100585
3068.377,-0.41908978902794153,-0.45462568689245697,0.2943945780044998,-1.1302894348147743,-2.8721156963641117,0.2989118846059474,1,2,0.5984216332435608,-1.2303931576064606,1.7327235380755823,-2.255448957482809,-1.4914277235614222,-0.21472055116762334,0.04816729947924614,-0.05519644916057587,-0.0,-0.2141139954328537,0.4289666414260864,0.0,1789114151.510096
3068.477,-0.4153008587430844,-0.45801545672655525,0.2991801414337444,-1.1266671462870252,-2.8903808411349097,0.33962472751334427,1,2,0.6016415357589722,-1.237354354267456,1.7327693144427698,-2.2584763966002406,-1.4612086454974573,-0.21469289461244756,0.023534590378403664,-0.0773102194070816,0.0004969005240127444,0.004571033641695976,0.09724554419517517,0.0,1789114151.6100802
3068.5769999999998,-0.4134094804187195,-0.4577279991272668,0.30580805552739965,-1.1212350939761933,-2.8848270210483182,0.35373848248611195,1,2,0.6029388904571533,-1.2483664017966767,1.7327731291400355,-2.2585274181761683,-1.4605935255633753,-0.21472388902773076,0.0005062886048108339,-0.14500568807125092,3.012465822394006e-05,5.581579534919001e-05,-0.00019195156346540898,0.0,1789114151.7101223
3068.6769999999997,-0.4116495294920912,-0.45667160348024693,0.31399156040322296,-1.1164127302417108,-2.876424298841831,0.3703184837516676,1,2,0.603162944316864,-1.2620405715755005,1.7327888647662562,-2.2585088215269984,-1.4605816046344202,-0.21472388902773076,0.005221507977694273,-0.12921757996082306,-0.0,1.6490197594976053e-05,-3.384316005394794e-05,0.0,1789114151.810098
3068.777,-0.410085970076783,-0.45570827442395695,0.3210180670522731,-1.1122128966254152,-2.869081748565551,0.38462411204206226,1,2,0.6033257842063904,-1.2737876635840912,1.732783619557516,-2.258575578729147,-1.4605544249164026,-0.21475488344301397,0.00019809766672551632,-0.11376187950372696,-2.43539544086957e-09,-0.0004719923308584839,0.0001307545753661543,0.0,1789114151.9101176
3068.877,-0.4084957267038923,-0.4549098309260316,0.3274361176093159,-1.1079861435759772,-2.862446219135552,0.39789999517331265,1,2,0.6037294864654541,-1.284494773750641,1.7327483336078089,-2.2587791881956996,-1.4604499975787562,-0.21476680437196904,0.015843525528907776,-0.10359913110733032,-0.0001573846093378961,-0.009975012391805649,0.00352111691609025,0.0,1789114152.010092
3068.977,-0.40519936343023494,-0.4559946387895398,0.33276852872180285,-1.0992356802134624,-2.8611314061747364,0.41112786487296976,1,2,0.6080226302146912,-1.293390468960144,1.7327287832843226,-2.2589198551573695,-1.4581878821002405,-0.2147277037249964,0.0736815482378006,-0.0741657018661499,-3.5475379578375765e-11,-0.00024018883414100856,0.06952252238988876,0.0,1789114152.1101017
3069.0769999999998,-0.39851764403968953,-0.4609781658706783,0.33689375741513916,-1.0843397187349955,-2.8779829109972512,0.43882947883220036,1,2,0.6180558204650879,-1.299900696878769,1.7327287832843226,-2.2592693767943324,-1.4382002989398401,-0.21472388902773076,0.11688846349716187,-0.052601780742406845,-0.00010742482845671475,-0.0017348931869491935,0.34732434153556824,0.0,1789114152.2101002
3069.1769999999997,-0.38982266630417023,-0.46894492303280294,0.34113578575760506,-1.0664828448184323,-2.9128197071425292,0.49590468656010117,1,2,0.6298510432243347,-1.3048086327365418,1.732675854359762,-2.2645684681334437,-1.3918598333941858,-0.2147148291217249,0.1142774373292923,-0.03806233033537865,-0.00032102136174216866,-0.09483449161052704,0.5518949031829834,0.0,1789114152.3101025
3069.277,-0.3824085015184956,-0.47712031826361007,0.3464206412965695,1.0218214350900565,2.8758841961956603,-0.560612212449146,1,2,0.6389614343643188,-1.308140144949295,1.7318881193744105,-2.2795521221556605,-1.334667984639303,-0.21472388902773076,0.062048666179180145,-0.018451567739248276,-0.024464529007673264,-0.19198772311210632,0.520027220249176,0.0,1789114152.4101145
3069.377,-0.38061252055405354,-0.4826170146635419,0.3533603691046642,0.9942631113087523,2.85564785161821,-0.6238984887626217,1,2,0.6421465873718262,-1.3088240188411255,1.7259162108050745,-2.3020464382567347,-1.2976039091693323,-0.21470433870424444,0.01437709666788578,-0.0001346838107565418,-0.09924635291099548,-0.22678235173225403,0.14469337463378906,0.0,1789114152.5100696
3069.477,-0.3833835598213143,-0.4852497175513555,0.36202699714065656,0.9892072522008544,2.8647225659382256,-0.6663472931380597,1,2,0.6426758766174316,-1.308811978702881,1.7125771681415003,-2.3193189106383265,-1.2963298002826136,-0.21472388902773076,3.2942531106527895e-05,0.0,-0.1583796590566635,-0.13791176676750183,-0.0006126451771706343,0.0,1789114152.6100874
3069.5769999999998,-0.386610128049082,-0.4876770955035332,0.3715633150695315,0.9861753019924115,2.8725063102485056,-0.7005808219987841,1,2,0.6426877975463867,-1.3088084620288392,1.6950090567218226,-2.326738019982809,-1.2963627020465296,-0.21472055116762334,2.326633511984255e-05,0.0,-0.19467982649803162,-0.0002445121353957802,-0.00024124867923092097,0.0,1789114152.7101123
3069.6769999999997,-0.38975751443268775,-0.49005300342994507,0.3814179153719195,0.9835868548468033,2.8784985351159342,-0.7281147071464624,1,2,0.6427130699157715,-1.3087810438922425,1.675000015889303,-2.326745172540182,-1.2963808218585413,-0.21475106874574834,0.00028429183294065297,7.258942787302658e-05,-0.21093599498271942,-4.705686296802014e-05,-6.349941395455971e-05,0.0,1789114152.8101141
3069.777,-0.392928189178406,-0.4931131681431645,0.39334713224404905,0.9790243019510192,2.885592408936897,-0.7612599193818067,1,2,0.643608808517456,-1.3086633843234559,1.6508682409869593,-2.326705118218893,-1.296384636555807,-0.21477872530092412,0.02486015297472477,0.0003691525780595839,-0.269313246011734,-5.597932011961646e-25,-7.0095751782456e-41,0.0,1789114152.9101114
3069.877,-0.3940843540808388,-0.49786695652375834,0.40635538344210687,-0.9602411352945333,-2.8715542065290394,0.7909760624941043,1,2,0.6486543416976929,-1.308464841251709,1.6247037092791956,-2.326657911340231,-1.2963345686541956,-0.21477872530092412,0.06421533972024918,0.0006364402361214161,-0.2311696708202362,-8.792321634106696e-27,-0.0,0.0,1789114153.0100684
3069.977,-0.39216231238369215,-0.5027390790087202,0.4147793796395505,-0.9412433319459581,-2.8648356154052395,0.8100445099314124,1,2,0.6568365097045898,-1.3084289592555542,1.6080005804644983,-2.3266779385008753,-1.2964051405536097,-0.21474773088564092,0.09471677988767624,0.00041134434286504984,-0.09751953184604645,-0.0,-0.0,0.0,1789114153.1101224
3070.0769999999998,-0.38754781674532784,-0.5070899319099623,0.4168503157528908,-0.92553552992034,-2.868918396290966,0.8154562637768847,1,2,0.6669722199440002,-1.3084289592555542,1.603924576436178,-2.326693674127096,-1.2963536421405237,-0.21475583711733037,0.11286665499210358,0.0001181515835924074,-0.0008660717285238206,-0.0,-0.0,0.0,1789114153.2100425
3070.1769999999997,-0.38216114550700775,-0.511232175079783,0.416715388869086,-0.9110911234619385,-2.8765174570372722,0.816120181971284,1,2,0.6776360273361206,-1.3082049650004883,1.603924576436178,-2.326715131799215,-1.2963226477252405,-0.21477157274355108,0.09765975922346115,0.00027740365476347506,-6.38620913377963e-05,-0.00023324688663706183,-0.0,0.0,1789114153.310076
3070.277,-0.377793040680286,-0.5144899935920008,0.4167213836597017,-0.8993268986209109,-2.882270338196264,0.8169584254269875,1,2,0.6861847043037415,-1.308169112806656,1.6039212385760706,-2.326921125451559,-1.2963536421405237,-0.21478397050966436,0.07464990764856339,0.0002351945440750569,-1.2861017111611933e-34,-0.0027566198259592056,-0.0,0.0,1789114153.4100363
3070.377,-0.37462247887198646,-0.5169325351580549,0.41687336593890345,-0.889872506384161,-2.8853164156346724,0.819392655530327,1,2,0.6924912929534912,-1.3080353301814576,1.6039493719684046,-2.3288046322264613,-1.2963455359088343,-0.21479875246156865,0.0499253123998642,0.0008004291448742151,-0.0,-0.03676590323448181,-0.0,0.0,1789114153.5100248
3070.477,-0.3731852977586928,-0.5183670408739565,0.41798676838371474,-0.8816142379317659,-2.881296501889132,0.8290124165970193,1,2,0.695751428604126,-1.308064804678299,1.6039531866656702,-2.337095876733297,-1.2963383833514612,-0.21475583711733037,0.01491784118115902,0.0002106332831317559,-0.0,-0.10576225817203522,-0.0,0.0,1789114153.6100626
3070.5769999999998,-0.3728878776444032,-0.5187356067926129,0.41797931825509427,-0.8799507834902321,-2.880836870493127,0.8304653537727885,1,2,0.696521520614624,-1.3077670496753235,1.604034725819723,-2.338750501672262,-1.2963808218585413,-0.21477157274355108,0.01152113638818264,0.005869347136467695,4.5075568777974695e-05,0.00021317186474334449,0.0,0.0,1789114153.710144
3070.6769999999997,-0.3727809412626134,-0.5188180787012402,0.4179524691858304,-0.8797299684317103,-2.8811440966998996,0.8302589525878658,1,2,0.6967335939407349,-1.3077382010272522,1.603997055684225,-2.338536878625387,-1.29637319246401,-0.21478778520692998,-0.0011080702533945441,0.002093694871291518,0.00083792710211128,0.002356017706915736,0.0,0.0,1789114153.8100429
3070.777,-0.3728281441188131,-0.5187864978583969,0.41792578668143765,-0.8799394454342613,-2.881164746534994,0.8301610029161284,1,2,0.6966425180435181,-1.3077157002738495,1.6040051619159144,-2.338468214074606,-1.2963536421405237,-0.214759651814596,-0.003402950242161751,-0.00020061826216988266,0.00012485809565987438,0.000198122434085235,-0.0,-4.203895392974451e-45,1789114153.9100835
3070.877,-0.3731190544947473,-0.518535247822481,0.4178032416646868,-0.880952978846028,-2.8810003312063635,0.8297213043727335,1,2,0.6960304975509644,-1.3077106040767212,1.6042035261737269,-2.3383285007872523,-1.296358887349264,-0.21474773088564092,-0.007256520912051201,0.0001230307389050722,0.001845001825131476,0.0008200395968742669,-0.0003070395323447883,-0.0,1789114154.0100427
3070.977,-0.37328036524663183,-0.5183370908849286,0.41753314456157914,-0.8818184576643119,-2.8811831231511986,0.8288915154909009,1,2,0.6956269145011902,-1.3076783579638978,1.6046446005450647,-2.3381415806212367,-1.2964170614825647,-0.21474773088564092,-0.0017898250371217728,0.0023753128480166197,0.006996456999331713,0.000776899978518486,-0.000330524577293545,-0.0,1789114154.1100638
3071.0769999999998,-0.3738757924083123,-0.5187139205935863,0.4158326886594822,-0.8832444066608757,-2.883080036273811,0.8259324498195997,1,2,0.6954724788665771,-1.304982916717865,1.6047504583941858,-2.3383056126036585,-1.2963984648333948,-0.21473580995668584,-0.008581348694860935,0.04183364659547806,0.00015270103176590055,-0.0010978439822793007,-0.0004197116650175303,-0.0,1789114154.2100055
3071.1769999999997,-0.37753801418613175,-0.518330264970706,0.4119210755262075,-0.8907988147604409,-2.883026698021675,0.8212734100281077,1,2,0.6912199854850769,-1.2979710561088105,1.604708496724264,-2.3414679966368617,-1.2964327971087855,-0.21472055116762334,-0.07898660004138947,0.10642658174037933,-0.0,-0.08865147829055786,-8.28746342449449e-05,-0.0,1789114154.3100781
3071.277,-0.3868055338384333,-0.5172502855607909,0.40533101508697145,-0.9015637062365192,-2.8696332912135767,0.8294294845204717,1,2,0.6804254055023193,-1.282420114879944,1.6047537962542933,-2.3651286564269007,-1.2963808218585413,-0.2147443930255335,-0.12026185542345047,0.19803279638290405,-2.3774842702550814e-05,-0.38680553436279297,3.0207138479454443e-05,-0.0,1789114154.4100573
3071.377,-0.39762833344581305,-0.5176264908448027,0.40147117108671976,-0.8946868974123846,-2.8293228232617325,0.8763009341271545,1,2,0.6700563430786133,-1.2629181009582062,1.6047466436969202,-2.4282285175719203,-1.2962988058673304,-0.2147439161883753,-0.07348128408193588,0.1770934909582138,-0.0,-0.8316132426261902,0.0001899938943097368,-0.0,1789114154.510082
3071.477,-0.4036525716796037,-0.5192947305395901,0.40613344634151327,-0.8637722760304768,-2.7675672023397073,0.9552363970128919,1,2,0.6661664247512817,-1.2519699198058625,1.6047924200641077,-2.5143166981139125,-1.2964018026935022,-0.2147000471698206,-0.012273131869733334,0.04444574564695358,0.0012364808935672045,-0.7419628500938416,-0.0004623972054105252,-0.0,1789114154.6100407
3071.5769999999998,-0.4041672671138427,-0.5196732584198813,0.40926305386206957,-0.8493479028590103,-2.743326655587778,0.986133576584499,1,2,0.6661016941070557,-1.2512449783137818,1.606455151234762,-2.5467411480345667,-1.2964018026935022,-0.21469098726381475,0.0010826903162524104,-0.0037087202072143555,0.03237131983041763,0.03981618955731392,-0.00014031266618985683,0.0001770751114236191,1789114154.7101436
3071.6769999999997,-0.4026823371619269,-0.5185762621448871,0.40290641009070494,-0.8570228278973943,-2.756548525264217,0.9696024035249009,1,2,0.6661902666091919,-1.2510669094375153,1.617486302052633,-2.5417453251280726,-1.2963536421405237,-0.21467620531191045,0.00653994083404541,0.0003566191589925438,0.19846712052822113,0.000989919644780457,0.000710315362084657,5.962727664154954e-05,1789114154.8101475
3071.777,-0.3988456744856512,-0.5160878189628878,0.39028558289545945,-0.8676710098513495,-2.7765744814769513,0.945020618351981,1,2,0.6668082475662231,-1.2513679426959534,1.6435077826129358,-2.5433389149107875,-1.296051327382223,-0.21467286745180303,0.0004793897969648242,-0.00041543360566720366,0.2822020947933197,-0.03633122518658638,0.007912829518318176,0.0,1789114154.9101121
3071.877,-0.39508288327298974,-0.5142478381954917,0.3808125849702732,-0.8680052575638687,-2.787355616188908,0.9479496521757819,1,2,0.6667842864990234,-1.251337246303894,1.6681330839740198,-2.5622459850706996,-1.286783520375387,-0.21469098726381475,-8.255329157691449e-05,-0.00028377093258313835,0.15825504064559937,-0.470319002866745,0.2499983012676239,0.0,1789114155.010145
3071.977,-0.393545837271709,-0.5159506222512581,0.3870744465455481,-0.8320593838899463,-2.755803709203662,1.0318603342458272,1,2,0.6666333675384521,-1.2513679426959534,1.6746438185321253,-2.627470155755514,-1.2622507254229944,-0.21461135545839483,-0.005898186005651951,5.203554974286817e-05,0.012203026562929153,-0.6639974117279053,0.11825671046972275,0.0020600261632353067,1789114155.1100779
3072.0769999999998,-0.3934150881336207,-0.5159563317195854,0.3898791055727745,-0.816611377858155,-2.7314742299486707,1.0633379132875684,1,2,0.6665483713150024,-1.251224474315979,1.6782782713519495,-2.661527772943014,-1.2610176245318812,-0.21438485780824834,0.00013116851914674044,0.0004777243302669376,0.07530827075242996,0.013429813086986542,-0.00014225629274733365,0.0003004297614097595,1789114155.2101088
3072.1769999999997,-0.3911391621621362,-0.5147638984867475,0.3833314308755885,-0.8223368054306083,-2.743169708554439,1.0504591167675705,1,2,0.6672754883766174,-1.2512568992427369,1.6916120688067835,-2.661548753777975,-1.2608311812030237,-0.21440059343446904,0.010711519047617912,-0.0005186175112612545,0.17170268297195435,-0.003398832632228732,0.003318893490359187,8.876619540387765e-05,1789114155.3101323
3072.277,-0.38845728408352853,-0.5136538112893114,0.3769938980390881,-0.8251904369549523,-2.7540285936898075,1.0442420406081303,1,2,0.6680022478103638,-1.2512653929046174,1.7060135046588343,-2.6662146053709925,-1.25731069246401,-0.21441251436342412,0.00047576308134011924,-5.029303429182619e-05,0.1050330400466919,-0.1315508335828781,0.06537269055843353,4.968583964956504e-41,1789114155.410069
3072.377,-0.3869263644283775,-0.5135318314037226,0.3774815387428742,-0.8105434034609463,-2.740869643120443,1.0754475141927151,1,2,0.6679867506027222,-1.2513475877097626,1.7141936461078089,-2.697049757043356,-1.248415772114889,-0.21439677873720342,4.325595364207402e-05,-5.5243868700927123e-05,0.08579887449741364,-0.4531426727771759,0.08197138458490372,0.0,1789114155.510086
3072.477,-0.3848359716455835,-0.5127928266253249,0.37763698258750156,-0.7908586257369005,-2.7153276046696915,1.1123666946297768,1,2,0.668500542640686,-1.251289353971817,1.7271578947650355,-2.7438389263548792,-1.2445266882525843,-0.2143767515765589,0.007386618759483099,0.0,0.18756040930747986,-0.3684908449649811,0.00041996288928203285,0.0,1789114155.6100943
3072.5769999999998,-0.38112982917053106,-0.5106984602105433,0.3699817241179675,-0.7900793910959164,-2.7171399517107213,1.1114452699094677,1,2,0.6695472002029419,-1.251386896972992,1.7488868872271937,-2.764261861840719,-1.24453050294985,-0.2143767515765589,0.008312420919537544,-0.0003003452729899436,0.25226038694381714,-0.09844013303518295,6.821789429523051e-05,0.0,1789114155.7101135
3072.6769999999997,-0.37732852270418166,-0.5076853049631757,0.36013804858286147,-0.7951436008541855,-2.725490900806763,1.1021031063106652,1,2,0.6695160269737244,-1.2513610881618042,1.7737005392657679,-2.7793547115721644,-1.2444289366351526,-0.21434051195253545,-0.0028812866657972336,-0.00014520264812745154,0.21641384065151215,-0.26359546184539795,0.0005643218755722046,0.0004186979786027223,1789114155.8101325
3072.777,-0.3747706383092443,-0.5056316806923103,0.3587294816368331,-0.7784695178312366,-2.696901410697834,1.134612102377413,1,2,0.6694395542144775,-1.2513679426959534,1.7914674917804163,-2.830647131005758,-1.2445028463946741,-0.21376210847963506,-0.0007155986386351287,0.0001634366053622216,0.13665048778057098,-0.6927928328514099,0.00010300078429281712,0.024654090404510498,1789114155.910089
3072.877,-0.3729664776464463,-0.5042565957144942,0.36220788277471583,-0.7570684753585264,-2.6504640802246073,1.1861046629935172,1,2,0.6694467067718506,-1.2513645452312012,1.8029645125018519,-2.8955489597716273,-1.2445386091815394,-0.20907193819154912,-5.173914905753918e-05,9.165552910417318e-05,0.11080820113420486,-0.5565177202224731,-0.0003123667847830802,0.0872608944773674,1789114156.0100794
3072.977,-0.3705418532194203,-0.5023255036197986,0.36093415650508887,-0.7637266753212288,-2.627319453830693,1.213239082781302,1,2,0.669398844242096,-1.2514074009707947,1.8173444906817835,-2.9353043041624964,-1.2445867697345179,-0.19482452074159795,0.00015440584684256464,2.0017228052893188e-06,0.16877016425132751,-0.22639769315719604,-0.00019552349112927914,0.1803790032863617,1789114156.1101325
3073.0769999999998,-0.3678748616243297,-0.5002067781493826,0.354783459943822,-0.7830703282032947,-2.631874707464578,1.2105373901684084,1,2,0.669376015663147,-1.2513936919024964,1.8334530035602015,-2.9453231296935023,-1.244559113179342,-0.18337804475893194,7.84302901593037e-05,-0.00016965053509920835,0.14420071244239807,-0.05233074724674225,-7.255974924191833e-05,0.01583978533744812,1789114156.210133
3073.1769999999997,-0.36551861198692,-0.4982597852839556,0.3504446014393359,-0.7832675644750748,-2.6319328718566424,1.2104256283963633,1,2,0.6692563891410828,-1.2517596048167725,1.8472145239459437,-2.958592554131979,-1.2445624510394495,-0.18336087862123662,-0.0014118051622062922,-0.004039551131427288,0.13328973948955536,-0.24899643659591675,-0.0,0.00014795571041759104,1789114156.3101048
3073.277,-0.36337990244672874,-0.4965908746473483,0.3505211934942728,-0.7685888788924388,-2.6081760221113077,1.2357601058730578,1,2,0.6692442893981934,-1.2517783504775544,1.858577076588766,-2.9972154102721156,-1.2445438543902796,-0.18334514299501592,-0.00012064667680533603,-3.724277655325723e-34,0.09070848673582077,-0.5229635238647461,-0.0,1.1634513373602693e-14,1789114156.4101338
3073.377,-0.36162154937951924,-0.49523234834948515,0.35567817257676854,-0.7394428437033161,-2.5602343046872695,1.2846866418132694,1,2,0.6692287921905518,-1.2517441374114533,1.8655346075641077,-3.058356901208395,-1.244580094014303,-0.18336087862123662,-0.00012951178359799087,0.0,0.059500887989997864,-0.6545490026473999,-0.0,0.0,1789114156.510149
3073.477,-0.3596205589780451,-0.49342134837663737,0.3610006193357317,-0.7098059067469176,-2.5093737712913597,1.3333069966281978,1,2,0.6688934564590454,-1.2517801982215424,1.872739617024557,-3.121533056298727,-1.24479848543276,-0.1833418051349085,-0.008145513013005257,2.2225132984536568e-20,0.09164337813854218,-0.5925338864326477,-0.0016714426456019282,0.0,1789114156.610162
3073.5769999999998,-0.3566849000348552,-0.49062132488571175,0.3608526050948054,-0.6930242758032795,-2.479063485468851,1.3606505285971562,1,2,0.6682214736938477,-1.2517835658839722,1.8870647589312952,-3.168450017968649,-1.244918171559469,-0.18336898485292608,-0.0008488291641697288,0.0,0.19814731180667877,-0.3060726821422577,-0.0003701216774061322,4.400905422200395e-23,1789114156.7102773
3073.6769999999997,-0.3522232535777704,-0.4871373697134026,0.3511066697150899,-0.7002085273346097,-2.491717070894212,1.349220830971373,1,2,0.668260931968689,-1.2518246930888672,1.912393871937887,-3.180059095422262,-1.2448943297015589,-0.18340903917421514,-4.7900190111249685e-05,-0.0007873359136283398,0.29602140188217163,-0.0009610061533749104,-6.926335481693968e-05,0.0,1789114156.810104
3073.777,-0.3475919849297185,-0.4834803146966362,0.33997665070818595,-0.7123868681756388,-2.5126297625067164,1.3298432289405167,1,2,0.6682537794113159,-1.2518638235381623,1.9386900107013147,-3.1834804020323695,-1.244861904774801,-0.18343669572939092,1.5399999146054922e-30,-0.00042826615390367806,0.19713473320007324,-0.12291628867387772,0.00017792089784052223,0.0,1789114156.9101307
3073.877,-0.3456983081795556,-0.48202803871447164,0.339241231659224,-0.7052397981789718,-2.500742824492957,1.3411308937273587,1,2,0.6682848930358887,-1.2518314880183716,1.946951691304342,-3.204892774621481,-1.2448275724994105,-0.18344480196108037,0.00011338367039570585,8.121549763018265e-05,-0.0021249011624604464,-0.24943116307258606,0.00013714443775825202,-0.00018917297711595893,1789114157.010121
3073.977,-0.3450720251497209,-0.48152403382221914,0.3432600712251258,-0.6891590454225217,-2.4733071125443042,1.3662699344987748,1,2,0.6682454347610474,-1.2518432897380372,1.9469879309283655,-3.2347847423949183,-1.2448585669146937,-0.1834963003741663,-0.00018364679999649525,0.0,0.00017816800391301513,-0.3242374062538147,3.94664857594762e-06,-0.0005986514152027667,1789114157.1101422
3074.0769999999998,-0.3444380303953395,-0.481021419244053,0.3468023575103835,-0.6746870803826588,-2.4486216281282487,1.3882638711751059,1,2,0.6682178974151611,-1.2517954868129273,1.9470117727862757,-3.2615109882750453,-1.2448790709124964,-0.18362838426698858,-0.0005255229189060628,8.130424248520285e-05,8.434925985056907e-05,-0.18026578426361084,0.0,-0.0007912323344498873,1789114157.2101605
3074.1769999999997,-0.3446776045475298,-0.48046452610304236,0.34810220968060895,-0.6702438720437021,-2.4387842906589983,1.3956876629136237,1,2,0.6671926975250244,-1.2517988842776795,1.9470275084124964,-3.2713047466673792,-1.2449730078326624,-0.18392783800234014,-0.014493955299258232,4.2345389374531806e-05,0.00012483561295084655,-0.03236689418554306,-0.0007155934581533074,-0.007905802689492702,1789114157.310048
3074.277,-0.3449622253874241,-0.4802172760307033,0.3482156737441883,-0.6693634626164907,-2.437491008128076,1.395861434722316,1,2,0.6665412187576294,-1.2517954868129273,1.9470513502704065,-3.272249837914938,-1.24498159090151,-0.18478709856142217,-0.00024959660368040204,-1.550870752276728e-21,2.3682398023083806e-05,-0.0006178932962939143,-0.00017421298252884299,-0.009693327359855175,1789114157.4100983
3074.377,-0.3449312107969207,-0.4801921421533547,0.34841363210821863,-0.6632437274618964,-2.436173736907885,1.3954773335761008,1,2,0.6665376424789429,-1.2517954868129273,1.9470208326922815,-3.2736360035338343,-1.2449749151812952,-0.1888802687274378,-6.614753510802984e-05,0.0,-0.0,-0.05321677774190903,-5.933969805482775e-05,-0.06874525547027588,1789114157.5100496
3074.477,-0.3449322750514728,-0.4797681281286508,0.349735963819999,-0.6376964793002167,-2.426106025802507,1.3972618990526684,1,2,0.6659520864486694,-1.2517612737468262,1.9470685164081019,-3.2838922939696253,-1.2450550238238733,-0.2048586050616663,-0.01741921529173851,0.0,0.00017959941760636866,-0.1798260509967804,-0.00379188172519207,-0.2464897632598877,1789114157.6100998
3074.5769999999998,-0.3462838306483881,-0.4777569864479193,0.3528476833048595,-0.6084304643961757,-2.4003716941042628,1.406909722552195,1,2,0.6617720723152161,-1.2517528098872681,1.947092358266012,-3.3075901470580042,-1.2456873098956507,-0.22182780901064092,-0.0536918118596077,0.0,0.00010087358532473445,-0.24040229618549347,-0.0006852182559669018,-0.11194512248039246,1789114157.7100983
3074.6769999999997,-0.3474138971935256,-0.4762651427818893,0.35382824307206684,-0.5956566827263523,-2.389208808977861,1.4089655707003195,1,2,0.6584571599960327,-1.2517543894103547,1.9478982130633753,-3.317671915093893,-1.2456806341754358,-0.23093063036073858,-0.0037918391171842813,0.00017355250020045787,0.02419256418943405,-0.0005664267227984965,-9.350320760859177e-05,-0.07842791825532913,1789114157.8101544
3074.777,-0.3462031076371861,-0.4754484889486626,0.3509206600615491,-0.5862467330831673,-2.3954204778758674,1.3999626931078029,1,2,0.6586200594902039,-1.2517152291587372,1.954599682484762,-3.317730566064352,-1.2456448713885706,-0.2408226172076624,0.0025514978915452957,6.528678113681963e-07,0.10883715003728867,-0.0005689774407073855,-2.1486019586230037e-25,-0.11535846441984177,1789114157.9101171
3074.877,-0.3435223059750751,-0.473660504203031,0.3448410975825707,-0.5811616507135066,-2.4086807167980537,1.3859641613968001,1,2,0.659018874168396,-1.251739190225937,1.9689105192767542,-3.318132539788717,-1.2456091086017054,-0.24993545213808233,0.006830787751823664,0.0,0.17555733025074005,-0.017975647002458572,0.00027154330746270716,-0.07693681865930557,1789114158.0101607
3074.977,-0.3401154533609016,-0.4711919623176567,0.3393026850437916,-0.572849096033376,-2.4131463740593877,1.3791751298626442,1,2,0.659252405166626,-1.2517031592181702,1.9855669180499476,-3.3300258121886195,-1.2456277052508753,-0.2580803076373499,4.540064544034313e-19,-3.6227982491254807e-05,0.10632779449224472,-0.2599896788597107,0.00010892127465922385,-0.08271472901105881,1789114158.1100857
3075.0769999999998,-0.33851426705814225,-0.4697683454235224,0.34261550007714653,-0.5530999218950464,-2.381316370911364,1.4024634174555433,1,2,0.6589601039886475,-1.2517050069621583,1.9890621344195765,-3.366333147088522,-1.2456567923175257,-0.260904614125387,-0.0020691368263214827,0.0,-0.00036896162782795727,-0.4355344772338867,-0.00023965696163941175,-0.00019759428687393665,1789114158.2101645
3075.1769999999997,-0.33742295631425023,-0.46894233964014315,0.34676044233268555,-0.5370784768705996,-2.3501676246439684,1.4258661700217474,1,2,0.6589721441268921,-1.2516159576228638,1.9890950361834925,-3.3985663853087367,-1.2457593123065394,-0.26089698473085576,-8.786378748482093e-05,0.0003040777228306979,0.00019682722631841898,-0.13078835606575012,-0.0008584544993937016,-6.183367077028379e-05,1789114158.3101475
3075.277,-0.3376767617121317,-0.4685811582223093,0.3471901308332629,-0.5363587232554825,-2.346545808958303,1.427788061294208,1,2,0.6581817865371704,-1.2516518396190186,1.9891017119037073,-3.401750227014059,-1.2458122412311,-0.26090938249696904,-0.02341795153915882,0.0,6.697717617498711e-05,-0.005670562852174044,-0.00042878658859990537,-2.9847657290118604e-43,1789114158.4100916
3075.377,-0.33979644893284716,-0.46685382588695445,0.34758969627155284,-0.5397577550191864,-2.340578775031964,1.4278782823232206,1,2,0.6533694863319397,-1.251658634548523,1.989164177571432,-3.4050032101073207,-1.245800797139303,-0.2611272970782679,-0.06556238234043121,0.0,0.0003607482649385929,-0.05042780563235283,-9.135499567491934e-05,-0.006350140552967787,1789114158.5101721
3075.477,-0.34194478480357193,-0.46525738230074426,0.34761120803508994,-0.5370195998743156,-2.336766615444341,1.4237210793069146,1,2,0.6487216353416443,-1.2514962714961548,1.989197079335348,-3.405968805352682,-1.2457950750934046,-0.26710778871645147,-0.018158238381147385,0.0009025059407576919,0.000286696245893836,-0.0001341396855423227,2.3688754083317498e-11,-0.09505921602249146,1789114158.6101208
3075.5769999999998,-0.34196723244789096,-0.46524019570495057,0.3476245428348411,-0.5324671179953507,-2.3365373462163643,1.4221447900387871,1,2,0.64866042137146,-1.2515083116343995,1.9891870657550257,-3.405980249444479,-1.2457249800311487,-0.2707780043231409,0.001952051417902112,2.0668420724750857e-25,0.00014408139395527542,-4.308869392843917e-05,0.0004482216900214553,-0.0002512562496121973,1789114158.7101486
3075.6769999999997,-0.3417533904939183,-0.46540988437687947,0.3476174472639959,-0.5318702916883964,-2.3369244907355475,1.422474845979073,1,2,0.6491072177886963,-1.2514809531024476,1.989166561757223,-3.4059564075865687,-1.2455442587481897,-0.27078324953188115,0.010221234522759914,0.0,4.943550447933376e-05,-0.0,0.0012857731198891997,-7.581528188893571e-05,1789114158.8101377
3075.777,-0.340324412149968,-0.46642300368505357,0.34763457753744664,-0.5280243945155471,-2.3384702926393324,1.4241774654360926,1,2,0.6520809531211853,-1.2514518958381196,1.9892280737506312,-3.4063831768431605,-1.245277229939596,-0.27098209062685186,0.044764161109924316,-0.0013377114664763212,7.075527183898431e-20,-0.03216139227151871,0.0008150163339450955,-0.001315747736953199,1789114158.9101326
3075.877,-0.338845601607923,-0.4668346231547241,0.3491468149009771,-0.5197065676473396,-2.328131266144822,1.4335227263616641,1,2,0.6542929410934448,-1.2514279347709198,1.9892733732806605,-3.4183360538878382,-1.245328728352682,-0.27099734941591436,1.4838779890165993e-13,0.00022952504514250904,0.00038300134474411607,-0.10831787437200546,1.0514562518437742e-06,-0.0001300438743783161,1789114159.0101542
3075.977,-0.33875689390957214,-0.4667689723888941,0.3494217753206291,-0.5183158219390973,-2.325825219244455,1.4351011573085655,1,2,0.6542930006980896,-1.2513765853694458,1.9892948309527796,-3.420757909814352,-1.2453234831439417,-0.2711756865130823,0.00027037097606807947,0.000302405736874789,0.0035305714700371027,-0.016032755374908447,0.00028598084463737905,-0.00780082494020462,1789114159.110139
3076.0769999999998,-0.33724430522249016,-0.4658217318358873,0.35002655296805985,-0.5024830450935397,-2.3126992345778645,1.442858396218373,1,2,0.6543493270874023,-1.2513542634299775,1.9933150450335901,-3.4384952984251917,-1.2439659277545374,-0.2777517477618616,0.0014821281656622887,5.668992889695801e-05,0.08027864992618561,-0.3482799828052521,0.025547605007886887,-0.10623521357774734,1789114159.210102
3076.1769999999997,-0.332726115330186,-0.4641378912581788,0.3530056499779349,-0.46992477274252964,-2.274442615024455,1.470349697180352,1,2,0.6564487814903259,-1.2513800126365204,2.0010626951800745,-3.48687281231069,-1.2414205710040491,-0.284830395375387,0.027884015813469887,7.315148832276464e-05,0.10057555139064789,-0.5164056420326233,0.002143772318959236,-0.0009718153742142022,1789114159.3101544
3076.277,-0.32725650435520687,-0.4617280999217875,0.35083503412376804,-0.45776091955709536,-2.2567733112413384,1.4844106305838685,1,2,0.6590595245361328,-1.2512927812388916,2.01701003709902,-3.522107263604635,-1.2414396444903772,-0.28483421007265264,0.026294084265828133,0.0033502799924463034,0.22506621479988098,-0.11031360179185867,0.0001369559031445533,-0.0001114995829993859,1789114159.4101527
3076.377,-0.32022620527762896,-0.4592214227470612,0.3393600937899592,-0.46643275209701707,-2.2869411721722552,1.4682786125316643,1,2,0.6633651256561279,-1.251239762907364,2.0456112066852015,-3.5230452022948207,-1.2412131468402308,-0.28482181230653936,0.06814908236265182,-0.00010676577221602201,0.28226330876350403,-0.00371795822866261,0.007023381534963846,-7.171784693893457e-11,1789114159.5101626
3076.477,-0.31374403046610516,-0.45913020434730684,0.33766281007819826,-0.4526733297248593,-2.2802776878985065,1.4801037982705347,1,2,0.6705676317214966,-1.2514364284328003,2.0573228041278284,-3.54573979000234,-1.2402904669391077,-0.2847707907306116,0.0318194180727005,-0.0004231612547300756,-0.01674456149339676,-0.4724012613296509,0.0002863758127205074,-0.0,1789114159.6101685
3076.5769999999998,-0.3111012291241973,-0.45714370655950276,0.3451036449132155,-0.42435131526183545,-2.2214035623016,1.5187682990764073,1,2,0.6706825494766235,-1.2514636379531403,2.056770626698629,-3.603812356988424,-1.2403300444232386,-0.2847788969623011,-0.00011272172559984028,0.0014602122828364372,0.0004523585084825754,-0.5276533961296082,0.0,-0.0,1789114159.7101092
3076.6769999999997,-0.3096524890313492,-0.45603400732855964,0.3483244493126808,-0.41125967546118675,-2.1938995029543062,1.5361320483628347,1,2,0.670710027217865,-1.2514518958381196,2.0570595900165003,-3.6313020191588343,-1.240295712147848,-0.2847860495196741,0.0001633001957088709,0.0005907976883463562,0.0033036069944500923,-0.025290613994002342,-5.515277007361874e-05,-0.0,1789114159.8100991
3076.777,-0.30969142393470334,-0.4560088743993273,0.3482805714067774,-0.41139187847804465,-2.193927425038566,1.5359979311880991,1,2,0.6706335544586182,-1.2513971787742157,2.057099167500631,-3.631308694879049,-1.2403348127948206,-0.2848013083087366,-0.00030586711363866925,0.00011606870975811034,3.648905112640932e-05,-0.0,-0.00013491192657966167,-0.0,1789114159.910144
3076.877,-0.30943284918397557,-0.4558339459151427,0.3488617572364824,-0.4090798753873273,-2.189156579338198,1.539017772150632,1,2,0.6706693768501282,-1.2514056724360962,2.057071034108297,-3.6360017261900843,-1.240307633076803,-0.2847941557513636,-6.1937392123156915e-43,-7.713695958955213e-05,-0.0001970622834051028,-0.10441181808710098,2.7227799364482053e-05,-0.0,1789114160.010161
3076.977,-0.3089106999302393,-0.45542969834680896,0.3500226516407623,-0.4044127988335942,-2.17920730073378,1.545143102435953,1,2,0.670676589012146,-1.2513919037631531,2.057099167500631,-3.6458283863463343,-1.240314785634176,-0.2847822348224085,0.0,0.00013795211270917207,0.00015204674855340272,-0.07018109411001205,1.1944736627794452e-35,-0.0,1789114160.1101453
3077.0769999999998,-0.3088592542647116,-0.45537379924440136,0.35004141006850914,-0.40389903172058467,-2.1780731302878724,1.545775637122158,1,2,0.6706575155258179,-1.25118841350589,2.0572050253497522,-3.647226472894186,-1.2403419653521937,-0.2848103682147425,0.0,0.00853679422289133,0.0017247367650270462,-1.2152989175699306e-16,0.0,-0.0,1789114160.2101772
3077.1769999999997,-0.30889893503461713,-0.4553962407495559,0.34992109656065945,-0.40403877457309934,-2.178321680237428,1.5456587761120617,1,2,0.6706382632255554,-1.2509610813907166,2.0572059790240687,-3.647219320336813,-1.2403109709369105,-0.2847827116595667,0.0,5.530284397536889e-05,2.1693351300200447e-05,-0.0,0.0,-0.0,1789114160.3101666
3077.277,-0.30889248845889905,-0.455402166562196,0.34989024314572564,-0.4040640906278473,-2.178406114046669,1.5456136895848827,1,2,0.6706562638282776,-1.250926898126938,2.0572341124164026,-3.6472040615477503,-1.240319554005758,-0.2847822348224085,0.0,-1.5147228623391129e-05,-0.0,-4.200603145045566e-17,0.0,-0.0,1789114160.4100888
3077.377,-0.3089431687158769,-0.4553723241707447,0.3499114624374726,-0.4041312769650178,-2.1782661672156634,1.5455891979215783,1,2,0.6705544590950012,-1.2509337228587647,2.057199303303854,-3.647238870660299,-1.2403348127948206,-0.28479320207704717,-0.0003325951693113893,-7.069403152233395e-17,-0.0,-5.7938443205785006e-05,0.0,-0.0,1789114160.5101726
3077.477,-0.30898754372259923,-0.4554291449374539,0.34970063623810455,-0.4042775291320256,-2.1786934400682214,1.5453294636832022,1,2,0.6705892086029053,-1.2505353552154084,2.057199303303854,-3.647226472894186,-1.2403505484210413,-0.2848141829120081,-4.384941348689608e-05,0.013442899100482464,-0.0,3.4561420761747286e-05,0.0,-0.0,1789114160.6101
3077.5769999999998,-0.3091378600431563,-0.45555441373172145,0.3491163424527731,-0.40479890566281085,-2.1798322169498983,1.5446792950513666,1,2,0.6705928444862366,-1.2494376462749024,2.057227436696188,-3.647252222100729,-1.240326229725973,-0.2847941557513636,-1.1512735227370285e-06,0.008979818783700466,7.287498738151044e-05,0.0,0.0,-0.0,1789114160.710155
3077.6769999999997,-0.3092069078582705,-0.45560570373860115,0.34885513803778717,-0.404992496214908,-2.1802255230073753,1.5444224485307025,1,2,0.6705892086029053,-1.2489177149585267,2.0572388807879847,-3.6473905048766078,-1.240338150654928,-0.2847979704486292,0.0,-6.030007352819666e-05,1.2370882359391544e-05,-0.007934614084661007,0.0,-0.0,1789114160.8101213
3077.777,-0.30916390508629726,-0.45553861749861874,0.3489844237276915,-0.40446214135009745,-2.1789992850902022,1.5451295198672401,1,2,0.6705377101898193,-1.248902366762497,2.057260338460104,-3.648607393304342,-1.2403314749347132,-0.2848103682147425,-0.00043778057442978024,-2.7723663151846267e-05,-0.0,-0.04099179431796074,0.0,-0.0,1789114160.9101567
3077.877,-0.3089212121108134,-0.45520323622882725,0.34973109236205935,-0.40166695612844094,-2.1723744991129577,1.5490038576244485,1,2,0.6703185439109802,-1.24887170017276,2.0572784582721155,-3.6550523243346156,-1.2403314749347132,-0.2847788969623011,-0.0037589038256555796,0.0027037474792450666,0.0012091351673007011,-0.053402192890644073,0.0,-0.0,1789114161.0101697
3077.977,-0.3087903103538818,-0.4549496399955562,0.34838382452785543,-0.40315170619660995,-2.175004343487612,1.5472127052692302,1,2,0.6700933575630188,-1.2477704149535676,2.0594213644610804,-3.655602594415182,-1.2403314749347132,-0.2848013083087366,-0.0006556869484484196,0.026966910809278488,0.04617553949356079,-0.00015199853805825114,-1.0431284454580209e-22,-0.0,1789114161.1101553
3078.0769999999998,-0.3078705885560088,-0.45419706053759545,0.3441694193758193,-0.40791788867848583,-2.1851041526870785,1.541020646680011,1,2,0.67005854845047,-1.245273934011795,2.0669286886798304,-3.6556712589659632,-1.2403472105609339,-0.2848103682147425,-0.00011806507973233238,0.020212233066558838,0.0948093980550766,-0.0035672758240252733,-0.0,-0.0,1789114161.210146
3078.1769999999997,-0.30628398596906287,-0.45295440875390325,0.34193774046152137,-0.4081967378529961,-2.1857774318889898,1.5406505358307228,1,2,0.6700742244720459,-1.2447541517070313,2.074244801198141,-3.6628624401488246,-1.2403510252581995,-0.2848141829120081,-9.640933434554741e-43,3.098264642176218e-05,0.034123532474040985,-0.2013549953699112,-0.0,-0.0,1789114161.3101442
3078.277,-0.3046543337579287,-0.45168962928620104,0.3450362947154257,-0.3948541244895404,-2.1573735862142436,1.5579402518494967,1,2,0.670086145401001,-1.2445951265147706,2.0748546759234827,-3.6915179691710414,-1.240338150654928,-0.2848103682147425,1.9689256077981554e-05,0.010425763204693794,0.006460489705204964,-0.2645236551761627,-0.0,-0.0,1789114161.410165
3078.377,-0.30404220424613654,-0.45121181526667986,0.3430094600326481,-0.3938203671269925,-2.155188068183148,1.5592891020639892,1,2,0.670086145401001,-1.241175190811493,2.0783098379718226,-3.7005468807616175,-1.240338150654928,-0.2847979704486292,0.00010375629790360108,0.06721197068691254,0.07375253736972809,0.00015453655214514583,-0.0,-0.0,1789114161.5101917
3078.477,-0.3029206364523353,-0.4503578541327327,0.333449990822093,-0.4041178985455513,-2.177538192401183,1.5459133648762566,1,2,0.6701293587684631,-1.2322256726077576,2.0913918654071253,-3.7007304630675257,-1.2403300444232386,-0.28482181230653936,2.4788969833906014e-42,0.09079381078481674,0.17384330928325653,-0.00704995496198535,-0.0,-0.0,1789114161.6101978
3078.5769999999998,-0.30088254872007875,-0.44875840917368304,0.3242287748684366,-0.4133703415967784,-2.197457637347842,1.5337688262837261,1,2,0.6701376438140869,-1.2246955794147034,2.1068037191974085,-3.7041312656798304,-1.2402990500079554,-0.28483277956117803,0.00021411347552202642,0.04566524550318718,0.09149696677923203,-0.12310821563005447,0.00011886656284332275,-0.0,1789114161.7101946
3078.6769999999997,-0.29939032112378827,-0.4475462986070962,0.32584748333925745,-0.40239340187114014,-2.173862652864985,1.5482617308124937,1,2,0.6700706481933594,-1.222905473118164,2.1086552778827112,-3.730948587457174,-1.2403157393084925,-0.2848013083087366,-0.0002683743368834257,-2.0839185932430837e-10,-0.00017303477216046304,-0.3600887656211853,-5.7933117204811424e-05,-0.0,1789114161.8101406
3078.777,-0.298122948035343,-0.44656150902670094,0.3282398272038696,-0.390652925710529,-2.1487951944983976,1.56331167046543,1,2,0.6700825095176697,-1.221637950544693,2.1087239424334925,-3.756829877892965,-1.2403438727008265,-0.2848289648639124,-2.5963950974983163e-05,0.0309878159314394,0.0014457165962085128,-0.05137857049703598,-6.857528205728158e-05,-0.0,1789114161.9101763
3078.877,-0.29902953241138086,-0.4472852123607394,0.32458250295378577,-0.3939718883484272,-2.156012419649572,1.5590538338508255,1,2,0.6700825095176697,-1.2144633394530793,2.1087353865252894,-3.756980081597799,-1.2403348127948206,-0.284825627003805,1.188950591313187e-05,0.11119606345891953,0.00015647713735233992,8.57053164509125e-05,-1.63591953162192e-34,-0.0,1789114162.0101516
3078.977,-0.30033192430680583,-0.4483390846391113,0.31913548879655823,-0.39884039121588766,-2.166709335082284,1.5527004955088013,1,2,0.6701018214225769,-1.2037931245616456,2.108738724385397,-3.757221838037008,-1.2403109709369105,-0.2848461310016077,8.695189899299294e-05,0.0862824097275734,-4.425780934980139e-05,-0.009896945208311081,-5.976942544991014e-28,-0.0,1789114162.1101646
3079.0769999999998,-0.3006642405105648,-0.4486132525070294,0.317056590277114,-0.39861111344294875,-2.166256509469195,1.5530348829737843,1,2,0.6701064705848694,-1.1983975929072876,2.108746353779928,-3.7630936108031214,-1.2402990500079554,-0.28481799760927373,9.500198211753741e-05,0.020005518570542336,-5.411612437455915e-05,-0.1150389313697815,-0.0,-0.0,1789114162.2101545
3079.1769999999997,-0.3004051397744931,-0.44841105893609046,0.3173834377427676,-0.39590355073186756,-2.1605020015088527,1.5564619890884814,1,2,0.6701101064682007,-1.1975596410087128,2.1087825934039515,-3.76959290126943,-1.240326229725973,-0.28484994569887334,6.559080546314558e-35,0.008657627739012241,0.00019464283832348883,-0.0005652704276144505,-0.0,-0.0,1789114162.3102095
3079.277,-0.30085180904442926,-0.44876845936230025,0.31545572226837126,-0.39767952581916094,-2.1643830625904514,1.5541777988551362,1,2,0.6701064705848694,-1.1938277941993256,2.108795468007223,-3.7695585689940394,-1.240295712147848,-0.2848423163043421,0.0,0.07397131621837616,0.0003825413587037474,-4.463054574443959e-05,-0.0,-0.0,1789114162.4101532
3079.377,-0.30198310590843547,-0.4496500692908111,0.31044305533579597,-0.4020905495430757,-2.1738522208478046,1.5484774896691103,1,2,0.6700717806816101,-1.183981553917267,2.108826462422506,-3.7701641521849574,-1.2402799765216272,-0.28483897844423467,0.0,0.10397576540708542,9.82591591309756e-05,-0.02699299342930317,-0.0,9.786629344289667e-26,1789114162.5101578
3079.477,-0.3022014168171077,-0.4498652336641715,0.3076687438059591,-0.3996017780306137,-2.168759468652082,1.5516432514049618,1,2,0.6701185703277588,-1.1754932564548035,2.108845059071676,-3.783708234826559,-1.2402871290790003,-0.2848423163043421,0.0,0.05670807138085365,6.111824773110298e-32,-0.2487620860338211,0.0,0.0,1789114162.6101592
3079.5769999999998,-0.30102375560146327,-0.448962957702218,0.30906100159073785,-0.38729768399424636,-2.142551898982194,1.567345088747639,1,2,0.6701376438140869,-1.171362505560257,2.108826462422506,-3.813479085961813,-1.2402837912188929,-0.2848699728595179,0.0,0.03833886981010437,-0.0,-0.2913917601108551,0.0,0.0,1789114162.7101643
3079.6769999999997,-0.3006201784935071,-0.4486560769533565,0.3085861422950557,-0.38178276976166164,-2.1306962232820323,1.5743381889301624,1,2,0.6701412796974182,-1.1667855840972443,2.1088503042804163,-3.8296548328795375,-1.2402871290790003,-0.2848580519305628,1.9876897567883134e-05,0.05651398003101349,0.0003477153368294239,-0.04558541625738144,0.0,0.0,1789114162.8101308
3079.777,-0.3014087564375584,-0.449273636102961,0.30476480337491063,-0.3848083995903073,-2.1373357103634296,1.5704245191810307,1,2,0.6701257824897766,-1.1591192048839112,2.1089065710650843,-3.830900808373922,-1.2403062025653284,-0.2849057356463831,0.0,0.09221489727497101,0.00041549198795109987,-0.025213666260242462,0.0,-0.00027185867656953633,1789114162.910179
3079.877,-0.301976859222265,-0.4497291986697268,0.30063217824668986,-0.3847788058631457,-2.137829661948527,1.5701332947207578,1,2,0.6701064705848694,-1.1488900047591706,2.108903233204977,-3.8406673870482386,-1.240246597920553,-0.28506499925722295,0.0,0.09833024442195892,0.0001222868449985981,-0.21474090218544006,0.000620454375166446,-0.0010673839133232832,1789114163.0101333
3079.977,-0.3013479145615752,-0.44926887475309407,0.29884333305649513,-0.3755337118432254,-2.11823648406986,1.5816466443705153,1,2,0.6701221466064453,-1.1388681095889588,2.1089375654803675,-3.8698584041991175,-1.2401841322528284,-0.2851055304156702,0.0,0.10919515788555145,2.0162824979452738e-25,-0.36371785402297974,0.0001363120973110199,-0.0002955806558020413,1789114163.1101747
3080.0769999999998,-0.3002099496804849,-0.44837774078636544,0.29764709634781256,-0.36242149165156823,-2.089683157555542,1.5979135531437332,1,2,0.6701064705848694,-1.1279508632472535,2.1089213530169886,-3.9084631405272425,-1.2402151266681116,-0.28508216539491826,1.495299196963007e-11,0.10969977080821991,2.1246174362245914e-32,-0.39454302191734314,2.412354641767558e-19,-5.452335244626738e-05,1789114163.2101595
3080.1769999999997,-0.2993480468696498,-0.4477204269367743,0.29554413235427657,-0.35210820939877174,-2.067138548926879,1.610447724984712,1,2,0.6701221466064453,-1.1165768963149567,2.108898941670553,-3.9416078529753626,-1.2402666250811976,-0.2850735823260706,0.0,0.09766238927841187,-0.0,-0.25821399688720703,2.75611585858798e-40,-2.3910985720563914e-35,1789114163.310215
3080.277,-0.2990728819708037,-0.4474979689357171,0.29353379021876636,-0.3478074807605862,-2.057638867505422,1.6156944037831968,1,2,0.6700946092605591,-1.1090345543674012,2.108917538319723,-3.9583410225310267,-1.2402508894549769,-0.28503400484193975,0.0,0.05235959216952324,-0.0,-0.10713937878608704,0.0,-0.0,1789114163.4101446
3080.377,-0.29857960055263566,-0.44712497573524645,0.29384201704689,-0.34364745601201235,-2.0485406854640513,1.6206440075517046,1,2,0.6701136827468872,-1.1073615711978455,2.1088669935809534,-3.9687334499754847,-1.2402508894549769,-0.28503352800478154,-2.4479602434939908e-21,3.350441533369816e-14,-0.0,-0.11653637886047363,0.0,-0.0,1789114163.5102093
3080.477,-0.297415206609158,-0.44620936727645066,0.29576457996816863,-0.3352680419639834,-2.0300704571122385,1.6304852662070182,1,2,0.6701136827468872,-1.1073339742473145,2.1089027563678187,-3.9865344963469447,-1.2402542273150843,-0.2850611845599573,-1.5448131307493895e-05,6.795219815103337e-05,-0.0,-0.21745538711547852,0.0,-0.0,1789114163.6101446
3080.5769999999998,-0.2957456614140717,-0.4448809619651156,0.2984232413089545,-0.3235476388214553,-2.0039535819412113,1.6441327384319095,1,2,0.670086145401001,-1.1072657269290467,2.1089304129229944,-4.011637826959127,-1.2402361075030726,-0.2850459257708948,0.0,0.0006540183094330132,0.0004188758321106434,-0.26873186230659485,0.0,-0.0,1789114163.710178
3080.6769999999997,-0.2937626648893594,-0.4433354941210451,0.3013022582546233,-0.3102575713339525,-1.9742265314552638,1.6592336999092623,1,2,0.6701136827468872,-1.1070345801166077,2.109001938496725,-4.04029979328298,-1.2402632872210901,-0.28504974046816045,0.0,0.008084454573690891,0.0013844526838511229,-0.29992303252220154,0.0,-0.0,1789114163.810158
3080.777,-0.2921710224057327,-0.44206991459245837,0.3030731466428577,-0.3001225335991636,-1.9513786698332543,1.670534579172261,1,2,0.6700909733772278,-1.1060517591289063,2.109349552785055,-4.0633467636504115,-1.2402542273150843,-0.2850535551654261,0.0,0.010376187972724438,0.008434001356363297,-0.15521912276744843,0.0,-0.0,1789114163.9101717
3080.877,-0.2913974789001684,-0.4414561792889403,0.3023978386630204,-0.29951137253059157,-1.9499580514332358,1.6712577530889594,1,2,0.670086145401001,-1.1054333609393616,2.11204177538027,-4.068011184731954,-1.2402508894549769,-0.28503352800478154,0.0,0.0005929197650402784,0.0519619919359684,-0.0002263386850245297,0.0,-0.0,1789114164.0101433
3080.977,-0.29003978875899833,-0.44040907268901924,0.30028995267068764,-0.3025351347389995,-1.9569684898104895,1.6678854772590699,1,2,0.6701293587684631,-1.1054766339114686,2.1189873854266565,-4.068282266656393,-1.24023944536318,-0.2850535551654261,0.0,3.10266696033068e-05,0.08756948262453079,-0.002428959123790264,0.0,-0.0,1789114164.1101758
3081.0769999999998,-0.2881747715344369,-0.4389369808322324,0.2973521835691266,-0.30687020392636727,-1.9667514432271829,1.663115400210698,1,2,0.6701376438140869,-1.1054645341685791,2.1286032835589808,-4.068626543084616,-1.240232292805807,-0.2850406805621546,0.0,1.401298464324817e-45,0.0843081995844841,-0.001319993520155549,0.0,-0.0,1789114164.210147
3081.1769999999997,-0.287423333910828,-0.43833116694594193,0.2961357659787118,-0.30876448243176735,-1.970932280629345,1.6610212761898626,1,2,0.6701257824897766,-1.1054645341685791,2.1325534025775355,-4.068587204019064,-1.2402542273150843,-0.2850406805621546,0.0,0.0,0.0004687321779783815,-9.976406727219e-05,0.0,-0.0,1789114164.3102279
3081.277,-0.28743147850912987,-0.4383337912205808,0.29614996124584253,-0.3087904524405825,-1.970927084551082,1.6610169711581495,1,2,0.6701221466064453,-1.1054884952357789,2.1325295607196253,-4.068539043466085,-1.2402666250811976,-0.2850292364703577,0.0,-3.912179818144068e-05,-5.0509344873717055e-05,-4.973258643087422e-21,0.0,-0.0,1789114164.4101806
3081.377,-0.2875371507725983,-0.43838231678956774,0.29600831474832234,-0.3094664335391713,-1.9720617191528027,1.66037201775397,1,2,0.6700825095176697,-1.1054261487773438,2.1325295607196253,-4.067475935021871,-1.2403472105609339,-0.28498584428896123,0.0,0.0007658261456526816,-1.330888911164833e-29,0.0389670729637146,-0.0015896355034783483,0.0,1789114164.5101697
3081.477,-0.2888218778059805,-0.43938977048034117,0.29393090185048415,-0.31795046117615944,-1.9909260841063152,1.6507648694765096,1,2,0.6700946092605591,-1.104927734737732,2.1325023810016077,-4.049930234948629,-1.2404473463641565,-0.28500205675234014,0.0,0.010623186826705933,-0.0,0.3484795391559601,-0.00032860180363059044,9.164863149635494e-05,1789114164.6101594
3081.5769999999998,-0.29206856155647243,-0.4419044948972511,0.2886987280410108,-0.34056535535867904,-2.0408578836178077,1.6246658604541853,1,2,0.6700394749641418,-1.104702429180481,2.132490936909811,-4.00230397800588,-1.2404816786395472,-0.2849381605731409,-3.1929971941789513e-18,-0.0005665465723723173,-0.00013776270498055965,0.35184335708618164,-7.550569716840982e-05,0.00032995169749483466,1789114164.7102003
3081.6769999999997,-0.29228344382680327,-0.442087209511595,0.28837755165431705,-0.34221055339204765,-2.04460258060193,1.6226809421571498,1,2,0.67005854845047,-1.104889379148819,2.132498089467184,-3.9985386333861292,-1.2404664198504847,-0.2849505583392542,5.899750249227509e-05,-0.004766584374010563,-0.00037307717138901353,-0.05973802134394646,2.0774514268850908e-05,9.117578156292439e-05,1789114164.8100994
3081.777,-0.2919501597773776,-0.4418284437915257,0.2889266625318145,-0.3397823197529545,-2.0393753022143692,1.6254841921802927,1,2,0.67005854845047,-1.1048905116370697,2.1325138250934046,-4.0035840473570765,-1.240439240132467,-0.2849848906146448,4.965025436831638e-05,8.411707676714286e-05,-4.513697532722464e-31,-0.0006037379498593509,0.0,1.1638527835702162e-38,1789114164.9102008
3081.877,-0.2918320480097222,-0.44174209765390104,0.28912357314533915,-0.338976044868272,-2.0375789642295334,1.6264589920248371,1,2,0.6700693964958191,-1.1049097341350098,2.1325138250934046,-4.005295892755026,-1.2404425779925745,-0.2849696318255823,-2.9885044568800367e-05,2.7810019673779607e-05,1.5746731696353322e-10,-0.06263957917690277,0.0,0.0,1789114165.0101588
3081.977,-0.2898068170234196,-0.44015678083699733,0.2925204473220896,-0.32464716113823305,-2.005805248132012,1.643141529543122,1,2,0.6700814366340637,-1.1051494640162964,2.132450882588522,-4.035444160500997,-1.2404425779925745,-0.2849777380572718,0.0,-0.0010005924850702286,-0.00036402116529643536,-0.5800339579582214,0.00014934416685719043,0.0,1789114165.1101818
3082.0769999999998,-0.2848458619515317,-0.43622886048955306,0.2998101739495471,-0.29185640144396524,-1.9319653846754743,1.6799117959210983,1,2,0.6700430512428284,-1.1051853460124512,2.1324661413775843,-4.105671545068258,-1.240427319203512,-0.2849696318255823,4.0795985114527866e-05,0.00040768765029497445,-1.8347674555474924e-18,-0.7153300046920776,6.267319986363873e-05,0.0,1789114165.2101552
3082.1769999999997,-0.28081828341211634,-0.4330907614349332,0.3048761608549044,-0.2672821861010818,-1.8759596241074745,1.7060808785808024,1,2,0.6701018214225769,-1.1049300891212006,2.1325138250934046,-4.158854862252706,-1.2404354254352015,-0.2849696318255823,2.394489641288633e-11,0.0031603265088051558,0.00018284509133081883,-0.26431405544281006,0.0,0.0,1789114165.3101947
3082.277,-0.28046306073089056,-0.43277409993128185,0.3052938228348513,-0.26513261969519747,-1.870792073522854,1.7083398523567,1,2,0.6700502634048462,-1.1048425895026703,2.132545773183004,-4.163797517816061,-1.2404735724078577,-0.2849696318255823,0.0,0.0033466878812760115,9.650174615671858e-05,0.0008156903204508126,0.0,0.0,1789114165.4101555
3082.377,-0.28046370510662716,-0.4327900258469798,0.30531904256603076,-0.26504130361311523,-1.870674824940314,1.7084078048962967,1,2,0.6700742244720459,-1.1048378509334107,2.132468048726217,-4.163844247857565,-1.240469757710592,-0.2849810759173792,0.0,4.1171668271999806e-05,-0.0,0.0001679439446888864,0.0,0.0,1789114165.5101726
3082.477,-0.2804493419964589,-0.432779283263953,0.3053336439808779,-0.2649990931733105,-1.870632799365977,1.7084684848156302,1,2,0.6700670719146729,-1.104877309208252,2.1324990431415003,-4.163892169991964,-1.240427319203512,-0.2849658171283167,1.1798610103141982e-05,2.0420726896104802e-17,-0.00016557308845221996,4.268585728150788e-18,0.0,0.0,1789114165.6101537
3082.5769999999998,-0.2803476929743007,-0.43264750973290544,0.3055170071676956,-0.2643006389164366,-1.8687148617443847,1.709242050115668,1,2,0.6699916124343872,-1.1049180191806336,2.1324952284442347,-4.165605684319967,-1.2404664198504847,-0.2849538961993616,0.0,-0.0007746090414002538,-6.49323919788003e-05,-0.08447784185409546,0.0,0.0,1789114165.71019
3082.6769999999997,-0.2789851233349267,-0.4316565226628835,0.3070906546592766,-0.2564539848626717,-1.8509873041654235,1.7172972970418579,1,2,0.6701185703277588,-1.1049097341350098,2.132451836262838,-4.182286640206808,-1.240427319203512,-0.2849386374102991,0.00031611250597052276,0.00017085809668060392,-6.754166500005552e-28,-0.0636327937245369,6.459285941673443e-05,0.0,1789114165.8101377
3082.777,-0.2789698982087261,-0.431608111461907,0.3070878147307825,-0.25642103346276096,-1.8507154815221734,1.7173687559094513,1,2,0.6700621843338013,-1.1048928958228608,2.132538620625631,-4.182619949380392,-1.240439240132467,-0.28492576280702764,-0.00018855094094760716,0.00014879938680678606,0.00025563803501427174,5.32571762298234e-13,0.0,3.337192292789552e-41,1789114165.910251
3082.877,-0.2788913169032077,-0.43153206225690544,0.30718872083865323,-0.2559542609621271,-1.8495116919204284,1.7178787141663796,1,2,0.6700430512428284,-1.10488577306781,2.132538620625631,-4.1837433777251185,-1.240457836781637,-0.28491098085512334,-4.020381311420351e-05,-5.121224239701405e-05,-0.0,-0.018314916640520096,-0.0,9.031503577716649e-05,1789114166.010166
3082.977,-0.2788661045941194,-0.4315169546984143,0.3072382216352105,-0.25571182115219754,-1.8491179953205434,1.7180872948871648,1,2,0.6700394749641418,-1.1049012702754517,2.1325023810016077,-4.184080740014547,-1.2403996626483362,-0.28492576280702764,0.0,-7.867927342886105e-05,-0.0,-0.000905832857824862,0.00013205911091063172,0.0,1789114166.1101398
3083.0769999999998,-0.27888183819743867,-0.4315394796379456,0.30721283279312217,-0.25581413195699654,-1.8493636668430564,1.7179315268170376,1,2,0.6700657606124878,-1.104889379148819,2.1324918905841272,-4.183835645715231,-1.2404511610614222,-0.28496104875673467,0.0,0.0002948019537143409,-1.152747360768e-27,0.008884868584573269,-4.769636143464595e-05,0.0,1789114166.2101517
3083.1769999999997,-0.2796690532673079,-0.43215379533460685,0.3058451705905322,-0.2602171736633068,-1.8594157998131995,1.713470611423468,1,2,0.6700586080551147,-1.1036646527102967,2.1325138250934046,-4.175640722314352,-1.2404783407794397,-0.2849381605731409,0.0,0.03108079358935356,0.0002347667614230886,0.20320932567119598,-0.00022436365543399006,0.0,1789114166.3101077
3083.277,-0.2835364785848249,-0.4352316831529588,0.29856166919565985,-0.2821759290114801,-1.9099418217158965,1.6904114554271057,1,2,0.6700969338417053,-1.0967801076224823,2.132510487233297,-4.134963174859518,-1.2404935995685022,-0.28494578996767217,0.0,0.11009103804826736,0.00010260660928906873,0.6123149991035461,-9.818598482524976e-05,0.0,1789114166.410112
3083.377,-0.2898962319952246,-0.44024016870208693,0.28549352664373095,-0.3211801725633625,-1.998096160410421,1.6471921262766993,1,2,0.6700742244720459,-1.0853583377650757,2.132505718861715,-4.062681337396139,-1.2404783407794397,-0.284950081502096,0.0,0.08460917323827744,-2.4599927201052196e-05,0.7472955584526062,-5.67820562517989e-33,0.0,1789114166.5100994
3083.477,-0.29461819284795593,-0.44394072094396186,0.2763763352166858,-0.3543182803923016,-2.0714396893145555,1.6081546764137995,1,2,0.6700502634048462,-1.0817251068404694,2.1325138250934046,-3.9958976707854212,-1.2404935995685022,-0.2849696318255823,1.3682494682143442e-05,1.1962426708922447e-11,-0.0,0.5322898030281067,-0.0,0.0,1789114166.610095
3083.5769999999998,-0.296199105556976,-0.4451793021824485,0.2734917306214863,-0.36650321006591435,-2.09797243125886,1.5933210594997567,1,2,0.6700502634048462,-1.0817573827556153,2.1324990431415003,-3.970180650750631,-1.2405217329608362,-0.284950081502096,0.0,0.00010824151831911877,-6.839863921231221e-40,0.004937348421663046,-0.0,0.0,1789114166.7101378
3083.6769999999997,-0.2961871129501411,-0.44517666519416815,0.27350641114067725,-0.36643857780590955,-2.0979031968109596,1.593399280991074,1,2,0.6700549721717834,-1.0817729991725464,2.132505718861715,-3.9702559910216273,-1.2404902617083948,-0.28494578996767217,-1.2206858627905603e-05,0.0,-6.172008579596877e-05,-8.897342922864482e-05,-0.0,0.0,1789114166.8101466
3083.777,-0.2961928192528206,-0.4451647755105013,0.2735565034203558,-0.36634581336450933,-2.0976792383386416,1.5935069368638408,1,2,0.6700274348258972,-1.0818245273879548,2.132474724446432,-3.9703809223570765,-1.2404783407794397,-0.28495723405946904,0.0,-0.0002517723187338561,-5.119240449857898e-05,-0.0011164698516950011,-0.0,0.0,1789114166.9102218
3083.877,-0.2961627732262704,-0.4451722540850651,0.2735803824746471,-0.36628206097278465,-2.0976135627905546,1.593584460802318,1,2,0.6700778603553772,-1.0818652671626587,2.132483784352438,-3.970433851281637,-1.2404902617083948,-0.28494197527040654,0.0,-0.00046347189345397055,-6.210396531969309e-05,-0.0005003710393793881,-0.0,0.0,1789114167.0101442
3083.977,-0.2961340210529194,-0.4451467788219617,0.2738965734449596,-0.36596475072571005,-2.0969184176879634,1.5939933098007129,1,2,0.6700706481933594,-1.082423524265625,2.1323893705951136,-3.970459838906759,-1.2404711882220667,-0.2849329153644007,0.0,-0.023701388388872147,-0.0014243756886571646,-9.763905836734921e-05,-0.0,0.0,1789114167.1101527
3084.0769999999998,-0.29579154052998485,-0.44486888628725396,0.27606591682881215,-0.3639807073631054,-2.092398518251545,1.5965149099979499,1,2,0.6700693964958191,-1.0866047900966187,2.132270161305563,-3.9705199203886927,-1.2404988447772425,-0.28489429155458623,0.0,-0.06256824731826782,-0.0002259042812511325,-1.9711960374176568e-22,-3.44271938214238e-32,0.0006934651755727828,1789114167.2101448
3084.1769999999997,-0.2947621372018162,-0.44403684788821657,0.2819400810253629,-0.3585808506846042,-2.0803228316598044,1.6032000438200118,1,2,0.67005854845047,-1.098125771885254,2.132205311452047,-3.9705800018706263,-1.2405217329608362,-0.2848580519305628,0.0,-0.15982520580291748,-0.0011852282332256436,-0.0001831657427828759,-0.0,0.0003228624991606921,1789114167.3101168
3084.277,-0.2929445540364127,-0.44254827755411347,0.29198604258589533,-0.3495058123302457,-2.059572104603844,1.614345849907718,1,2,0.6700382232666016,-1.1178291600993653,2.131901566182272,-3.9704648456969203,-1.2407210508929651,-0.2847941557513636,-0.0005962321301922202,-0.23087474703788757,-0.0024860212579369545,0.00037989980774000287,-0.006072122137993574,0.0003810868365690112,1789114167.4101696
3084.377,-0.29085595148531673,-0.44044802433844854,0.3036251745767228,-0.33987502840057704,-2.0352719729518447,1.6262396553881833,1,2,0.6694765686988831,-1.1410008829883118,2.1317699591266077,-3.969957490960592,-1.2413247267352503,-0.2848017851458948,-0.0065522873774170876,-0.23181717097759247,-0.0031808537896722555,0.011139731854200363,-0.0031352543737739325,0.0001223074650624767,1789114167.5101993
3084.477,-0.28933892994502436,-0.43912311789384584,0.3147314479199118,-0.3338182417919749,-2.0208715052445565,1.6334906596724403,1,2,0.6693364381790161,-1.1645754736712952,2.1300018469439905,-3.9582601986327113,-1.2414634863482874,-0.2847788969623011,-0.00018381701374892145,-0.24079540371894836,-0.033623937517404556,0.24721713364124298,-0.0005203583859838545,7.857030141167343e-05,1789114167.6101487
3084.5769999999998,-0.2898692203417468,-0.4392383311340179,0.3250554846267236,-0.3390610630200426,-2.030866462647488,1.6275728911736038,1,2,0.6689375638961792,-1.1909689170173188,2.125291172658102,-3.9172567329802455,-1.241603199635641,-0.2847941557513636,-0.013842156156897545,-0.2886033356189728,-0.060306571424007416,0.5952315926551819,-0.006020332220941782,7.005391015001424e-25,1789114167.7102017
3084.6769999999997,-0.2930053463007293,-0.4402317042979019,0.33571480769046796,-0.3566303017793055,-2.0625530879351057,1.607987358035849,1,2,0.6667854189872742,-1.221814290886261,2.1164830366717737,-3.845792432824606,-1.2420581022845667,-0.284825627003805,-0.024695932865142822,-0.3220890164375305,-0.11925701051950455,0.7821702361106873,-0.0032869575079530478,0.0,1789114167.8102157
3084.777,-0.29721179103326956,-0.44100631369117227,0.34891100039393086,-0.3743705212178611,-2.090153505020188,1.5889787825490485,1,2,0.6629780530929565,-1.2547523540309449,2.1024559179889124,-3.770071645776266,-1.2422736326800745,-0.2848103682147425,-0.054937392473220825,-0.32737430930137634,-0.1591455191373825,0.7243499159812927,-0.0007089999271556735,0.0,1789114167.9101784
3084.877,-0.3026340517442266,-0.44119960764629007,0.36233379645115193,-0.39350899471704726,-2.1144613545979603,1.5696109420704067,1,2,0.6568270921707153,-1.2851804357818146,2.085348431264059,-3.695695539514059,-1.2423127333270472,-0.28481799760927373,-0.057054731994867325,-0.2739439606666565,-0.1860787570476532,0.7789373993873596,-0.00021625502267852426,0.0,1789114168.0101497
3084.977,-0.3097528839080951,-0.44231434241581047,0.3697954659793581,-0.42488917034073326,-2.1602977898546576,1.5353273647525367,1,2,0.6504796147346497,-1.3069541317275544,2.068606678639547,-3.6081015072264613,-1.2438395659076136,-0.284825627003805,-0.07422029227018356,-0.17425493896007538,-0.14933066070079803,0.929652750492096,-0.0292616318911314,0.0,1789114168.110122
3085.0769999999998,-0.3191111947014479,-0.44282224105782997,0.3704534259476241,-0.4692640316289293,-2.2207701509750715,1.4863752526781224,1,2,0.6409748792648315,-1.3192862433246155,2.055019203816549,-3.5155326328673304,-1.2465370337115687,-0.28482181230653936,-0.10537809133529663,-0.07425802201032639,-0.12868165969848633,0.8796504735946655,-0.0025043049827218056,0.0,1789114168.2101123
3085.1769999999997,-0.3282918455908899,-0.44299115284659807,0.3706048906627977,-0.5051478724256571,-2.2656168755852164,1.4481207243384964,1,2,0.6308997273445129,-1.3249703657678147,2.040470902119772,-3.444322248498434,-1.2465575377093714,-0.28481799760927373,-0.09157979488372803,-0.03533385321497917,-0.1767444610595703,0.550624430179596,-0.0001039601193042472,0.0,1789114168.3101478
3085.277,-0.33724404717755885,-0.4427522904441946,0.3759202480676427,-0.5236234688661862,-2.2742444479182513,1.433121673948114,1,2,0.6207029819488525,-1.3279342514327546,2.0203545729266565,-3.4063731632628382,-1.2467659155475062,-0.28482181230653936,-0.1269298642873764,-0.019619466736912727,-0.21573467552661896,0.2375819832086563,-0.006964005995541811,0.0,1789114168.410182
3085.377,-0.34757178757695206,-0.4411194275966066,0.3820878091395175,-0.5398421680720676,-2.269181179562738,1.4242317677141638,1,2,0.6071672439575195,-1.328397498731949,1.9994261900531214,-3.3819223843016566,-1.2471473852740687,-0.28483421007265264,-0.13570494949817657,6.157728057587519e-05,-0.18439845740795135,0.3517533838748932,-0.00045823570690117776,0.0,1789114168.5101478
3085.477,-0.35744617073654317,-0.43974138788048706,0.38007972261222567,-0.5768534645175003,-2.3066888132103376,1.3875146208120077,1,2,0.5947895646095276,-1.328405813579895,1.9866488615619105,-3.322857519189352,-1.2472026983844202,-0.28482181230653936,-0.10726768523454666,0.0,-0.05604693293571472,0.8139211535453796,-0.0002442610275465995,0.0,1789114168.6101618
3085.5769999999998,-0.3641485200521619,-0.4387929857507565,0.36891448084118483,-0.6310181494194621,-2.384715832481443,1.3234216160562369,1,2,0.5865746140480042,-1.3283831638148804,1.9856517950641077,-3.2347527943053187,-1.2471769491778772,-0.2848461310016077,-0.0670965313911438,0.0,-8.204520418075845e-05,0.8579168915748596,-6.011725781718269e-05,0.0,1789114168.7101598
3085.6769999999997,-0.3689305609342055,-0.4369345516901287,0.3610330618527654,-0.6711242231140778,-2.43628123632167,1.2765189253628253,1,2,0.5789969563484192,-1.3288413745215912,1.9856045881854456,-3.1739899120726527,-1.2471993605243128,-0.2848737875567835,-0.08513180911540985,-0.009554654359817505,-0.0007111522136256099,0.3407520353794098,-1.401298464324817e-45,0.0,1789114168.8101573
3085.777,-0.37258734792687753,-0.43393813659955865,0.3601752563196613,-0.684869703844773,-2.4386955315501537,1.2672690540045608,1,2,0.5707902312278748,-1.3294863265803833,1.9856155554400843,-3.1650639973082484,-1.2472074667560022,-0.2848461310016077,-0.07328929752111435,-0.0009207961848005652,-3.715214188559912e-05,0.00012540932220872492,-0.0002208196819992736,0.0,1789114168.910116
3085.877,-0.37632557652333937,-0.43068389968510506,0.36012297298056145,-0.694908772076696,-2.4333346775016897,1.2636555532509004,1,2,0.5621411800384521,-1.3295138788274308,1.9856789747821253,-3.164792676965231,-1.2473390738116663,-0.2848423163043421,-0.09989458322525024,-3.0573779952192126e-08,0.0002145239559467882,0.007971723563969135,-0.0005306146922521293,0.0,1789114169.010185
3085.977,-0.3805335604757332,-0.42721888501358973,0.3590555296154,-0.7096674405481966,-2.4343027234112298,1.2544821847695262,1,2,0.5527166128158569,-1.3294479858926316,1.9856842199908655,-3.157185216943258,-1.2473047415362757,-0.2848461310016077,-0.08685121685266495,2.0825667888857424e-05,0.00011030548921553418,0.18065446615219116,-0.00011399454524507746,0.0,1789114169.1101594
3086.0769999999998,-0.38470697272181686,-0.42437813822193055,0.3544714673897044,-0.7375055042174542,-2.459742032839779,1.2262617039214132,1,2,0.5443718433380127,-1.3294912290624161,1.9856842199908655,-3.1232601604857386,-1.2473323980914515,-0.2848427931415003,-0.08174584805965424,0.0,1.1760051279682306e-14,0.502158522605896,-5.963731028110764e-13,0.0,1789114169.2101693
3086.1769999999997,-0.38890823339621056,-0.42167970190218906,0.3461465934687478,-0.780215522286502,-2.5094312473954283,1.1768663363397924,1,2,0.5362920165061951,-1.3295785945704957,1.9856718222247522,-3.061946531335348,-1.2473323980914515,-0.2848580519305628,-0.08303027600049973,-0.0023597923573106527,-0.0,0.6405165195465088,-0.0,6.286631215601801e-09,1789114169.310168
3086.277,-0.39241777602721645,-0.41841862935623036,0.33963749916909675,-0.8194811657170059,-2.5512753256583647,1.1320098048454519,1,2,0.5280023813247681,-1.3316643101027985,1.9856560865985315,-3.0061222515501917,-1.2473204771624964,-0.28489429155458623,-0.0740770548582077,-0.04088481515645981,-0.0,0.47451457381248474,-0.0,-0.00012154823343735188,1789114169.4102197
3086.377,-0.3944125276778881,-0.41501730368286177,0.33837268584783703,-0.8441457104991524,-2.571688105049008,1.1064343699300356,1,2,0.520879328250885,-1.33835223436866,1.985692326222555,-2.970323701898092,-1.2473867575274866,-0.2849181334124964,-0.08895912766456604,-0.09515821933746338,3.23267922794912e-05,0.21129204332828522,-0.0011405047262087464,-0.00012948708899784833,1789114169.510161
3086.477,-0.39631565146180103,-0.41070124130692115,0.3427411325070647,-0.8541068919585034,-2.5651637179924838,1.1044371684660983,1,2,0.5123341679573059,-1.3488371980241318,1.9857142607318323,-2.960395952264303,-1.247403923665182,-0.2849181334124964,-0.06476207822561264,-0.0970599576830864,-0.0,0.03654948249459267,-0.00015540028107352555,-8.061555126914755e-05,1789114169.6101313
3086.5769999999998,-0.39676978601543644,-0.4085351314770209,0.34578938370603285,-0.8581474962217751,-2.5599745388142003,1.1028064524042298,1,2,0.5088343024253845,-1.3558315348676224,1.9857433477984827,-2.9552108250060023,-1.249450985585348,-0.2848904768573206,-0.029035691171884537,-0.05160658434033394,0.00016968233103398234,0.09600353986024857,-0.06951621919870377,-2.3429168637576572e-36,1789114169.710153
3086.6769999999997,-0.39772024073852497,-0.40633464893026877,0.34543766811427146,-0.873398964473288,-2.561978729599962,1.0763644845757319,1,2,0.5070745944976807,-1.3602960866740723,1.9857085386859339,-2.9372388325133265,-1.2643263975726526,-0.28489429155458623,-0.0013513260055333376,-0.028306007385253906,7.407640077872202e-05,0.27698543667793274,-0.18079890310764313,-0.0,1789114169.8101335
3086.777,-0.3979512389764341,-0.4049191651441885,0.34128722388983435,-0.8982896418203409,-2.585410281387021,1.0325296956982872,1,2,0.5070123672485352,-1.3632266384414216,1.9857829252826136,-2.8979112110533656,-1.2778590361224573,-0.28485089937318975,0.0,-0.03847634047269821,-0.0,0.47020667791366577,-0.1266566812992096,-0.0,1789114169.9101777
3086.877,-0.39786587543668256,-0.4024766556678201,0.33658236942582664,-0.9307066205148856,-2.613470252953843,0.9700907744274756,1,2,0.5069476366043091,-1.3689967703870316,1.9857900778399866,-2.844245573083395,-1.2989700476275843,-0.28486520448793584,-0.00014724711945746094,-0.08361582458019257,-8.071578486124054e-05,0.5642584562301636,-0.2719898521900177,-0.0,1789114170.0101647
3086.977,-0.3969563021765544,-0.39906915599516485,0.3332330401738112,-0.963617161171986,-2.6389938109622766,0.8989858156544581,1,2,0.5070351958274841,-1.3789273363402863,1.985798184071676,-2.7845851383604945,-1.3253420034991663,-0.2848580519305628,0.000285050249658525,-0.11195997893810272,-0.0,0.6147211790084839,-0.25086677074432373,-0.0,1789114170.110229
3087.0769999999998,-0.39476941439104507,-0.3962467706910171,0.32918609217071715,-0.9951974471722467,-2.67596366116054,0.8313349781454938,1,2,0.5072197914123535,-1.3888674241355439,1.9858105818377894,-2.71783508876943,-1.3404062430011194,-0.28488189378847295,0.0019089534180238843,-0.08396384865045547,0.00010995455522788689,0.7178136110305786,-0.038021598011255264,-0.0,1789114170.2101343
3087.1769999999997,-0.39129725887370626,-0.3948830571446109,0.3220400383348422,-1.02791076871464,-2.731375001132218,0.7652854345183443,1,2,0.5082613825798035,-1.394375057225563,1.9858158270465296,-2.642892976800436,-1.3405783812152308,-0.28488189378847295,0.0178653784096241,-0.022152451798319817,7.694040687056258e-05,0.7713724374771118,-5.955980304861441e-05,3.5135177171192773e-34,1789114170.31013
3087.277,-0.3880179862502797,-0.3935257239310804,0.31230742034666636,-1.0629288938652146,-2.7890768632617915,0.6915683941368714,1,2,0.5091134905815125,-1.3946156960776825,1.9858363310443323,-2.568136831323141,-1.3405903021441858,-0.28490955034364873,0.0006830626516602933,-2.534363067101629e-37,0.0007302591693587601,0.7183830142021179,-6.997355472826428e-11,0.0,1789114170.4101267
3087.377,-0.38515074930469506,-0.3918665493953935,0.30437470211654993,-1.0927102395565453,-2.834887235518561,0.6281258165525346,1,2,0.5090776681900024,-1.3946156960776825,1.9858487288104456,-2.5064131222166957,-1.3405903021441858,-0.28489429155458623,0.0,0.0,8.179201540770009e-05,0.48461103439331055,-0.0,0.0,1789114170.5102406
3087.477,-0.38358049160289776,-0.39092358467440946,0.30048691459747645,-1.1075926993436156,-2.8571633754580166,0.5956307160916123,1,2,0.509004533290863,-1.3946145486882706,1.9858782927142542,-2.4756318531432093,-1.3406313101397913,-0.28486663499941045,-0.0006766816368326545,0.0,-0.0,0.12715409696102142,-0.000263062072917819,0.0,1789114170.6101255
3087.5769999999998,-0.38343802256292714,-0.39079995967850406,0.30008208040601475,-1.108804746637928,-2.858773241013437,0.5927851336808151,1,2,0.5089733600616455,-1.3945642125657578,1.9861038366900843,-2.4734512768187464,-1.340848747883932,-0.2848699728595179,-3.4357639378868043e-05,0.00010077584011014551,0.00040604910464026034,0.00018485602049622685,-0.00028529635164886713,0.0,1789114170.7102268
3087.6769999999997,-0.383409064762045,-0.3908000774929454,0.30000155612222856,-1.108857155995087,-2.8588908557690864,0.5925493322034118,1,2,0.5090092420578003,-1.39450095713649,1.9862030188189905,-2.473438402215475,-1.3408969084369105,-0.2848580519305628,0.00019820070883724838,0.00027708779089152813,0.0021813928615301847,0.0012827384052798152,-0.002041233703494072,0.0,1789114170.8101876
3087.777,-0.38322327382036075,-0.39056984203649925,0.29949447160933285,-1.109513531040591,-2.85914176979855,0.5899699816930484,1,2,0.5090009570121765,-1.3944707822850724,1.9871481100665491,-2.473096033135885,-1.341989819203512,-0.28485423723329717,-5.831463568028994e-05,0.0013898913748562336,0.023294847458600998,0.005776738282293081,-0.028669806197285652,0.0,1789114170.9101386
3087.877,-0.38229045824356134,-0.38932496480988443,0.29664391305835835,-1.113784247898963,-2.8614874294307047,0.5732992163169963,1,2,0.5090092420578003,-1.3940805953792115,1.9915679136859339,-2.4688803158202113,-1.3485272566424769,-0.2848699728595179,0.0,0.0037527610547840595,0.07212615013122559,0.1252233386039734,-0.0958779975771904,0.0,1789114171.0101972
3087.977,-0.3792911165818383,-0.38665714747634256,0.28959077657386567,-1.128297346223751,-2.878168967051084,0.5300471345937681,1,2,0.5089901089668274,-1.3937574487975617,2.0004800001727503,-2.446716447869772,-1.3572452704059046,-0.2848580519305628,0.0,0.0010872252751141787,0.09355267137289047,0.3097538650035858,-0.05192359909415245,0.0,1789114171.1101713
3088.0769999999998,-0.37545477054028553,-0.3841970256738678,0.28213880466038904,1.133449911632432,2.8704508584084087,-0.4754257487657791,1,2,0.5089769959449768,-1.3937370342067261,2.007772747670309,-2.4122163257994593,-1.3598845640765589,-0.2848580519305628,0.0,0.0004095989861525595,0.042643677443265915,0.3861781060695648,-0.000557813560590148,0.0,1789114171.210197
3088.1769999999997,-0.3734161066807124,-0.3829884425738236,0.2783749220559653,1.1334460609285877,2.8568942805989592,-0.4387051189639859,1,2,0.5088894367218018,-1.393717960720398,2.0089367071734827,-2.3847786388792933,-1.3599312941180628,-0.28483421007265264,-0.001807299442589283,1.6376623627091324e-33,-5.565114042838104e-05,0.07801653444766998,-0.00018129362433683127,5.620602205880232e-09,1789114171.310167
3088.277,-0.3734489346524034,-0.38290380951156167,0.27831951851318804,1.1336951400407485,2.8565833085997783,-0.4381732679860599,1,2,0.5087095499038696,-1.3937251579812546,2.0089591185199183,-2.384353300134176,-1.3599055449115198,-0.28483421007265264,-0.0006698929937556386,-2.6816866011358798e-05,-0.0,-0.00033955732942558825,-0.00021775100321974605,0.0,1789114171.410107
3088.377,-0.3734599883550742,-0.38290419679625004,0.2783021037858192,1.1336841223355834,2.8565690764643463,-0.43808721956615354,1,2,0.5087012648582458,-1.3936820787242432,2.0089367071734827,-2.384310861627096,-1.3599136511432093,-0.28485328355898076,-0.0001311188971158117,0.0003647279809229076,-0.0,-8.193220855901018e-05,-0.00010623150592437014,0.0,1789114171.5101097
3088.477,-0.3734608269489395,-0.38290215346769657,0.2783057274463659,1.1337010795856368,2.8565685805997503,-0.43809343894422953,1,2,0.5086976289749146,-1.3936892759850998,2.0089367071734827,-2.384310861627096,-1.3599169890033167,-0.2848461310016077,-2.4032286091824062e-05,6.080582897993736e-05,-0.0,-3.5913829106157894e-35,-5.863811907147465e-07,0.0,1789114171.6101508
3088.5769999999998,-0.373448730657941,-0.38290542239031655,0.27827549109981103,1.1336748407588244,2.8565525741109585,-0.4380330010121811,1,2,0.5087144374847412,-1.3936581027558823,2.008975330983297,-2.3843332729735316,-1.3599160353290003,-0.2848461310016077,0.0,1.1306248779874295e-05,-0.0,-0.0,-0.0,0.0,1789114171.7101657
3088.6769999999997,-0.3734435057314997,-0.3829228260709576,0.2782965400395617,1.1336187867291456,2.8565773339121048,-0.43804969230930696,1,2,0.5087491273880005,-1.3936700087836762,2.0089295546161097,-2.384289880792135,-1.3599160353290003,-0.28484994569887334,0.00012078712461516261,0.0,-0.0,-0.0,-0.0,0.0,1789114171.8102307
3088.777,-0.3734261200663994,-0.3829290054658116,0.2782844763640946,1.1335558770903948,2.8565583770964893,-0.4380559771878495,1,2,0.5087695121765137,-1.3936700087836762,2.008962933217184,-2.384305616418356,-1.3598812262164515,-0.2848613897906702,9.069305087905377e-05,0.0,-0.0,-0.0,-0.0,0.0,1789114171.9101777
3088.877,-0.37343891603965634,-0.3829128929835489,0.27830419256267314,1.133609838616213,2.856563593536236,-0.43811153108315504,1,2,0.5087299346923828,-1.393704743390419,2.0089595953570765,-2.3843094311156214,-1.3598812262164515,-0.28486520448793584,7.58828018324921e-14,0.0,-0.0,-0.0,-0.0,0.0,1789114172.0101573
3088.977,-0.3734277563609596,-0.38291719200140045,0.27827571714425786,1.1336063059254116,2.8565176786576636,-0.43803939241759365,1,2,0.508745551109314,-1.393673614864685,2.0089877287494105,-2.384305616418356,-1.3598693052874964,-0.2848461310016077,0.0,0.0,-0.0,-0.0,-0.0,0.0,1789114172.110175
3089.0769999999998,-0.3734398437908353,-0.3829206957395679,0.2782854112937338,1.1336261979799618,2.856552565443586,-0.43803457493909365,1,2,0.5087466835975647,-1.3936628860286255,2.008949104939596,-2.384297033349508,-1.3599041144000452,-0.2848427931415003,0.0,0.0,-0.0,-0.0,-0.0,0.0,1789114172.2102182
3089.1769999999997,-0.3734349347249733,-0.3829285957658172,0.27830615604642023,1.133582705588147,2.8565559021240103,-0.4381308311073401,1,2,0.508757472038269,-1.3936892461827775,2.008937660847799,-2.3843094311156214,-1.3598654905902308,-0.28484994569887334,0.0,0.0,-0.0,-0.0,-0.0,0.0,1789114172.310175
3089.277,-0.3734319345279206,-0.3829139151877798,0.27828280144753914,1.1336050599873788,2.8565579350398695,-0.43803182784409633,1,2,0.5087419152259827,-1.3936820787242432,2.008979145680563,-2.3843022785582484,-1.3599002997027796,-0.2848618666278284,0.0,0.0,-0.0,-0.0,-0.0,0.0,1789114172.4101255
3089.377,-0.37343787041797627,-0.3829232473146205,0.2783011213398338,1.133605479706361,2.856546978216792,-0.43812847675419775,1,2,0.508745551109314,-1.3936856550029297,2.0089481512652796,-2.3843213520445765,-1.3598654905902308,-0.2848461310016077,0.0,0.0,-0.0,-0.0,-0.0,0.0,1789114172.5101588
3089.477,-0.37342538344813014,-0.3829189545287855,0.2782894531239437,1.1336057528961982,2.856560070317675,-0.4380356590525041,1,2,0.508757472038269,-1.3936940145543595,2.008975330983297,-2.3842932186522425,-1.3599041144000452,-0.2848461310016077,0.0,0.0,-0.0,-0.0,-0.0,0.0,1789114172.6101744
3089.5769999999998,-0.37342393690155895,-0.3829382573158385,0.2782921439904532,1.1335572587079679,2.8565620456905125,-0.4380570061231963,1,2,0.5087886452674866,-1.393669993882515,2.0089409987079065,-2.3842903576292933,-1.3598879019366663,-0.2848423163043421,0.0,0.0,-0.0,-0.0,-0.0,0.0,1789114172.7101815
3089.6769999999997,-0.3734185647120726,-0.3829190665503391,0.27828456688257075,1.1335662424219992,2.856556245978138,-0.43803449032332,1,2,0.5087610483169556,-1.3936975759318848,2.008991543446676,-2.3842936954894007,-1.3598879019366663,-0.28486520448793584,0.0,0.0,-0.0,-0.0,-0.0,0.0,1789114172.8101892
3089.777,-0.3734286161734942,-0.38292294423383416,0.2782936745462239,1.1335965916434871,2.8565518050592735,-0.4380709264548592,1,2,0.508757472038269,-1.3936892759850998,2.008962933217184,-2.3843003712096156,-1.3598845640765589,-0.2848461310016077,0.0,0.0,-0.0,-0.0,-0.0,0.0,1789114172.9102151
3089.877,-0.37343923985583066,-0.3829219117942936,0.2783011213398338,1.1336469118445753,2.8565272294453226,-0.43812738357251213,1,2,0.5087419748306274,-1.3936856550029297,2.0089481512652796,-2.3843213520445765,-1.3598654905902308,-0.28481990495790654,0.0,0.0,-0.0,-0.0,-0.0,0.0,1789114173.0101717
3089.977,-0.37342332667903116,-0.3829168268811859,0.27831064219680196,1.1335759175024112,2.8565690000941024,-0.4381375984502745,1,2,0.5087491869926453,-1.39373234034095,2.008979145680563,-2.3843146763243617,-1.3598693052874964,-0.28486520448793584,0.0,0.0,-0.0,-0.0,-0.0,0.0,1789114173.110237
3090.0769999999998,-0.3734266928063438,-0.382921481271021,0.27830872766112924,1.1336039515121248,2.856564869965956,-0.4381029205321521,1,2,0.508757472038269,-1.3937166792205353,2.0089595953570765,-2.384297033349508,-1.3598879019366663,-0.2848423163043421,0.0,0.0,-0.0,-0.0,-0.0,0.0,1789114173.2102334
