controller_time_s,tcp_x,tcp_y,tcp_z,tcp_rx,tcp_ry,tcp_rz,gripper_state,gripper_event_counter,actual_q_0,actual_q_1,actual_q_2,actual_q_3,actual_q_4,actual_q_5,actual_qd_0,actual_qd_1,actual_qd_2,actual_qd_3,actual_qd_4,actual_qd_5,host_receive_time_s
3616.502,-0.44794107159945823,-0.4779568052401172,0.33976867039987757,1.135085737849166,2.8938808829438076,-0.026729228695788525,0,0,0.6091233491897583,-1.1708261531642457,1.4655407110797327,-1.8609191379942835,-1.5287531057940882,-0.21472007433046514,0.0,0.0,-0.0,-0.0,-0.0,0.0,1788855135.0862525
3616.602,-0.44792150625044114,-0.47796463713258125,0.3395995970635537,1.1349602345164829,2.8937505140853887,-0.026330749127472207,0,0,0.609150767326355,-1.1706787806800385,1.4656971136676233,-1.8609158001341761,-1.5287531057940882,-0.2147429625140589,0.00013031064008828253,0.0007460784981958568,0.00012166320811957121,-0.0,-0.0,0.0,1788855135.1754818
3616.7019999999998,-0.44793688566657697,-0.47794899489775905,0.3395888447383669,1.1350103463834236,2.8937165690298414,-0.02630877823823006,0,0,0.6091164946556091,-1.1706704658320923,1.4657085577594202,-1.8609158001341761,-1.5287497679339808,-0.21473962465395147,6.38822530163452e-05,0.00012318610970396549,4.9846818001242355e-05,-0.0,-0.0,0.0,1788855135.276121
3616.8019999999997,-0.44792774688044484,-0.4779648592876434,0.33959561123618653,1.1350214609325466,2.8937431475930944,-0.026333388504162458,0,0,0.609147310256958,-1.1706669193557282,1.4656932989703577,-1.860934396783346,-1.5287650267230433,-0.21470767656435186,0.0,1.6057351555390817e-34,-0.0,-0.0,-0.0,0.0,1788855135.3765087
3616.902,-0.44793657396777653,-0.47794836864509593,0.3395853279720146,1.1350259111645036,2.8937040426934373,-0.02628493576606605,0,0,0.6091164946556091,-1.1706669193557282,1.4657085577594202,-1.8609034023680628,-1.5287531057940882,-0.2147277037249964,0.0,0.0,-0.0,-0.0,-0.0,0.0,1788855135.47708
3617.002,-0.44793125887191837,-0.4779592914461166,0.33959471846471345,1.134970218125625,2.8937390404591423,-0.026314083580227552,0,0,0.6091352105140686,-1.1706669193557282,1.465689484273092,-1.8609067402281703,-1.5287531057940882,-0.21475011507143194,0.0,8.96509073439666e-15,-0.0,-0.0,-0.0,0.0,1788855135.577437
3617.102,-0.4479173924213189,-0.4779563430595668,0.33958932992828395,1.134973970515809,2.893721950153431,-0.02627944398754135,0,0,0.609143853187561,-1.1706859332374115,1.465724293385641,-1.8608962498106898,-1.5287531057940882,-0.21473580995668584,0.0,0.0,-0.0,-0.0,-0.0,0.0,1788855135.6779206
3617.2019999999998,-0.44792768030475894,-0.4779549273492791,0.33958817312790973,1.1350426209824303,2.893708160634871,-0.02626476941612731,0,0,0.6091352105140686,-1.1706704658320923,1.4657047430621546,-1.8608914814391078,-1.5287683645831507,-0.2147000471698206,2.5120959042533217e-17,0.0,6.727197614964098e-05,-0.0,-0.0,0.0,1788855135.778188
3617.3019999999997,-0.44792741820277737,-0.4779539034593824,0.339595320613628,1.1350102662177795,2.893699304173128,-0.026323378966404295,0,0,0.6091283559799194,-1.1706823867610474,1.4657085577594202,-1.8609034023680628,-1.5287311712848108,-0.21472388902773076,0.0,0.0,1.4200027180777397e-05,-0.0,-0.0,0.0,1788855135.8786519
3617.402,-0.4479209106295683,-0.47796185170101835,0.33960231944609554,1.1349942203524632,2.893756166162459,-0.026318310593032423,0,0,0.6091507077217102,-1.170685963039734,1.465700928364889,-1.8609158001341761,-1.5287721792804163,-0.21472388902773076,0.0,0.0,-0.0,-0.0,-0.0,0.0,1788855135.9791353
3617.502,-0.4479247714553518,-0.47794627360371283,0.33956896167333916,1.1349903977593596,2.893670370516984,-0.02619853072249536,0,0,0.6091233491897583,-1.1706668895534058,1.4657333532916468,-1.8608571491637171,-1.5287464300738733,-0.21473580995668584,0.0,0.0,-0.0,-0.0,-0.0,0.0,1788855136.079586
3617.602,-0.4479339281942024,-0.47794461020095325,0.3395971426091155,1.1349967998955284,2.8937099168049745,-0.026291919727817442,0,0,0.6091130375862122,-1.170685963039734,1.4657047430621546,-1.8608809910216273,-1.5287464300738733,-0.21475011507143194,0.0,0.0,-0.0,-0.0,-0.0,0.0,1788855136.180062
3617.7019999999998,-0.44793149234617075,-0.47795635551214155,0.33957561600524916,1.1350273574128458,2.8936703246088706,-0.026264264458731347,0,0,0.6091283559799194,-1.1706512731364747,1.4657047430621546,-1.8608876667418421,-1.5287345091449183,-0.21470767656435186,0.0,0.0,-0.0,-0.0,-0.0,0.0,1788855136.2804945
3617.8019999999997,-0.4479310035079733,-0.4779442248670097,0.3395931845378681,1.1350708563360616,2.8937169385104884,-0.02628447340730816,0,0,0.6091198921203613,-1.1706895691207428,1.465724293385641,-1.8609124622740687,-1.5287769476519983,-0.2147000471698206,0.0,0.0,-0.0,-0.0,-0.0,0.0,1788855136.3809745
3617.902,-0.44791861504868175,-0.47795660267580914,0.339590842210284,1.1349743390383369,2.8937557885418896,-0.026277211354930927,0,0,0.609147310256958,-1.1706859332374115,1.465724293385641,-1.8609124622740687,-1.5287802855121058,-0.21473962465395147,0.0,0.0,-0.0,-0.0,-0.0,0.0,1788855136.481591
3618.002,-0.4479117023477425,-0.477969728889555,0.33957741542401365,1.134978646655172,2.893693124605912,-0.02628182827326651,0,0,0.6091626286506653,-1.170663283472397,1.4657204786883753,-1.8609034023680628,-1.5287311712848108,-0.21470767656435186,0.0,0.0,-0.0,-0.0,-0.0,0.0,1788855136.581826
3618.102,-0.44794476902390984,-0.4779495565109394,0.3395706480500925,1.1350059197157667,2.8937192234669533,-0.026257699218951016,0,0,0.6091130375862122,-1.1706393522075196,1.4657047430621546,-1.8609158001341761,-1.5287683645831507,-0.2147467772113245,0.0,0.0,-0.0,-0.0,-0.0,0.0,1788855136.682196
3618.2019999999998,-0.4479365082044817,-0.4779709920143564,0.33948782273816275,1.1349864398691922,2.893606178063559,-0.02606154343932644,0,0,0.609143853187561,-1.1705339711955567,1.4657295385943812,-1.8608795605101527,-1.528743092213766,-0.21470433870424444,0.0,0.004882685840129852,0.0003471761883702129,-0.0,-0.0,0.0,1788855136.7825828
3618.3019999999997,-0.44785251501655726,-0.4780765686978017,0.33935802489062167,1.1346186533233298,2.893652404720575,-0.02574048943384384,0,0,0.6093593835830688,-1.1703626674464722,1.4657695929156702,-1.860870977441305,-1.5287788550006312,-0.21472388902773076,0.01649320498108864,0.00025358059792779386,7.98995461082086e-05,-0.0,-0.0007427355158142745,0.0,1788855136.8831158
3618.402,-0.4475250049760391,-0.4784016470279542,0.33939352853520255,1.1336049123244663,2.8941172874717287,-0.025850198854678846,0,0,0.610069751739502,-1.1703723233989258,1.4657171408282679,-1.8609158001341761,-1.5287912527667444,-0.2147277037249964,0.0011346068931743503,6.626469671065556e-30,-4.5987537305336446e-05,-0.0,-2.0029128791065887e-05,0.0,1788855136.9835393
3618.502,-0.44695621819683506,-0.4789347879916251,0.3394492120797382,1.131889561393993,2.894920328186406,-0.025936235103205734,0,0,0.6112710237503052,-1.1704262059978028,1.4656818548785608,-1.86096253017568,-1.528860870991842,-0.21473962465395147,0.02876630425453186,0.0,-8.776967297308147e-05,0.0,-0.00010919884516624734,0.0,1788855137.0839627
3618.602,-0.44525691068057155,-0.48053001309456983,0.3394620968236293,1.126726606585512,2.8968884146444407,-0.025943459045128,0,0,0.6148252487182617,-1.1704190534404297,1.4656499067889612,-1.8609839878477992,-1.5288150946246546,-0.21473962465395147,0.04129139706492424,-6.928390212124214e-05,-0.00019227736629545689,0.0,-5.699622124666348e-05,0.0,1788855137.1843913
3618.7019999999998,-0.4432400217146674,-0.48239359406892657,0.3394789999552108,1.1206784045929792,2.899245700490528,-0.025905590901417246,0,0,0.6190196871757507,-1.1704357427409668,1.4656456152545374,-1.8610264263548792,-1.5288284460650843,-0.21472055116762334,0.046330757439136505,-8.316771709360182e-05,-9.520970343146473e-05,-0.00013631598267238587,-0.0,0.0,1788855137.2848246
3618.8019999999997,-0.44131224118595863,-0.4841758003051017,0.33972176953285593,1.1149495783473313,2.901767610815719,-0.026696993654035422,0,0,0.62302565574646,-1.1706788104823609,1.4655254522906702,-1.8613258800902308,-1.5287912527667444,-0.21472388902773076,0.0402585007250309,-0.0005344057572074234,-0.0005185300833545625,-0.0005352282896637917,-0.0,0.0,1788855137.3852527
3618.902,-0.4387981212944178,-0.48647869420262263,0.3398178526879385,1.1074057653307072,2.904763845800526,-0.02693212029258591,0,0,0.6282345056533813,-1.1707494121840973,1.465445343648092,-1.8614541492857875,-1.5287860075580042,-0.2147310415851038,0.05323929712176323,-0.0024670602288097143,-0.0014083323767408729,-0.0027303099632263184,-4.936354100277033e-41,0.0,1788855137.4856427
3619.002,-0.43578261091246256,-0.4892031727196216,0.3399201202222867,1.098420283140834,2.9082664327251764,-0.027169998904481126,0,0,0.6344398260116577,-1.1708297592452546,1.4653661886798304,-1.8615857563414515,-1.528766934071676,-0.21472388902773076,0.06723669916391373,-0.0021271035075187683,-0.0007788011571392417,-0.0027894761878997087,-0.0,0.0,1788855137.5860715
3619.102,-0.43268835788705706,-0.49195472370646043,0.3399337969974231,1.0891891541692895,2.911710809050824,-0.027118870433951496,0,0,0.6407610774040222,-1.1708297592452546,1.4653499762164515,-1.861645360986227,-1.5287545363055628,-0.21473962465395147,0.06100483611226082,-0.00010071215365314856,-8.697684097569436e-05,-0.0002085294690914452,-0.0,0.0,1788855137.6864932
3619.2019999999998,-0.4300823740178322,-0.49423990644348587,0.3399986112634764,1.0815083088257293,2.914656517910186,-0.027215307583697813,0,0,0.6460566520690918,-1.1708943408778687,1.4653213659869593,-1.8617450199522914,-1.5287802855121058,-0.21473199525942022,0.04041505977511406,-0.00046572700375691056,-0.0003712575708050281,-0.0014305688673630357,-0.0,0.0,1788855137.7869103
3619.3019999999997,-0.42882851229505786,-0.4953559941768101,0.3401841356222036,1.077812956632897,2.9162714458712466,-0.02786067576066774,0,0,0.6486210823059082,-1.1710572105697175,1.465201203023092,-1.8619853458800257,-1.5287531057940882,-0.2147467772113245,0.013666709885001183,-0.0007796607678756118,-0.0008710729889571667,-0.0028850517701357603,-0.0,0.0,1788855137.8873444
3619.402,-0.428529163612137,-0.4956524893054497,0.3405752408442304,1.0770583432102967,2.917052750816795,-0.02904512232434798,0,0,0.6492713689804077,-1.1714042586139222,1.4649022261248987,-1.862251421014303,-1.5287497679339808,-0.21470767656435186,0.0006180193740874529,-0.0089273015037179,-0.004445925354957581,-0.0031084471847862005,-0.0,0.0,1788855137.9877656
3619.502,-0.42838716139128663,-0.4956631776501393,0.34221761995033584,1.0772437381488835,2.9186214929911687,-0.032821858992105254,0,0,0.6494234800338745,-1.1731765133193512,1.463851277028219,-1.8623157940306605,-1.528773609791891,-0.21473962465395147,0.0038739778101444244,-0.02706744335591793,-0.013201018795371056,-0.0004859270993620157,-0.0,0.0,1788855138.0881488
3619.602,-0.4276821147796519,-0.49604136878850474,0.34489253587012114,1.0763380846878108,2.9215109797679237,-0.03883352378381805,0,0,0.6505630612373352,-1.1761088532260437,1.4621785322772425,-1.8623010120787562,-1.5287860075580042,-0.21470433870424444,0.026004496961832047,-0.027156786993145943,-0.022900795564055443,-0.00013006266090087593,-0.0,0.0,1788855138.1885908
3619.7019999999998,-0.42589268723119633,-0.49816882675667556,0.3474287444511134,1.0706754597918662,2.926193310723313,-0.04513382200969653,0,0,0.6548935174942017,-1.1775158208659668,1.4587567488299769,-1.8623043499388636,-1.528773609791891,-0.2147310415851038,0.06086638942360878,-0.0017849481664597988,-0.06892640888690948,-2.6296949305073224e-14,-0.0,0.0,1788855138.2889528
3619.8019999999997,-0.4239720500882155,-0.5027158170409693,0.35269055225448337,1.0613540010498355,2.935482889061469,-0.059542776221197025,0,0,0.6623224020004272,-1.1774799090674897,1.4477246443377894,-1.862295766870016,-1.5288046042071741,-0.21473962465395147,0.0892055332660675,-0.00010425561777083203,-0.1423676311969757,-0.0,-0.0,0.0,1788855138.3893712
3619.902,-0.42157940089333373,-0.5090014323029685,0.3608449815137764,1.049048749221287,2.9486826890727986,-0.08190888529943645,0,0,0.6722694635391235,-1.17747517049823,1.4307830969439905,-1.8622242412962855,-1.5288408438311976,-0.21472388902773076,0.10038097202777863,-2.573762703500548e-26,-0.18690705299377441,-0.0,-0.0,0.0,1788855138.4897718
3620.002,-0.418792909521475,-0.5157685912930563,0.36977840727894046,1.0353938907137996,2.9626445294479162,-0.10653452226154302,0,0,0.6830857396125793,-1.1773720544627686,1.4122126738177698,-1.862096448937887,-1.5288575331317347,-0.2147277037249964,0.11580069363117218,0.0003380855778232217,-0.1688658595085144,0.0005490003386512399,-0.00016431690892204642,0.0,1788855138.5901406
3620.102,-0.41401786682970293,-0.5223067575625095,0.3754935841696112,-1.0154135992377435,-2.965632834714571,0.12163504552117126,0,0,0.6955549120903015,-1.1773038667491456,1.400386158620016,-1.861979146996969,-1.5293009916888636,-0.21470767656435186,0.13468274474143982,0.0002743988297879696,-0.05019931495189667,0.000313825614284724,-0.0006098896847106516,0.0,1788855138.6905239
3620.2019999999998,-0.406709145834879,-0.5282672421833712,0.3756797960439413,-0.9943802898931654,-2.97312491402084,0.12220616910768221,0,0,0.7097582817077637,-1.176992492084839,1.399557892476217,-1.8618298969664515,-1.5292823950396937,-0.21473962465395147,0.14367808401584625,0.008946013636887074,0.00013595723430626094,0.0006994629511609674,-0.0001837031013565138,0.0,1788855138.7909596
3620.3019999999997,-0.39936160362318585,-0.533856661289183,0.3756324399474169,-0.9739678682679718,-2.9804619938661987,0.12216946884620385,0,0,0.7236116528511047,-1.1769314271262665,1.399576489125387,-1.8618456325926722,-1.5293009916888636,-0.21472007433046514,0.13436487317085266,0.00014865220873616636,2.2245829313760623e-05,9.504827175987884e-05,-7.575206109322608e-05,0.0,1788855138.8913574
3620.402,-0.3930067002319938,-0.5385595272424594,0.37563073255820656,-0.9564011791484767,-2.9866285134348356,0.12222756293482266,0,0,0.7354710698127747,-1.176917092209198,1.3995617071734827,-1.8618494472899378,-1.5292976538287562,-0.2147310415851038,0.0970878154039383,3.6762525468247986e-08,-0.0,4.971111955236196e-13,-2.1512734024314592e-41,0.0,1788855138.991844
3620.502,-0.38926811236321723,-0.5412844117307369,0.3755485035582564,-0.9461649479571257,-2.990204419724659,0.12191252556208278,0,0,0.7424283623695374,-1.1768058699420472,1.3995617071734827,-1.8617621860899867,-1.5293915907489222,-0.21469289461244756,0.050561606884002686,0.0010160987731069326,-0.0,0.000862587068695575,-0.0028390479274094105,0.0,1788855139.0921085
3620.602,-0.38665514179051624,-0.5433346922301139,0.3750271178548447,-0.9387783523696313,-2.99312133421386,0.12056894739233151,0,0,0.7474743723869324,-1.1760261815837403,1.3995540777789515,-1.8616167507567347,-1.5295527617083948,-0.21472007433046514,0.055568188428878784,0.016273129731416702,-0.0,0.000977545278146863,-0.0009947764920070767,0.0,1788855139.1924856
3620.7019999999998,-0.3841701707801264,-0.5456491587445602,0.37355809387741773,-0.9315095064215686,-2.9969396736831486,0.11751756638139293,0,0,0.7526537179946899,-1.1738003653338929,1.3995731512652796,-1.8615619144835414,-1.5295212904559534,-0.2147277037249964,0.039427172392606735,0.025783853605389595,-0.0,0.0003715879574883729,-0.0001381672773277387,0.0,1788855139.292862
3620.8019999999997,-0.3835878390414647,-0.5468449404899981,0.37155353251972423,0.9288712331291779,2.9984371778480963,-0.11332031952746743,0,0,0.7545996904373169,-1.1707002085498353,1.3995230833636683,-1.8615428409972132,-1.5295560995685022,-0.21472388902773076,0.00516039552167058,0.04129882529377937,-0.0,0.00016711819625925273,-9.430754788208873e-11,0.0,1788855139.3932667
3620.902,-0.3840231808609572,-0.5475441468854049,0.3688482564790473,0.9279517356718939,2.9967870891470123,-0.10757696073339278,0,0,0.7549198865890503,-1.1666052800467988,1.3995731512652796,-1.8615380726256312,-1.52956468263735,-0.21472388902773076,0.004626918584108353,0.047520194202661514,-0.0,0.0001158688755822368,-0.00020497383957263082,0.0,1788855139.4935527
3621.002,-0.3847851436496613,-0.5485588548450998,0.364713878470744,0.9268140278920772,2.9941722424196877,-0.09889801142291031,0,0,0.7552435398101807,-1.1602830451777955,1.3995540777789515,-1.8615499935545863,-1.5295560995685022,-0.21470767656435186,0.001017528586089611,0.07519309222698212,-0.0,5.6053748267004266e-05,-9.180780034512281e-05,0.0,1788855139.5940247
3621.102,-0.3858847016119485,-0.5496119986114852,0.35972098824334603,0.9259531293981368,2.9908567111268556,-0.08848408439651226,0,0,0.7552556395530701,-1.1526690882495423,1.3995426336871546,-1.861589094201559,-1.5295494238482874,-0.21472388902773076,0.00011970292689511552,0.07874764502048492,-0.0,0.0,-4.553427714903926e-38,0.0,1788855139.69437
3621.2019999999998,-0.3870558695183837,-0.5507499586537695,0.35412252886760365,0.9249283066497889,2.98710902769025,-0.07677182733284785,0,0,0.7552881836891174,-1.144195334320404,1.399576489125387,-1.861577650109762,-1.5295560995685022,-0.21475488344301397,0.00016291624342557043,0.08631380647420883,-0.0,0.0,-0.0,0.0,1788855139.794788
3621.3019999999997,-0.3882529352975801,-0.5518935732779574,0.3483364138346588,0.9239786327411412,2.9831283837029807,-0.06480604491217448,0,0,0.7552916407585144,-1.1354221266559144,1.3995650450335901,-1.861584802667135,-1.5295098463641565,-0.2147277037249964,4.632489799405448e-05,0.08499618619680405,-0.0,0.0,-0.0,0.0,1788855139.8951461
3621.402,-0.3894166847200457,-0.5529958973145641,0.3425718188615331,0.9230245710559184,2.97917675797181,-0.05291486337981101,0,0,0.7552916407585144,-1.1266867381385346,1.3995302359210413,-1.8615895710387171,-1.529513184224264,-0.21471149126161748,0.0,0.09457580000162125,-0.0,0.0,-0.0,0.0,1788855139.995508
3621.502,-0.39048369531988686,-0.5540281275796115,0.3369501515826029,0.922029592236384,2.975322688550187,-0.041327277103720576,0,0,0.7553189992904663,-1.1182378393462677,1.3995650450335901,-1.8615929088988246,-1.529543701802389,-0.21470767656435186,0.0,0.07467586547136307,-0.0,2.2479127805576932e-29,-0.0,0.0,1788855140.0958776
3621.602,-0.3915058061768855,-0.5549715125077939,0.3315818878063464,0.9210819212406348,2.971558645915815,-0.030331495877928168,0,0,0.7552882432937622,-1.110154853468277,1.3995464483844202,-1.8615619144835414,-1.529525105153219,-0.2147429625140589,6.263356772251427e-05,0.08831097930669785,-0.0,0.0,-0.0,0.0,1788855140.1962066
3621.7019999999998,-0.39249144775819145,-0.5558976665597877,0.32625686356460154,0.9201731942358052,2.967828480321433,-0.019523526678053515,0,0,0.755279541015625,-1.1021127265742798,1.3994796911822718,-1.8615738354124964,-1.5295284430133265,-0.21473580995668584,-3.9979565258363436e-07,0.08145226538181305,-0.0,0.0,-0.0,0.0,1788855140.2965896
3621.8019999999997,-0.3935531198681124,-0.5569026521337715,0.32011392094859126,0.9190951416070688,2.9634720710823528,-0.0070525012748674015,0,0,0.7552778124809265,-1.0929415386966248,1.3995216528521937,-1.8615738354124964,-1.5295317808734339,-0.2147277037249964,-0.00034918938763439655,0.08555661886930466,-0.0,0.0,-0.0,0.0,1788855140.3969212
3621.902,-0.39447105154139944,-0.557739358147515,0.31475485945491766,0.9181829456816117,2.9596531743279253,0.003762866686202182,0,0,0.7552435994148254,-1.08493526399646,1.3995302359210413,-1.8615857563414515,-1.529550854359762,-0.2147310415851038,-6.42313389107585e-05,0.07442694157361984,-0.0,0.0,-0.0,0.0,1788855140.497167
3622.002,-0.39510433065361483,-0.5583681397695827,0.3107647139165536,0.9174058048099719,2.956750653032766,0.011756876220443297,0,0,0.7552658319473267,-1.0789736074260254,1.399517838154928,-1.8615700207152308,-1.5294979254352015,-0.21473580995668584,2.2159218133310787e-05,0.04566563293337822,-0.0,0.0,-0.0,0.0,1788855140.5976048
3622.102,-0.39563180355939326,-0.558854461483678,0.3074840618973335,0.9168765507726906,2.954392312555751,0.018363794486827748,0,0,0.7552556395530701,-1.0740818542293091,1.3995145002948206,-1.861565729180807,-1.5295336882220667,-0.21470433870424444,0.0,0.05648978427052498,-0.0,0.0,-0.0,0.0,1788855140.6979668
3622.2019999999998,-0.39627606829494505,-0.5595313422925904,0.3030406623740544,0.915956965793164,2.9512355483194637,0.02726272386862146,0,0,0.7553310394287109,-1.0674656194499512,1.3995145002948206,-1.8615738354124964,-1.5295680204974573,-0.21470433870424444,0.000416560418670997,0.07225662469863892,-0.0,0.0,-0.0,0.0,1788855140.798882
3622.3019999999997,-0.39695814301743654,-0.5601691645776896,0.29840045432400863,0.9150819421195645,2.9478163604515153,0.03649758490274433,0,0,0.7553156018257141,-1.060608760719635,1.3995760122882288,-1.8615786037840785,-1.5295370260821741,-0.21472388902773076,5.733113721362315e-05,0.05563993752002716,-0.0,0.0,-0.0,0.0,1788855140.8986776
3622.402,-0.3974220074601641,-0.5606255819735984,0.29519628781869633,0.9144661414863049,2.945525435668889,0.04286936474815246,0,0,0.7553396821022034,-1.0558173817447205,1.3995288054095667,-1.8615857563414515,-1.5295851866351526,-0.21472055116762334,1.573668662047112e-08,0.04210476949810982,-7.567870488855988e-05,0.0,-0.0001938259811140597,0.0,1788855140.999001
3622.502,-0.3974465351552505,-0.5612870151663736,0.29226210460131824,0.9129054687305677,2.9438911118578357,0.04893073035153533,0,0,0.7560606002807617,-1.0514624279788514,1.399517838154928,-1.8615533314146937,-1.5298250357257288,-0.21472055116762334,0.01088668592274189,0.05118101090192795,-1.1608660315687303e-05,6.918617145856842e-05,-0.0014235858106985688,0.0,1788855141.0992892
3622.602,-0.3975943631378627,-0.5620226584043558,0.2885152946324946,0.9112631857750971,2.9414450970357837,0.05639744398894827,0,0,0.7567029595375061,-1.0459280771068116,1.3995464483844202,-1.8615571461119593,-1.5298555533038538,-0.21472007433046514,0.009384754113852978,0.05996698513627052,-0.0,0.00013168157602194697,-0.00015400930715259165,0.0,1788855141.199612
3622.7019999999998,-0.3975401956173689,-0.5630124846332132,0.2841992064289228,0.9087848000108295,2.9387539514117367,0.06494863060674518,0,0,0.7578147053718567,-1.039532796745636,1.3995378653155726,-1.8615499935545863,-1.5298364798175257,-0.21473914781679326,0.018149886280298233,0.07258933782577515,-0.0,8.595393592258915e-05,-0.00011717458255589008,0.0,1788855141.3000119
3622.8019999999997,-0.3968500690909112,-0.5646826909824687,0.27866374768239627,0.9041211147301209,2.935801568930499,0.07592747201461816,0,0,0.7603016495704651,-1.031316952114441,1.3994939962970179,-1.861558576623434,-1.5298364798175257,-0.21472388902773076,0.024914031848311424,0.07929911464452744,-0.0,7.034350915091636e-07,-1.807619852411957e-11,0.0,1788855141.4003973
3622.902,-0.39630877910901247,-0.5654833393779122,0.2770035332153049,0.9017429759691838,2.935303653397751,0.07911757053713299,0,0,0.7617095708847046,-1.028729037647583,1.3993061224566858,-1.8616215191283167,-1.5298522154437464,-0.21473914781679326,0.009232504293322563,-0.0006055723642930388,-0.009011791087687016,0.0,-0.0,0.0,1788855141.5007267
3623.002,-0.3968980369801098,-0.5665694436108974,0.27929248509373733,0.9015923794788344,2.9380725111738237,0.07254246290332857,0,0,0.7622644901275635,-1.0287063282779236,1.394266430531637,-1.8615747890868128,-1.529839817677633,-0.21471149126161748,0.0008932337514124811,0.00019566134142223746,-0.10107102990150452,0.0,-0.0,0.0,1788855141.601044
3623.102,-0.3994828076275207,-0.5696480897687547,0.2869700824121352,0.9026865742013879,2.9469593839896864,0.05054127776739843,0,0,0.762935996055603,-1.0286535781672974,1.3775184790240687,-1.8615499935545863,-1.530062500630514,-0.21472388902773076,0.021840840578079224,0.001636858331039548,-0.21940626204013824,0.0,-0.008502922020852566,0.0,1788855141.7013664
3623.2019999999998,-0.4020573942173906,-0.5738309665783545,0.29683081207220546,0.9026133142030783,2.958274440569561,0.022273050088938626,0,0,0.7647464275360107,-1.0286138218692322,1.3562606016742151,-1.8615223369994105,-1.5301397482501429,-0.21469289461244756,0.002791293431073427,6.459753785748035e-05,-0.19139496982097626,0.00019273602811153978,-0.0001309287763433531,0.0,1788855141.8017306
3623.3019999999997,-0.4041181025903571,-0.5756912416599178,0.3024860711012882,0.904178812933084,2.9640099551398658,0.006156239882303379,0,0,0.7646196484565735,-1.0285575550845643,1.3440926710711878,-1.8613749943175257,-1.5301550070392054,-0.21470433870424444,0.00012357252126093954,0.0001808827364584431,-0.045228540897369385,0.0009652781882323325,-6.401929567800835e-05,0.0,1788855141.9020362
3623.402,-0.40432097169382797,-0.5759820383300169,0.3013657544396966,0.9038110312665656,2.9632716481436985,0.008338863842884158,0,0,0.7647156119346619,-1.026625172500946,1.343600098286764,-1.8611909351744593,-1.5301364103900355,-0.21472388902773076,0.00025087763788178563,0.04230930656194687,-3.559354445314966e-05,0.00038553751073777676,-5.947651879978366e-05,0.0,1788855142.0022957
3623.502,-0.40501186041451465,-0.5765937529658784,0.29668172391528286,0.9030888252326904,2.9599780227568657,0.01750237976497389,0,0,0.7646554708480835,-1.0198655885509034,1.3436248938189905,-1.8611790142455042,-1.5301311651812952,-0.21472388902773076,-0.0002945378073491156,0.08582726866006851,-0.0,0.00013939259224571288,-0.0,0.0,1788855142.1026814
3623.602,-0.40587671711256074,-0.5774137064505135,0.29039453912945734,0.902021472459524,2.9555215533484582,0.029655420750229925,0,0,0.7646281123161316,-1.0107830327800293,1.3436325232135218,-1.8612028561034144,-1.5300677458392542,-0.21472388902773076,-9.67156738624908e-05,0.09711287170648575,0.00010029968689195812,6.562653288710862e-05,-0.0,0.0,1788855142.2029302
3623.7019999999998,-0.40683366143521227,-0.5784188735688275,0.2825157412256931,0.9005086366297018,2.9499906347209115,0.04487430701514035,0,0,0.7647069692611694,-0.9994405669024964,1.3436687628375452,-1.8612338505186976,-1.5300558249102991,-0.2147277037249964,0.0002387971617281437,0.13046683371067047,7.736948464298621e-05,0.0,-0.0,0.0,1788855142.3032997
3623.8019999999997,-0.4076788318793477,-0.5794671091335447,0.2743088648652672,0.898703146878813,2.944245119628719,0.06063210619374901,0,0,0.7649415135383606,-0.9876286548427125,1.3436763922320765,-1.861270090142721,-1.5300472418414515,-0.21472388902773076,0.0008703711209818721,0.10697262734174728,7.255319360410795e-05,0.0,-6.58610278232664e-44,0.0,1788855142.4035792
3623.902,-0.4077481303146551,-0.5803932383924877,0.26912520868732387,0.8964758468453389,2.940917147600437,0.07059980635076699,0,0,0.7658244967460632,-0.9801790875247498,1.3436759153949183,-1.8612705669798792,-1.5300386587726038,-0.21472055116762334,0.01365834753960371,0.04183578863739967,3.29333015542943e-05,0.0,-0.0,0.0,1788855142.5039573
3624.002,-0.40708168715271775,-0.5811629270802803,0.26751156508213414,0.8940320061489012,2.94041902139109,0.07367222280497553,0,0,0.767275869846344,-0.9778537315181275,1.3436725775348108,-1.861314435998434,-1.529992405568258,-0.21473580995668584,0.016127729788422585,8.212172542698681e-05,2.7560914531932212e-05,8.942869839148874e-19,-0.0,0.0,1788855142.604164
3624.102,-0.40627759313360895,-0.5817366151971871,0.26768723724996707,0.8920291621270985,2.94124726855925,0.07318832064712608,0,0,0.7686658501625061,-0.9780501288226624,1.3436177412616175,-1.861462255517477,-1.5299599806415003,-0.2147429625140589,0.008541874587535858,-0.0007489178096875548,-0.00017512781778350472,-0.001486961031332612,0.00024752254830673337,0.0,1788855142.7045686
3624.2019999999998,-0.40619721996765845,-0.5817862871110705,0.26763910862943635,0.8918765522650598,2.941243344209968,0.07333012156654511,0,0,0.7687973380088806,-0.9780045312694092,1.3436487356769007,-1.861438890496725,-1.5299599806415003,-0.21470767656435186,0.00011847885616589338,0.000300598272588104,-4.397284675781205e-34,-0.00012326279829721898,0.00010034034494310617,0.0,1788855142.8049142
3624.3019999999997,-0.4059923547136628,-0.5819316479453329,0.26755450386166874,0.8912922660595517,2.9413804654981854,0.07357082496853193,0,0,0.7691569328308105,-0.9779016536525269,1.3436725775348108,-1.8614183864989222,-1.5299957434283655,-0.21473914781679326,0.009458147920668125,0.000250121665885672,-0.0,3.016037226188928e-05,6.415144369679013e-42,0.0,1788855142.9052196
3624.402,-0.40404831715485,-0.5832989564441307,0.2673731634561916,0.8863883251560014,2.942746694424393,0.07417514843220598,0,0,0.7725071907043457,-0.9776621621898194,1.343689266835348,-1.8613430462279261,-1.5299771467791956,-0.21470767656435186,0.0491071455180645,0.00098033354151994,0.00013356436102185398,0.00023082250845618546,0.0,0.0,1788855143.005445
3624.502,-0.4011687034494628,-0.5852968427549607,0.26711550952653884,0.8790670566962302,2.944850435520327,0.07506433595554637,0,0,0.777454674243927,-0.9773387473872681,1.3437450567828577,-1.8612705669798792,-1.5300143400775355,-0.21472388902773076,0.03912222757935524,0.0024386770091950893,0.00021852295321878046,0.00022727878240402788,0.0,0.0,1788855143.1058216
3624.602,-0.400379230766615,-0.5859252441764483,0.26658324153563695,0.8768622045936882,2.945132127957962,0.07613982124286937,0,0,0.7788912653923035,-0.976589099769928,1.343771759663717,-1.8612939320006312,-1.5300076643573206,-0.2147277037249964,-0.0009531856630928814,0.01659499481320381,0.00021291298617143184,0.00017760023183654994,0.0,0.0,1788855143.2060943
3624.7019999999998,-0.4007333072138434,-0.5862640505905774,0.26324025834036047,0.8763464376519067,2.942680425730415,0.08256195714351817,0,0,0.778874397277832,-0.9717930120280762,1.3437679449664515,-1.8612667522826136,-1.5299957434283655,-0.21469289461244756,0.0,0.07493308186531067,0.00010551882587606087,0.00011407407146180049,0.0,0.0,1788855143.3063111
3624.8019999999997,-0.4013068745557047,-0.5868686379611616,0.25726695770740243,0.8752226707011377,2.9383882753836126,0.093941741028149,0,0,0.7789069414138794,-0.9632265132716675,1.3437679449664515,-1.861291070977682,-1.5300024191485804,-0.21470767656435186,8.419887308264151e-05,0.08289899677038193,7.219601805275033e-09,1.0139754522242583e-05,0.0,0.0,1788855143.406552
3624.902,-0.401580254399029,-0.5871148353743759,0.2546194834596409,0.8747916645350716,2.9364419180264423,0.09888744488677337,0,0,0.7788745760917664,-0.959419922237732,1.3437565008746546,-1.8613435230650843,-1.529968563710348,-0.21471149126161748,-0.0002227449876954779,1.7038533602141241e-15,3.756171161738543e-36,0.0,0.0,0.0,1788855143.5069332
3625.002,-0.401593204452674,-0.5871233340003192,0.25483793100471275,0.8748082991710693,2.936670392528386,0.09825607948111642,0,0,0.7788673639297485,-0.959660605793335,1.343673054371969,-1.861481329003805,-1.5299480597125452,-0.2147429625140589,0.0,-0.0003577539755497128,-0.00012605499068740755,-0.00042775925248861313,0.0,0.0,1788855143.6071346
3625.102,-0.4015931120190284,-0.5870813761420057,0.25546630183843044,0.8750413110599751,2.937233065112531,0.09661979280320557,0,0,0.7788205146789551,-0.9605049055865784,1.3436577955829065,-1.861833234826559,-1.5299151579486292,-0.2147277037249964,-0.00022236093354877084,-0.022087564691901207,-0.0002082803111989051,-0.002026886446401477,0.00033994726254604757,0.0,1788855143.7077959
3625.2019999999998,-0.4013454478405339,-0.586855269615161,0.25801673077833215,0.8754987041149483,2.939089093496264,0.09168543458684304,0,0,0.7788385152816772,-0.9641416829875489,1.3436415831195276,-1.8618775806822718,-1.5298879782306116,-0.21470767656435186,-8.911480836104602e-05,-0.03289051726460457,-6.074389966670424e-05,-0.00017029413720592856,0.0001358634326606989,0.0,1788855143.8077743
3625.3019999999997,-0.401170467151337,-0.5866541486481832,0.25991858431528014,0.8758974033589503,2.9404390604142385,0.08803977288938275,0,0,0.7788097858428955,-0.9668849271586915,1.3436725775348108,-1.8618952236571253,-1.5298727194415491,-0.21469289461244756,-0.00020460163068491966,-0.016784409061074257,-0.0,-7.065506360959262e-05,1.065591278409661e-11,0.0,1788855143.908202
3625.402,-0.40117851695093254,-0.5865674348863865,0.25997607228065855,0.8759565832334558,2.940362277375396,0.08820156211785153,0,0,0.7787152528762817,-0.9670692843249817,1.3437913099872034,-1.861708780328268,-1.5298846403705042,-0.21473914781679326,-0.0011869342997670174,0.008439846336841583,0.0010107768466696143,0.0013263444416224957,0.0,0.0,1788855144.0084138
3625.502,-0.40127782718093974,-0.5864868992526944,0.25968070969931323,0.8761427583640359,2.939990515864918,0.08910633775036629,0,0,0.778540313243866,-0.9667220276645203,1.3438590208636683,-1.8614660702147425,-1.5299361387835901,-0.21473914781679326,-0.00018312995962332934,0.001039145514369011,0.0009691210580058396,0.0013129920698702335,8.633232152479274e-22,0.0,1788855144.1087525
3625.602,-0.4013376069815535,-0.5865652304673014,0.25869241642441365,0.8759346415059996,2.939237409480077,0.09111458500506919,0,0,0.7785594463348389,-0.9653725189021607,1.3439481894122522,-1.8613983593382777,-1.5299394766436976,-0.21473580995668584,-1.2677071936195716e-05,0.03205534443259239,0.0003111512342002243,0.00031805766047909856,0.0,0.0,1788855144.2089508
3625.7019999999998,-0.4016845968746118,-0.5869244799258952,0.254891201991101,0.8752653480826884,2.936446539003429,0.09839628137601507,0,0,0.7785714864730835,-0.9599455159953614,1.3439720312701624,-1.861370702783102,-1.5299361387835901,-0.2147153059588831,0.0,0.06885803490877151,0.000845393049530685,0.00021968639339320362,0.0,0.0,1788855144.309203
3625.8019999999997,-0.40212844429408967,-0.5873550389798396,0.2502070782954565,0.8744614448906787,2.9330185731123506,0.107212639431068,0,0,0.7785558104515076,-0.9532156747630616,1.3439443747149866,-1.8614183864989222,-1.5299204031573694,-0.21470767656435186,0.0,0.05451688542962074,-6.015656981617212e-05,9.658567432779819e-05,0.0,0.0,1788855144.4095502
3625.902,-0.40235638564294424,-0.5876536499633279,0.24700834556729862,0.8737387551666868,2.9307118875138953,0.11335771095630157,0,0,0.778631329536438,-0.9486558598330994,1.3439605871783655,-1.8613749943175257,-1.5299513975726526,-0.2147310415851038,0.0004056391480844468,0.04267609491944313,-1.385427822242491e-05,4.203895392974451e-45,0.0,0.0,1788855144.509792
3626.002,-0.40267273673370774,-0.5879885186923397,0.24306846872053156,0.8730497343329302,2.927821534659002,0.1207821885662484,0,0,0.7786516547203064,-0.9430278700641175,1.343975845967428,-1.8614150486388148,-1.5299666563617151,-0.21469623247255498,9.618444164516404e-05,0.07304646074771881,-0.0,0.0,0.0,0.0,1788855144.6101162
3626.102,-0.40305384944707723,-0.5883800486802913,0.2382506859734877,0.872095942239045,2.92423184915996,0.12978246674895316,0,0,0.7786542177200317,-0.9361259502223511,1.3439520041095179,-1.8614422283568324,-1.529917065297262,-0.21473914781679326,0.0,0.048168882727622986,-0.0,4.602668751636767e-28,0.0,0.0,1788855144.7104023
3626.2019999999998,-0.4031897040971775,-0.5885016461944078,0.23656315630367436,0.8718090120506805,2.922983727791872,0.13298916883432343,0,0,0.7786433696746826,-0.9337130945971985,1.3439443747149866,-1.861429830590719,-1.5299447218524378,-0.21473580995668584,5.0985549023607746e-05,0.0009146403754130006,-0.0,0.0,0.0,0.0,1788855144.8106456
3626.3019999999997,-0.40317786895491187,-0.5885020997389596,0.236599198862726,0.8718398256183639,2.9230333113634845,0.1329208894238186,0,0,0.7786588668823242,-0.9337719839862366,1.3439605871783655,-1.8614541492857875,-1.5299666563617151,-0.21470767656435186,3.166835449519567e-05,0.0005039477837271988,-8.155523683202745e-29,0.0,0.0,0.0,1788855144.9110298
3626.402,-0.4030203555511064,-0.5886036246730955,0.23656728602164798,0.8714627769054369,2.923075412386636,0.1330342200501557,0,0,0.7789152264595032,-0.9337395590594788,1.3439720312701624,-1.861405988732809,-1.5299328009234827,-0.2147000471698206,0.0035665431059896946,0.0006518865702673793,-0.0,0.0,0.0,0.0,1788855145.0112307
3626.502,-0.4030019139310678,-0.5886058438732964,0.23648851719630354,0.8713571189231359,2.9230437982292328,0.1332223571272958,0,0,0.7789381146430969,-0.9336605829051514,1.3440235296832483,-1.861401697198385,-1.5299480597125452,-0.21473914781679326,0.00015999666356947273,0.005646418780088425,0.0031956445891410112,-0.0,0.0,0.0,1788855145.1114464
3626.602,-0.40309161289823114,-0.5886329827092608,0.23479423202594274,0.8711453881544956,2.9216664647738644,0.1366163388676073,0,0,0.7788756489753723,-0.9314417403987427,1.3443272749530237,-1.8613511524596156,-1.5299599806415003,-0.21472055116762334,0.00013629179738927633,0.035828638821840286,0.0002759493363555521,0.00023324131325352937,-9.908485557249444e-21,0.0,1788855145.211806
3626.7019999999998,-0.40321607680933186,-0.5887860179333354,0.23276505938704262,0.8707050392700556,2.9201838271489247,0.14044303651827011,0,0,0.7789069414138794,-0.9285571140101929,1.3443477789508265,-1.861361642877096,-1.5299823919879358,-0.21473580995668584,0.0,0.025384435430169106,0.00020485497952904552,8.271385013358667e-05,-0.0,0.0,1788855145.3120532
3626.8019999999997,-0.40321118817804075,-0.5888674973789045,0.23229323723431708,0.8704977587677437,2.919872341001989,0.141262844867756,0,0,0.7789907455444336,-0.9278502029231568,1.3443005720721644,-1.8613892994322718,-1.5299599806415003,-0.21473580995668584,0.0004289379285182804,0.0002897695521824062,7.404577627312392e-05,2.776406535691892e-34,-0.0,0.0,1788855145.4122458
3626.902,-0.4029913178140262,-0.5890085060221357,0.2321985191864757,0.8699406475992771,2.9199749894111857,0.14155998711498782,0,0,0.7793587446212769,-0.9277435702136536,1.3443363348590296,-1.8613435230650843,-1.5299904982196253,-0.21473914781679326,0.004579164087772369,0.0005928745376877487,3.7131606707679003e-41,0.0,-0.0,0.0,1788855145.5124526
3627.002,-0.40271517336237306,-0.5891858817042611,0.23215967054471004,0.8693428493590977,2.9201071642759673,0.14169376053523905,0,0,0.779812753200531,-0.9277136486819764,1.344372574483053,-1.8613225422301234,-1.529968563710348,-0.21468907991518194,0.0017972774803638458,0.0006817809189669788,0.00022066589735914022,0.00017210497753694654,-0.0,0.0,1788855145.6128118
3627.102,-0.402688625992278,-0.5892021278400339,0.2320874734526252,0.8692147270979298,2.9201050332614304,0.1419097729266056,0,0,0.7798618674278259,-0.9276225131801148,1.34438401857485,-1.8612867794432582,-1.530011002217428,-0.21472007433046514,0.0008082870044745505,0.0006239418871700764,0.00035941513488069177,0.0003378469846211374,-2.0574054610436562e-31,0.0,1788855145.7131224
3627.2019999999998,-0.40264957162880366,-0.589221292452987,0.2320056743852998,0.8690835524245861,2.920007686297261,0.14209306045942888,0,0,0.7799134254455566,-0.9275314968875428,1.3444164435016077,-1.8612433872618617,-1.529961411152975,-0.21473914781679326,0.00028769648633897305,0.0003996186424046755,0.00017519427638035268,0.00010956668120343238,-0.0,0.0,1788855145.8132932
3627.3019999999997,-0.40264301128149704,-0.589234249133298,0.23184935548931745,0.8690429457518195,2.919930281391167,0.14239433817946298,0,0,0.7799373865127563,-0.9273277682117005,1.3444526831256312,-1.8612743816771449,-1.529992405568258,-0.2147277037249964,0.0003347673045936972,0.004599961917847395,0.0002125402825186029,7.781005842844024e-05,-0.0,0.0,1788855145.9135613
3627.402,-0.40266598019646577,-0.5893006991656005,0.23116203102083335,0.8688577272020902,2.9193990695904097,0.1436876139834316,0,0,0.779977023601532,-0.9263418477824708,1.3444402853595179,-1.8612505398192347,-1.5299652258502405,-0.21472388902773076,0.0005846487474627793,0.014786623418331146,0.00012713653268292546,2.5044642620201557e-25,-0.0,0.0,1788855146.0138595
3627.502,-0.4027816266098961,-0.589411459112099,0.22949710654004374,0.868585825508207,2.918153564668303,0.14680725651862517,0,0,0.7799733877182007,-0.9239698213389893,1.3444488684283655,-1.8612667522826136,-1.529980484639303,-0.21470433870424444,0.00010469576227478683,0.03599216416478157,0.00043069597450084984,0.0,-0.0,0.0,1788855146.1141083
3627.602,-0.40291939748851424,-0.5895300356309021,0.22737410099475888,0.868188827414766,2.916510280802914,0.15079989325056828,0,0,0.779949426651001,-0.9209820193103333,1.3445118109332483,-1.8612595997252406,-1.5299566427813929,-0.21472388902773076,1.511215412713169e-25,0.021082760766148567,0.00022023175552021712,6.976170967159009e-34,-0.0,0.0,1788855146.2143528
3627.7019999999998,-0.40302872880752305,-0.5896421272576666,0.22528229180951426,0.8677668360754768,2.914924098935836,0.15477656667852763,0,0,0.7799530625343323,-0.9180635374835511,1.3446133772479456,-1.861255785027975,-1.5299719015704554,-0.21473914781679326,0.0,0.03651992231607437,0.001064942218363285,0.0,-0.0,0.0,1788855146.3145838
3627.8019999999997,-0.40310400116905076,-0.5897025004887706,0.22417764514399574,0.8676530816889542,2.9140727719985895,0.15681191845964587,0,0,0.7799373865127563,-0.9165003460696717,1.3446396032916468,-1.8612939320006312,-1.5299719015704554,-0.21469289461244756,0.0,0.0003772527852561325,0.00031339554698206484,0.0,-5.83851005160935e-41,0.0,1788855146.4148622
3627.902,-0.40308961558235956,-0.5897037777482904,0.22409107630662814,0.8675574578955855,2.9140036014222384,0.15703171584519365,0,0,0.7799530625343323,-0.9164019984057923,1.3446720282184046,-1.861255785027975,-1.5299719015704554,-0.2147277037249964,0.0,0.00013739483256358653,0.00010713386291172355,0.0,-0.0,0.0,1788855146.5151074
3628.002,-0.4030904018073391,-0.5897045696979841,0.2240848381147459,0.8675633008777441,2.914003588293945,0.15702849819824752,0,0,0.7799530625343323,-0.9163937133601685,1.3446758429156702,-1.8612705669798792,-1.5299719015704554,-0.21472388902773076,0.0,5.74081605009269e-05,0.00013573342585004866,0.0,-0.0,0.0,1788855146.6153076
3628.102,-0.40312714312167647,-0.5896798280269553,0.2241198911047444,0.8676875751667469,2.91399981591569,0.15691037513387862,0,0,0.7798894643783569,-0.9164416354945679,1.3446796576129358,-1.8613068066039027,-1.5299599806415003,-0.21470767656435186,-0.0001861638156697154,-4.367058863863349e-05,7.575764175271615e-05,1.2077979486495293e-18,-0.0,0.0,1788855146.7155938
3628.2019999999998,-0.40312795726715894,-0.5896709988468384,0.22411044905119076,0.8676765741330396,2.913978403444317,0.1569191598147025,0,0,0.7798775434494019,-0.9164452117732544,1.344708267842428,-1.861314435998434,-1.5299447218524378,-0.21472388902773076,-7.967899728100747e-05,-2.0989093172829598e-05,0.0002548167249187827,0.0,-0.0,0.0,1788855146.8159626
3628.3019999999997,-0.40312854642247964,-0.5896719642939892,0.22409553118626985,0.8676641945809794,2.9139901201209155,0.15698554678674528,0,0,0.7798822522163391,-0.9164212507060547,1.3447006384478968,-1.861298223535055,-1.5299752394305628,-0.2147277037249964,0.0,0.0,8.607014751760289e-05,0.0,-0.0,0.0,1788855146.9161444
3628.402,-0.4031069455480567,-0.5896743198641418,0.22406822461319154,0.8676484955038998,2.913935554150283,0.15703393796589762,0,0,0.7799015045166016,-0.9164092105678101,1.344743553792135,-1.861298223535055,-1.5299413839923304,-0.21471149126161748,6.116286385804415e-05,-2.2705672838449326e-29,3.9158596337074414e-05,0.0,-0.0,0.0,1788855147.0163958
3628.502,-0.4031227469816301,-0.5896700908645481,0.22409058056993575,0.8676851910438008,2.9139659750623097,0.1569542046269997,0,0,0.7798823118209839,-0.9164295357516785,1.3447311560260218,-1.8613292179503382,-1.5299480597125452,-0.21471149126161748,-5.040757969254628e-05,0.0,-0.0,0.0,-0.0,0.0,1788855147.1165414
3628.602,-0.40314267788135494,-0.5896635859790617,0.2240917102584868,0.8677055976263601,2.913981247941759,0.15695002752230383,0,0,0.7798583507537842,-0.9164187473109742,1.3447120825396937,-1.8613330326476039,-1.5299666563617151,-0.21472388902773076,-2.3279621084585063e-18,0.0,-0.0,0.0,-0.0,0.0,1788855147.2168114
3628.7019999999998,-0.4031276548411229,-0.5896683756712401,0.2241049901374908,0.867657269924226,2.913975424727914,0.1569116398038494,0,0,0.7798739671707153,-0.9164452117732544,1.3447235266314905,-1.8613292179503382,-1.5299361387835901,-0.21473962465395147,-0.00010426582593936473,0.0,0.00012203094229334965,0.0,-0.0,0.0,1788855147.3170435
3628.8019999999997,-0.4031128157092917,-0.5896685019348564,0.2240768590594741,0.8676377695043855,2.9139391932558683,0.15702160401408455,0,0,0.7798894643783569,-0.9164223235896607,1.344743553792135,-1.8612915478148402,-1.5299394766436976,-0.2147310415851038,3.6546876799548045e-05,0.0,0.00018541418830864131,0.0,-0.0,0.0,1788855147.4175434
3628.902,-0.40305539055510314,-0.5896387176000125,0.22402124005120774,0.8675917889407401,2.913879828033682,0.15719474460578847,0,0,0.7799170017242432,-0.9164727491191407,1.3449552694903772,-1.8613225422301234,-1.5299394766436976,-0.21472388902773076,0.0,-2.3949141281232045e-11,0.0019137097988277674,0.0,-0.0,0.0,1788855147.5175598
3629.002,-0.40291013882005616,-0.5894983562851347,0.22363972904622087,0.867527000188313,2.9134022708019915,0.15826214616444553,1,1,0.7799170017242432,-0.916398362522461,1.3456981817828577,-1.8613106213011683,-1.5299132505999964,-0.21469289461244756,1.931579208758194e-05,0.0,0.013087025843560696,0.0,-0.0,0.0,1788855147.6177695
3629.102,-0.4026066398401724,-0.5891786780232292,0.22296730565048203,0.8672839684944917,2.9125989893841684,0.16030810775666524,1,1,0.7799014449119568,-0.9164403837970276,1.3472850958453577,-1.8613015613951625,-1.5299361387835901,-0.21473962465395147,5.793408897687875e-17,0.0,0.01339633483439684,0.0,-0.0,0.0,1788855147.7179725
3629.2019999999998,-0.40251149057421787,-0.5890931398974515,0.2227634593108963,0.8672319705352286,2.9123227793978574,0.16094209094908868,1,1,0.7799086570739746,-0.9164331716350098,1.3477276007281702,-1.861260553399557,-1.5299237410174769,-0.21472388902773076,1.503577234818562e-35,0.0,0.00026313206763006747,0.0,-0.0,0.0,1788855147.8182418
3629.3019999999997,-0.40253417446447926,-0.5890832308247973,0.22275621464289053,0.8672839545908024,2.912342620731762,0.1608898060675961,1,1,0.7798775434494019,-0.9164223831943055,1.3477399984942835,-1.8613292179503382,-1.5299361387835901,-0.21472388902773076,0.0,0.0,8.911163604352623e-05,0.0,-0.0,0.0,1788855147.9184191
3629.402,-0.40254198511904543,-0.5890694001324847,0.22276401959034767,0.8672701031998831,2.91232552872876,0.1608839684162919,1,1,0.7798534631729126,-0.9164452117732544,1.3477557341205042,-1.8613139591612757,-1.5299204031573694,-0.21475488344301397,-0.0002680993638932705,0.0,0.00019752322987187654,0.0,-0.0,0.0,1788855148.0186532
3629.502,-0.4025765464264528,-0.5890457891830668,0.22277446712791044,0.8673909435009193,2.912292696103369,0.16087003213217677,1,1,0.7797948122024536,-0.9164571327022095,1.3477490584002894,-1.8613039455809535,-1.5299204031573694,-0.2147310415851038,-0.0001800621103029698,0.0,0.00020396483887452632,0.0,-0.0,0.0,1788855148.118932
3629.602,-0.4025914125439352,-0.5890181225814939,0.22272060841696226,0.867500121332272,2.9122145500426555,0.161017552003147,1,1,0.7797540426254272,-0.9164176744273682,1.3478072325335901,-1.861298223535055,-1.5299361387835901,-0.21468907991518194,-0.00014089547039475292,0.0,0.00010761013982119039,0.0,-0.0,0.0,1788855148.219108
3629.7019999999998,-0.4025957185137363,-0.5890315948620953,0.22274619858756853,0.8674377827771773,2.9122479394547276,0.16093436229275093,1,1,0.7797611355781555,-0.9164223831943055,1.3477562109576624,-1.8612948856749476,-1.5299204031573694,-0.2147277037249964,-0.0004748466599266976,0.0,8.002514368854463e-05,0.0,-0.0,0.0,1788855148.3193352
3629.8019999999997,-0.40264274345018913,-0.5889858189840343,0.2227749143146211,0.8675815433323029,2.9122364433812162,0.16089862022101334,1,1,0.779670238494873,-0.9164810937694092,1.3477848211871546,-1.861298223535055,-1.5299394766436976,-0.21472388902773076,-0.000618351623415947,-7.84526055213064e-05,5.6615963491802515e-34,0.0,-0.0,0.0,1788855148.4196217
3629.902,-0.40264762178243496,-0.5889757208177371,0.2227625591739206,0.8675949829350131,2.912215210265975,0.16092484050034758,1,1,0.7796546220779419,-0.9164774578860779,1.3478077093707483,-1.8613015613951625,-1.5299361387835901,-0.2147277037249964,-0.0001728266361169517,-7.375430141109973e-05,1.9554968208934687e-28,0.0,-0.0,0.0,1788855148.519854
3630.002,-0.40262363323492883,-0.5889962405072517,0.22280175230649155,0.8675476224718625,2.9122626299465324,0.16086846331615745,1,1,0.7797000408172607,-0.9165170949748536,1.3477776686297815,-1.8612801037230433,-1.5299394766436976,-0.21472007433046514,-1.0654937341314508e-06,-4.4966266421719055e-41,3.3837914088508114e-05,0.0,-0.0,0.0,1788855148.620002
3630.102,-0.4026379566491197,-0.5889816823477086,0.222786107829034,0.867577808621776,2.91220699053871,0.16092979345497116,1,1,0.779668927192688,-0.9165014189532776,1.347781006489889,-1.861241956750387,-1.5299256483661097,-0.21472388902773076,0.0,-9.369664636187264e-24,-0.0,0.0006878625135868788,-0.0,0.0,1788855148.720229
3630.2019999999998,-0.4026236752057594,-0.5889455263359747,0.22276929988412572,0.8675466081950307,2.9121320196945737,0.16124166506708687,1,1,0.7796533107757568,-0.9165327709964295,1.3478310743915003,-1.8610474071898402,-1.5299719015704554,-0.2147467772113245,-0.000523031281773001,0.0,-0.0,0.0015379368560388684,-0.0,0.0,1788855148.8205242
3630.3019999999997,-0.40279666542102877,-0.5887938597396333,0.2227454137537335,0.8680573455359921,2.911780276325607,0.16165204707093195,1,1,0.779326319694519,-0.9165170949748536,1.347792927418844,-1.860696931878561,-1.5299752394305628,-0.21469289461244756,-0.0047524855472147465,0.0,-0.0,0.009149721823632717,1.926061292809443e-27,0.0,1788855148.920744
3630.402,-0.4028157043193313,-0.5886483620339598,0.22265036847448055,0.8682033786177711,2.911178992729646,0.16293377043693424,1,1,0.7791621685028076,-0.9165062469295044,1.3478077093707483,-1.8597427807249964,-1.5299904982196253,-0.21467334428896123,-0.00036314985482022166,-6.373228825395927e-05,-0.0,0.0076772291213274,0.0,0.0,1788855149.0209227
3630.502,-0.402772789718098,-0.5886560876186142,0.22266067391233735,0.86804127853188,2.9111332171043482,0.16308660273370507,1,1,0.779210090637207,-0.916536347275116,1.347800079976217,-1.859574934045309,-1.529968563710348,-0.21472388902773076,-1.4737635865458287e-05,0.0,-0.0,0.0004079552018083632,0.0,0.0,1788855149.1211345
3630.602,-0.40278237746782275,-0.5886379412776501,0.22265702191277748,0.8680848781572534,2.911089221705773,0.16316215986968377,1,1,0.7791825532913208,-0.9165446323207398,1.3478110472308558,-1.8595205746092738,-1.5299719015704554,-0.21471673647035772,-1.233142648605839e-43,0.0,-0.0,0.0002592610544525087,0.0,0.0,1788855149.2213714
3630.7019999999998,-0.4028023277797891,-0.5886249125592116,0.222626161465226,0.8681585455525735,2.91104349227886,0.16325677685303747,1,1,0.779151439666748,-0.9165014189532776,1.3478077093707483,-1.8594967327513636,-1.5299871603595179,-0.21469289461244756,0.0,0.0,-0.0,0.0002082423452520743,0.0,0.0,1788855149.3215227
3630.8019999999997,-0.40281175819898224,-0.5886209837187418,0.22263999660503198,0.8681177434024472,2.911046848083033,0.16322333911330175,1,1,0.7791358232498169,-0.9165134590915223,1.347792927418844,-1.8594829044737757,-1.5299719015704554,-0.21473580995668584,-2.025509274972137e-05,0.0,-0.0,0.0002857660874724388,0.0,0.0,1788855149.4218261
3630.902,-0.40279346637658653,-0.5886201093330663,0.22262821705277466,0.8681507689962052,2.9110327736600046,0.16327781375753075,1,1,0.7791550159454346,-0.9165207308581849,1.3478310743915003,-1.8594829044737757,-1.5299838224994105,-0.21469289461244756,0.0,0.0,4.618568709702231e-05,0.00016165357374120504,0.0,0.0,1788855149.5219808
3631.002,-0.4028164522838346,-0.5886116664105198,0.22263248891415527,0.8681255197342728,2.9110114565399057,0.16324252313589258,1,1,0.7791190147399902,-0.9165134590915223,1.3478077093707483,-1.8594705067076625,-1.5299533049212855,-0.2147429625140589,-0.0003162394277751446,0.0,-0.0,0.00010034000297309831,0.0,0.0,1788855149.622154
3631.102,-0.4027928813913701,-0.5886247001588384,0.22265475862220185,0.8680965433428882,2.911052376326354,0.16323111053001096,1,1,0.7791585922241211,-0.9165446323207398,1.347804371510641,-1.8594590626158656,-1.5299719015704554,-0.2147277037249964,-7.137881766539067e-05,0.0,-0.0,1.575181138115264e-20,0.0,0.0,1788855149.7224026
3631.2019999999998,-0.4028158844177931,-0.5886124777017694,0.22263637430481117,0.8681485729867059,2.9110099762481734,0.1632767403267577,1,1,0.7791225910186768,-0.9165134590915223,1.347792927418844,-1.8594399891295375,-1.529968563710348,-0.21472388902773076,-0.0,0.0,-0.0,0.0,0.0,0.0,1788855149.8226476
3631.3019999999997,-0.40279364037820115,-0.5886166574316491,0.2226214863780881,0.8681407790018965,2.911002895212631,0.16332645836944357,1,1,0.779150128364563,-0.9165134590915223,1.3478272596942347,-1.8594433269896449,-1.5299752394305628,-0.2147000471698206,0.0,0.0,-0.0,0.0,0.0,0.0,1788855149.9228313
3631.402,-0.4028133423553227,-0.5886019154928818,0.22261980333571363,0.8681378112773297,2.9109979352901405,0.16332591443318664,1,1,0.7791153788566589,-0.9165134590915223,1.3478310743915003,-1.8594433269896449,-1.5299752394305628,-0.21473580995668584,-2.0305825123749094e-26,0.0,-0.0,1.4635258491537077e-31,0.0,0.0,1788855150.0229933
3631.502,-0.4027975296746731,-0.5886105884417455,0.2226347545024516,0.8681091330030644,2.9110210739002755,0.1633316982495449,1,1,0.7791417837142944,-0.9165327709964295,1.347823444996969,-1.8594209156432093,-1.5299871603595179,-0.2147310415851038,0.0,0.0,-0.0,0.0,0.0,0.0,1788855150.1232417
3631.602,-0.4028189898048447,-0.5886033290295888,0.2226304702566384,0.8681636866791381,2.9109963828599947,0.16330417978300402,1,1,0.7791106700897217,-0.9165170949748536,1.3478110472308558,-1.8594347439207972,-1.5299719015704554,-0.21472388902773076,0.0,0.0,-0.0,0.0,0.0,0.0,1788855150.2234533
3631.7019999999998,-0.40279337960097467,-0.588623848403597,0.22264748404634851,0.8681376324082222,2.9110347915593238,0.1632483681326748,1,1,0.7791572213172913,-0.916536347275116,1.3478077093707483,-1.8594590626158656,-1.5299719015704554,-0.2147000471698206,0.0,0.0,-0.0,0.0,0.0,0.0,1788855150.3235562
3631.8019999999997,-0.4028269437112688,-0.5886024838983702,0.2226369511142026,0.8681775063235343,2.9110107818216013,0.16329357285703125,1,1,0.7791035175323486,-0.9165170949748536,1.3477962652789515,-1.8594347439207972,-1.5299838224994105,-0.21472388902773076,-3.7358665631897034e-20,0.0,-0.0,0.0,0.0,0.0,1788855150.423862
3631.902,-0.40282419715965784,-0.5886044947561327,0.22263860095923121,0.8682013317457874,2.911003852436034,0.16327405951530496,1,1,0.7791070938110352,-0.9165206712535401,1.3478005568133753,-1.8594466648497523,-1.5299752394305628,-0.21470433870424444,0.0,0.0,-0.0,0.0,0.0,0.0,1788855150.5239837
3632.002,-0.4027929127834854,-0.5886238670509024,0.2226247130276256,0.8680718698995942,2.911017454087592,0.16331538677322455,1,2,0.7791572213172913,-0.9165050548366089,1.347804371510641,-1.8594314060606898,-1.529968563710348,-0.21473962465395147,-2.9358689325015873e-37,0.0,-0.0,0.0,0.0,0.0,1788855150.624228
3632.102,-0.4028063337495846,-0.5886200728950296,0.22265218753415383,0.8681003244468171,2.911030968573727,0.16322823241546722,1,2,0.7791382074356079,-0.9165327709964295,1.3477891127215784,-1.8594466648497523,-1.5299566427813929,-0.2147429625140589,0.0,0.0,-0.0,0.0,0.0,0.0,1788855150.7243922
3632.2019999999998,-0.40279705407989563,-0.5886073628334355,0.22261039850120407,0.8680968485505514,2.9109713996738433,0.16336572266111352,1,2,0.7791346311569214,-0.9165086311152955,1.347839657460348,-1.8594161472716273,-1.5299566427813929,-0.21473962465395147,0.0,-1.2922165905298426e-31,-0.0,0.0,0.0,0.0,1788855150.8245337
3632.3019999999997,-0.4027990948668305,-0.5886215731567496,0.22265017083575156,0.8681122797368932,2.911039640484086,0.16326688190906866,1,2,0.779150128364563,-0.9165338438800354,1.347792927418844,-1.8594347439207972,-1.5299785772906702,-0.21472388902773076,0.0,-8.50081632961519e-05,-0.0,0.0,0.0,0.0,1788855150.9248273
3632.402,-0.4027939546852668,-0.5886143160414135,0.22271832293142457,0.8681131302627403,2.911083330629454,0.16311242504027504,1,2,0.779145359992981,-0.9166403573802491,1.3478110472308558,-1.8594523868956507,-1.5299599806415003,-0.21473580995668584,-4.991667274299634e-38,-0.000274490361334756,-0.0,0.0,0.0,0.0,1788855151.0250223
3632.502,-0.40279940234234524,-0.5886159824990531,0.22271315232462202,0.8681268910027788,2.911118496034935,0.16309903574256257,1,2,0.7791454195976257,-0.916628436451294,1.3478110472308558,-1.8594910107054652,-1.5299871603595179,-0.2147310415851038,-7.028781692497432e-05,-4.254422674421221e-05,-0.0,6.511270298248487e-34,0.0,0.0,1788855151.1251678
3632.602,-0.40284593589265116,-0.5885864219393949,0.22278017159970098,0.8683153210558701,2.9111067180288916,0.16287244507060697,1,2,0.7790626883506775,-0.916717068558075,1.3478110472308558,-1.8595477543272914,-1.5299447218524378,-0.21469289461244756,-0.00013557630882132798,-0.0021534792613238096,-0.0,-0.00020381214562803507,0.0,0.0,1788855151.225408
3632.7019999999998,-0.4028433740229939,-0.5885897707095306,0.22285952542732942,0.8682816483679147,2.911173412857601,0.16271557586589797,1,2,0.7790675163269043,-0.9168129128268738,1.347781006489889,-1.859535356561178,-1.5299361387835901,-0.21472055116762334,-8.528692706022412e-05,-0.0011017745127901435,-0.0,-9.412222425453365e-05,-9.530098488141903e-09,0.0,1788855151.3255694
3632.8019999999997,-0.4028343700466935,-0.5885778344627007,0.22290273061958715,0.8682892918411378,2.9112208805726345,0.16263424507635274,1,2,0.7790662050247192,-0.9169004720500489,1.3478272596942347,-1.8595630131163539,-1.5299480597125452,-0.21472388902773076,-1.550454012806903e-28,-0.0011618740390986204,-0.0,-0.0,-0.0,0.0,1788855151.4257438
3632.902,-0.4028503367684212,-0.5885675494869023,0.22294226444066464,0.8683138741569065,2.911210652701887,0.16254111663622828,1,2,0.7790350914001465,-0.9169483941844483,1.3478110472308558,-1.8595477543272914,-1.5299151579486292,-0.21473914781679326,-0.00021825362637173384,-0.0008929201285354793,-0.0,-0.0,-0.0,0.0,1788855151.525972
3633.002,-0.40317623460161434,-0.5883204691036823,0.22320737736530505,0.8692675177902485,2.911109758839899,0.16197713976455022,1,2,0.7784551382064819,-0.9173233670047303,1.3478077093707483,-1.8595596752562464,-1.5298998991595667,-0.21469289461244756,-0.014609195291996002,-0.005740754306316376,-0.0,-0.0,5.1562652515713125e-05,0.0,1788855151.6261895
3633.102,-0.40372757308540314,-0.5879151403411584,0.22357709172088902,0.8706628962745993,2.910902211931717,0.1611164713508182,1,2,0.777480959892273,-0.9178384107402344,1.347792927418844,-1.859586854974264,-1.52983266512026,-0.2147429625140589,-0.008958808146417141,-0.005425733979791403,-0.0,-9.392162160343262e-23,0.00016180952661670744,0.0,1788855151.726305
3633.2019999999998,-0.4039821584890626,-0.5877091568275792,0.22392307792194008,0.8714421233099254,2.9109362074149407,0.1603683442289079,1,2,0.7770137786865234,-0.9183308047107239,1.3477996031390589,-1.8596350155272425,-1.5298126379596155,-0.21471721330751592,-0.0009950405219569802,-0.0031504728831350803,-0.0,-0.00018925010226666927,0.00022035125584807247,0.0,1788855151.8265533
3633.3019999999997,-0.4039660423787267,-0.5876403843776783,0.22472069419728796,0.8716438153125389,2.91156686117302,0.15880930857574577,1,2,0.7769622802734375,-0.9194713991931458,1.3478148619281214,-1.8597032032408656,-1.5298226515399378,-0.21473914781679326,-0.0006888502975925803,-0.020042575895786285,-0.0,-0.0016118664061650634,0.0001943980751093477,0.0,1788855151.9267747
3633.402,-0.404050674074661,-0.5873562009828579,0.2272341589997282,0.8727044588171993,2.9133004250196115,0.15368165322838306,1,2,0.7765717506408691,-0.9230211538127442,1.3477996031390589,-1.859953065911764,-1.5296877066241663,-0.2147310415851038,-0.011085735633969307,-0.05843812972307205,-0.0,-0.00021436024690046906,0.0008910861797630787,0.0,1788855152.0269375
3633.502,-0.4041945157478237,-0.5866070906032571,0.2328467320115899,0.8750647790981111,2.9170788091372466,0.14315275714156153,1,2,0.7756680846214294,-0.9310464423945923,1.347792927418844,-1.8598891697325648,-1.5296691099749964,-0.21472722688783819,-0.005630319472402334,-0.08140075951814651,-0.0,3.486150308162905e-05,0.0001471443538321182,0.0,1788855152.1270397
3633.602,-0.40386432601434125,-0.5861327314843197,0.2384935329257421,0.8763148700804778,2.9212860442827786,0.13254289492878038,1,2,0.775524377822876,-0.9391211432269593,1.347788159047262,-1.8598858318724574,-1.5296896139727991,-0.21473914781679326,-0.00012709680595435202,-0.06590017676353455,-4.1938804810057375e-37,0.0,2.1204079530434683e-05,0.0,1788855152.2272408
3633.7019999999998,-0.40364323834767274,-0.5859561703957245,0.2409923628864747,0.8767822630051774,2.9231570397515387,0.12785126864071705,1,2,0.7755686640739441,-0.9426970046809693,1.3477848211871546,-1.8598743877806605,-1.5296896139727991,-0.21469289461244756,0.00023995320952963084,-0.0008301916532218456,-0.0,0.0,0.0,0.0,1788855152.327453
3633.8019999999997,-0.403634312864572,-0.5859597611505273,0.24101126795225325,0.876721347726923,2.9232293767971407,0.12782780683476005,1,2,0.7755866050720215,-0.9427245420268555,1.347788159047262,-1.8598891697325648,-1.529726807271139,-0.21472388902773076,4.368493847911603e-12,-0.0009832900250330567,-0.0,0.0,0.0,0.0,1788855152.4275966
3633.902,-0.40364930942796184,-0.5859522576525084,0.24111762291478978,0.8767634946162447,2.9233002548538853,0.12747990093680986,1,2,0.7755566835403442,-0.94286002338443,1.3477795759784144,-1.8599769077696742,-1.5296757856952112,-0.21473914781679326,0.0,-0.003978247754275799,-0.0,-0.0011489632306620479,3.951513392213592e-14,0.0,1788855152.5278518
3634.002,-0.4035915554640779,-0.5858978497073175,0.24218150457660437,0.8769784970153071,2.9241978950295597,0.12515167143712363,1,2,0.7755566835403442,-0.9443297547153016,1.3477452437030237,-1.860225339929098,-1.529651943837301,-0.2147429625140589,3.19514874718152e-05,-0.024511462077498436,-0.0,-0.0007131781312637031,0.00018235445895697922,0.0,1788855152.627939
3634.102,-0.4032863498433967,-0.585669347392149,0.24540008113018325,0.8774737929062054,2.926683201979893,0.11900392179707787,1,2,0.775635838508606,-0.9489362400821229,1.3477562109576624,-1.860304971734518,-1.5296710173236292,-0.21473914781679326,5.3133408073335886e-05,-0.07664848864078522,-0.0,-0.00022801756858825684,9.640969801694155e-05,0.0,1788855152.728035
3634.2019999999998,-0.4027460431651607,-0.5851533112629907,0.2514544528345629,0.8786110326401582,2.931143394345064,0.10754920822460637,1,2,0.7756562232971191,-0.957614080314972,1.347752873097555,-1.8602844677367152,-1.5296605269061487,-0.21469670930971319,0.0006829231861047447,-0.08445074409246445,-0.0,-8.826003613648936e-05,1.401298464324817e-45,0.0,1788855152.8283522
3634.3019999999997,-0.4019213432158774,-0.5847611708441887,0.25746751745622976,0.8790017315286988,2.9357556927694017,0.09620391959630911,1,2,0.7760910987854004,-0.9662636679461976,1.347776238118307,-1.8602334461607875,-1.5296605269061487,-0.21473580995668584,0.007181183900684118,-0.08512063324451447,-0.0,-0.0,0.0,0.0,1788855152.9284632
3634.402,-0.401000294678085,-0.5845790449841691,0.2623630003780074,0.878828574493298,2.9396385172493926,0.08688182609787162,1,2,0.7768340110778809,-0.9732974928668519,1.3477795759784144,-1.8602334461607875,-1.5296333471881312,-0.21470815340151006,0.0043139164336025715,-0.05932453274726868,-0.0,-0.0,0.0,0.0,1788855153.028582
3634.502,-0.40049292640258793,-0.5842202050183662,0.26645138399427276,0.8793150792025727,2.9427040208128523,0.07903822232207364,1,2,0.7769849300384521,-0.9791697424701233,1.347776238118307,-1.8602601490416468,-1.5296486059771937,-0.21472388902773076,0.0004544682160485536,-0.05332893133163452,-0.0,-0.0,0.0,0.0,1788855153.1288946
3634.602,-0.39972223738475793,-0.5840785282296106,0.27013915702511254,0.8790278754813874,2.945681881139937,0.07203328628740162,1,2,0.7776271104812622,-0.9844781917384644,1.347776238118307,-1.8602453670897425,-1.5296829382525843,-0.21472388902773076,0.011738044209778309,-0.05072014778852463,-0.0,-0.0,0.0,0.0,1788855153.2289884
3634.7019999999998,-0.39865824093845603,-0.5841461172690833,0.27365591175660203,0.8779453630117501,2.948676080778417,0.0652571214787984,1,2,0.7787667512893677,-0.9895506066134949,1.3477919737445276,-1.8602601490416468,-1.5296137968646448,-0.2147310415851038,0.013803968206048012,-0.06014781817793846,-0.0,-0.0,0.0,0.0,1788855153.3291574
3634.8019999999997,-0.3968045247712624,-0.5846027124524501,0.27784023241121325,0.8752146049568459,2.9527564584151684,0.057364467965860984,1,2,0.7811259031295776,-0.9955667418292542,1.347760025654928,-1.8602143726744593,-1.5296605269061487,-0.21472388902773076,0.03488973155617714,-0.05828635022044182,-0.0,-0.0,1.0573829917930651e-17,0.0,1788855153.4292915
3634.902,-0.39394135353623927,-0.5857680719106295,0.28177213398423584,0.8698063818470264,2.9574362449559555,0.04988859539240316,1,2,0.7852393984794617,-1.0012115401080628,1.3477252165423792,-1.86024870494985,-1.5296757856952112,-0.21473914781679326,0.045692019164562225,-0.05668354034423828,-0.0,-0.0,0.0,0.0,1788855153.5294676
3635.002,-0.3912847198320095,-0.5869000915043416,0.2847826953000887,0.8645937280794628,2.9612481780256203,0.04428162367845791,1,2,0.7891144156455994,-1.0056026738933106,1.3477814833270472,-1.860201974908346,-1.5296724478351038,-0.2147310415851038,0.031254321336746216,-0.01731988787651062,-0.0,-0.0,0.0,0.0,1788855153.629623
3635.102,-0.3894468562708334,-0.5880592381044994,0.28510246185829113,0.8601320827453403,2.962838271638366,0.04373181517016526,1,2,0.7921783924102783,-1.0060626429370423,1.347788159047262,-1.86024870494985,-1.5296605269061487,-0.21472388902773076,0.026568971574306488,-8.583169730513873e-10,-0.0,-0.0,0.0,0.0,1788855153.7298782
3635.2019999999998,-0.38842917762369444,-0.588695128172272,0.28539470474446227,0.8577131977133773,2.9637669010895658,0.04312642878579,1,2,0.7938642501831055,-1.0064492982677002,1.3477452437030237,-1.8602963886656703,-1.5296137968646448,-0.21470433870424444,0.0063307024538517,-0.006764120422303677,-0.0,-0.0,0.0,0.0,1788855153.8300252
3635.3019999999997,-0.38799615403467264,-0.5885515791767485,0.2874803560800963,0.8576057047961592,2.9654308319168905,0.0389493598511188,1,2,0.7941722869873047,-1.0094606441310425,1.347767178212301,-1.8604241810240687,-1.5296452681170862,-0.21470815340151006,0.004172680899500847,-0.0535072423517704,-6.583837239304557e-05,-0.00034370386856608093,0.0,0.0,1788855153.930166
3635.402,-0.3866989139607442,-0.5880776475844753,0.2935688625245991,0.8572718203519362,2.9700460723072495,0.027167460727724357,1,2,0.7950469255447388,-1.0182678264430542,1.3477519194232386,-1.8603564701476039,-1.5296996275531214,-0.21472055116762334,0.015763916075229645,-0.11771512031555176,-1.0129335350939073e-05,-8.016859646886587e-05,0.0,0.0,1788855154.0303457
3635.502,-0.3842504207256476,-0.588211440041527,0.2999255121882154,0.8543070367523409,2.9755169868984304,0.014874854498516669,1,2,0.7977287173271179,-1.027508632545807,1.347776238118307,-1.8602658710875453,-1.529708210621969,-0.21470433870424444,0.03910468891263008,-0.055559929460287094,-0.0,0.00022650040045846254,-9.590936679160222e-05,0.0,1788855154.1305046
3635.602,-0.3818423878091112,-0.5894867227411499,0.3011326772192504,0.8488136524677373,2.9779716235113383,0.01269914498000998,1,2,0.8015279769897461,-1.0292684596828003,1.3477776686297815,-1.8602124653258265,-1.529726807271139,-0.21472388902773076,0.03666013479232788,0.0013232392957434058,0.0003406900505069643,0.0002655737625900656,-9.853217417324367e-13,0.0,1788855154.2306776
3635.7019999999998,-0.38005230287429176,-0.5906315479289052,0.30105462187938614,0.844290006517354,2.979202944646045,0.013105987802567153,1,2,0.8045560121536255,-1.0291965764812012,1.3478201071368616,-1.8601252041258753,-1.5297630468951624,-0.21472722688783819,0.02977241948246956,9.813958604354411e-05,0.00013462748029269278,0.00029260938754305243,-0.0,0.0,1788855154.3308716
3635.8019999999997,-0.3781560708515369,-0.5918286331975989,0.30098313464217064,0.8394977240438939,2.980445957033288,0.013616343122166152,1,2,0.807746946811676,-1.0291328591159363,1.3478367964373987,-1.8599220714964808,-1.5297802130328577,-0.21473914781679326,0.03750164806842804,0.00020749709801748395,0.0002270924742333591,0.0006719985394738615,-0.0002516707463655621,0.0,1788855154.4310029
3635.902,-0.3749283854334737,-0.5938936276201806,0.30071574108186533,0.8313448111012306,2.982528951320311,0.014485384570604195,1,2,0.8132082223892212,-1.0288212460330506,1.3479321638690394,-1.8598414860167445,-1.5297954718219202,-0.21472055116762334,0.06976478546857834,0.0031603644602000713,0.0033891804050654173,0.0008174333488568664,-0.000140729098347947,0.0,1788855154.5311408
3636.002,-0.3703506945021142,-0.5962877612131663,0.2998093473077868,0.820381973743596,2.9846509183901087,0.017333032999397712,1,2,0.8204299807548523,-1.0287578862956543,1.3497698942767542,-1.859838148156637,-1.5297802130328577,-0.21472722688783819,0.06900465488433838,4.820683170692064e-05,0.03126905858516693,0.0001436836610082537,-6.587339885300025e-05,0.0,1788855154.6312945
3636.102,-0.3666410699135035,-0.5976020453828264,0.2980834550659108,0.8121925675460223,2.9850711604863527,0.02254621803784654,1,2,0.8256757259368896,-1.0287721914104004,1.3534720579730433,-1.8598300419249476,-1.529733959828512,-0.2147310415851038,0.03321922942996025,3.091420512646437e-05,0.03351276367902756,5.4826628911541775e-05,-0.0,0.0,1788855154.7314487
3636.2019999999998,-0.36562937510691285,-0.5978876303319107,0.2974868667083545,0.8100938268966875,2.9850505398856977,0.02438043371157267,1,2,0.8270442485809326,-1.0287650388530274,1.354731861745016,-1.8598109684386195,-1.5297649542437952,-0.21469289461244756,0.002156211994588375,0.0,0.0002442978438921273,0.0,-0.0,0.0,1788855154.8316278
3636.3019999999997,-0.36561232428892365,-0.597911210065391,0.2971725317620641,0.809925880846934,2.9848331164618203,0.02526737737766477,1,2,0.827092170715332,-1.028393344288208,1.3548243681537073,-1.8596517048277796,-1.5298107306109827,-0.21472388902773076,0.0004944080719724298,0.015632499009370804,0.0019784700125455856,0.003628108650445938,-0.0,0.0,1788855154.9318297
3636.402,-0.36591935640214435,-0.598280053021646,0.2937403021737475,0.8093452735035165,2.982374575133542,0.03246121477404807,1,2,0.8271185159683228,-1.0237651628306885,1.3553269545184534,-1.859507223168844,-1.5297802130328577,-0.21473580995668584,0.00010041347559308633,0.06472548097372055,0.008765222504734993,0.00043351476779207587,-0.0,0.0,1788855155.0319335
3636.502,-0.36625106357864684,-0.5986447146778623,0.2879957500090906,0.8084452873598336,2.9781748420105023,0.04465994796978412,1,2,0.8271149396896362,-1.016631619339325,1.3571127096759241,-1.8594800434508265,-1.5297649542437952,-0.2147463003741663,0.0,0.07503088563680649,0.024273598566651344,0.0001033997832564637,-0.0,0.0,1788855155.1321003
3636.602,-0.36643090290606883,-0.5988260547566784,0.2832532296134589,0.807739660756312,2.974628970318516,0.05480352528242428,1,2,0.8270957469940186,-1.01099647701297,1.3589800039874476,-1.8595272503294886,-1.5297563711749476,-0.21473580995668584,0.0,0.038238342851400375,0.015046069398522377,7.087931274171547e-19,-0.0,0.0,1788855155.2322452
3636.7019999999998,-0.366488157152683,-0.5990420680372534,0.28036527565718206,0.8070836595530148,2.9725481635084825,0.060892030676592594,1,2,0.8272431492805481,-1.0073933166316529,1.3598578611956995,-1.859530588189596,-1.5297496954547327,-0.21472388902773076,0.0034714709036052227,0.043394047766923904,0.0008945677545852959,0.0,-0.0,0.0,1788855155.3324604
3636.8019999999997,-0.3667594244730205,-0.5995253797280076,0.2769958935724792,0.8062861322533191,2.970315601682672,0.06753428197789887,1,2,0.8274263739585876,-1.0025121134570618,1.359870735798971,-1.8595477543272914,-1.5297682921039026,-0.2147429625140589,0.0006741676479578018,0.047245513647794724,0.00015983496268745512,0.0,-0.0,0.0,1788855155.432543
3636.902,-0.3669778913902426,-0.599726418933119,0.27530510185382867,0.8061291786373597,2.96913700564069,0.07076275428197024,1,2,0.8273869752883911,-1.0000428718379517,1.3598578611956995,-1.8596183262267054,-1.529759709035055,-0.21472055116762334,8.075076038949192e-05,0.0004187486774753779,6.909281364642084e-05,7.542768631907393e-10,-0.0,0.0,1788855155.5326927
3637.002,-0.36693054974004413,-0.5996890194173765,0.276000891285465,0.8062085306407845,2.969677243891814,0.06902906478597488,1,2,0.8273905515670776,-1.000964955692627,1.3597758452044886,-1.859851976434225,-1.5296843687640589,-0.21473914781679326,3.5367667913266344e-33,-0.007836169563233852,-0.00012505828635767102,-0.0009150182013399899,0.000265333364950493,0.0,1788855155.632859
3637.102,-0.36685923185104974,-0.5995948574413964,0.27679174187570726,0.8063810677933105,2.9702315011199985,0.06733883224314108,1,2,0.8273712992668152,-1.0021024507335206,1.3597829977618616,-1.859953065911764,-1.5296571890460413,-0.21472388902773076,0.0,-0.013762496411800385,-6.280354136833921e-05,-0.00019800759037025273,8.814805914880708e-05,0.0,1788855155.7330291
3637.2019999999998,-0.3667849488640564,-0.5995277055522212,0.2773701747378617,0.806421947096139,2.9706876790522494,0.0661476228215448,1,2,0.8273881077766418,-1.0029526513865967,1.3598139921771448,-1.8600217304625453,-1.5296757856952112,-0.2147429625140589,0.0003487883950583637,-0.0008109935442917049,-0.0,-0.0002648100780788809,2.8611360133764025e-17,0.0,1788855155.8333077
3637.3019999999997,-0.36673644449009807,-0.5995452213651105,0.2773659420376141,0.8063412788112393,2.9706868474956525,0.06625517196965283,1,2,0.8274588584899902,-1.0029611748507996,1.359821621571676,-1.8599511585631312,-1.5296877066241663,-0.21472388902773076,0.00306806992739439,0.000921643921174109,0.00010728416236815974,-4.626328154699877e-05,0.0,0.0,1788855155.9333012
3637.402,-0.36591062007909514,-0.6000393829055644,0.2773423899918919,0.8043058853011331,2.9712219411603504,0.06642237728766112,1,2,0.8288247585296631,-1.0029490751079102,1.3598464171039026,-1.8599101505675257,-1.5296810309039515,-0.21472722688783819,0.02734149806201458,0.0031229336746037006,9.848223271546885e-05,0.00035219345591031015,0.0,0.0,1788855156.033448
3637.502,-0.36429104574329035,-0.6010903234644485,0.27562585842245646,0.7999234737537656,2.971016196878717,0.07064845133991225,1,2,0.8315947651863098,-1.0008859199336548,1.3604138533221644,-1.8595630131163539,-1.5297477881061,-0.21472388902773076,0.021369684487581253,0.038750018924474716,0.01673462800681591,0.000574782956391573,0.0,0.0,1788855156.1336231
3637.602,-0.3638105589166793,-0.6011059002555446,0.271705441651315,0.7985249630302775,2.9679972927542666,0.07956587233690593,1,2,0.8321146965026855,-0.9970132869533082,1.3631380240069788,-1.8595711193480433,-1.5296896139727991,-0.21469289461244756,-0.002908199094235897,0.0075979516841471195,0.03753554821014404,9.15704295039177e-05,0.0,0.0,1788855156.233766
3637.7019999999998,-0.36330408793711627,-0.6006070471339406,0.27046424017970383,0.7981675867820871,2.966702589468737,0.08326358033871332,1,2,0.832173228263855,-0.9970731300166626,1.365941349660055,-1.8595878086485804,-1.529696289693014,-0.21469289461244756,0.004240058362483978,-1.7799880398666276e-18,0.0029295790009200573,-1.8735767298494466e-05,0.0,0.0,1788855156.3339083
3637.8019999999997,-0.3630389692606913,-0.600370208673633,0.273098053039444,0.7984377584980679,2.968774276137588,0.07750635871375217,1,2,0.8322259187698364,-1.0008066457561036,1.3658960501300257,-1.8600465259947718,-1.5296724478351038,-0.2147463003741663,-0.0005461224354803562,-0.05161898210644722,-0.00019198826339561492,-0.00021929234208073467,0.0,0.0,1788855156.4340549
3637.902,-0.36257231824287267,-0.5998346362025266,0.2774812873404869,0.7990980696249401,2.971856650339806,0.06890202334481721,1,2,0.8322139978408813,-1.007164792423584,1.365873161946432,-1.8600250683226527,-1.5297067801104944,-0.21475440660585576,-4.551355766190815e-18,-0.04533551633358002,-3.315786307211965e-05,-2.6075851565110497e-05,0.0,0.0,1788855156.5341766
3638.002,-0.36254288976020577,-0.5997938555842611,0.27719785450667667,0.7990816236085929,2.9715099480282943,0.06994587876112844,1,2,0.8322104215621948,-1.0069177907756348,1.3660548369037073,-1.8597027264037074,-1.529738728200094,-0.21472388902773076,1.2005426697214716e-06,0.03597281873226166,0.001368983881548047,0.0009404246229678392,6.371472522914701e-07,0.0,1788855156.6343265
3638.102,-0.36270287335258944,-0.5999419423655947,0.2746014381439758,0.7987115100927319,2.9695212090606478,0.07549020472276345,1,2,0.8321793675422668,-1.0035718840411683,1.3666709105121058,-1.8595715961852015,-1.5297287146197718,-0.21472388902773076,-8.380620420211926e-05,0.028602449223399162,0.019166674464941025,0.0006543701747432351,0.0,0.0,1788855156.734486
3638.2019999999998,-0.3622085272083133,-0.5994322974686622,0.2702724864776339,0.7978804820096297,2.965799742851166,0.08598737421502939,1,2,0.8322139978408813,-1.000167505150177,1.3710115591632288,-1.859574934045309,-1.5297477881061,-0.21472388902773076,2.517431312298868e-05,0.02386256493628025,0.07299957424402237,9.983268682844937e-05,-3.536486962750832e-17,0.0,1788855156.8346186
3638.3019999999997,-0.36019136461159945,-0.5972513879574874,0.2647278585106263,0.7966028194424922,2.95990838776528,0.10221291607355416,1,2,0.8322534561157227,-0.9999386233142395,1.3828428427325647,-1.8596111736693324,-1.5297444502459925,-0.21472388902773076,0.00016558550123590976,-0.0003534404095262289,0.14261887967586517,5.970340053195567e-21,-0.0,0.0,1788855156.934787
3638.402,-0.35779898904579094,-0.5946063553493497,0.25847219859807835,0.7952209120671159,2.9530371469094083,0.12075547230043236,1,2,0.8322450518608093,-0.9999182385257264,1.396649185811178,-1.8596507511534632,-1.5297563711749476,-0.21470433870424444,-4.390141839394346e-05,-0.0003978125751018524,0.11186466366052628,0.0,-0.0,0.0,1788855157.0349264
3638.502,-0.3568727445849409,-0.5935074018625459,0.25603375254918276,0.7947438155263907,2.950329957573844,0.12786852198982776,1,2,0.8321660757064819,-0.9999793332866211,1.4021957556353968,-1.8598214588561,-1.5297511259662073,-0.21472722688783819,-0.0001948739809449762,-0.0015030022477731109,-0.002084332052618265,-0.004618361592292786,-0.0,0.0,1788855157.1350498
3638.602,-0.3570416193834746,-0.5934176147893869,0.25689550367235753,0.7953479476004689,2.9510797021386437,0.12531447158041784,1,2,0.831883430480957,-1.0010606807521363,1.402032200490133,-1.8604299030699671,-1.5296810309039515,-0.21472388902773076,-0.0036133374087512493,-0.01241855788975954,-0.0008638156577944756,-0.012534250505268574,-0.0,0.0,1788855157.2351058
3638.7019999999998,-0.35690324524314887,-0.5931828866409908,0.2592545240048462,0.7958313215740839,2.952948797128994,0.12029387994385654,1,2,0.8318067789077759,-1.0044599932483216,1.4019768873797815,-1.8607226810851039,-1.5296996275531214,-0.2147463003741663,-0.000353311188519001,-0.05795079097151756,-0.00037361253635026515,-0.0003984701179433614,-0.0,0.0,1788855157.3352907
3638.8019999999997,-0.35653627747725425,-0.5928115712964662,0.26294004660791315,0.7963926540620764,2.955685759444094,0.11301663571198782,1,2,0.8318462371826172,-1.0098524254611512,1.4019148985492151,-1.8607002697386683,-1.5297234694110315,-0.21472388902773076,6.267167191253975e-05,-0.043166160583496094,-0.00035584147553890944,-0.00020452456374187022,-0.0,0.0,1788855157.435477
3638.902,-0.35624368454645866,-0.5924966467353687,0.2661877760459369,0.7968662676291836,2.9580937794479176,0.10647129605770622,1,2,0.8318547010421753,-1.0145229262164612,1.4017398993121546,-1.8607117138304652,-1.5297115484820765,-0.2147429625140589,7.749287760816514e-05,-0.04733004420995712,-0.0037686170544475317,-8.910426549846306e-05,-0.0,0.0,1788855157.5356336
3639.002,-0.3561088881334859,-0.5923213406621761,0.2683444545402157,0.797278982751529,2.959711598200744,0.10202382455039172,1,2,0.8318307399749756,-1.0174838465503235,1.4014132658587855,-1.860727926293844,-1.5297167936908167,-0.21472388902773076,6.805836470881715e-38,-0.012819205410778522,-0.0010516250040382147,-0.0,-0.0,0.0,1788855157.6357536
3639.102,-0.35610722987218907,-0.5923319644375674,0.26877897310681087,0.7973073496468921,2.9600723501475827,0.10112765887567575,1,2,0.8318461775779724,-1.0179609817317505,1.4011567274676722,-1.860669275323385,-1.5297353903399866,-0.21473914781679326,0.0,-0.0002263880305690691,-0.0031851164530962706,-0.0,-0.0,0.0,1788855157.7358723
3639.2019999999998,-0.35624553806700826,-0.5924775099997476,0.2691156356538984,0.7974222169969565,2.960433566763704,0.10010618655668889,1,2,0.8318390846252441,-1.0179405969432374,1.4003866354571741,-1.8606764278807582,-1.5297320524798792,-0.21472055116762334,0.0,-2.3581256755278446e-05,-0.01632877066731453,-0.0,-0.0,0.0,1788855157.8359919
3639.3019999999997,-0.35639955621282765,-0.5926497825221876,0.26941975648317834,0.7974778184894562,2.960753755666648,0.09925790619984431,1,2,0.8318426609039307,-1.0178004068187256,1.3994820753680628,-1.860544820825094,-1.5297377745257776,-0.21472388902773076,0.0,0.0025103765074163675,-0.00015241515939123929,0.000736710149794817,-0.00016928670811466873,0.0,1788855157.93614
3639.402,-0.3564169330066657,-0.5926453964448614,0.269251266867103,0.7974528225205844,2.960641081248,0.09980296202774337,1,2,0.8318307399749756,-1.0175773662379761,1.3994939962970179,-1.8604170284666957,-1.529815975819723,-0.21473580995668584,0.0,0.00039250365807674825,5.4884119890630245e-05,0.0020867413841187954,-0.00016879675968084484,0.0,1788855158.036289
3639.502,-0.3564662718159894,-0.5926408425397768,0.26893503639716676,0.7974754196228381,2.960340605115037,0.10063090249191797,1,2,0.8317756652832031,-1.0171494048884888,1.3995216528521937,-1.8602692089476527,-1.529839817677633,-0.21473580995668584,-8.242870152168693e-21,0.006821338087320328,3.335238021611634e-22,0.0005570442299358547,-0.00011149054626002908,0.0,1788855158.1364043
3639.602,-0.35654749919422596,-0.5927122982882341,0.26814151268748304,0.7973436081968367,2.959738037963159,0.1023157077049378,1,2,0.831758975982666,-1.0160083931735535,1.3995497862445276,-1.8601938686766566,-1.5298522154437464,-0.21475440660585576,-0.00038753190892748535,0.01767774112522602,7.623892452102154e-05,0.0005062520503997803,-5.976063766865991e-05,0.0,1788855158.2365348
3639.7019999999998,-0.35676029429055,-0.5929318890219418,0.26615069199220426,0.7971012079721257,2.958232253609358,0.10629042782680061,1,2,0.8317385911941528,-1.0130765003016968,1.3995464483844202,-1.8601581058897914,-1.5298250357257288,-0.21472388902773076,-0.0005998412379994988,0.050668057054281235,-0.0,0.00034841784508898854,-0.0,0.0,1788855158.3366532
3639.8019999999997,-0.35723329737973647,-0.5933165168090958,0.262283665966942,0.7967007600971358,2.9553505452655373,0.1139015470709012,1,2,0.8315984010696411,-1.007370964889862,1.3995373884784144,-1.860185285607809,-1.5298126379596155,-0.21472388902773076,-0.0006446103798225522,0.06627262383699417,7.333248228436398e-20,9.618260810384527e-05,-0.0,0.0,1788855158.436823
3639.902,-0.3577970569819961,-0.5938563785442782,0.25685542302731,0.7959640219349826,2.951338133859923,0.12463166810920638,1,2,0.8315157890319824,-0.9993953865817566,1.3995569388019007,-1.8601943455138148,-1.5298283735858362,-0.21472388902773076,-0.0005421887617558241,0.0696786493062973,-0.0,1.9748551682852167e-09,-0.0,0.0,1788855158.5369048
3640.002,-0.35822521179695216,-0.594223089816472,0.2528849523802065,0.7954893556740956,2.9483556946114873,0.13239927705482182,1,2,0.8314068913459778,-0.9935468596271058,1.3995445410357874,-1.8602215252318324,-1.529815975819723,-0.21472388902773076,-0.002177146729081869,0.044591642916202545,-0.0,-1.688760494289454e-05,-0.0,0.0,1788855158.63707
3640.102,-0.35871130381079264,-0.59410233630283,0.2518059391149716,0.7962941349831707,2.9472602077643373,0.13447695802960014,1,2,0.830757737159729,-0.9919429582408448,1.3995140234576624,-1.860209127465719,-1.5298126379596155,-0.21470433870424444,-0.010298887267708778,0.00032549185561947525,-0.0,-7.707369256355775e-21,-0.0,0.0,1788855158.7371817
3640.2019999999998,-0.35904831479545213,-0.5939010212555189,0.25175941917278327,0.7971306849808333,2.9470014749924505,0.1345804642119333,1,2,0.8301984071731567,-0.9918795985034485,1.3995183149920862,-1.8601938686766566,-1.5298522154437464,-0.21468955675234014,-0.0009342721896246076,0.0022202974651008844,-0.0,-0.0,-0.0,0.0,1788855158.8373163
3640.3019999999997,-0.35902872860588425,-0.5939226400969055,0.2516483898105568,0.7970037901469212,2.9469494052515053,0.13480784335412893,1,2,0.8302414417266846,-0.991728739147522,1.3995373884784144,-1.8601962528624476,-1.5298555533038538,-0.21472055116762334,-8.523342694388703e-05,0.0023299753665924072,2.06980239454424e-05,0.00017154742090497166,-0.0,0.0,1788855158.9374487
3640.402,-0.3590285602160022,-0.5939370430156956,0.2515396833851638,0.7969569557200877,2.9468382780498916,0.13507165508554173,1,2,0.8302534818649292,-0.9915661376765748,1.3995216528521937,-1.8601376018919886,-1.529839817677633,-0.21472388902773076,2.4394039428443648e-05,0.0036890250630676746,-0.0,0.00012001841241726652,-0.0,0.0,1788855159.0375698
3640.502,-0.35913273557277603,-0.5940390023685501,0.2503347824143814,0.7967827480296936,2.9459264483932124,0.1374849927171734,1,2,0.8302413821220398,-0.989817814236023,1.3995497862445276,-1.8601137600340785,-1.529848877583639,-0.21472055116762334,0.0,0.036510586738586426,-0.0,0.00016339507419615984,-0.0,0.0,1788855159.1376421
3640.602,-0.3594979806597071,-0.5944221493663377,0.24613716402080368,0.7961195436746628,2.9427951164685635,0.14573447766376296,1,2,0.8302223682403564,-0.9836536806872864,1.3995464483844202,-1.8601066074767054,-1.5298674742328089,-0.21472722688783819,4.762315074913204e-05,0.08916260302066803,-0.0,7.734595419606194e-05,-0.0,0.0,1788855159.2378347
3640.7019999999998,-0.3599572926704505,-0.5949457797332591,0.2403476172656902,0.7951384505879003,2.9384233421043766,0.15697897887854137,1,2,0.8302295207977295,-0.9751346868327637,1.3995102087603968,-1.8601271114745082,-1.5298250357257288,-0.21473914781679326,0.0,0.08662493526935577,-0.0,1.0741232988742588e-39,-0.0,0.0,1788855159.3379471
3640.8019999999997,-0.3604162444368304,-0.5953882149390465,0.23487800416603394,0.7943303213163123,2.934314473608079,0.1675077459166695,1,2,0.8301659822463989,-0.9670744699290772,1.399459187184469,-1.8602215252318324,-1.5298431555377405,-0.2147429625140589,-0.002090889262035489,0.021136552095413208,-0.0005161389126442373,-0.00045594325638376176,-0.0,0.0,1788855159.4380987
3640.902,-0.3605043531892792,-0.5953482522628817,0.23544868530422103,0.7946408391462971,2.93473997529407,0.16621033476460056,1,2,0.8300295472145081,-0.9677745860866089,1.3992612997638147,-1.8602849445738734,-1.5298283735858362,-0.21473914781679326,-0.00013777549611404538,0.001090792822651565,-0.00036706708488054574,-0.00012843437434639782,-0.0,0.0,1788855159.5381868
3641.002,-0.36053893063643283,-0.5953705879967464,0.2355182189900782,0.7947115794019924,2.934780554398856,0.16591776856345292,1,2,0.8300066590309143,-0.9677949708751221,1.3991463820086878,-1.8603407345213832,-1.5297768751727503,-0.21472388902773076,-1.1488629537674872e-39,8.838865142024588e-06,-0.0004621486004907638,-9.245847468264401e-05,-1.412657389676634e-39,0.0,1788855159.638334
3641.102,-0.36054327630737076,-0.595383940048077,0.2355501114822563,0.794689919602739,2.934841981198319,0.16575767083137868,1,2,0.8300138711929321,-0.9678154152682801,1.399118725453512,-1.8604079685606898,-1.5297682921039026,-0.21473914781679326,0.0,0.0,-0.00020898552611470222,-0.00026362217613495886,-0.0,0.0,1788855159.7384346
3641.2019999999998,-0.36062179234929886,-0.5954705230594916,0.23573118898767392,0.7947568993356289,2.935071161253779,0.1651549682206689,1,2,0.8300138711929321,-0.9678154152682801,1.3987186590777796,-1.8604608974852503,-1.5297649542437952,-0.21472722688783819,0.0,-6.808636286249594e-25,-0.010741735808551311,-0.00031052224221639335,-0.0,0.0,1788855159.8385925
3641.3019999999997,-0.36139637205489483,-0.5963353016893154,0.23760460748192463,0.7951745736470363,2.9373186927409236,0.1595510080167397,1,2,0.8300342559814453,-0.9678309720805665,1.3945062796222132,-1.8604723415770472,-1.5297988096820276,-0.2147429625140589,0.0,-4.7254638047888875e-05,-0.09252215176820755,-0.0001893525040941313,-0.0,0.0,1788855159.9387462
3641.402,-0.36409322443780445,-0.5992887515506645,0.24410737179756875,0.7967536614060059,2.94485210825354,0.14003900092302385,1,2,0.8300295472145081,-0.9677901428988953,1.3798163572894495,-1.8604680500426234,-1.5297887961017054,-0.21475440660585576,0.0,0.000625288113951683,-0.1892371028661728,-2.315275378350634e-05,-0.0,0.0,1788855160.0388336
3641.502,-0.3671183208602284,-0.6025570546991618,0.25158979703124634,0.798604298967511,2.953275213994378,0.11780605644436606,1,2,0.8299863338470459,-0.9677196902087708,1.363016430531637,-1.8603688679137171,-1.5298193136798304,-0.2147429625140589,0.0,0.0010316704865545034,-0.12183571606874466,0.0009354276699014008,-0.0,0.0,1788855160.1389534
3641.602,-0.367805396438521,-0.6034128333129651,0.2534740084158074,0.7989387001936863,2.9553241673039663,0.11239821478183497,1,2,0.8300857543945312,-0.9676478070071717,1.35869008699526,-1.8601495228209437,-1.5298193136798304,-0.21470433870424444,0.0009801946580410004,0.003328165505081415,0.0003312336339149624,0.004044921603053808,0.0,0.0,1788855160.2390635
3641.7019999999998,-0.3678176291119838,-0.6034310857786589,0.2531036010554581,0.7987982867756281,2.955006987572917,0.11330864844360247,1,2,0.8300906419754028,-0.9671483796885987,1.3587124983416956,-1.8599940739073695,-1.5298226515399378,-0.2147463003741663,-0.00014236840070225298,0.0002858997031580657,0.0002303534565726295,0.001059332164004445,0.0,0.0,1788855160.339168
3641.8019999999997,-0.3677899649595038,-0.6034174812636418,0.2530027960076205,0.7987872558413812,2.9548439900328582,0.11364536745890459,1,2,0.8301025032997131,-0.9670729798129578,1.3587997595416468,-1.8598910770811976,-1.5297921339618128,-0.21472055116762334,2.6257504941895604e-05,0.0005379520007409155,0.00041461241198703647,0.0007088479469530284,0.0,0.0,1788855160.439322
3641.902,-0.3677549379947632,-0.6034250073258367,0.25277641513696614,0.7986709032907711,2.954664432265236,0.11423533275820623,1,2,0.8301491737365723,-0.9668215674212952,1.3588994185077112,-1.8598133526244105,-1.5298073927508753,-0.21472388902773076,6.755083682581413e-38,0.006926561705768108,0.0004168062878306955,0.0006933421827852726,0.0,0.0,1788855160.5394332
3642.002,-0.36784495035250037,-0.6035058059445819,0.2514557843551939,0.7984494090134517,2.953574404359767,0.11714604405539764,1,2,0.8301301002502441,-0.9649908107570191,1.3589561621295374,-1.859530588189596,-1.5298040548907679,-0.21473580995668584,0.0,0.04525332897901535,0.00019942673679906875,0.0027635646983981133,0.0,0.0,1788855160.639535
3642.102,-0.36824682344104975,-0.6039658835077596,0.24649980082420425,0.7977181709667317,2.9499713439076833,0.12672797401319355,1,2,0.8301420211791992,-0.9578552407077332,1.3589642683612269,-1.8595272503294886,-1.5297921339618128,-0.21469289461244756,7.682192517677322e-05,0.0879480317234993,0.00011256925790803507,0.0001293011591769755,0.0,0.0,1788855160.7395873
3642.2019999999998,-0.36867713965119725,-0.6044677186799567,0.24079742677546273,0.7967248156977841,2.945837037631393,0.13765468707737002,1,2,0.8301610946655273,-0.9496511977962037,1.3589800039874476,-1.8595663509764613,-1.5297649542437952,-0.21473580995668584,2.665954889380373e-05,0.0696665495634079,1.941092352144905e-33,5.306414095684886e-05,0.0,0.0,1788855160.8397908
3642.3019999999997,-0.3688613210073393,-0.6046986892524763,0.23813503286391463,0.796305659927085,2.9438753163566167,0.14271238105701714,1,2,0.8301815986633301,-0.9458168309978028,1.3589800039874476,-1.859598775903219,-1.5297320524798792,-0.21471149126161748,0.0,0.0022388312499970198,2.8975596605394986e-19,0.0,0.0001980749802896753,0.0,1788855160.9398992
3642.402,-0.3687941294111841,-0.6047027777709406,0.23901143928648466,0.7963580066696148,2.944673346088144,0.140553539521009,1,2,0.8302499055862427,-0.9469926518252869,1.3589165846454065,-1.8599492512144984,-1.529677693043844,-0.21472055116762334,0.00590340793132782,-0.008666036650538445,-0.00016996751946862787,-0.006215507630258799,0.00022412353428080678,0.0,1788855161.04004
3642.502,-0.36869162422710816,-0.6046320650709744,0.2400501625441292,0.7964587044666376,2.945478682150203,0.13847786467942186,1,2,0.830290675163269,-0.9484988015941163,1.3589509169207972,-1.8600298366942347,-1.5296724478351038,-0.21472722688783819,3.0673621949972585e-05,-0.02312740869820118,7.485249560673813e-34,-0.0008353603770956397,0.000101823105069343,0.0,1788855161.1401403
3642.602,-0.3684757478349717,-0.6044606955302727,0.24257476110700266,0.7967726462619705,2.9473697101620036,0.1334864318559545,1,2,0.8303528428077698,-0.9520982068828125,1.3589165846454065,-1.860117097894186,-1.5296452681170862,-0.21472722688783819,0.0006626418908126652,-0.04840615391731262,-0.0,-0.00020064714772161096,4.24211243910122e-09,0.0,1788855161.2402658
3642.7019999999998,-0.368137960768823,-0.6040151189779289,0.24727365345410052,0.7976429012755262,2.95078284638684,0.12443881242627351,1,2,0.830290675163269,-0.9588865798762818,1.358957592641012,-1.8601447544493617,-1.5296843687640589,-0.21470433870424444,-3.549333632690832e-05,-0.0899934396147728,-0.0,-0.00014122435823082924,0.0,0.0,1788855161.3403692
3642.8019999999997,-0.3676073404613454,-0.6034352606038555,0.25340797272024596,0.7985460653467151,2.955178954494218,0.11270808934765486,1,2,0.8303014636039734,-0.9677357238582154,1.3589490095721644,-1.8600331745543421,-1.5296996275531214,-0.21472388902773076,-5.2520881581585854e-05,-0.07731318473815918,8.404881373280659e-05,-3.5704726997209946e-07,0.0,0.0,1788855161.4404972
3642.902,-0.3674003301983967,-0.6032080978158358,0.25552401913548917,0.7988305703497907,2.9566279484460947,0.1087542420034278,1,2,0.8303014636039734,-0.9708295625499268,1.3589890638934534,-1.8599101505675257,-1.5296843687640589,-0.2147429625140589,5.886322924197884e-06,0.0007402270566672087,0.0013040992198511958,0.0016627232544124126,0.0,0.0,1788855161.5406168
3643.002,-0.3671783044083906,-0.6029465173249963,0.2545749243403227,0.798677132752801,2.955639850597433,0.11150355923468645,1,2,0.8302894234657288,-0.9704020184329529,1.3603933493243616,-1.859718462029928,-1.5297234694110315,-0.21472055116762334,0.0,0.00048581097507849336,0.020149916410446167,0.00042529733036644757,9.672582302111262e-32,0.0,1788855161.6407
3643.102,-0.36701638641283413,-0.6027774729904986,0.2541773439504754,0.798548107135461,2.955197084409796,0.11271904664969895,1,2,0.8302978277206421,-0.9704090517810364,1.3612778822528284,-1.8596908054747523,-1.5297234694110315,-0.21473580995668584,9.596574818715453e-05,2.8709970512075245e-10,0.00043121902854181826,0.00012046336632920429,0.0,0.0,1788855161.7408495
3643.2019999999998,-0.36702244412202684,-0.6027972208649514,0.2538581440761899,0.7985210011319899,2.9549295246540326,0.11349120174117329,1,2,0.8303133249282837,-0.9699794215014954,1.361305061970846,-1.859586854974264,-1.5297444502459925,-0.214701000844137,7.215433288365602e-05,0.010053443722426891,0.00023211682855617255,0.004307437222450972,0.0,0.0,1788855161.8409936
3643.3019999999997,-0.3671165651790676,-0.6029018116022143,0.2525315773658609,0.7982396800764472,2.9539512157912227,0.11616994533902433,1,2,0.8303133249282837,-0.968123273258545,1.3613832632647913,-1.8595253429808558,-1.5297444502459925,-0.2147463003741663,3.5584496799856424e-05,0.023464294150471687,0.0003639213682617992,0.00037010922096669674,0.0,0.0,1788855161.9411106
3643.402,-0.3672404887709644,-0.6030233066944851,0.25123575020632805,0.798067020541253,2.9530278412236344,0.11873115847217988,1,2,0.8303025960922241,-0.966238335972168,1.3613536993609827,-1.8594910107054652,-1.5297768751727503,-0.21473914781679326,-1.937923843797762e-05,0.015469569712877274,0.00011544525477802381,0.0001465399982407689,-8.119974518194795e-05,0.0,1788855162.0412698
3643.7019999999998,-0.3672214949836473,-0.6036246391828337,0.24533400707772468,0.7962655514527378,2.9488283952464656,0.1305518989224868,1,2,0.8308964967727661,-0.9581554693034668,1.3620036284076136,-1.8594185314574183,-1.5297444502459925,-0.21472055116762334,-8.057372906478122e-05,0.007618686184287071,0.01476208958774805,0.0001348371442873031,-0.0,0.0,1788855162.4189734
3643.8019999999997,-0.3668118401443478,-0.6031588712873659,0.24421542032498256,0.796034220372514,2.9475981381830807,0.13384732607748406,1,2,0.830884575843811,-0.9580715459636231,1.3643682638751429,-1.8594161472716273,-1.5297682921039026,-0.2147148291217249,-6.654299795627594e-05,-1.9312353742861887e-06,0.029241420328617096,2.727218407702625e-12,-0.0,0.0,1788855162.449509
3643.902,-0.3657030246999411,-0.6019285210957159,0.2414345504978898,0.795375577838057,2.9444360278691617,0.14212739297494487,1,2,0.8308725357055664,-0.9580595058253785,1.3705714384662073,-1.8594314060606898,-1.5297682921039026,-0.21472388902773076,-1.7251625915846742e-16,0.0,0.10050619393587112,0.0,-2.3417175754048003e-08,0.0,1788855162.541679
3644.002,-0.36342215823821905,-0.5994681620812863,0.2359501346972961,0.7939712048205967,2.938114795814527,0.15855068228423685,1,2,0.8309168219566345,-0.9580525320819397,1.382895294819967,-1.8594361744322718,-1.52977162996401,-0.21472722688783819,0.0003311977197881788,-4.9426789991437194e-23,0.12631836533546448,0.0,-0.0,0.0,1788855162.6418235
3644.102,-0.3628676450815987,-0.5987617453839559,0.23498219020993985,0.7939418435626237,2.937083296999422,0.16104279338652389,1,2,0.8308210968971252,-0.9587695759585877,1.3863628546344202,-1.860304971734518,-1.5297682921039026,-0.2147000471698206,-0.0006555402651429176,-0.005401726812124252,-4.2676952931872445e-24,-0.000908702437300235,-0.0,0.0,1788855162.7419531
3644.2019999999998,-0.3633779898476759,-0.5984529299480432,0.23506412855066386,0.7951579783515312,2.936755153626535,0.16072613795082735,1,2,0.8299623727798462,-0.9588772815516968,1.3863537947284144,-1.8603493175902308,-1.5297201315509241,-0.2147310415851038,-0.012220454402267933,-0.0013507368275895715,-0.0,-9.682494419394061e-05,7.51773695810698e-05,0.0,1788855162.8419807
3644.3019999999997,-0.363756111333659,-0.5982153169732495,0.23504536359800862,0.7960529285600856,2.936443666432782,0.16069301554033305,1,2,0.8293192386627197,-0.9588703078082581,1.3863886038409632,-1.8603650532164515,-1.529696289693014,-0.21475488344301397,-0.0023987635504454374,-0.0005064563592895865,-0.0,-7.238007674459368e-05,9.146807443405347e-12,0.0,1788855162.9420245
3644.402,-0.3637573717287105,-0.5982130741028284,0.23507037312393195,0.7960695528609046,2.93646364316211,0.16070388693999896,1,2,0.829319179058075,-0.9588979047587891,1.3863661924945276,-1.8603207073607386,-1.5297201315509241,-0.2147463003741663,-0.00011177745182067156,0.00019014991994481534,-0.0,-8.322550785177751e-31,0.0,0.0,1788855163.0422454
3644.502,-0.3637717956801973,-0.5981774953584894,0.23498314487386632,0.7961478709692833,2.936356269768487,0.1610313552883784,1,2,0.8292749524116516,-0.9588244718364258,1.386432949696676,-1.860237260858053,-1.5297630468951624,-0.21472388902773076,-0.001211293158121407,0.0009830605704337358,0.00030333176255226135,0.0003371320490259677,1.315660248730784e-20,0.0,1788855163.1422243
3644.602,-0.36432415468648327,-0.5978443638282815,0.23485380113934076,0.7974343414542083,2.9357985742430537,0.16127008084799102,1,2,0.8283502459526062,-0.9586513203433533,1.386444393788473,-1.8601733646788539,-1.5297353903399866,-0.2147429625140589,-0.014189345762133598,0.0031411524396389723,0.00011573813389986753,0.0002999426797032356,0.0,0.0,1788855163.2424228
3644.7019999999998,-0.36466866003176246,-0.5976945837203638,0.23414021698893533,0.7980942587445489,2.9349922666468538,0.16271364274171543,1,2,0.8278337717056274,-0.9576488894275208,1.3864887396441858,-1.860110422173971,-1.5297444502459925,-0.21472055116762334,-1.149923035346492e-15,0.01606435514986515,0.0001434913428965956,0.00014564566663466394,0.0,0.0,1788855163.3425336
3644.8019999999997,-0.36487112086946916,-0.5980018970772348,0.22992851802074765,0.7972424564996579,2.9316997607133315,0.17120460251166392,1,2,0.8279141187667847,-0.9515857261470337,1.3865373770343226,-1.8598267040648402,-1.5297444502459925,-0.21472388902773076,0.0004395799769554287,0.10717571526765823,0.0001605955185368657,0.00021149693930055946,0.0,0.0,1788855163.4426587
3644.902,-0.3654269006521337,-0.5986079198301345,0.22165943669693827,0.7959393776157814,2.925477808705913,0.18679915978772274,1,2,0.8279021978378296,-0.9394620221904297,1.3864215056048792,-1.860042234460348,-1.5297320524798792,-0.21468955675234014,2.4117828047015165e-22,0.0749874860048294,-0.0012746714055538177,-0.003264560829848051,0.0,0.0,1788855163.5427418
3645.002,-0.3653812428962992,-0.5986407380067424,0.22251974719478435,0.7959287785535019,2.9262807368971537,0.1849826677026521,1,2,0.8279871940612793,-0.9405644697001954,1.3862016836749476,-1.860110422173971,-1.5297530333148401,-0.21472388902773076,0.0042955572716891766,0.004051229916512966,-1.788111392517702e-22,-6.657266203546897e-05,0.0,0.0,1788855163.6428444
3645.102,-0.36534005043809986,-0.5986824028120143,0.22237450856475743,0.795776981884836,2.926212988260677,0.1853115552758845,1,2,0.8280747532844543,-0.940345363026001,1.3861826101886194,-1.860077520410055,-1.52977162996401,-0.21472388902773076,3.493437071561769e-41,3.967133670812473e-05,4.9993072025245056e-05,0.00017550139455124736,0.0,0.0,1788855163.7429478
3645.2019999999998,-0.3652982467480304,-0.5986870479143375,0.2223409251836531,0.7956955323852789,2.9261617901561623,0.18544246531666983,1,2,0.8281214237213135,-0.940333442097046,1.3862322012530726,-1.8600322208800257,-1.5297530333148401,-0.21472388902773076,6.829408084740862e-05,-1.4874217413307633e-05,2.0929157471982762e-05,2.03233357751742e-05,0.0,0.0,1788855163.8430524
3645.3019999999997,-0.3653095637814064,-0.5986873626583457,0.22231189332787604,0.7956867534786658,2.9261469366869193,0.1854772643304021,1,2,0.8281095623970032,-0.940285400753357,1.3862255255328577,-1.8600455723204554,-1.5297530333148401,-0.21473914781679326,8.2936418149826e-12,0.0,-0.0,0.0,0.0,0.0,1788855163.9431753
3645.402,-0.3653086735810954,-0.5986880580272966,0.22233267217960656,0.7957407338114975,2.9261909976961933,0.18547755015155143,1,2,0.828117847442627,-0.9403093618205567,1.3862140814410608,-1.8600388966002406,-1.5297988096820276,-0.2147000471698206,0.0,0.0,-0.0,1.0722883364450175e-15,0.0,0.0,1788855164.04326
3645.502,-0.3653225581201417,-0.5986818715279244,0.2223204870559105,0.7957226281476097,2.926151207101086,0.18544068787986817,1,2,0.828090250492096,-0.9402939838222046,1.3862221876727503,-1.8600603542723597,-1.5297530333148401,-0.21473580995668584,0.0,0.0,-0.0,0.0,0.0,0.0,1788855164.143319
3645.602,-0.36530717113570493,-0.5986939753363493,0.22232520320273447,0.7957050449768504,2.926167911628495,0.18543162646994532,1,2,0.8281190991401672,-0.940295473938324,1.3862140814410608,-1.8600622616209925,-1.5297563711749476,-0.21472055116762334,6.302499969024211e-05,0.0,-0.0,0.0,0.0,0.0,1788855164.243347
3645.7019999999998,-0.3653156804788816,-0.5987033900685785,0.22235579713498294,0.7956984995677179,2.9262364419317115,0.1853152903722882,1,2,0.8281214237213135,-0.9403144878200074,1.3861826101886194,-1.86010803798818,-1.52977162996401,-0.2147310415851038,-0.0002766877587419003,0.0,2.3390759781285932e-15,0.0,0.0,0.0,1788855164.3435118
3645.8019999999997,-0.36531774120479743,-0.5986896784437631,0.22236831290477116,0.795714753895566,2.926199377947285,0.18532005275239424,1,2,0.8281023502349854,-0.9403487604907532,1.3862016836749476,-1.8600741825499476,-1.5297477881061,-0.21473580995668584,3.189266863046214e-05,0.0,-0.0,0.0,0.0,0.0,1788855164.4436207
3645.902,-0.3653294335537509,-0.5986856176584088,0.22236812608466955,0.795784500267297,2.9262218746792774,0.18531349600794814,1,2,0.8280903100967407,-0.940345363026001,1.3862016836749476,-1.8601013622679652,-1.529778782521383,-0.21470433870424444,0.0,0.0,-0.0,0.0,0.0,0.0,1788855164.5437531
3646.002,-0.3653205282401839,-0.5986951122085762,0.22237040940169267,0.7957126180771233,2.9262187120559098,0.18530074534769142,1,2,0.8281059265136719,-0.9403403562358399,1.3861859480487269,-1.860086580316061,-1.5297563711749476,-0.21473580995668584,0.0,0.0,-0.0,0.0,0.0,0.0,1788855164.6438222
3646.102,-0.3653144883471055,-0.5986944799355203,0.22236057647153118,0.7957268051259244,2.926195631268095,0.18530737145849072,1,2,0.8281095623970032,-0.9403368991664429,1.386205021535055,-1.8600965938963832,-1.529741112385885,-0.21472055116762334,0.0,0.0,-0.0,0.0,0.0,0.0,1788855164.7438867
3646.2019999999998,-0.36532535483293893,-0.5986886406983395,0.22233275249543447,0.7957540703280978,2.9261731070411123,0.18537431554339237,1,2,0.8280938863754272,-0.9402990502170105,1.3862083593951624,-1.8600932560362757,-1.5297530333148401,-0.2147148291217249,0.0,0.0,-0.0,0.0,0.0,0.0,1788855164.8440232
3646.3019999999997,-0.3653187199543924,-0.5986870605813724,0.22235219951037605,0.7957357603702105,2.9261855638011793,0.18534096323444033,1,2,0.828098714351654,-0.940333442097046,1.3862174193011683,-1.8600899181761683,-1.5297477881061,-0.21472388902773076,0.0,0.0,-0.0,0.0,0.0,0.0,1788855164.9440894
3646.402,-0.3653399359002089,-0.5986850579730568,0.2223455307677586,0.7957533795502169,2.926183625521494,0.18534119662570434,0,3,0.8280747532844543,-0.9403059047511597,1.3861892859088343,-1.8600899181761683,-1.5297530333148401,-0.21473580995668584,0.0,0.0,-0.0,0.0,0.0,0.0,1788855165.044198
3646.502,-0.3653350099359123,-0.5986908826439667,0.2223820472641454,0.795764287569713,2.926237284771347,0.18523156923507095,0,3,0.8280867338180542,-0.9403522175601502,1.3861859480487269,-1.8601285419859828,-1.529759709035055,-0.21472388902773076,0.0,0.0,-0.0,0.0,0.0,0.0,1788855165.1442327
3646.602,-0.36532034347990644,-0.5986953919219853,0.2223956894500956,0.7957732456309765,2.9262421921629067,0.1852048833757824,0,3,0.8281059265136719,-0.9403779667666932,1.3861959616290491,-1.8601318798460902,-1.5297530333148401,-0.2147000471698206,0.0,-0.0003029418003279716,-6.610403215745464e-05,5.390625209805999e-18,0.0,0.0,1788855165.2443857
3646.7019999999998,-0.36532161977231176,-0.598703994837868,0.22242526494472273,0.7956843471174967,2.9262649814059802,0.1851280125181797,0,3,0.8281095027923584,-0.9403984707644959,1.3861573378192347,-1.8601137600340785,-1.5297287146197718,-0.2147582213031214,0.0,-0.00041105502168647945,-0.00010812121763592586,0.0,0.0,0.0,1788855165.3445044
3646.8019999999997,-0.3653205786438954,-0.5986968699065568,0.22243140279214138,0.7957184647945554,2.9262650607906115,0.18515342812384858,0,3,0.8281059265136719,-0.9404172462276001,1.386169735585348,-1.8600980244078578,-1.5297444502459925,-0.21473914781679326,0.0,-0.00011403440294088796,-1.1884200399610968e-37,0.0,0.0,0.0,1788855165.4445953
3646.902,-0.36534630646583893,-0.5986868748440695,0.22237197531671074,0.7957828950588615,2.9262124898326993,0.18528413922782144,0,3,0.8280711770057678,-0.9403300446322937,1.386167351399557,-1.8600932560362757,-1.5297630468951624,-0.21472388902773076,0.0,0.00039008838939480484,-0.0,-0.0,0.0,0.0,1788855165.5447233
3647.002,-0.36532118142776765,-0.5986962683044441,0.22236602446497922,0.7957144350584744,2.9261919065862947,0.18528443128233385,0,3,0.8281023502349854,-0.940333442097046,1.3861859480487269,-1.8600899181761683,-1.5297287146197718,-0.21473580995668584,0.0,3.4770520869642496e-05,-0.0,-0.0,0.0,0.0,1788855165.6447895
3647.102,-0.36529638020467853,-0.5986963995943764,0.22232063761195822,0.7956739114630685,2.9261762868038477,0.18544286524562262,0,3,0.8281335234642029,-0.9402974408916016,1.3862288633929651,-1.8600689373412074,-1.529759709035055,-0.21472722688783819,0.0,0.0003472058451734483,-0.0,-0.0,0.0,0.0,1788855165.7448711
3647.2019999999998,-0.365312677842486,-0.5986892711752165,0.2223371160995996,0.7956990344703757,2.92618362824397,0.18541168344895376,0,3,0.8281095623970032,-0.9403128188899537,1.3862140814410608,-1.8600622616209925,-1.5297630468951624,-0.21473580995668584,0.0,0.00010983383981510997,-0.0,5.3966658015269786e-05,0.0,0.0,1788855165.8449793
3647.3019999999997,-0.36531838088327084,-0.5986835413646894,0.22232675852212608,0.7957087679307273,2.926142113631171,0.18544728349074516,0,3,0.8280951380729675,-0.9403008979609986,1.3862140814410608,-1.8600355587401332,-1.5297444502459925,-0.21473914781679326,0.0,1.1401370682301366e-39,5.096269432623639e-34,0.0,0.0,0.0,1788855165.9450758
3647.402,-0.36532256483094727,-0.5986754883155325,0.22230264393608537,0.7957405799641314,2.9261286328304936,0.18553640026855342,0,3,0.8280866742134094,-0.9402769368937989,1.3862288633929651,-1.8600226841368617,-1.52977162996401,-0.21472388902773076,0.0,6.402126018656418e-05,-0.0,0.0,0.0,0.0,1788855166.0451667
3647.502,-0.3653116133791838,-0.5986863885744671,0.2222554353707829,0.7957066129202054,2.9260685789430116,0.1855735416020012,0,3,0.8281023502349854,-0.9402135175517579,1.3862417379962366,-1.8600455723204554,-1.5297253767596644,-0.21472388902773076,0.0,-2.582027473774229e-15,-0.0,9.500616441730386e-33,0.0,0.0,1788855166.1452327
3647.602,-0.36530496557543546,-0.5986908567525376,0.222236873263422,0.7956600763908609,2.92608336165976,0.18564619531093102,0,3,0.828117847442627,-0.940186159019806,1.386237923298971,-1.8600298366942347,-1.5297530333148401,-0.21473914781679326,0.0,0.0,2.895354539601997e-22,0.0,0.0,0.0,1788855166.245321
3647.7019999999998,-0.36530254415067404,-0.5986936240010496,0.22223140839000147,0.795675570846927,2.9260670225162175,0.1856454949962444,0,3,0.8281214237213135,-0.9401777547648926,1.386237923298971,-1.8600331745543421,-1.529741112385885,-0.21472388902773076,0.0,7.759696745779365e-05,-0.0,0.0,-0.0,0.0,1788855166.3453913
3647.8019999999997,-0.36532892385122734,-0.5986820286222008,0.22223194497835191,0.7957587691024163,2.9260751352808345,0.1856647003597768,0,3,0.8280866742134094,-0.9401691120914002,1.3862221876727503,-1.8600298366942347,-1.5297749678241175,-0.21470433870424444,0.0,4.632588752429001e-05,-0.0,0.0,-0.0,0.0,1788855166.4455
3647.902,-0.3653071659757308,-0.598676984502627,0.22221071625605096,0.795682034064951,2.9260513506013877,0.18571419118158677,0,3,0.8281023502349854,-0.9401744169047852,1.3862798849688929,-1.8600331745543421,-1.5297563711749476,-0.21473580995668584,0.0,5.185221380088478e-05,-0.0,0.0,-0.0,0.0,1788855166.5456
3648.002,-0.36532420192228043,-0.5986810940405748,0.22220804117938214,0.7957151415498456,2.9260665403824757,0.18569922114896842,0,3,0.8280903100967407,-0.9401469987681885,1.386245075856344,-1.8600455723204554,-1.52977162996401,-0.2147277037249964,0.0,1.1632687738320858e-26,-0.0,0.0,-0.0,0.0,1788855166.645691
3648.102,-0.36530522207769434,-0.5986924268030511,0.222214195060901,0.79565976535801,2.9260551071282324,0.18568971268945847,0,3,0.828117847442627,-0.9401537936976929,1.386237923298971,-1.8600245914854945,-1.5297444502459925,-0.21473580995668584,0.0,0.0,-0.0,0.0,-0.0,0.0,1788855166.7458115
3648.2019999999998,-0.36529328308804354,-0.5987022198322938,0.22222531143369606,0.7956771449307781,2.9260748837082975,0.18565323427443306,0,4,0.8281407356262207,-0.940165714626648,1.3862345854388636,-1.860042234460348,-1.5297477881061,-0.21470433870424444,0.0,0.0,-0.0,0.0,-0.0,0.0,1788855166.8458648
3648.3019999999997,-0.36531045299174075,-0.598696732041185,0.22222218888734543,0.7957046723564728,2.9260997798622435,0.18565889654050516,0,4,0.8281214237213135,-0.9401537936976929,1.3862255255328577,-1.8600570164122523,-1.529778782521383,-0.21470767656435186,0.0,0.0,-0.0,0.0,-0.0,0.0,1788855166.9459505
3648.402,-0.3653139361840039,-0.598688017562255,0.222228965969551,0.7956799882575712,2.926067084008655,0.1856793350436263,0,4,0.8281059265136719,-0.9401691120914002,1.3862255255328577,-1.8600107632079066,-1.5297563711749476,-0.21473580995668584,0.0,2.4017737198095564e-39,-0.0,0.0,-0.0,0.0,1788855167.0459728
3648.502,-0.36531692829482226,-0.5986927557681189,0.22223655220284402,0.7956997021952785,2.9261056110454664,0.18562209277259642,0,4,0.8281095623970032,-0.9401725095561524,1.3862221876727503,-1.8600570164122523,-1.52977162996401,-0.21472388902773076,0.0,0.0,-0.0,0.0,-0.0,0.0,1788855167.14611
3648.602,-0.3653066830941092,-0.5986846748482921,0.22221768655032959,0.7956820607323938,2.9260317165991236,0.18567542406411652,0,4,0.8281059265136719,-0.9401709598353882,1.3862574736224573,-1.8600264988341273,-1.5297253767596644,-0.2147310415851038,0.0,0.0,-0.0,0.0,-0.0,0.0,1788855167.2461827
3648.7019999999998,-0.36531788045523594,-0.5986791338611511,0.22218806794254906,0.79568975695649,2.9260185863110744,0.1857310357549166,0,4,0.828090250492096,-0.9401315611651917,1.3862651030169886,-1.8600369892516078,-1.5297377745257776,-0.21473914781679326,0.0,0.0,-0.0,0.0,-0.0,0.0,1788855167.3462756
3648.8019999999997,-0.3653054512563197,-0.5986982611266366,0.22223133885823365,0.7956723640237263,2.926083761116429,0.1856517493139668,0,4,0.8281250596046448,-0.940165714626648,1.3862183729754847,-1.8600298366942347,-1.5297563711749476,-0.21472388902773076,0.0,0.0,-0.0,0.0,-0.0,0.0,1788855167.4463854
3648.902,-0.3653160292783162,-0.5986866801728382,0.22221486670111723,0.7956794556032136,2.9260638524957683,0.18568577497892225,0,4,0.8281023502349854,-0.9401537936976929,1.386237923298971,-1.8600331745543421,-1.5297563711749476,-0.21473914781679326,0.0,0.0,-0.0,0.0,-0.0,0.0,1788855167.546443
3649.002,-0.36530114103588246,-0.5986935596845868,0.22221098411055346,0.7956540316515951,2.9260601577281666,0.1857172338433049,0,4,0.8281250596046448,-0.9401503962329407,1.386237923298971,-1.8600145779051722,-1.5297563711749476,-0.21473247209657842,0.0,0.0,-0.0,0.0,-0.0,0.0,1788855167.6465337
3649.102,-0.36530507569942533,-0.5986936581297616,0.22222381110275208,0.7956820314043017,2.926080002516458,0.18566366390897268,0,4,0.8281214237213135,-0.940165714626648,1.386237923298971,-1.860042234460348,-1.529759709035055,-0.21472055116762334,0.0,0.0,-0.0,0.0,-0.0,0.0,1788855167.746634
3649.2019999999998,-0.3653101021104188,-0.5986860749945553,0.22222954686630836,0.7956956013599804,2.9260481184892875,0.1856738137472712,0,4,0.8281059265136719,-0.9401777547648926,1.386237923298971,-1.8600107632079066,-1.529741112385885,-0.21472388902773076,0.0,0.0,-0.0,0.0,-0.0,0.0,1788855167.8467548
3649.3019999999997,-0.3653060125883617,-0.5986969235717959,0.22223466583653873,0.7956439758938215,2.9260831083386507,0.18563231638755806,0,4,0.8281214237213135,-0.9401725095561524,1.3862221876727503,-1.8600331745543421,-1.5297444502459925,-0.2147463003741663,0.0,0.0,-0.0,0.0,-0.0,0.0,1788855167.9468324
3649.402,-0.3653109737677646,-0.5986820423618191,0.2222202487973916,0.7957273522100015,2.926067178528549,0.1857077418478609,0,4,0.8281059265136719,-0.9401725095561524,1.3862536589251917,-1.8600264988341273,-1.5297749678241175,-0.21470433870424444,0.0,0.0,-0.0,0.0,-0.0,0.0,1788855168.0469065
3649.502,-0.3653140962456556,-0.5986882041358891,0.22222877586186035,0.7957243028493612,2.926071118887336,0.18564756016341688,0,4,0.8281059265136719,-0.9401725095561524,1.386237923298971,-1.8600455723204554,-1.5297563711749476,-0.21470767656435186,0.0,0.0,-0.0,0.0,-0.0,0.0,1788855168.1469607
3649.602,-0.3653128115930791,-0.5986927450847602,0.2222363003169704,0.7956751212476394,2.926065278498377,0.18564473538961093,0,4,0.8281095623970032,-0.9401725691607972,1.3862150351153772,-1.8600145779051722,-1.529741112385885,-0.21473580995668584,0.0,0.0,-0.0,0.0,-0.0,0.0,1788855168.2470086
3649.7019999999998,-0.36532009180703173,-0.5986819863935526,0.22222393747689007,0.7957618254331157,2.9260532640707146,0.18567555424185606,0,4,0.8280938863754272,-0.9401691120914002,1.3862412611590784,-1.8600331745543421,-1.529759709035055,-0.21469289461244756,0.0,0.0,-0.0,0.0,-0.0,0.0,1788855168.3471408
3649.8019999999997,-0.36530453609196384,-0.5986772415156958,0.2222294184609473,0.7956974942256824,2.9260635375495028,0.18568828422541003,0,4,0.8281059265136719,-0.9401997488788147,1.386275593434469,-1.860026021996969,-1.529759709035055,-0.21472388902773076,0.0,0.0,-0.0,0.0,-0.0,0.0,1788855168.4472175
