controller_time_s,tcp_x,tcp_y,tcp_z,tcp_rx,tcp_ry,tcp_rz,gripper_state,gripper_event_counter,actual_q_0,actual_q_1,actual_q_2,actual_q_3,actual_q_4,actual_q_5,actual_qd_0,actual_qd_1,actual_qd_2,actual_qd_3,actual_qd_4,actual_qd_5,host_receive_time_s
2716.009,-0.44795600973465005,-0.47795189862525955,0.33976570211302115,1.1351144936406201,2.8938225015345114,-0.026767764343699665,0,0,0.6090959310531616,-1.1708104473403473,1.4655254522906702,-1.8609158001341761,-1.5287030378924769,-0.21471673647035772,0.0,0.0,-0.0,0.0,-0.0,-0.0,1789113799.1524243
2716.109,-0.44795723303996854,-0.47790978633973585,0.3397103363750611,1.1351712413230035,2.8937555905521606,-0.02660400266236416,0,0,0.6090445518493652,-1.1708225768855591,1.4656603972064417,-1.8609262905516566,-1.5287259260760706,-0.21472055116762334,-0.00012581048940774053,0.0,0.00012902125308755785,0.0,0.00011907012958545238,-0.0,1789113799.2412157
2716.209,-0.44796013847852467,-0.4779032863432915,0.3397074880782376,1.1351660843266247,2.8937715802966903,-0.026590226175021606,0,0,0.6090360879898071,-1.1708261531642457,1.465672794972555,-1.860934396783346,-1.5287416617022913,-0.21473580995668584,-9.957572910934687e-05,0.0,3.0821892576681254e-25,0.0,6.150751141831279e-05,-0.0,1789113799.3398564
2716.3089999999997,-0.44795992291314063,-0.4779027004689471,0.3397077659520024,1.1351763815052074,2.8937276827541574,-0.02655758077376915,0,0,0.6090325117111206,-1.1708225768855591,1.4656570593463343,-1.8608843288817347,-1.528722111378805,-0.21472388902773076,-1.303821316932623e-24,0.0,-0.0,0.0,0.0,-0.0,1789113799.4399493
2716.4089999999997,-0.44795049214371174,-0.4779064065978931,0.3397136474169104,1.1351449984722064,2.8937670903640784,-0.026572791273889992,0,0,0.6090481281280518,-1.1708380740932007,1.4656694571124476,-1.8609034023680628,-1.5287378470050257,-0.21473580995668584,0.0,0.0,-1.358572734017707e-38,0.0,0.0,-0.0,1789113799.539798
2716.509,-0.44795337094875487,-0.47789855201672427,0.3396873534648806,1.13521905710593,2.8937192848282685,-0.026520149486489633,0,0,0.6090360879898071,-1.1708225470832367,1.4657071272479456,-1.8609191379942835,-1.5287416617022913,-0.21469289461244756,0.0,0.0,-0.0,0.0,0.0,-0.0,1789113799.6398847
2716.609,-0.4479691344338885,-0.47788846878123686,0.33973307792176,1.1352212526988532,2.8937423026441302,-0.026584333697797696,0,0,0.6090085506439209,-1.1708535713008423,1.46564227739443,-1.8608690700926722,-1.5287378470050257,-0.21472388902773076,-2.437724469928071e-05,0.0,-0.0,0.0,0.0,-0.0,1789113799.7397568
2716.709,-0.447961009127328,-0.4779058058210308,0.33970998558877913,1.1352015469670564,2.893741692681784,-0.026599522321893745,0,0,0.6090360879898071,-1.1708225470832367,1.4656603972064417,-1.8609229526915492,-1.5287259260760706,-0.21470767656435186,-1.0354384357924573e-05,0.0,-0.0,0.0,0.0,-0.0,1789113799.8397868
2716.8089999999997,-0.44797047385337335,-0.4778959235820421,0.33970327785245047,1.1351922301557738,2.893756095602404,-0.026589611109737177,0,0,0.6090168356895447,-1.1708189708045502,1.465672794972555,-1.8609382114806117,-1.5287378470050257,-0.21473580995668584,0.0,0.0,-0.0,0.0,0.0,-0.0,1789113799.9399023
2716.9089999999997,-0.44796477234070625,-0.4779079670788871,0.3397081293401725,1.1352137783982963,2.8937233197699728,-0.02655838555266154,0,0,0.6090360879898071,-1.1708069306663056,1.465635124837057,-1.8608843288817347,-1.5287297407733362,-0.21469670930971319,0.0,0.0,-0.0,0.0,0.0,-0.0,1789113800.0395858
2717.009,-0.447974969377391,-0.477893565544735,0.3397115763126421,1.135202582353417,2.893747194875984,-0.026602056141301584,0,0,0.6090085506439209,-1.1708225768855591,1.4656570593463343,-1.8609229526915492,-1.5287297407733362,-0.21473580995668584,0.0,0.0,-0.0,0.0,0.0,-0.0,1789113800.1396606
2717.109,-0.44797617252234695,-0.4778877727517864,0.3397103107808109,1.1352019939743423,2.893743558297986,-0.02657045244092726,0,0,0.6090013384819031,-1.1708261531642457,1.4656603972064417,-1.8609034023680628,-1.5287378470050257,-0.2147429625140589,0.0,0.0,-8.27567571167826e-28,0.0,0.0,-0.0,1789113800.2396073
2717.209,-0.4479658602306886,-0.47789693193070865,0.3397111982400522,1.135182755672782,2.8937461512668157,-0.026593357582920623,0,0,0.6090204119682312,-1.170829789047577,1.4656661192523401,-1.8609158001341761,-1.5287259260760706,-0.21473580995668584,4.0527717646132446e-22,0.0,-0.0,0.0,0.0,-0.0,1789113800.3396156
2717.3089999999997,-0.4479564788100974,-0.4779040253241385,0.3397033837655366,1.135131921285975,2.8937614307941697,-0.026548958768850675,0,0,0.6090397238731384,-1.1708225768855591,1.4656694571124476,-1.8609000645079554,-1.5287378470050257,-0.21475106874574834,0.0,0.0,-0.0,0.0,0.0,-0.0,1789113800.439604
2717.4089999999997,-0.447978128821966,-0.4778867815055252,0.3396893869050691,1.135233435147397,2.8937057232335315,-0.026547805270966854,0,0,0.6089964509010315,-1.1708069008639832,1.4656818548785608,-1.8609191379942835,-1.5287259260760706,-0.21472055116762334,0.0,0.0,-0.0,0.0,0.0,-0.0,1789113800.5396423
2717.509,-0.4479070666127408,-0.47793593204569834,0.33970233504566544,1.135015626948909,2.893769792599695,-0.02655443175096154,0,0,0.6091198921203613,-1.1708452564528962,1.4657014052020472,-1.8608948192992152,-1.5287068525897425,-0.2147429625140589,0.00036971073132008314,0.0,0.0006122741615399718,0.0,0.0,-0.0,1789113800.6396637
2717.609,-0.44794101724396984,-0.4779138348078435,0.3396528718925675,1.1351134172155621,2.8936911402291017,-0.026421571635349157,0,0,0.6090636253356934,-1.170779363518097,1.4657133261310022,-1.8608795605101527,-1.528722111378805,-0.21472388902773076,-0.000386840314604342,0.0,0.00018038973212242126,0.0,0.0,-0.0,1789113800.7396352
2717.709,-0.44783352523256126,-0.47785732041943924,0.3394167414271045,1.1349760628193475,2.893450786527864,-0.02577040166276528,0,0,0.6090874671936035,-1.170802192097046,1.4662421385394495,-1.8608833752074183,-1.528722111378805,-0.21473580995668584,0.0005069950711913407,3.783505853677006e-44,0.006579849869012833,0.0,0.0,-0.0,1789113800.839623
2717.8089999999997,-0.44768765518567943,-0.4777375661871928,0.33897485225051965,1.1348549663822274,2.8929085607915326,-0.024466241640401606,0,0,0.6090647578239441,-1.1707697969726105,1.4671061674701136,-1.8607732258238734,-1.528722111378805,-0.21472388902773076,7.599430516985979e-26,0.00043603286030702293,0.015597837045788765,0.00033500746940262616,0.0,-0.0,1789113800.9396284
2717.9089999999997,-0.4474924505943681,-0.4775858974482394,0.3383792745777241,1.1346775186346978,2.892316237457309,-0.022734707758266262,0,0,0.6090600490570068,-1.170714632873871,1.4682758490191858,-1.8607241115965785,-1.5288170019732874,-0.21472055116762334,-0.00016769624198786914,0.0013020011829212308,0.041397612541913986,0.001312508131377399,1.9345314864825395e-23,-0.0,1789113801.0396423
2718.009,-0.4458952020011751,-0.4765934442814215,0.3343869811405151,1.1329651047066684,2.887981872890754,-0.011815750070887594,0,0,0.6092157363891602,-1.1707530182651062,1.4767573515521448,-1.8607117138304652,-1.5287941137896937,-0.21473914781679326,0.000490437145344913,5.212028918322176e-05,0.1414152979850769,0.00012152908311691135,-0.00011008684668922797,-0.0,1789113801.1396832
2718.109,-0.44251224533952604,-0.4738312342488747,0.32516457247610386,1.1303075746682159,2.877351772979899,0.01335756526864813,0,0,0.608705461025238,-1.1708058279803772,1.4964526335345667,-1.8607922993102015,-1.52881366411318,-0.21472388902773076,-0.009034182876348495,-0.0003518856246955693,0.26759347319602966,6.11800459182632e-08,-5.872221501781625e-15,-0.0,1789113801.2396307
2718.209,-0.4365463877984249,-0.46911353380865356,0.3101348110981013,1.125514553060798,2.8594720751296423,0.05439184150048911,0,0,0.6079782843589783,-1.1708894532969971,1.52897817293276,-1.8610111675658167,-1.5287931601153772,-0.21473580995668584,-0.00884743221104145,-0.0004418035096023232,0.36496493220329285,-0.005264402832835913,-1.8323352245059681e-34,-0.0,1789113801.339597
2718.3089999999997,-0.43004071784046927,-0.4634408118672119,0.294370950312957,1.1213971667356728,2.8400521555675953,0.09625507552641249,0,0,0.6064652800559998,-1.1712415975383301,1.564359490071432,-1.8627482853331507,-1.5288060347186487,-0.21475106874574834,-0.023179857060313225,-0.011685631237924099,0.313622385263443,-0.04004766419529915,-0.0,-0.0,1789113801.4396596
2718.4089999999997,-0.4271172437322245,-0.45802797748391466,0.2844494472082634,1.1236986353982392,2.8252439032956684,0.12240988819620995,0,0,0.6019254326820374,-1.17189176500354,1.5876200834857386,-1.8641263447203578,-1.528825585042135,-0.21472055116762334,-0.05362335965037346,-1.0523250192518308e-14,0.15584072470664978,-0.0002697533927857876,-0.0,-0.0,1789113801.539568
2718.509,-0.4275643142078616,-0.4538875313577321,0.2799062297811457,1.1300377072749006,2.8157221152059235,0.1346153231999522,0,0,0.5959096550941467,-1.171883450155594,1.5978205839740198,-1.8640924892821253,-1.5288384596454065,-0.21473580995668584,-0.07218801230192184,0.0,0.04451144486665726,-7.112045568646863e-05,-0.00031410614610649645,-0.0,1789113801.6396585
2718.609,-0.43142259673266303,-0.4499256900230571,0.2795473809485336,1.142341518338608,2.809972189741065,0.13467931350739076,0,0,0.5869747400283813,-1.1719038051417847,1.5987051169024866,-1.8643351993956507,-1.528869930897848,-0.21473914781679326,-0.09271781891584396,0.0,-0.0001439654442947358,-0.0024028043262660503,-0.00012126598448958248,-0.0,1789113801.7396662
2718.709,-0.4350155371020293,-0.4464226731510587,0.279474195414605,1.1534915322576327,2.805231037815689,0.1345214394215723,0,0,0.5789709091186523,-1.1718389850905915,1.5987723509417933,-1.864302774468893,-1.5292003790484827,-0.21473580995668584,-0.05759463831782341,0.00022182497195899487,-0.0,-9.028347994899377e-05,-0.011401630938053131,-0.0,1789113801.839665
2718.8089999999997,-0.4362017231789375,-0.445286278634232,0.27929235739205127,1.1570630478639525,2.803758726180573,0.1350363652072437,0,0,0.5764036178588867,-1.1715600055507203,1.5987942854510706,-1.8642908535399378,-1.529581371937887,-0.21473580995668584,-0.0009044097387231886,0.00045571764349006116,0.0002965638996101916,-4.3321431265894226e-16,-0.0005964530282653868,-0.0,1789113801.9396687
2718.9089999999997,-0.4361745633441811,-0.4452968012002132,0.279209143576236,1.1569885110307105,2.8039253693255257,0.13551205572094047,0,0,0.5764898657798767,-1.1714643698981781,1.5988438765155237,-1.8642670116820277,-1.5298712889300745,-0.21472055116762334,0.0,0.004650378134101629,0.00011687532969517633,-0.0,-0.007645337842404842,-0.0,1789113802.03968
2719.009,-0.4363803529758568,-0.44529311858293785,0.2782766310005188,1.156878966023967,2.8041758067152793,0.13865852844265497,0,0,0.5765352845191956,-1.1699411135962983,1.598849121724264,-1.8642875156798304,-1.531313721333639,-0.21473247209657842,0.00022927491227164865,0.01630265824496746,0.00015505104965995997,-0.0,-0.004959733225405216,-2.4293069778025256e-09,1789113802.1397035
2719.109,-0.4364655281502306,-0.4452931782772304,0.2777833865161317,1.1567436015521315,2.805371992155945,0.14137966615564868,0,0,0.5767784118652344,-1.1691174668124695,1.59882098833193,-1.8643113575377406,-1.5332687536822718,-0.21475106874574834,0.0025180636439472437,0.0041934046894311905,2.0095207219128497e-05,-1.5835128909650417e-37,-0.04618457704782486,-0.0,1789113802.2396343
2719.209,-0.4370278820197472,-0.44460291186876405,0.27711512764696244,1.1582907162508969,2.8121449617316934,0.15137396854366086,0,0,0.5769016742706299,-1.1680732530406495,1.5988367239581507,-1.864314695397848,-1.5429094473468226,-0.21473580995668584,0.0022852022666484118,0.018772758543491364,-0.0,-1.3857852536602877e-05,-0.11775600165128708,-0.0,1789113802.3400857
2719.3089999999997,-0.43750127805394984,-0.44454761932603565,0.2743218237308661,1.1576505803143873,2.8174150553802515,0.16574468694439096,0,0,0.5779710412025452,-1.1635195475867768,1.5988438765155237,-1.8643180332579554,-1.5525243918048304,-0.21473580995668584,0.012723526917397976,0.07515864819288254,-0.0,-0.0,-0.04759039729833603,-0.0,1789113802.4396324
2719.4089999999997,-0.43745579000535983,-0.44606633588450734,0.26815255494818946,1.1523151871980002,2.813434239476534,0.17903145531639977,0,0,0.5802174210548401,-1.1534123879722138,1.598849121724264,-1.864302774468893,-1.5533211866961878,-0.21473914781679326,0.027813369408249855,0.1235032007098198,-0.0,-0.0,-0.00018863767036236823,-0.0,1789113802.5396254
2719.509,-0.43823018061879354,-0.4475973366663512,0.26069660032907294,1.1481868416034255,2.8087934031377797,0.19054655939270013,0,0,0.5816081762313843,-1.1407467287829895,1.5988243261920374,-1.8676253757872523,-1.5533536116229456,-0.21473580995668584,1.869962943601422e-05,0.09438784420490265,-0.0,-0.09628812968730927,-0.0001349953527096659,-0.0,1789113802.6396961
2719.609,-0.43984663992029116,-0.4486297547328672,0.25800942754228684,1.149520506746848,2.812285736689394,0.18347485146382725,0,0,0.5815566778182983,-1.1347944897464295,1.5988605658160608,-1.8794247112669886,-1.5533650557147425,-0.2147429625140589,0.0016044661169871688,0.03336457535624504,0.00010405491048004478,-0.09895050525665283,-0.0001766861678333953,-0.0,1789113802.7396502
2719.709,-0.43919235747356705,-0.44963647853430544,0.25711920479979217,1.1468783179358553,2.8136942456253546,0.1832370917066098,0,0,0.5835080742835999,-1.1333384674838562,1.599269215260641,-1.881604333917135,-1.5533579031573694,-0.21473914781679326,0.032265279442071915,0.0018862743163481355,0.021654842421412468,-2.410771366376343e-18,-8.325942326337099e-05,-0.0,1789113802.8396661
2719.8089999999997,-0.4364949925357752,-0.45042266481303905,0.25516062851873966,1.14096758558436,2.8142514253281887,0.18993428567569787,0,0,0.5871940851211548,-1.133367435341217,1.6038616339312952,-1.8817783794798792,-1.554519001637594,-0.21473580995668584,0.04608113318681717,-3.103976719759515e-17,0.05375107377767563,-0.00600541103631258,-0.03158208355307579,-0.0,1789113802.9396229
2719.9089999999997,-0.43484239565737215,-0.4507176455034897,0.253478795964722,1.1382742245266941,2.8201004017428417,0.1933750012282019,0,0,0.5898699760437012,-1.1334872108748932,1.6090591589557093,-1.8877550564207972,-1.5593116919146937,-0.21473580995668584,0.004031202755868435,-0.00023355935991276056,0.04894816875457764,-0.14333535730838776,-0.056714411824941635,-0.0,1789113803.0396538
2720.009,-0.4365848366445441,-0.45083772726403654,0.25393249278931695,1.144482019155763,2.8356353820640123,0.1745113499207042,0,0,0.5893549919128418,-1.1337975424579163,1.6129148642169397,-1.910778661767477,-1.5649421850787562,-0.21472055116762334,-0.009644750505685806,-0.0009496272541582584,0.03640707582235336,-0.2978484332561493,-0.044066376984119415,-0.0,1789113803.139714
2720.109,-0.4381864757222971,-0.45129035527470474,0.2539881241978005,1.1507440923538714,2.849673019673281,0.14783438942635618,0,0,0.5887476801872253,-1.1338502925685425,1.6184490362750452,-1.938876291314596,-1.5664523283587855,-0.21473580995668584,0.00019055893062613904,-0.003510719398036599,0.08132065087556839,-0.2058655023574829,-0.00020716343715321273,-0.0,1789113803.2396536
2720.209,-0.4357982945717195,-0.4497965085160724,0.24943735523165822,1.150097704508676,2.848889035199073,0.15023612638127445,0,0,0.5889116525650024,-1.1343453091434021,1.6318987051593226,-1.9500380955138148,-1.5666478315936487,-0.21472055116762334,0.0006529170204885304,-0.009789545089006424,0.18754297494888306,-0.0512617789208889,-0.0009818607941269875,-0.0,1789113803.3397477
2720.3089999999997,-0.4311142633292068,-0.44683204762856493,0.2424985441672263,1.146616093720742,2.8415011714202683,0.16691591223815608,0,0,0.5891776084899902,-1.136008934383728,1.651299778615133,-1.9544927082457484,-1.5668910185443323,-0.21473914781679326,0.0010645728325471282,-0.01824713684618473,0.19134633243083954,-0.11042407155036926,-0.0035137746017426252,-0.0,1789113803.4397757
2720.4089999999997,-0.42943563205234864,-0.4451767141814951,0.23901754635110806,1.15112463914551,2.850017454467759,0.14782333361429575,0,0,0.5884289741516113,-1.1387438041022797,1.6696322599994105,-1.985443731347555,-1.5668991247760218,-0.21472055116762334,-0.016192618757486343,-0.025332706049084663,0.1587880253791809,-0.5148987174034119,-0.0001763766340445727,-0.0,1789113803.5397084
2720.509,-0.4318546967338374,-0.44510000462832394,0.2384460752437486,1.1643376966057357,2.874377388329687,0.09215874441962475,0,0,0.5861326456069946,-1.1396143597415467,1.6845749060260218,-2.0441090069212855,-1.567277733479635,-0.21473914781679326,-0.003060720395296812,-2.989783628868292e-15,0.15784849226474762,-0.5918840169906616,-0.008901206776499748,-0.0,1789113803.6397538
2720.609,-0.43191548149463305,-0.44479462007696385,0.23568774793365027,1.1726263499010594,2.896855559347203,0.05214052297781847,0,0,0.5863290429115295,-1.1395795804313202,1.7025354544269007,-2.096593519250387,-1.5715835730182093,-0.21473580995668584,0.0001363413903163746,9.15356182866257e-41,0.17372463643550873,-0.4406847059726715,-0.0717983990907669,-0.0,1789113803.7397676
2720.709,-0.43001068930459896,-0.44272517130767464,0.23097987449583218,1.1756638572749905,2.9028489685738026,0.04758644460626528,0,0,0.5858331918716431,-1.1396107238582154,1.7186625639544886,-2.1188866100706996,-1.5753987471209925,-0.21473962465395147,-0.00981192197650671,3.472837984136194e-41,0.1477554738521576,0.0026585711166262627,-0.0008608970092609525,-0.0,1789113803.839784
2720.8089999999997,-0.4259846287411739,-0.43958217847195075,0.22417455361134492,1.1729659787291062,2.8936325000211482,0.06829695991934646,0,0,0.5851792097091675,-1.1396058958819886,1.7347338835345667,-2.1187664471068324,-1.5754144827472132,-0.21472388902773076,-0.01098641287535429,-1.5380056117564322e-09,0.15066298842430115,0.0005466333241201937,-0.0001059386195265688,-0.0,1789113803.939621
2720.9089999999997,-0.4229988825914791,-0.4365234710831948,0.218599874812811,1.1720865647792922,2.8854369224482714,0.08526237502939535,0,0,0.5836769342422485,-1.1396143299392243,1.748101536427633,-2.11881746868276,-1.575503174458639,-0.21472388902773076,-0.014286186546087265,0.0,0.11735708266496658,5.293711365084164e-05,-0.0048027653247118,-0.0,1789113804.039704
2721.009,-0.4215102342971531,-0.43367059239293543,0.21466597209989804,1.1736386845916045,2.8789860862957415,0.09766114343974898,0,0,0.5811229348182678,-1.1395940047553559,1.757580582295553,-2.118838449517721,-1.5760253111468714,-0.21473962465395147,-0.04169170558452606,0.0,0.060560669749975204,-1.4693917957386837e-11,-0.0004210294282529503,-0.0,1789113804.1396391
2721.109,-0.4234976213458508,-0.4310097996775679,0.21401034088127296,1.1813613635054587,2.8747952815676743,0.09921424528106368,0,0,0.5755115747451782,-1.1396022599986573,1.7592619101153772,-2.1191889248290003,-1.5760577360736292,-0.21472388902773076,-0.07142535597085953,-0.0007938190829008818,-0.0013436571462079883,-0.010069725103676319,-0.0002430488239042461,-0.0,1789113804.2397108
2721.209,-0.4272842535901475,-0.42744972998186065,0.21408524490260972,1.1938194404778504,2.8702381742893865,0.09737358992236433,0,0,0.5669668316841125,-1.1395350855639954,1.7593005339251917,-2.1205979786314906,-1.576078240071432,-0.21473962465395147,-0.10425109416246414,0.00023734141723252833,3.87246000173036e-05,-0.00046125188237056136,-8.431877358816564e-05,-0.0,1789113804.3397155
2721.3089999999997,-0.4308719084120069,-0.42381054472506324,0.21398451037330551,1.205778475398263,2.8648641740221255,0.09747772667984116,0,0,0.5585156083106995,-1.1394071143916626,1.759355370198385,-2.12056889156484,-1.5761378447162073,-0.21475488344301397,-0.05296336114406586,0.0009666173718869686,5.09913887186648e-16,-2.773883352347184e-05,-0.0011027953587472439,-0.0,1789113804.439715
2721.4089999999997,-0.4312920346546944,-0.4233941438101555,0.21389133907283486,1.2071660653112861,2.8641758359366443,0.0977702553226584,0,0,0.5575517416000366,-1.1392429035953064,1.7593334356891077,-2.1205107174315394,-1.5762088934527796,-0.21472055116762334,0.005259851459413767,0.0006007488700561225,0.0,-0.0,-0.00017428900173399597,-0.0,1789113804.5396883
2721.509,-0.4310939393483047,-0.42360967100146285,0.21373171754431883,1.2063932201131928,2.864312247666841,0.0981675740966732,0,0,0.5580391883850098,-1.1389770966819306,1.7593300978290003,-2.1204658947386683,-1.5762088934527796,-0.21472388902773076,0.0007298083510249853,0.013419601134955883,2.9103790438966826e-05,0.0008194739348255098,-8.890667231753469e-05,-0.0,1789113804.6396444
2721.609,-0.43080867562007813,-0.4240820070856131,0.2122588931832976,1.2044758139243597,2.863474065178288,0.10133417863919582,0,0,0.5589720010757446,-1.1364698571017762,1.759308163319723,-2.120442052880758,-1.5762088934527796,-0.21470433870424444,0.022862378507852554,0.03563063219189644,-0.0,0.0001380580069962889,-4.0036218343897687e-35,-0.0,1789113804.7398686
2721.709,-0.4298894174033026,-0.42532194781349275,0.2095771696919786,1.1996260262073006,2.86257518986972,0.10699132355446782,0,0,0.561570405960083,-1.1319272977164765,1.7593253294574183,-2.1205173931517542,-1.5761812368976038,-0.21473580995668584,0.03614848107099533,0.046404771506786346,4.980254968414293e-23,6.706948596502116e-08,-0.0,-0.0,1789113804.8396902
2721.8089999999997,-0.4288578131923169,-0.4265792698883353,0.20761374488799028,1.1949298508356971,2.8623842042044196,0.11122178400232413,0,0,0.5642966628074646,-1.128594384794571,1.7593095938311976,-2.1204987965025843,-1.5761569182025355,-0.21473580995668584,0.017645563930273056,0.01517796516418457,-0.0,0.0,-0.0,-0.0,1789113804.9396338
2721.9089999999997,-0.4282346595683308,-0.42723903382010037,0.20730726474150257,1.1926320548313518,2.863053981372156,0.11195185385443725,0,0,0.565807580947876,-1.1280705493739625,1.7592971960650843,-2.120474954644674,-1.5761731306659144,-0.21475488344301397,0.022548897191882133,0.002277787309139967,-1.1405770759479346e-39,0.0,-0.0,-0.0,1789113805.0396903
2722.009,-0.4273821284357834,-0.42812303487712533,0.2069052726529796,1.189595843772499,2.863906400934695,0.1128880627207919,0,0,0.5678422451019287,-1.1274030965617676,1.7593095938311976,-2.1204453907408656,-1.5761569182025355,-0.21473580995668584,0.012906843796372414,0.015885980799794197,-0.0,0.0,-0.0,-0.0,1789113805.1396852
2722.109,-0.4273665394622844,-0.42837960243566026,0.2046433664103534,1.1881066675676408,2.862005070549424,0.11765173727835936,0,0,0.5682206153869629,-1.1235576134971161,1.7592938582049769,-2.120481630364889,-1.576165501271383,-0.21475106874574834,0.006809225305914879,0.044474050402641296,-9.74757224768986e-41,0.0,-0.0,-0.0,1789113805.239651
2722.209,-0.4266624537408375,-0.4293912340535729,0.20163354233510344,1.1839357192679163,2.860398151870517,0.12403490315771323,0,0,0.5702970623970032,-1.1184296768954773,1.7592461744891565,-2.120493551293844,-1.5761449972735804,-0.21473580995668584,0.023897482082247734,0.05725565925240517,-0.0,0.0,-0.0,-0.0,1789113805.3396478
2722.3089999999997,-0.42571893022161833,-0.4305580456112452,0.19895158595050133,1.1792499477165659,2.859381519823946,0.12977112776306973,0,0,0.57281494140625,-1.113897518520691,1.7592552343951624,-2.1205021343626917,-1.5761330763446253,-0.21473962465395147,0.01355338841676712,0.026876358315348625,-7.787632137577311e-40,0.0,-0.0,-0.0,1789113805.439656
2722.4089999999997,-0.42554797105885167,-0.43074893567239764,0.19850423920133126,1.17849014258112,2.8591983349343293,0.1307438144490052,0,0,0.5732424259185791,-1.1131616693786164,1.7592857519732874,-2.1205021343626917,-1.5761330763446253,-0.21471673647035772,0.0002353749005123973,4.330523409756322e-19,-0.0,0.0,-0.0,-0.0,1789113805.5396914
2722.509,-0.42555722628267534,-0.4307376724456662,0.1984515877233961,1.1784920488600847,2.8590844216300346,0.1308906726762328,0,0,0.5732138752937317,-1.113078997736313,1.75928241411318,-2.1204453907408656,-1.5761092344867151,-0.21471673647035772,-0.0002880143001675606,0.00025501471827737987,-0.0,0.0,-0.0,-0.0,1789113805.6397202
2722.609,-0.425530109916004,-0.43071922814158814,0.19843325143495677,1.1784255548063856,2.8590022156027404,0.13110881426147672,0,0,0.5732138752937317,-1.1131017965129395,1.7593286673175257,-2.120298524896139,-1.5761163870440882,-0.21473580995668584,-9.16360950213857e-05,8.682353654876351e-05,-0.0,0.0018099419539794326,-9.177260729131831e-09,-0.0,1789113805.739702
2722.709,-0.42554278011851066,-0.4306959555100928,0.1983982638610358,1.178525233049033,2.858819702932028,0.1312156584076676,0,0,0.5731587409973145,-1.1130586427501221,1.7593334356891077,-2.1202150783934535,-1.5760543982135218,-0.21468907991518194,-2.9750430404617806e-35,1.2611686178923354e-44,-0.0,0.00033331100712530315,-0.0,-0.0,1789113805.8396497
2722.8089999999997,-0.4255266020103674,-0.43072390790123266,0.19840204621936702,1.178382332423893,2.8588868070449673,0.13120988922994772,1,1,0.5732138752937317,-1.1130478841117402,1.7593062559710901,-2.1202060184874476,-1.5760577360736292,-0.21473580995668584,0.0,1.8640974205085784e-35,4.4017859579525975e-08,0.00015052560775075108,-0.0,-0.0,1789113805.9396408
2722.9089999999997,-0.425522373226482,-0.43070263427420263,0.1983948024598149,1.1784063668863758,2.8588692188263125,0.1313078669309527,1,1,0.5731934309005737,-1.1130671066096802,1.7593448797809046,-2.120171686212057,-1.576092545186178,-0.21473580995668584,-2.294152909598779e-05,0.0,-0.0,0.00018564591300673783,-0.0,-0.0,1789113806.0396407
2723.009,-0.4255277850705199,-0.4307109793170072,0.19837406638902794,1.1783566189803085,2.858853227761871,0.1313258672696288,1,1,0.573197066783905,-1.1130166810802002,1.7593219915973108,-2.1201702557005824,-1.57607347169985,-0.2147586981402796,0.0,0.0,-0.0,8.846334094414487e-05,8.751158810442505e-26,-0.0,1789113806.1396742
2723.109,-0.42553764210510925,-0.430688932180855,0.19840511968344476,1.1784846375674536,2.8588135462761524,0.1312588193824336,1,1,0.5731538534164429,-1.1130826038173218,1.7593401114093226,-2.1201635799803675,-1.5760563055621546,-0.21471673647035772,0.0,0.0,-0.0,3.525621198816749e-29,0.0,-0.0,1789113806.2397165
2723.209,-0.42554934601337,-0.4307047290118252,0.19843329268763343,1.1784619113921337,2.8588275957794593,0.13109439702104791,1,1,0.5731551051139832,-1.1130946439555665,1.7592938582049769,-2.1201912365355433,-1.5759943167315882,-0.21473580995668584,0.0,0.0,-0.0,0.0,0.0001336785644525662,-0.0,1789113806.3397086
2723.3089999999997,-0.42554657799903955,-0.43069823094637993,0.19843795708501208,1.1784713225758487,2.8588327916504093,0.13110417394842613,1,1,0.5731502771377563,-1.113113747244217,1.7593095938311976,-2.120187898675436,-1.5760052839862269,-0.21473580995668584,-0.00014804379316046834,0.0,-0.0,0.0,8.223649638239294e-05,-0.0,1789113806.439778
2723.4089999999997,-0.4255425964367121,-0.4306980774928961,0.1984351113114561,1.1784591482674758,2.8587992290479707,0.13112467877763115,1,1,0.5731502771377563,-1.113113747244217,1.7593095938311976,-2.1201564274229945,-1.5759847799884241,-0.21473580995668584,-6.716932693962008e-05,0.0,-0.0,0.0,6.514017877634615e-05,-0.0,1789113806.5396945
2723.509,-0.42554294218195504,-0.43070937949220484,0.19840976728820459,1.1784107021196895,2.8588102572971215,0.13114126820291752,1,1,0.5731659531593323,-1.1130599242499848,1.7593005339251917,-2.120187898675436,-1.5759847799884241,-0.21475154558290654,0.0,0.0,-0.0,0.0,8.316644728635359e-39,-0.0,1789113806.63958
2723.609,-0.4255329340226695,-0.43071465559721983,0.19842511953322411,1.178439668134576,2.858813695060554,0.13110063277618533,1,1,0.5731814503669739,-1.11309106767688,1.7593095938311976,-2.1201945743956507,-1.575977627431051,-0.21472007433046514,0.0,0.0,-0.0,0.0,0.0,-0.0,1789113806.7396855
2723.709,-0.42555340820837767,-0.4307044693094306,0.19842534251990995,1.1784676534634215,2.8588024582569362,0.13107162633628255,1,1,0.573146641254425,-1.113078997736313,1.7592938582049769,-2.1202060184874476,-1.5759685675250452,-0.21473580995668584,0.0,0.0,-0.0,0.0,0.0,-0.0,1789113806.839692
2723.8089999999997,-0.4255436321263808,-0.43069851832243256,0.19843298333408466,1.1784893044330171,2.8587765141022112,0.1310970253404345,1,1,0.573146641254425,-1.113110141163208,1.759312931691305,-2.120171686212057,-1.5759652296649378,-0.21471673647035772,0.0,0.0,-0.0,0.0,2.757404956358384e-21,-0.0,1789113806.9396768
2723.9089999999997,-0.425543264963278,-0.4307119016968628,0.19843042640250283,1.178442628734472,2.8588192423259757,0.13105365086168008,1,1,0.5731659531593323,-1.11309106767688,1.7593005339251917,-2.1202131710448207,-1.5759652296649378,-0.21473580995668584,-0.0001680176064837724,0.0,-0.0,0.0,0.0,-0.0,1789113807.0396948
2724.009,-0.42555350292959276,-0.43069953101401437,0.19843161367768697,1.1784661220527042,2.8587924257213926,0.13107174628211027,1,1,0.5731383562088013,-1.1130946439555665,1.7592971960650843,-2.120187898675436,-1.5759614149676722,-0.2147429625140589,-1.6257004972430877e-05,0.0,-0.0,0.0,0.0,-0.0,1789113807.139696
2724.109,-0.4255394736684325,-0.4306976042624746,0.1984158524192833,1.1784628724514208,2.858809896548089,0.13112417850486605,1,1,0.5731538534164429,-1.11309106767688,1.7593367735492151,-2.1202131710448207,-1.5759933630572718,-0.21473199525942022,-2.396818287647259e-33,0.0,-0.0,0.0,0.0,-0.0,1789113807.2396533
2724.209,-0.4255455140586016,-0.4306972202581893,0.19842409700775857,1.1784837061226374,2.858762295115401,0.1311267955895318,1,1,0.5731430649757385,-1.1130946439555665,1.7593095938311976,-2.120159765283102,-1.5759652296649378,-0.21472007433046514,0.0,0.0,-0.0,0.0,0.0,-0.0,1789113807.339696
2724.3089999999997,-0.4255572832204784,-0.4307015153605375,0.1984346470967266,1.1784551552277602,2.858801266744701,0.131072254516651,1,1,0.5731383562088013,-1.11309106767688,1.75928241411318,-2.12017883876943,-1.5759652296649378,-0.21475154558290654,0.0,0.0,-0.0,0.0,0.0,-0.0,1789113807.4398584
2724.4089999999997,-0.42556032813526634,-0.43069364604534055,0.19844162141210958,1.17851108111111,2.858759808938624,0.13102978320189942,1,2,0.5731191635131836,-1.113110141163208,1.7592938582049769,-2.1201826534666957,-1.5759342352496546,-0.2147286573993128,0.0,0.0,-0.0,0.0,0.0,-0.0,1789113807.5396802
2724.509,-0.4255527616156678,-0.43070813573989397,0.1984475782705867,1.1784654072332532,2.8587895179672618,0.13101214516749118,1,2,0.5731467008590698,-1.113110141163208,1.7592790762530726,-2.1201826534666957,-1.5759342352496546,-0.21473580995668584,0.0,0.0,-0.0,0.0,0.0,-0.0,1789113807.6396694
2724.609,-0.4255510549285264,-0.4306988559198712,0.1984267149429617,1.1784539685667728,2.8587809527077592,0.13108271991459014,1,2,0.5731383562088013,-1.11309106767688,1.7593029181109827,-2.1201826534666957,-1.575953785573141,-0.21474773088564092,0.0,0.0,-0.0,0.0,0.0,-0.0,1789113807.7397444
2724.709,-0.4255605619940243,-0.4306875719138553,0.19842762443253636,1.178512007724694,2.8587675298946458,0.13109082294304578,1,2,0.5731155276298523,-1.1130946439555665,1.7593062559710901,-2.1201840839781703,-1.5759652296649378,-0.21473199525942022,0.0,0.0,-0.0,0.0,0.0,-0.0,1789113807.8397348
2724.8089999999997,-0.4255457500248547,-0.43070496279345166,0.19843994866537265,1.178479804560804,2.8587960271189075,0.1310686933391122,1,2,0.5731538534164429,-1.1131101113608857,1.7592971960650843,-2.12017883876943,-1.5759652296649378,-0.21472007433046514,0.0,0.0,-0.0,0.0,0.0,-0.0,1789113807.9396489
2724.9089999999997,-0.4255456884153933,-0.43071708196362146,0.19844653387751182,1.1784457378937585,2.8588042641002764,0.13100261080917863,1,2,0.5731658935546875,-1.1131065648845215,1.7592790762530726,-2.1201945743956507,-1.5759342352496546,-0.21473199525942022,0.0,0.0,-0.0,0.0,2.1045400986462265e-40,-0.0,1789113808.039696
2725.009,-0.42554280868080424,-0.43071842534036536,0.19843898586110587,1.1784537477810368,2.8587944064070743,0.1310564939514981,1,2,0.5731731057167053,-1.1130946439555665,1.759275261555807,-2.120171686212057,-1.5759499708758753,-0.21471673647035772,0.0,0.0,-0.0,0.0,0.0,-0.0,1789113808.1396775
2725.109,-0.4255645524811944,-0.4306957478542508,0.1984344747696397,1.1784934739315336,2.8587991651351445,0.1310352803069741,1,2,0.5731227397918701,-1.1130910974792023,1.7592905203448694,-2.1202131710448207,-1.575960938130514,-0.2147439161883753,0.0,0.0,-0.0,0.0,0.0,-0.0,1789113808.2397444
2725.209,-0.4255386105303809,-0.4307062849621152,0.1984170714652474,1.17840844144936,2.8587633898024474,0.13116213550378017,1,2,0.5731610059738159,-1.1130790275386353,1.7592971960650843,-2.1201287708678187,-1.5759576002704065,-0.21474773088564092,0.0,0.0,-0.0,0.0,0.0,-0.0,1789113808.339705
2725.3089999999997,-0.4255417879200728,-0.4307187853382048,0.19844942473880567,1.1784326121012902,2.85881845001183,0.13100451278669858,1,2,0.5731731057167053,-1.1131137174418946,1.75928241411318,-2.1201945743956507,-1.5759413878070276,-0.21473580995668584,0.0,0.0,-0.0,0.0,0.0,-0.0,1789113808.4395995
2725.4089999999997,-0.42552425848092124,-0.43070679228409836,0.19840500722594667,1.1784079229193758,2.858742352154712,0.13112442828467155,1,2,0.573169469833374,-1.1130826038173218,1.75934344926943,-2.12017883876943,-1.575925652180807,-0.21473580995668584,0.0,0.0,-0.0,1.401298464324817e-45,1.3488490128842703e-20,-0.0,1789113808.5397246
2725.509,-0.42555609365209385,-0.43069236783503584,0.19840433799555487,1.1784784684551697,2.858724343566968,0.13108930893052964,1,2,0.5731191635131836,-1.1130599838546296,1.7593162695514124,-2.1201983890929164,-1.5759223143206995,-0.21473962465395147,0.0,0.0,-0.0,0.0,0.0,-0.0,1789113808.6397069
2725.609,-0.4255434344587455,-0.4307012789867693,0.1984247065685269,1.1784521222021087,2.8587532883694435,0.13108905162612033,1,2,0.5731455087661743,-1.1130946439555665,1.7593095938311976,-2.120166917840475,-1.5759342352496546,-0.21473580995668584,0.0,0.0,-0.0,0.0,0.0,-0.0,1789113808.739733
2725.709,-0.42554665647546264,-0.4307058603783387,0.19843175817826011,1.1784223955700743,2.8587790311279093,0.13108021078129464,1,2,0.5731502771377563,-1.1130946439555665,1.7592905203448694,-2.120159765283102,-1.5759413878070276,-0.21475488344301397,0.0,0.0,-0.0,0.0,0.0,-0.0,1789113808.839729
2725.8089999999997,-0.42554647345756247,-0.43071031942703664,0.19843353211220907,1.1784406929463629,2.8587757332440478,0.1310850041593902,1,2,0.5731574296951294,-1.11309106767688,1.7592790762530726,-2.1201516590514125,-1.5759452025042933,-0.21473580995668584,0.0,0.0,-0.0,0.0,0.0,-0.0,1789113808.9397202
2725.9089999999997,-0.42553423875739377,-0.43069739118658656,0.1984144251563441,1.178399528293548,2.858759760196392,0.13114157457920433,1,2,0.5731502771377563,-1.1130946439555665,1.7593324820147913,-2.12015499691152,-1.5759452025042933,-0.21476346651186162,0.0,0.0,-0.0,0.0,0.0,-0.0,1789113809.039637
2726.009,-0.4255233093274689,-0.4306878005936306,0.1984234407497652,1.1783958554613156,2.858694456039986,0.1312467015047647,1,2,0.5731455087661743,-1.1131293040565033,1.7593334356891077,-2.1200314960875453,-1.575937573109762,-0.21475488344301397,0.0,0.0,-0.0,0.004366743378341198,0.0,-0.0,1789113809.1398115
2726.109,-0.4255133245067073,-0.43066794032643035,0.19836791139201915,1.1784121751390233,2.8585835143632776,0.131489871165974,1,2,0.5731298327445984,-1.1130754810622712,1.7593730131732386,-2.1199447117247523,-1.5759576002704065,-0.21473199525942022,-4.8740006604930386e-05,0.0,0.0004464901576284319,0.00040666465065442026,0.0,-0.0,1789113809.2397316
2726.209,-0.42556234586136593,-0.4306565470202015,0.19938375260737917,1.1785614789799537,2.8599149940678497,0.128835576859761,1,2,0.5730676651000977,-1.1146546763232728,1.7592619101153772,-2.1203624210753382,-1.5759452025042933,-0.21504336992372686,8.045897993724793e-05,-0.024657372385263443,-0.0001892849541036412,-0.002373610157519579,0.0,-0.0047403681091964245,1789113809.3397212
2726.3089999999997,-0.4257304337069602,-0.43059850982471765,0.20335318233335142,1.1764815004426734,2.8667572463258,0.11726839047588354,1,2,0.5728317499160767,-1.120911256676056,1.7592347303973597,-2.123232503930563,-1.5759294668780726,-0.218241039906637,-0.007855529896914959,-0.11237399280071259,-0.00018630462000146508,-0.08525017648935318,0.0,-0.0773136243224144,1789113809.4396982
2726.4089999999997,-0.42769471399362224,-0.4302913223246337,0.21477300338352812,1.1592970115170314,2.896227227503371,0.07306965989184482,1,2,0.5706143975257874,-1.1373294752887269,1.759270970021383,-2.141740461389059,-1.576017204915182,-0.23792058626283819,-0.04886164143681526,-0.20478077232837677,-0.0,-0.23100949823856354,-0.00039467576425522566,-0.33500218391418457,1789113809.5399446
2726.509,-0.4294828554992848,-0.4294258479829656,0.22915739002350066,-1.1061366120397904,-2.938430780899151,-0.022451680717915937,1,2,0.567762017250061,-1.1585505467704316,1.7593095938311976,-2.1605688534178675,-1.5760133902179163,-0.28233319917787725,-0.009633226320147514,-0.22505541145801544,6.291452154982835e-05,-0.1796693503856659,-0.00011372089647920802,-0.5707139372825623,1789113809.6396947
2726.609,-0.4303059720697892,-0.42823014530561104,0.24510719705046521,-1.0220142835683963,-2.9430106382924706,0.026147152251438856,1,2,0.565319299697876,-1.1828029614738007,1.75928241411318,-2.1760226688780726,-1.5759814421283167,-0.33650476137270147,-0.02825450338423252,-0.26312345266342163,1.598525523149874e-05,-0.11190425604581833,-8.482609862091415e-16,-0.4648430645465851,1789113809.7397335
2726.709,-0.4288951075193033,-0.4269964900708073,0.26095677372240156,-0.9911755006224611,-2.9328355805045563,0.06268447857632252,1,2,0.5648009181022644,-1.2087989908507843,1.7593095938311976,-2.18057980159902,-1.5756614843951624,-0.3538315931903284,0.00505229365080595,-0.24461856484413147,-0.0,-0.0001579195522936061,0.003891856875270605,0.0006039191503077745,1789113809.8396711
2726.8089999999997,-0.4271373392009788,-0.4261773554472716,0.2717426768693969,-0.9877448223969146,-2.9224823558223743,0.08572870697611491,1,2,0.5650010704994202,-1.2270873946002503,1.7592971960650843,-2.180504461328024,-1.5742505232440394,-0.35363990465273076,0.000570871343370527,-0.11413661390542984,7.909569831099361e-05,0.00026119398535229266,0.05380192771553993,0.004328508861362934,1789113809.9396744
2726.9089999999997,-0.4257026538017829,-0.42735742591740405,0.2750463282034575,-0.9899993496001736,-2.9312474465093135,0.10964389286514731,1,2,0.5650902986526489,-1.232597069149353,1.7591951529132288,-2.180643220941061,-1.5570481459247034,-0.35330087343324834,0.00028769506025128067,-0.007784884888678789,-0.0009916085982695222,-0.0014658262953162193,0.32592344284057617,0.001574685680679977,1789113810.0396738
2727.009,-0.4228119017977134,-0.43208218719323177,0.2754019494444898,-1.0002073511010836,-2.9708899046064863,0.16720967891779145,1,2,0.5649856328964233,-1.2326209110072632,1.7589762846576136,-2.181019445458883,-1.5008414427386683,-0.35298139253725225,4.506776082966596e-13,0.0,-0.002713917288929224,-0.003095157677307725,0.7825501561164856,0.006779260002076626,1789113810.139728
2727.109,-0.4191655656179412,-0.4386424776378091,0.27713406614087094,0.9772491519760425,2.917679716602118,-0.24505205186416631,1,2,0.564653754234314,-1.233075813656189,1.7583921591388147,-2.18480982402944,-1.423312012349264,-0.3528178373919886,-0.016821295022964478,-0.017764143645763397,-0.003650088096037507,-0.09159650653600693,0.6091020703315735,0.00013828276132699102,1789113810.2396657
2727.209,-0.42065438199022387,-0.43888273849098547,0.28091265258531484,0.9775782753056355,2.9079359643144067,-0.2845043873924373,1,2,0.5601155161857605,-1.2365250152400513,1.7583182493792933,-2.1976195774474085,-1.4022143522845667,-0.35279781023134404,-0.05306600406765938,-0.047642190009355545,-0.0036122994497418404,-0.18960478901863098,-0.0372055359184742,5.451655306387693e-05,1789113810.3397357
2727.3089999999997,-0.42443797480622936,-0.43763795090936114,0.2875789470458926,0.9865643916294449,2.9236291388900337,-0.3256641528767752,1,2,0.5549834370613098,-1.2422452133945008,1.7575605551349085,-2.2242142162718714,-1.4025982061969202,-0.35282880464662725,-0.030395515263080597,-0.06680317968130112,-0.017085175961256027,-0.3836188316345215,0.0012434173841029406,0.0,1789113810.4397411
2727.4089999999997,-0.4278201763631281,-0.43961713586258155,0.2982713191018196,-0.9882215708051516,-2.9538520704139613,0.4055939617991603,1,2,0.5546791553497314,-1.248711959724762,1.7564833799945276,-2.2794815502562464,-1.4020198027240198,-0.35282880464662725,0.006911913398653269,-0.07358767092227936,-0.0007671796483919024,-0.652588963508606,0.01211200375109911,0.0,1789113810.5396812
2727.509,-0.4298246209998268,-0.4423782463517879,0.31044482549872343,-0.9584104848708587,-2.9047033390841825,0.48351050984821914,1,2,0.5567567944526672,-1.256397323017456,1.7564552466021937,-2.3425361118712367,-1.4018271605121058,-0.3528178373919886,0.03734012320637703,-0.06711607426404953,-6.437382398871705e-05,-0.535464882850647,0.0002826498239301145,2.0843156620004739e-22,1789113810.6396644
2727.609,-0.4288223259995241,-0.44491379737260145,0.3182576325947572,-0.9374461510461092,-2.878998990415112,0.52529868347762,1,2,0.5612002611160278,-1.2627502244761963,1.7564719359027308,-2.3749410114684046,-1.4017847220050257,-0.3527901808368128,0.045409608632326126,-0.0568108856678009,-1.797562072169967e-05,-0.07118857651948929,0.00014465392450802028,0.0,1789113810.739725
2727.709,-0.42613786766747297,-0.44637460436671406,0.3215956666729284,-0.9290798186372208,-2.877394793250752,0.5319463422403351,1,2,0.5656496286392212,-1.2682171922973176,1.7564480940448206,-2.37532963375234,-1.4017398993121546,-0.3527739683734339,0.041117507964372635,-0.053640495985746384,-0.0,0.00011044523125747219,0.0006480245501734316,0.0,1789113810.839726
2727.8089999999997,-0.42339910505387973,-0.4480707671955763,0.32411812796847134,-0.9208461266047137,-2.8773828698458277,0.537105232702567,1,2,0.5704582929611206,-1.2724393767169495,1.7564719359027308,-2.3753420315184535,-1.401468578969137,-0.35275394121278936,0.05330643802881241,-0.034361500293016434,-0.0,1.5081544916029088e-05,0.005315144080668688,0.0004865493974648416,1789113810.9397655
2727.9089999999997,-0.4204825986989815,-0.45047315484656364,0.3252124780628951,-0.9128340035899922,-2.8797837534065427,0.5401699697729675,1,2,0.5763940811157227,-1.2741885048202057,1.756392780934469,-2.375362058679098,-1.400954548512594,-0.3521154562579554,0.055339016020298004,-0.0020530172623693943,-0.0002369733847444877,-0.0001448180410079658,0.0003900581505149603,0.0240376815199852,1789113811.0396695
2728.009,-0.4178542899518088,-0.4529666256341757,0.32527877450121456,-0.9064101989716874,-2.882953430385654,0.5411214289778778,1,2,0.5822657942771912,-1.2741764050773163,1.756261173878805,-2.3754340610899867,-1.4008148352252405,-0.35089046159853154,0.05914656072854996,0.0,-0.007032094523310661,-0.0047505986876785755,0.0062972167506814,0.0009716747445054352,1789113811.1397882
2728.109,-0.41623451716840754,-0.45607890267812884,0.32766963161322193,-0.8969944561239048,-2.8834880587110714,0.5486931675078779,1,2,0.5878358483314514,-1.2741920512965699,1.7513297239886683,-2.375585218469137,-1.3992469946490687,-0.3506739775287073,0.042722105979919434,0.0,-0.09789364039897919,-0.00029328357777558267,0.024514177814126015,0.010601193644106388,1789113811.2397308
2728.209,-0.4169589876868159,-0.4597178228274107,0.33410235627051443,-0.8963395806098027,-2.8761953355602947,0.5675874672401027,1,2,0.5916140079498291,-1.2741595667651673,1.7378938833819788,-2.3755575619139613,-1.3956807295428675,-0.34408694902528936,0.049169138073921204,0.0,-0.1591682881116867,-8.81316518643871e-05,0.045144032686948776,0.11915788799524307,1789113811.339732
2728.3089999999997,-0.41687479619100143,-0.46457219485058066,0.3415674697969178,-0.8984412983020093,-2.8669385038791604,0.5884063180050456,1,2,0.5979244112968445,-1.2741096776774903,1.722348992024557,-2.3755370579161585,-1.3930977026568812,-0.3327553907977503,0.08147236704826355,0.00035682268207892776,-0.14815829694271088,-4.6321979234490534e-35,0.0005161497974768281,0.06730010360479355,1789113811.4397295
2728.4089999999997,-0.4147242922256957,-0.4699826387273914,0.3473491105740018,-0.8831526410171676,-2.8632725278886926,0.6022177392586953,1,2,0.6072711944580078,-1.2741167706302186,1.7103827635394495,-2.3755375347533167,-1.3931172529803675,-0.33132869402040654,0.10609347373247147,5.751124263042584e-05,-0.08100332319736481,-0.0,0.00010526459664106369,0.00015042077575344592,1789113811.5397286
2728.509,-0.4103060536739989,-0.47529110162337507,0.34980896522746124,-0.8659853974125062,-2.8662852572571436,0.6088712472788588,1,2,0.618562638759613,-1.2741046708873291,1.7053011099444788,-2.3755647144713343,-1.3930843512164515,-0.33111697832216436,0.1112457662820816,4.34616456932855e-25,-0.028895575553178787,-0.0,0.0003232145681977272,0.004992488771677017,1789113811.6397543
2728.609,-0.40558438890305987,-0.48005881764894764,0.3511037197037146,-0.850395920794258,-2.8707935735183203,0.6129863378370243,1,2,0.629411518573761,-1.2741238635829468,1.7026732603656214,-2.375609060327047,-1.3930018583880823,-0.330846134816305,0.10892296582460403,0.0,-0.04122401773929596,-0.0004074194293934852,0.0005519464029930532,0.0004128881555516273,1789113811.7396832
2728.709,-0.4019006546639085,-0.48482047975435666,0.354057102165873,-0.8345413913068269,-2.8720849818498215,0.6206240279951548,1,2,0.6392523646354675,-1.2741046708873291,1.6965926329242151,-2.3756562672057093,-1.3929618040667933,-0.3308499495135706,0.0854196846485138,0.0,-0.0965348407626152,-0.000300378305837512,0.0014831509906798601,9.653033339418471e-05,1789113811.839743
2728.8089999999997,-0.4008465483564674,-0.48920050215876576,0.3604595256292307,-0.82053329990162,-2.866308828638615,0.6357676919211049,1,2,0.6459475755691528,-1.2740927797606965,1.6834853331195276,-2.3756619892516078,-1.3926428000079554,-0.3308337370501917,0.049468133598566055,0.0,-0.1574675440788269,-0.00010596725041978061,0.0031012562103569508,3.2399188814892456e-34,1789113811.9396234
2728.9089999999997,-0.4015029101785088,-0.4929508692395207,0.3685358571857697,-0.8087689161054968,-2.856230555319617,0.653897706230999,1,2,0.6501479148864746,-1.2739850145629426,1.6669219175921839,-2.3756524525084437,-1.3926108519183558,-0.3308652083026331,0.04166518151760101,0.0003472985699772835,-0.1697385609149933,-2.1155155992177988e-27,0.00015343044651672244,0.0,1789113812.0396674
2729.009,-0.4018788770131151,-0.4968147711758637,0.37680721784775734,-0.7965076079343214,-2.846065801541848,0.6722169027942945,1,2,0.6547311544418335,-1.2738927167705079,1.6500733534442347,-2.3755670986571253,-1.3926151434527796,-0.33085376421083623,0.05034754425287247,0.0003079588932450861,-0.14805050194263458,-0.0,5.132825026521459e-05,0.0,1789113812.1397424
2729.109,-0.40195143146953866,-0.49894601962094143,0.381438402021423,-0.7894686175247586,-2.8403827196354827,0.6822817842161261,1,2,0.6573877334594727,-1.2739322644523163,1.6407988707171839,-2.375521322289938,-1.392714802418844,-0.3309214750873011,0.000529252749402076,2.6342736708354663e-23,-0.006175042595714331,0.00039789799484424293,-0.00025449987151660025,1.6510429414361456e-30,1789113812.2397203
2729.209,-0.40203002345474614,-0.4989069708141255,0.38115527917209235,-0.7897739680541236,-2.840717828406463,0.6812416015404839,1,2,0.6573038101196289,-1.2736498278430481,1.6409271399127405,-2.375225683251852,-1.3929856459247034,-0.33099300066103154,-0.0004495265893638134,0.00042519409907981753,0.00029211590299382806,0.000592001830227673,-0.0012051102239638567,-0.0005062411073595285,1789113812.3397279
2729.3089999999997,-0.4019928447959308,-0.498893714128488,0.38102987394557564,-0.7898639326646631,-2.8410407854631163,0.6807373308753207,1,2,0.6573313474655151,-1.273622290497162,1.6410754362689417,-2.3749710522093714,-1.3930342833148401,-0.3310168425189417,-3.1033156119519845e-05,0.0001495105098001659,0.003588698571547866,0.005950850434601307,-0.001441169180907309,-0.00021785181888844818,1789113812.4397445
2729.4089999999997,-0.4019611716442144,-0.4988191876855079,0.38081425077698006,-0.790279385518019,-2.841645953166403,0.6796421840543971,1,2,0.6572871208190918,-1.273620830183365,1.641327206288473,-2.374308248559469,-1.3931530157672327,-0.3310130278216761,-7.145787961349015e-09,0.00013707646576222032,0.00219610589556396,0.006732391659170389,-0.0008843122632242739,-9.645527461543679e-05,1789113812.5397573
2729.509,-0.4015962813261555,-0.4986915143137676,0.37990683018142657,-0.7921262081577153,-2.846050346782368,0.6730835880307963,1,2,0.6575504541397095,-1.2736293834498902,1.6416991392718714,-2.368833681146139,-1.393548313771383,-0.3309891859637659,0.009552531875669956,1.991208227991592e-05,1.7112096973799023e-23,0.028099428862333298,0.00043856361298821867,-2.7450978995107074e-24,1789113812.6397302
2729.609,-0.4002153849249396,-0.4998400283641099,0.37997310716257526,-0.7881734100636226,-2.847723546771664,0.6739083273391147,1,2,0.6603230834007263,-1.2736208003810425,1.6415837446795862,-2.368909021417135,-1.3932727018939417,-0.3310201803790491,0.05603174492716789,-2.2619367882725783e-05,-0.0003084827330894768,-0.0016987529816105962,0.0014038847293704748,-0.0,1789113812.7397482
2729.709,-0.396760842937453,-0.5029065799829402,0.37980406928912325,-0.7777932516028125,-2.851586470994762,0.6772288304541192,1,2,0.6674524545669556,-1.2729230684093018,1.6416118780719202,-2.3709098301329554,-1.3922322432147425,-0.3310015837298792,0.09191066771745682,0.017422504723072052,-0.00025108837871812284,-0.04303140938282013,0.018089812248945236,-0.0,1789113812.8397322
2729.8089999999997,-0.3922986832696639,-0.5070502667030548,0.3792086998671984,-0.7639713483823518,-2.856175199434942,0.680446236755594,1,2,0.6770574450492859,-1.2712388795665284,1.6415475050555628,-2.374076028863424,-1.391900364552633,-0.3310015837298792,0.09042295068502426,0.016332129016518593,-3.0450692065642215e-05,-0.03125613182783127,0.00021293041936587542,-0.0,1789113812.939736
2729.9089999999997,-0.38870141991854784,-0.5108449458834917,0.37864027796978633,-0.7508013774074315,-2.857337132094171,0.6865245760451079,1,2,0.6854085922241211,-1.2688508194736023,1.6415756384478968,-2.3811727962889613,-1.391923729573385,-0.3310053984271448,0.08382309973239899,0.03816689923405647,-0.0,-0.11858884990215302,9.245191176887602e-05,-0.0,1789113813.0397437
2730.009,-0.3859943826887179,-0.5153569247781264,0.3771509510134225,-0.7356410495384503,-2.8538523286726534,0.6990658389492409,1,2,0.6937044262886047,-1.2629729968360444,1.6415641943561,-2.397660871545309,-1.3918927351581019,-0.3309891859637659,0.08515710383653641,0.0814313068985939,-0.0,-0.16887158155441284,5.869428605365101e-07,-0.0,1789113813.1397362
2730.109,-0.3841297051665797,-0.5205955743250257,0.3738164799131816,-0.7197651004870587,-2.8487530952166167,0.7137659541636593,1,2,0.7019681930541992,-1.2528243523887177,1.6415179411517542,-2.420370718041891,-1.3918493429767054,-0.331029240285055,0.06772042065858841,0.10652245581150055,-0.0,-0.3603394031524658,0.000137019669637084,-0.0,1789113813.2397475
2730.209,-0.38542482326834065,-0.5246530569478166,0.3754802919420853,-0.6988366332963771,-2.8142403943132557,0.7632597787541158,1,2,0.7054848074913025,-1.2437738937190552,1.6415723005877894,-2.475659032861227,-1.3918927351581019,-0.3311203161822718,0.0004346638743299991,0.06136387959122658,-0.0,-0.7094598412513733,2.412949354213545e-11,-0.0006886739865876734,1789113813.339708
2730.3089999999997,-0.38782190164500224,-0.526511183171824,0.3836782883029527,-0.6744946820746701,-2.756614870494887,0.8360974356785847,1,2,0.7052019834518433,-1.2409598988345643,1.6416471640216272,-2.549307962457174,-1.3919723669635218,-0.33125192323793584,-0.000946436426602304,-1.5406023624788684e-13,0.0005242509650997818,-0.6838802695274353,2.7598588445759773e-32,-0.0004346331115812063,1789113813.439768
2730.4089999999997,-0.3886291971664584,-0.5272875097558358,0.39025866169434753,-0.6574696837651408,-2.716699020251897,0.8840774489912475,1,2,0.7052619457244873,-1.241018370991089,1.6418183485614222,-2.597409864465231,-1.3919881025897425,-0.331400219594137,0.00020319386385381222,0.0005997514817863703,0.003481415333226323,-0.17953994870185852,-0.0001300892763538286,-0.0006886487826704979,1789113813.5397422
2730.509,-0.38855580682673874,-0.5272289943928122,0.3901377589048422,-0.6566066708065342,-2.7157314791941656,0.8851756551038579,1,2,0.7052655220031738,-1.2410113376430054,1.642597500477926,-2.599382539788717,-1.391991917287008,-0.33171207109560186,8.732197602512315e-05,0.00019411949324421585,0.024265097454190254,0.0001605506840860471,-2.6299846157752833e-14,-0.011866411194205284,1789113813.63974
2730.609,-0.3879262804597941,-0.5268410057606538,0.3881527242901841,-0.6564186884450725,-2.719260734215725,0.881148195465256,1,2,0.7054383158683777,-1.2410197120955964,1.6465991179095667,-2.599434038201803,-1.3919561545001429,-0.3326380888568323,0.0022925841622054577,-7.747882045805454e-05,0.05319860577583313,-0.00043466206989251077,-1.7780228166820446e-33,-0.002481861272826791,1789113813.7397203
2730.709,-0.38688102766905436,-0.5261835071745352,0.38492716655652887,-0.6554969576688827,-2.7247646480793293,0.8748165355659783,1,2,0.7057090401649475,-1.2410435539535065,1.6532495657550257,-2.599959989587301,-1.3918927351581019,-0.33450442949403936,0.0015818149549886584,-0.0003294609487056732,0.07596463710069656,-0.015604506246745586,0.00018196649034507573,-0.023107578977942467,1789113813.8397233
2730.8089999999997,-0.38608747568589796,-0.5255044760300291,0.38279012713530236,-0.654000947394205,-2.7226874265132683,0.8772166020581341,1,2,0.705700695514679,-1.241043583755829,1.6601727644549769,-2.609408041039938,-1.3919079939471644,-0.33492976823915654,0.00013337202835828066,-9.229096758645028e-05,0.04993358999490738,-0.20557820796966553,8.472053013974801e-05,-0.00033366814022883773,1789113813.9397745
2730.9089999999997,-0.38614459439936794,-0.5256072017857165,0.3855138893275613,-0.644720154434403,-2.700540768081383,0.9030237352774361,1,2,0.7057379484176636,-1.2410471004298707,1.6627276579486292,-2.6382233105101527,-1.391916577016012,-0.3349850813495081,0.002997222589328885,3.8455425965366885e-05,0.01803860254585743,-0.33911263942718506,1.6650057572088004e-32,-0.00026992193306796253,1789113814.0397205
2731.009,-0.38531207556310143,-0.5258411279411881,0.38641052413878074,-0.6377702926752076,-2.6876519114120145,0.9187832365401271,1,2,0.70684814453125,-1.2410352987102051,1.6663759390460413,-2.6577774486937464,-1.391900364552633,-0.3349536100970667,0.03493642807006836,0.00011862166866194457,0.06289054453372955,0.0010055360617116094,0.0,-9.470178338233382e-05,1789113814.1397598
2731.109,-0.38096789894116534,-0.5269580968334561,0.3817174269231546,-0.6334562495713147,-2.698902940134876,0.9111623077844204,1,2,0.712653398513794,-1.2409908932498475,1.6758301893817347,-2.657928606072897,-1.3918841520892542,-0.33497316042055303,0.08163177967071533,-6.980940088396892e-05,0.10310669988393784,-0.007818002253770828,0.0,-1.0692556050356173e-35,1789113814.239735
2731.209,-0.37555580635356317,-0.5300253304477283,0.3812256564212224,-0.6185360279767234,-2.696659049245829,0.9219627365667167,1,2,0.7219201326370239,-1.2410423320582886,1.6806805769549769,-2.6714164219298304,-1.3918803373919886,-0.3349264303790491,0.0874171182513237,-0.000638035184238106,0.0029029452707618475,-0.3132159113883972,0.00019616108329501003,-4.5183919106239756e-11,1789113814.3397534
2731.3089999999997,-0.3719992527046674,-0.5331010137659331,0.38718590341474923,-0.593922664956281,-2.6621247874229845,0.9671416763597458,1,2,0.7292520403862,-1.2409908932498475,1.681385342274801,-2.716933389703268,-1.3919370810138147,-0.33490258852113897,0.044898584485054016,0.00036289566196501255,0.0359705351293087,-0.43477219343185425,1.7574104964743694e-27,-0.0,1789113814.4397993
2731.4089999999997,-0.3698180762892789,-0.5324996341808454,0.3848487011407116,-0.5880424807372682,-2.653187331506133,0.9783263687413173,1,2,0.7308323383331299,-1.2410267454436799,1.6924789587603968,-2.7392593822874964,-1.391979996358053,-0.33491403261293584,0.0004128680448047817,1.6160006275842131e-12,0.18737579882144928,-0.004126989282667637,-0.0001288736384594813,-0.0,1789113814.5397403
2731.509,-0.36701081635375343,-0.5300256352575965,0.3750609191397405,-0.5943943844951819,-2.670038353073338,0.9599601911421819,1,2,0.7308803796768188,-1.2410352987102051,1.7126920858966272,-2.7401939831175746,-1.3919280211078089,-0.3349264303790491,0.003630650695413351,-0.0011785296956077218,0.17676763236522675,-0.060309745371341705,7.16263020876795e-05,-0.0,1789113814.6397054
2731.609,-0.3655139177795458,-0.52874075675082,0.37238688722421276,-0.5910450895291375,-2.66188413562395,0.969099552099941,1,2,0.7309284806251526,-1.2410113376430054,1.7241228262530726,-2.7611190281310023,-1.3919203917132776,-0.33494884172548467,0.00014042272232472897,-3.5800938348984346e-05,0.04986703023314476,-0.3617340624332428,9.676891204435378e-05,-0.0,1789113814.7397451
2731.709,-0.3655258286395542,-0.5287594744362248,0.3780299918085138,-0.5761079350195457,-2.623114013771525,1.010947951413329,1,2,0.73089599609375,-1.2409957510283967,1.7256491819964808,-2.8068820438780726,-1.3919604460345667,-0.33493358293642217,2.0058532754774205e-05,0.00035297402064315975,0.011751984246075153,-0.4906652569770813,-5.115033854963258e-05,-0.0,1789113814.8397028
2731.8089999999997,-0.3649702428030826,-0.528309205633357,0.38073543292909706,-0.5660717284643877,-2.59715462716321,1.0381363593344584,1,2,0.7309199571609497,-1.2410267454436799,1.7297051588641565,-2.84018673519277,-1.3919690291034144,-0.3349574247943323,0.0,4.088322748430073e-05,0.06786968559026718,-0.1076071634888649,-0.00016406190115958452,-0.0,1789113814.9397616
2731.9089999999997,-0.36360779354860484,-0.5270580508004341,0.3760504871708043,-0.5691298523457093,-2.605111735392258,1.0298840484235494,1,2,0.7308889031410217,-1.2410267454436799,1.7396414915667933,-2.8411833248534144,-1.3919833342181605,-0.3349521795855921,0.0,1.390418769703361e-11,0.14125554263591766,2.425097773084417e-05,-7.126606215024367e-05,-0.0,1789113815.039747
2732.009,-0.3607327127293125,-0.5245765962716763,0.3666893307128009,-0.5753484839539073,-2.622106579348288,1.0123205441511751,1,2,0.7310003638267517,-1.2410162550261994,1.7591751257525843,-2.8417097530760707,-1.3919242064105433,-0.33496123949159795,0.00052837555995211,0.0,0.22177357971668243,-0.01780610904097557,-1.8447388028410197e-38,-0.0,1789113815.1397588
2732.109,-0.3580706940359653,-0.5221717926526117,0.35953741595306304,-0.5780164322584127,-2.629061653527393,1.0050473713832766,1,2,0.7309678792953491,-1.2410676938346406,1.7771051565753382,-2.8517519436278285,-1.3918927351581019,-0.33492976823915654,9.907440835377201e-05,-0.0011097894748672843,0.12766030430793762,-0.27206236124038696,0.00018566756625659764,-0.0,1789113815.239802
2732.209,-0.35665676960682224,-0.5209059350637872,0.3608668912845194,-0.5667658484260044,-2.5998210211908925,1.035687287912819,1,2,0.7309368252754211,-1.2410556238940735,1.7868507544146937,-2.8944837055602015,-1.3919561545001429,-0.3349803129779261,5.351081152033554e-31,0.0004997829673811793,0.09439510107040405,-0.5041356086730957,1.5686596226429473e-16,-0.0,1789113815.3397715
2732.3089999999997,-0.3547998325625889,-0.5193115861072806,0.3616853937108091,-0.555404176147189,-2.570226434400414,1.0659965172049681,1,2,0.730976402759552,-1.241066114311554,1.7982733885394495,-2.938991685906881,-1.3919485251056116,-0.33497649828066045,4.1005507797122965e-33,0.000312653835862875,0.13155627250671387,-0.33181822299957275,0.0,-0.0,1789113815.4397414
2732.4089999999997,-0.352281773182732,-0.5170855481826152,0.3571673642635398,-0.5536047961950615,-2.5657088107170534,1.0706407858211313,1,2,0.7309953570365906,-1.2410795849612732,1.8140671888934534,-2.959841390649313,-1.3919404188739222,-0.3349693457232874,0.0,-6.245619442779571e-05,0.1878366768360138,-0.08374744653701782,0.0,-0.0,1789113815.5397425
2732.509,-0.34912682166824005,-0.5143159656684835,0.3481371044812982,-0.5597109237278678,-2.5822424243525957,1.054206485963231,1,2,0.7310624122619629,-1.2410400670817872,1.8337867895709437,-2.961348672906393,-1.3918855826007288,-0.3349264303790491,0.00017622258746996522,0.0,0.1858503371477127,-0.004815143067389727,0.0,-0.0,1789113815.6397417
2732.609,-0.34659881802840264,-0.5120600679132495,0.3425288760837305,-0.5611925641260233,-2.5864752332032874,1.0499338254942248,1,2,0.7310708165168762,-1.2410365802100678,1.8490789572345179,-2.9719554386534632,-1.3919041792498987,-0.33497316042055303,0.0005493905628100038,-4.873468424193561e-05,0.1053255945444107,-0.2508302927017212,-0.0,-0.0,1789113815.7397492
2732.709,-0.34571866790398253,-0.5112675868403955,0.3457954157116323,-0.5497264240395899,-2.5560504317794397,1.0805365919184284,1,2,0.7310278415679932,-1.2410591405681153,1.8536408583270472,-3.0102621517577113,-1.3919132391559046,-0.3349726835833948,0.00010249152546748519,-8.809499231843807e-33,0.0007463773945346475,-0.4582771956920624,9.77426225290401e-07,-0.0,1789113815.839765
2732.8089999999997,-0.3453601706382284,-0.5110216198736952,0.3516331927819838,-0.535348818808123,-2.5178335576219943,1.1177426071172416,1,2,0.7310828566551208,-1.2410471004298707,1.8536737600909632,-3.0522476635374964,-1.3919523398028772,-0.33497745195497686,9.80908925027372e-44,0.00020412715093698353,0.0005499424296431243,-0.3274173438549042,0.0,-0.0,1789113815.9396634
2732.9089999999997,-0.34519426773833484,-0.5108644734626401,0.35379450866908446,-0.5295515503707322,-2.5034681133190873,1.1311797332677231,1,2,0.7310601472854614,-1.241062657242157,1.853724781666891,-3.0678726635374964,-1.391979996358053,-0.3353646437274378,0.0,6.246049451874569e-05,0.0003268760337959975,-0.011962682008743286,0.0,-0.015883533284068108,1789113816.03976
2733.009,-0.34515692787326535,-0.5108404836999558,0.3536968651820217,-0.5169546975968161,-2.503588588974687,1.127488159949131,1,2,0.731063723564148,-1.2410591405681153,1.8539302984820765,-3.0678616962828578,-1.3919294516192835,-0.3450225035296839,2.1097996325473925e-19,2.267114302103234e-29,0.002149108797311783,-5.045605939812958e-05,0.0,-0.21183285117149353,1789113816.1397126
2733.109,-0.3451596560373352,-0.5108175158902144,0.353626589637762,-0.47714080924100494,-2.502986290691669,1.1160432309738675,1,2,0.73103266954422,-1.2410232585719605,1.8540456930743616,-3.067892690698141,-1.3919332663165491,-0.37557870546449834,9.399543341714889e-05,0.0,0.00115335697773844,-2.520685983008783e-15,0.0,-0.3000146746635437,1789113816.2397492
2733.209,-0.34509115396279877,-0.5108033014185209,0.35349018670420485,-0.4568934854668224,-2.502720132391556,1.1099367437230265,1,2,0.7310997247695923,-1.2410009366324921,1.8543084303485315,-3.067880769769186,-1.3919833342181605,-0.3911646048175257,2.5859722393402247e-36,1.0723032239923214e-08,0.004068406298756599,-1.401298464324817e-45,0.0,0.000596239697188139,1789113816.3397536
2733.3089999999997,-0.34498809278278475,-0.5107871368738812,0.3533538714355985,-0.45684663756636323,-2.503059950254255,1.1097353060603488,1,2,0.7311908602714539,-1.2410232585719605,1.8546355406390589,-3.0678845844664515,-1.3919594923602503,-0.39117938676943,0.004370716400444508,0.0,0.0032796449959278107,-0.0,0.0,6.421835860237479e-05,1789113816.4397392
2733.4089999999997,-0.3442326465230368,-0.5108697410907298,0.3525954727882459,-0.4562032222542281,-2.5050992762722095,1.1087451248648192,1,2,0.7321308851242065,-1.241054044370987,1.8563302198993128,-3.067897459069723,-1.3919132391559046,-0.3911832014666956,0.01249503344297409,0.0,0.03498714417219162,-0.0007249662303365767,-0.0,1.697424195288984e-23,1789113816.5397482
2733.509,-0.3426131184237746,-0.5103913589425366,0.34980241063234935,-0.4565510785217627,-2.5110948007666063,1.1043469749691133,1,2,0.733353853225708,-1.2410591405681153,1.8625648657428187,-3.068364759484762,-1.3919313589679163,-0.39117175737489873,0.0076991720125079155,9.244547099879196e-22,0.10038255155086517,-0.021075617522001266,-0.0,0.0,1789113816.6397417
2733.609,-0.33971286939620593,-0.5089377045763825,0.34574764540524505,-0.45494187043291145,-2.512323056325707,1.104513938745486,1,2,0.7347913384437561,-1.2410951417735596,1.875164810811178,-3.0804196796812953,-1.3919075171100062,-0.39115935960878545,0.020310845226049423,-0.0004069297865498811,0.1327173411846161,-0.2621091306209564,-0.0,1.6544586247759469e-25,1789113816.739752
2733.709,-0.33620070240981365,-0.5075333682591234,0.3469883063244122,-0.44147176288266005,-2.4809491545026363,1.134380152653887,1,2,0.7369711399078369,-1.241083101635315,1.886486832295553,-3.126354833642477,-1.3919203917132776,-0.3911355177508753,0.017589543014764786,-1.7865197150968015e-05,0.09643401950597763,-0.6187126636505127,-0.0,8.120106213027611e-05,1789113816.8397553
2733.8089999999997,-0.3331978123407005,-0.5054641678335748,0.3509539343580947,-0.42443523160504787,-2.4326948862721585,1.1765792147052232,1,2,0.7377407550811768,-1.2410591405681153,1.8964203039752405,-3.187540193597311,-1.3919523398028772,-0.3911941687213343,0.0004499702772591263,0.00016799608420114964,0.11950621008872986,-0.549288809299469,5.9223901338611995e-09,1.0695280264253923e-35,1789113816.9397547
2733.9089999999997,-0.32934642157897415,-0.5021620839800208,0.34921363322552834,-0.4156582271377266,-2.4067830847963343,1.1984633753681098,1,2,0.7379459142684937,-1.241052196626999,1.914114777241842,-3.232413431207174,-1.3919366041766565,-0.3911789099322718,0.006498773582279682,7.016611925791949e-05,0.23210525512695312,-0.33990660309791565,0.0,1.304248316191534e-38,1789113817.0397835
2734.009,-0.323763898450077,-0.49838409194416067,0.3398598093128,-0.4165770905294427,-2.416418654431166,1.1920317983598065,1,2,0.7395990490913391,-1.241102085714676,1.9408991972552698,-3.25002445797109,-1.3919208685504358,-0.39113170305360967,0.025397200137376785,-0.0001594190252944827,0.2992883026599884,-0.041451189666986465,0.0,0.0,1789113817.1397521
2734.109,-0.3172335674378771,-0.4949843612167427,0.3275601549853588,-0.4213591530749952,-2.444938206848105,1.1709248269955335,1,2,0.7429252862930298,-1.241122619514801,1.969419304524557,-3.250477453271383,-1.391909424458639,-0.391120735798971,0.03480086103081703,-0.0008152022492140532,0.24133765697479248,-0.005381408147513866,0.0,0.0,1789113817.2397773
2734.209,-0.313519301245702,-0.49427130992259816,0.32406469843273367,-0.41829375154647347,-2.449872641860065,1.1696536498505028,1,2,0.7464333176612854,-1.2411788266948243,1.9799063841449183,-3.257540842095846,-1.3919132391559046,-0.391087834035055,0.01248937752097845,-0.0001678166154306382,-0.005824717693030834,-0.14274287223815918,-0.0,0.00023647260968573391,1789113817.3397453
2734.3089999999997,-0.3130615590449338,-0.49392269564545016,0.3270337396646078,-0.411723390136159,-2.4296485958750713,1.186859957493615,1,2,0.7465150952339172,-1.241319016819336,1.9799259344684046,-3.278599878350729,-1.3919523398028772,-0.39105540910829717,-0.0002136316179530695,0.0002942613500636071,6.194866728037596e-05,-0.19489657878875732,-0.0,0.0006822355790063739,1789113817.439761
2734.4089999999997,-0.31290217059682046,-0.493782624626777,0.32809652357747454,-0.4093949535848805,-2.422228298687574,1.1930933783963529,1,2,0.746518611907959,-1.241322473888733,1.9799259344684046,-3.2863294086852015,-1.3919642607318323,-0.3910110632525843,-4.0282880945596844e-05,6.427100743167102e-05,6.230974395293742e-05,-0.00031913089333102107,-0.0,0.00031126770772971213,1789113817.5397658
2734.509,-0.31289992880191675,-0.49377798295838427,0.32813116631608774,-0.4093661043046524,-2.4220358911117064,1.193262290109821,1,2,0.7465150952339172,-1.241334394817688,1.9799187819110315,-3.2865106068053187,-1.3919642607318323,-0.39098817506899053,-1.689557288231685e-27,-4.019209882244468e-05,-0.0,-0.007960457354784012,-0.0,8.376911137020215e-05,1789113817.6397665
2734.609,-0.31266684166164477,-0.4936211777000366,0.3294733555040319,-0.406292814225753,-2.4127882254761692,1.20100437696001,1,2,0.7465821504592896,-1.2413548690131684,1.9798787275897425,-3.2960978947081507,-1.391968075429098,-0.39100391069521123,0.00024875818053260446,-0.00012490378867369145,-0.00016308181511703879,-0.21015337109565735,-0.0,2.1512957213268848e-33,1789113817.739688
2734.709,-0.31193159898344586,-0.4929590869258483,0.3337758542271591,-0.3965034059959397,-2.3822240592920076,1.2260031847301402,1,2,0.7465700507164001,-1.241334394817688,1.9798858801471155,-3.327750345269674,-1.3919532934771937,-0.391031567250387,9.12044633878395e-05,2.4421560738119297e-05,-2.0806957934382808e-08,-0.3738456666469574,-9.166403422132216e-23,0.0,1789113817.8397691
2734.8089999999997,-0.3114979067871284,-0.4925764070335197,0.33603171493709566,-0.3913592088023767,-2.3659012448687,1.2390652675458382,1,2,0.7465820908546448,-1.2412917178920289,1.9798901716815394,-3.3445803127684535,-1.3919842878924769,-0.39100772539247686,0.0,0.0007950858562253416,0.0001217491808347404,0.0033765281550586224,-0.0,0.0,1789113817.939758
2734.9089999999997,-0.3116511651333474,-0.49262710755803707,0.335502360522667,-0.39251619363056584,-2.3688461516090857,1.2364059689704874,1,2,0.7464982271194458,-1.2410831314376374,1.9799264113055628,-3.3416630230345667,-1.392167870198385,-0.3910277525531214,-0.000345158448908478,0.0002891177136916667,0.0004815627762582153,0.07740388065576553,-0.0003056314599234611,0.0,1789113818.0397592
2735.009,-0.3121464887898711,-0.49305898635111534,0.3327803967036926,-0.3984309546927884,-2.387430586490362,1.2214227138565414,1,2,0.7464861273765564,-1.2408676904490967,1.9800289312945765,-3.3228279552855433,-1.3921836058246058,-0.39104015031923467,-0.00022835866548120975,0.0050107697024941444,0.0012824236182495952,0.35898447036743164,-0.00013792308163829148,0.0,1789113818.1397572
2735.109,-0.3137733065457956,-0.4942345587219749,0.3228103548153654,-0.41954306494369076,-2.45158475466683,1.167544007941092,1,2,0.746134877204895,-1.2394005519202729,1.9805906454669397,-3.2578870258727015,-1.39223558107485,-0.3910277525531214,-0.0052198730409145355,0.02943648211658001,0.01713796705007553,0.8987633585929871,-0.0007067316910251975,0.0,1789113818.2397609
2735.209,-0.3151206256553644,-0.4952003012278007,0.31014309703540965,-0.44692625230844873,-2.5333903481704056,1.0939842218334244,1,2,0.7459225058555603,-1.2382789713195343,1.980868164693014,-3.1720921001830042,-1.392578426991598,-0.39099198976625615,-1.0977977924427648e-15,-0.007020808756351471,-0.002709979424253106,0.6539077758789062,3.43359170074109e-05,1.401298464324817e-44,1789113818.339744
2735.3089999999997,-0.3152223830454668,-0.49526631833889057,0.30779800006103375,-0.45282974346921806,-2.5510536577490264,1.0775359596737286,1,2,0.7459020614624023,-1.2389645141414185,1.9808042685138147,-3.1523052654662074,-1.3925436178790491,-0.39097673097719365,0.0,-0.0009941434254869819,-0.00018034758977591991,-0.018990855664014816,3.5426983231445774e-05,7.646766607649624e-05,1789113818.4397945
2735.4089999999997,-0.3151363247597344,-0.4951700097894053,0.3088078342663267,-0.45134546606545417,-2.546465726270008,1.081963179118639,1,2,0.7458591461181641,-1.2396707099727173,1.9807727972613733,-3.1565610371031703,-1.3924439589129847,-0.3909404913531702,-0.0007081973017193377,-0.01381872221827507,-0.0002931167255155742,-0.11780265718698502,0.00023899786174297333,0.00021806347649544477,1789113818.539754
2735.509,-0.3146634125225975,-0.4947622430551577,0.3134607298856809,-0.44332272229203584,-2.522391750836798,1.1042521416720825,1,2,0.7458745837211609,-1.2420954269221802,1.9807594458209437,-3.1800152264037074,-1.3924477736102503,-0.3909648100482386,-1.1588738299966237e-42,-0.02852819487452507,-1.171116167983486e-26,-0.3382728397846222,8.677978621562943e-05,6.36313488939777e-05,1789113818.6396983
2735.609,-0.31393207466260864,-0.49409815147276526,0.32056884133811353,-0.42915322897054337,-2.4791484396649186,1.1429867258728337,1,2,0.7458521127700806,-1.2437880796245118,1.9807875792132776,-3.2243482075133265,-1.3924959341632288,-0.39099198976625615,0.0,-0.0009650152060203254,-0.0,-0.5032263398170471,5.094668877140751e-38,5.799413824454688e-41,1789113818.7397656
2735.709,-0.31323961795555383,-0.49351343672674464,0.326121368374059,-0.4167509330646949,-2.4409652726788487,1.1760966559222052,1,2,0.7458781003952026,-1.243791477089264,1.9808028380023401,-3.26456942180776,-1.39247972169985,-0.3909524122821253,0.0,2.9350551103697065e-32,-0.0,-0.28330326080322266,0.0,0.0,1789113818.8397624
2735.8089999999997,-0.31273476231737685,-0.49305377521012267,0.3296216354056902,-0.4090342576008984,-2.4169563740782483,1.1962720823848418,1,2,0.7458626627922058,-1.2439232927611847,1.9807875792132776,-3.289462228814596,-1.3924906889544886,-0.39096147218813115,0.0,-0.0024674413725733757,5.250742364840585e-31,-0.2926540970802307,0.0,0.0,1789113818.9397814
2735.9089999999997,-0.3114352778582393,-0.4918836836957316,0.33689499731528927,-0.3939850157817375,-2.3698360042360087,1.234636502756886,1,2,0.7458591461181641,-1.245398924951889,1.9807656447040003,-3.336666246453756,-1.3925188223468226,-0.3909991423236292,1.9030265907385469e-22,-0.02402498386800289,-0.0,-0.6414903402328491,0.0,0.0,1789113819.0397828
2736.009,-0.309187751833024,-0.48988302939941375,0.34688664623829174,-0.37229291827443717,-2.300733099263256,1.2881688733706433,1,2,0.7458985447883606,-1.2467000943473359,1.9808099905597132,-3.4058624706664027,-1.392578426991598,-0.3909686247455042,2.174367728002835e-05,-1.7162247445412504e-07,4.3464897316880524e-05,-0.647634744644165,-0.00048285507364198565,0.0,1789113819.1397877
2736.109,-0.3074678684707801,-0.4883452248148509,0.3532534081732005,-0.3573354257778288,-2.252534301387423,1.3236619713726705,1,2,0.7459211349487305,-1.2466487449458619,1.9807804266559046,-3.4543925724425257,-1.3926036993609827,-0.3909724394427698,0.0,4.9796504754340276e-05,0.00011488785821711645,-0.3134394586086273,-0.0002085146406898275,1.2521649095744748e-14,1789113819.2397225
2736.209,-0.30686550413001984,-0.48774835012118484,0.35534829486384073,-0.35242469072397503,-2.236245699285432,1.3352254817620892,1,2,0.7458591461181641,-1.2466487449458619,1.980828587208883,-3.4706746540465296,-1.392646614705221,-0.3909800688373011,-0.00039224259671755135,0.0,0.00035051850136369467,-0.031222522258758545,-6.286233838181943e-05,0.0,1789113819.3397934
2736.3089999999997,-0.3068230248851454,-0.4876747720419951,0.3549844472973522,-0.3527633797062068,-2.2371472848249754,1.334457377029718,1,2,0.7458266615867615,-1.246496633892395,1.9814308325396937,-3.47047819713735,-1.3927186171161097,-0.3910110632525843,-0.0007171951583586633,0.00910559855401516,0.028908485546708107,0.004340022336691618,-0.0021971785463392735,0.0,1789113819.4397945
2736.4089999999997,-0.3061214515317356,-0.48704838282517815,0.3513639567158458,-0.3555929481482899,-2.2463472161680538,1.327925357980338,1,2,0.7458626627922058,-1.244973139171936,1.987570587788717,-3.468966623345846,-1.392754379902975,-0.39097673097719365,-6.299131200648844e-05,0.0142458975315094,0.09630097448825836,0.03595883771777153,-0.00014993529475759715,0.0,1789113819.539798
2736.509,-0.30396940971744674,-0.4850501728651737,0.344775997886947,-0.36087528343576203,-2.263622059773096,1.3154943528278655,1,2,0.7458521127700806,-1.244530276661255,2.0020163694964808,-3.466570039788717,-1.3927496115313929,-0.39099198976625615,0.00039525332977063954,-0.0003544699284248054,0.1854461133480072,0.0004240777052473277,-6.742019468219951e-05,0.0,1789113819.6397648
2736.609,-0.30077219354093965,-0.48210898388895485,0.33678684934076325,-0.3667360763653557,-2.2828191780578377,1.3014912084409673,1,2,0.7458710670471191,-1.2445182365230103,2.0213311354266565,-3.4666301212706507,-1.3927534262286585,-0.39100772539247686,0.00011730413825716823,-4.3061354517703876e-05,0.21015654504299164,-0.001484600594267249,-0.0,0.0,1789113819.7397714
2736.709,-0.297602466468602,-0.47919403266520827,0.33021137553810004,-0.3707462582829245,-2.296101872292894,1.2918068683281287,1,2,0.7458674907684326,-1.2446824175170441,2.038945023213522,-3.470755716363424,-1.3926504294024866,-0.39100772539247686,0.00011781174544012174,-0.00019391060050111264,0.10695848613977432,-0.05794035270810127,0.0001496568147558719,0.0,1789113819.8397722
2736.8089999999997,-0.2968480241955131,-0.47848990523099477,0.3298498806313281,-0.3696514164547473,-2.2925600239703288,1.2944598080877014,1,2,0.7458506226539612,-1.2447132629207154,2.04203445116152,-3.477391382256979,-1.392646614705221,-0.3910110632525843,5.879094327115647e-15,-0.00019372330280020833,2.28292640208967e-37,-0.09194698929786682,8.992165385279804e-05,0.0,1789113819.9399433
2736.9089999999997,-0.2963650903951581,-0.47803981888972263,0.3317781999973714,-0.3652399251349047,-2.278192384968494,1.3050605640285478,1,2,0.7458387017250061,-1.2447301906398316,2.0419843832599085,-3.491783758203024,-1.3926895300494593,-0.3910110632525843,2.592341619145344e-10,-0.00015342634287662804,-0.0,-0.19741979241371155,6.515876858571268e-32,0.0,1789113820.0397906
2737.009,-0.2952788683696957,-0.4770103953784082,0.3357289005442241,-0.356098469921979,-2.2482353700056783,1.3268500743137461,1,2,0.7457717657089233,-1.2447970670512696,2.0420153776751917,-3.521788259545797,-1.3926785627948206,-0.39097673097719365,-0.002417178126052022,-0.00019127958512399346,-6.017310806782916e-05,-0.43203258514404297,3.005178605963721e-10,0.0,1789113820.1397645
2737.109,-0.29335392866510485,-0.47507571438441,0.3421915761419898,-0.3408784440365252,-2.1974885380864047,1.3622766847519696,1,2,0.7455149292945862,-1.2447610360435029,2.0420497099505823,-3.572235246697897,-1.3927133719073694,-0.3909953276263636,-0.00147182063665241,0.0,-0.0,-0.5283510684967041,-0.00011776389874285087,0.0,1789113820.2397597
2737.209,-0.29132621288701854,-0.47309642767881965,0.34809159744356366,-0.3266681816883265,-2.149736277954337,1.3942694643247475,1,2,0.7453315258026123,-1.2447184485248108,2.0420497099505823,-3.619260927239889,-1.392761532460348,-0.3909953276263636,-0.0083013866096735,0.00011961580457864329,-0.0,-0.3972223997116089,-0.00067754031624645,0.0,1789113820.3397546
2737.3089999999997,-0.29083780268177795,-0.4715202430700778,0.35126107354515984,-0.32047379668643766,-2.1229976247831224,1.4103864634155212,1,2,0.7437609434127808,-1.2447336477092286,2.0420153776751917,-3.6447140179076136,-1.3927820364581507,-0.3909800688373011,-0.020274309441447258,8.567918121116236e-05,-0.0,-0.07935773581266403,-0.00018034990353044122,0.0,1789113820.4397862
2737.4089999999997,-0.29200549416374766,-0.47077859010631284,0.35123404667451824,-0.32288942366101275,-2.121463295152133,1.409228182073139,1,2,0.7412565350532532,-1.2445677083781739,2.0420497099505823,-3.6453257999815882,-1.3927901426898401,-0.39099198976625615,-0.030192876234650612,0.003972731996327639,-0.0,0.0005085541633889079,-0.0001622737618163228,0.0,1789113820.5397785
2737.509,-0.2935764682057415,-0.4697997413950305,0.35121161222130026,-0.3262921241341173,-2.1200343171710565,1.407293639515087,1,2,0.7379149794578552,-1.2445456248572846,2.042074505482809,-3.6453191242613734,-1.3927901426898401,-0.39100391069521123,-0.03693495690822601,0.00024122158356476575,8.750649431021884e-05,7.570283923996612e-05,-8.64634130266495e-05,0.0,1789113820.6398036
2737.609,-0.29521624263454155,-0.46876011976050047,0.3511890009315849,-0.32984896283766646,-2.118458673201897,1.4052859085530625,1,2,0.734408974647522,-1.2445182365230103,2.0421183745013636,-3.6453963718810023,-1.3928092161761683,-0.39102012315859014,-0.03415190801024437,0.0006061114254407585,0.0005151614896021783,1.2139879848431281e-27,-0.0,0.0,1789113820.7397218
2737.709,-0.29639558388363735,-0.46802610485695334,0.3511138534371812,-0.3324119558620361,-2.11753816463498,1.4038018190423176,1,2,0.7318946719169617,-1.244419054394104,2.0421698729144495,-3.645379205743307,-1.3927472273456019,-0.3910163084613245,-0.005830524023622274,0.000945000967476517,0.0003753976197913289,1.0248711601601457e-11,-0.0,0.0,1789113820.839774
2737.8089999999997,-0.296343142393534,-0.4679150413682399,0.350918578322876,-0.3326196304994908,-2.11792449207334,1.4034738044132724,1,2,0.7318052053451538,-1.244431124334671,2.0427139441119593,-3.6454936466612757,-1.3927462736712855,-0.3910277525531214,-0.00013788326759822667,3.572291461750865e-05,0.02340724878013134,-0.0002789516875054687,-8.450250129417944e-41,0.0,1789113820.9397466
2737.9089999999997,-0.2955760264392998,-0.467318212775124,0.3493342695573646,-0.3335988228277417,-2.12168516001814,1.401222471740125,1,2,0.7319271564483643,-1.2444549661925812,2.046926800404684,-3.646073957482809,-1.392710034047262,-0.39102393785585576,0.0012105536879971623,5.512449170727247e-24,0.0522175170481205,-0.018570438027381897,0.000371605739928782,-0.0,1789113821.0398228
2738.009,-0.2941842614766767,-0.4660459773001674,0.3482847070389332,-0.3323247180204799,-2.1175706743006506,1.403858743123541,1,2,0.7318841814994812,-1.2444737416556855,2.0526402632342737,-3.655794759789938,-1.3926904837237757,-0.39105540910829717,0.0001304351753788069,0.0,0.06313879042863846,-0.19147394597530365,8.192513632820919e-05,-0.0,1789113821.1397357
2738.109,-0.29156945114710425,-0.46374038433754483,0.3485620545108635,-0.3263488280383492,-2.0980841081903994,1.4163112462454983,1,2,0.7319271564483643,-1.2444858115962525,2.060265843068258,-3.6824804745116175,-1.3927224318133753,-0.391031567250387,5.628489120169418e-32,0.0,0.08625969290733337,-0.3323497176170349,3.2543218448816007e-22,-0.0,1789113821.2397816
2738.209,-0.2885468558705917,-0.46109116742016726,0.3482795765791755,-0.3204300535226026,-2.0789984028124286,1.4283743442276995,1,2,0.7319939732551575,-1.244419054394104,2.0696519056903284,-3.7105823955931605,-1.392710034047262,-0.3910277525531214,0.0009035762632265687,-4.600968487688582e-17,0.08236166834831238,-0.16801713407039642,0.0,-0.0,1789113821.3397455
2738.3089999999997,-0.2875409328952312,-0.4601484004734445,0.3468731067841169,-0.32071977783465294,-2.079803408219493,1.4278338636061683,1,2,0.7319355607032776,-1.2444464725307007,2.0746305624591272,-3.714728971520895,-1.3927133719073694,-0.3910439650165003,6.929626397322863e-05,4.813725536223501e-05,0.011235295794904232,-0.00010842720803339034,0.0,-0.0,1789113821.439785
2738.4089999999997,-0.287451327471703,-0.4600795084653246,0.34701836662201485,-0.3203125861450339,-2.0785254493538967,1.428674910594878,1,2,0.7319460511207581,-1.2444703143886109,2.074691120778219,-3.716026922265524,-1.3926871458636683,-0.3910277525531214,-1.4903765613132058e-13,-6.100110416795701e-10,-1.5251576527342697e-30,-0.03845403715968132,0.0,-0.0,1789113821.539782
2738.509,-0.28699739058228896,-0.45966953459136406,0.34798912269865423,-0.31776189466095467,-2.069980000225436,1.433946988607174,1,2,0.7319390773773193,-1.2444464725307007,2.0747459570514124,-3.724405904809469,-1.3927062193499964,-0.39100534120668584,-2.0251627574907616e-05,0.0,0.00023632239026483148,-0.09799449145793915,0.0,-0.0,1789113821.6398168
2738.609,-0.2865927085315716,-0.45930038327287404,0.34887621473082825,-0.3153826935095321,-2.0622174586915127,1.4386804744134227,1,2,0.7319236397743225,-1.244422511463501,2.0747512022601526,-3.7319637737669886,-1.3927024046527308,-0.39104015031923467,0.0,0.0,6.801520066801459e-05,-0.06144929304718971,0.0,-0.0,1789113821.7397332
2738.709,-0.28619278950675486,-0.4589484454790923,0.3496605568854492,-0.3132701832473656,-2.055076538282918,1.442999504865174,1,2,0.7319390773773193,-1.2443866294673462,2.0748327414142054,-3.73899044613027,-1.392761532460348,-0.39102393785585576,-9.06492192325877e-30,0.002532738260924816,0.0037547883111983538,-0.08030369877815247,7.829292769656604e-12,-0.0,1789113821.839797
2738.8089999999997,-0.2856585591697475,-0.4584418167193667,0.34944619507721447,-0.31213386523049275,-2.0512546799426485,1.4452826809395498,1,2,0.7318946719169617,-1.2439368528178711,2.076613728200094,-3.744908472100729,-1.3927581946002405,-0.3910439650165003,-0.0001848948304541409,0.008079661056399345,0.02785540372133255,-0.02609183080494404,-8.244513446697965e-05,-0.0,1789113821.939803
2738.9089999999997,-0.28538971027110294,-0.458200647278303,0.3473589532020799,-0.313561837215878,-2.0560248682676376,1.4424204540977086,1,2,0.7318911552429199,-1.2421295207789917,2.079721752797262,-3.7452131710448207,-1.3927462736712855,-0.39104015031923467,-2.403739381406922e-05,0.024173401296138763,0.03569904714822769,-0.00017676572315394878,-1.271426078849979e-21,-0.0,1789113822.0397952
2739.009,-0.2850456369508925,-0.45788509463248245,0.34486115255181604,-0.3153348024638527,-2.0617877618045286,1.4389465257001661,1,2,0.7318791151046753,-1.2400213342956086,2.083517376576559,-3.745537420312399,-1.3927424589740198,-0.39100915590395147,-6.085533823352307e-05,0.009172068908810616,0.03424229472875595,-0.018392039462924004,-0.0,-0.0,1789113822.1397507
2739.109,-0.28431360137443484,-0.4571822715466253,0.34436465874251687,-0.3145714701384166,-2.0590970544493925,1.440520432632638,1,2,0.7318106293678284,-1.2398896974376221,2.0864017645465296,-3.7511326275267542,-1.3927505652057093,-0.39103490511049444,-0.000611695519182831,6.105887587182224e-05,0.024706661701202393,-0.1146615743637085,-0.0,-0.0,1789113822.2397907
2739.209,-0.28323087064619346,-0.4559152890739776,0.3455656470128284,-0.3104176078774746,-2.043642528011719,1.4494787361217714,1,2,0.7313806414604187,-1.2398742002299805,2.088480774556295,-3.7680002651610316,-1.3928020636187952,-0.391031567250387,-0.008001456037163734,4.712959153669287e-24,0.011775197461247444,-0.2138350009918213,-0.00018746985006146133,-0.0,1789113822.3398144
2739.3089999999997,-0.28218003181233353,-0.4544468131182171,0.34816128322934753,-0.30401378551899594,-2.019349471391411,1.4632432060036529,1,2,0.7306116819381714,-1.2398331326297303,2.0888221899615687,-3.79150452236318,-1.3928692976581019,-0.39100915590395147,-0.008776601403951645,0.0013857842423021793,0.00025346496840938926,-0.20438919961452484,-0.0005698697059415281,-2.4392763629972426e-34,1789113822.439802
2739.4089999999997,-0.2820688046525677,-0.45383886241543125,0.3488668517252761,-0.3020774410826056,-2.0101974128619906,1.4679625663015028,1,2,0.7298683524131775,-1.239140586262085,2.0888307730304163,-3.800713201562399,-1.392885986958639,-0.3910124937640589,-0.002172615844756365,0.014667746610939503,0.000801962916739285,-0.0005625924095511436,-0.00017968101019505411,-0.0,1789113822.5397162
2739.509,-0.2823333798077015,-0.4540239580165472,0.3477445160804214,-0.3026838109256578,-2.0121180319763203,1.4667879668223365,1,2,0.7297857999801636,-1.237006739979126,2.089054886494772,-3.801200052300924,-1.3928583304034632,-0.39103871980776006,-0.00035153134376741946,0.02572179026901722,0.004234321415424347,-0.01911044865846634,-7.993690815055743e-05,-0.0,1789113822.6397893
2739.609,-0.28194717114019985,-0.45322785987246267,0.3475998758969293,-0.30124409574467814,-2.0048523591643876,1.4704331079897135,1,2,0.7291300296783447,-1.2358132761767884,2.0907724539386194,-3.8108235798277796,-1.392905060444967,-0.39103871980776006,-0.011553976684808731,0.0048355599865317345,0.02941261976957321,-0.16170765459537506,-1.0420980747866664e-25,-0.0,1789113822.7397819
2739.709,-0.2806137611285592,-0.4517062321059424,0.34818921996292074,-0.2974458763235445,-1.9901981935609114,1.4784653546976072,1,2,0.7286453247070312,-1.2354729634574433,2.094126049672262,-3.828391214410299,-1.3929732481585901,-0.39100772539247686,-0.0006615897291339934,0.002299543935805559,0.031446002423763275,-0.14546287059783936,-0.000529770040884614,-0.0,1789113822.8398404
2739.8089999999997,-0.2797736524940939,-0.4509901514447086,0.34725555607435976,-0.29692332718230424,-1.9886566602198816,1.479463375696709,1,2,0.7286813855171204,-1.2349104148200531,2.0975845495807093,-3.8339339695372523,-1.3929298559771937,-0.3909810225116175,0.00035377166932448745,0.011284624226391315,0.043545208871364594,-0.00030932656954973936,-3.3204720239154994e-05,-0.0,1789113822.9397628
2739.9089999999997,-0.2790965532516323,-0.45038837279342514,0.34421622376452415,-0.2992410600241289,-1.996574807325088,1.4749209616951053,1,2,0.7286813855171204,-1.2330737870982666,2.1032918135272425,-3.8338800869383753,-1.3929179350482386,-0.39102012315859014,8.273680577985942e-05,0.03434259444475174,0.06629367917776108,-8.365128451259807e-05,-1.0074194512037286e-21,-0.0,1789113823.0396898
2740.009,-0.27867736487773165,-0.44998091093376325,0.3395436753926577,-0.30270132681490924,-2.0077989381470576,1.4683928043650358,1,2,0.7286348938941956,-1.2284059983542939,2.109652344380514,-3.8340946636595667,-1.3929527441607874,-0.3909967581378382,0.0,0.05967741832137108,0.05779196321964264,-0.0036246427334845066,-0.0,-0.0,1789113823.139775
2740.109,-0.2787221660131688,-0.4500623394017158,0.3342533742114367,-0.30577769314393427,-2.018353842835561,1.4623387305062143,1,2,0.7286813855171204,-1.2208428245833893,2.1143210569964808,-3.836208005944723,-1.3929217497455042,-0.39098817506899053,0.0,0.08989430218935013,0.029808036983013153,-0.06782751530408859,-0.0,-0.0,1789113823.2398057
2740.209,-0.27881855885509504,-0.45012726773591116,0.3301629625002687,-0.3053723682005227,-2.0169458742744486,1.4631422486860426,1,2,0.7286384105682373,-1.211324082022049,2.116434876118795,-3.8491865597166957,-1.3929579893695276,-0.3910000959979456,-0.0001726285117911175,0.09476820379495621,0.011806979775428772,-0.18753716349601746,-0.0,-0.0,1789113823.339753
2740.3089999999997,-0.2784900104878476,-0.4498452932719927,0.32806228981092667,-0.30097178761195353,-2.002559979587332,1.4715873865686795,1,2,0.7286264896392822,-1.2021506291678925,2.1168506781207483,-3.8726495705046595,-1.39294940630068,-0.39102012315859014,-2.344444510526955e-05,0.09644226729869843,0.000641366932541132,-0.27000683546066284,-0.0,-0.0,1789113823.4397082
2740.4089999999997,-0.27821883341097664,-0.4496497650719268,0.325655029314287,-0.2963674433223892,-1.9875713478107906,1.480332082303467,1,2,0.728665828704834,-1.1918536585620423,2.1168821493731897,-3.897423645059103,-1.3929455916034144,-0.39102012315859014,0.0,0.10926185548305511,8.632209210190922e-05,-0.21069639921188354,-0.0,-0.0,1789113823.5397804
2740.509,-0.27831852653325084,-0.4497700155301169,0.32208222919435736,-0.29333439140877693,-1.9779106099890498,1.4859740339104088,1,2,0.7286728024482727,-1.1801071625998993,2.116878334675924,-3.9184869728484095,-1.3928797880755823,-0.391031567250387,0.0,0.11802511662244797,7.557985372841358e-05,-0.20504847168922424,-0.0,-0.0,1789113823.6397934
2740.609,-0.2784072220297124,-0.44984920567277914,0.3185657840181937,-0.2907006981434392,-1.9689877390402672,1.4910154222302798,1,2,0.7286623120307922,-1.1687903565219422,2.1169093290912073,-3.9383744202055873,-1.3929527441607874,-0.39102012315859014,0.0,0.11589492112398148,-0.0,-0.1857617199420929,-0.0,-0.0,1789113823.7397802
2740.709,-0.2787871575988149,-0.4502285941654748,0.3146599575035434,-0.2898229289337661,-1.9664101519742787,1.4926348871790818,1,2,0.7286897897720337,-1.1581781667521973,2.116865936909811,-3.9514736137785853,-1.392885986958639,-0.39098817506899053,0.0001259203563677147,0.09422440826892853,-0.0,-0.07637401670217514,-0.0,-0.0,1789113823.8398006
2740.8089999999997,-0.27926205171701646,-0.4506546517002036,0.3119014525173787,-0.2906362643658367,-1.9691331164445216,1.491131520952296,1,2,0.7286862730979919,-1.151941792373993,2.1168506781207483,-3.955097814599508,-1.392893139516012,-0.39097291627992803,8.589048957219347e-05,0.0339488685131073,1.8204472217869805e-12,-0.00923932809382677,0.0001206056258524768,-0.0,1789113823.9397504
2740.9089999999997,-0.27937442379741173,-0.45077050678738084,0.3113210187822806,-0.2908706330610026,-1.9701089091590855,1.4906254371112357,1,2,0.7287018299102783,-1.1507222217372437,2.116825882588522,-3.9553784332671107,-1.3928621451007288,-0.3909800688373011,4.455969246919267e-05,0.00022444002388510853,-0.0,-0.002209207508713007,6.832647341070697e-05,-0.0,1789113824.0396712
2741.009,-0.27910234746443463,-0.4505302074393409,0.3117989745373696,-0.28953812795332967,-1.9656430413427943,1.493153543239947,1,2,0.7287018299102783,-1.1507256490043183,2.116835896168844,-3.9596628151335658,-1.3928583304034632,-0.3909724394427698,1.9912706193281338e-05,2.635898817970883e-05,-0.0,-0.07947975397109985,5.907121991989747e-35,-0.0,1789113824.1398098
2741.109,-0.2781904312196558,-0.449707191849899,0.3133770185942477,-0.2850883688878851,-1.9505852308666998,1.5014943902616391,1,2,0.7286897897720337,-1.150698260670044,2.1168697516070765,-3.974089046517843,-1.3929169813739222,-0.39099198976625615,0.0,0.0003183554799761623,-0.0,-0.16987748444080353,0.0,-0.0,1789113824.23983
2741.209,-0.277058537024525,-0.4487139358337845,0.3152719204782735,-0.2796682639272857,-1.9324120499822275,1.5115139284412664,1,2,0.7287053465843201,-1.1506777268699189,2.1168697516070765,-3.9914447269835414,-1.3929289023028772,-0.3909953276263636,0.0,0.000636018521618098,-0.0,-0.1815500408411026,0.0,-0.0,1789113824.3398106
2741.3089999999997,-0.27575493425287784,-0.4475390240178326,0.3174244803305914,-0.2734733485605406,-1.9114005619400767,1.5228882416413356,1,2,0.7286744117736816,-1.150634990339615,2.1168296972857874,-4.011426588098043,-1.3929250876056116,-0.3909838835345667,0.0,-2.802596928649634e-45,-0.0,-0.2134498804807663,0.0,-0.0,1789113824.4398243
2741.4089999999997,-0.27438296588722577,-0.44632167181945775,0.31955088130526443,-0.26723198204546245,-1.8902716740170444,1.5341153507300964,1,2,0.7286744117736816,-1.150641844873764,2.116862122212545,-4.031490465203756,-1.392937485371725,-0.39099198976625615,-2.8313732400420122e-05,0.00042724129161797464,-0.0,-0.15779952704906464,0.0,-0.0,1789113824.5397484
2741.509,-0.27397351029471456,-0.4459922287957594,0.3200752328745274,-0.2653795186529611,-1.8842534262646988,1.5373511396144057,1,2,0.7287172079086304,-1.1504468482783814,2.116865936909811,-4.0374185047545375,-1.392902676259176,-0.39099198976625615,0.0,0.002616151701658964,-0.0,-0.000102297926787287,0.0,-0.0,1789113824.6397595
2741.609,-0.2740559710833027,-0.44604485660137316,0.319758326279403,-0.26562497278895575,-1.8848661883842808,1.5370021778974137,1,2,0.7286897897720337,-1.1498122972301026,2.116878334675924,-4.037470003167623,-1.3929250876056116,-0.39097291627992803,0.0,0.004559112712740898,-0.0,-3.994118014816195e-05,0.0,-0.0,1789113824.739771
2741.709,-0.2740793093831809,-0.44608217796703853,0.31963303948150323,-0.26568545822822703,-1.8851675381719586,1.5368433468325575,1,2,0.7287172079086304,-1.1495642226985474,2.116865936909811,-4.0374232731261195,-1.3929408232318323,-0.39098817506899053,0.0,0.003108935197815299,-0.0,-3.986121055984134e-37,0.0,-0.0,1789113824.839762
2741.8089999999997,-0.2741559511430659,-0.4461341115794295,0.3193627551842294,-0.26583569366881343,-1.8857253223653514,1.5365426177369668,1,2,0.7286863327026367,-1.149016724233963,2.116854969655172,-4.0374304256834925,-1.3929107824908655,-0.39100391069521123,0.0,0.004282703623175621,-0.0,-0.0,0.0,-0.0,1789113824.9397588
2741.9089999999997,-0.2741629218803169,-0.44614964592174516,0.3192747843573067,-0.2659218346446366,-1.8859378856546936,1.5364376225450305,1,2,0.7287052869796753,-1.1488662523082276,2.116886917744772,-4.037411352197164,-1.392937485371725,-0.3909848372088831,0.0,0.002138778567314148,-0.0,-0.0,-6.615672197441558e-21,-0.0,1789113825.0396762
2742.009,-0.27436803206771876,-0.4463206215538183,0.3184068318705416,-0.2664413993521506,-1.8877632582072978,1.5354174851580915,1,2,0.7286897897720337,-1.1471516650966187,2.1169059912311,-4.037399431268209,-1.3929579893695276,-0.39103490511049444,0.0,0.03867382928729057,-0.0,-0.0,-8.654155681142583e-05,-0.0,1789113825.1396973
2742.109,-0.275259398718244,-0.4471232924799065,0.3144520448232905,-0.2688779160970659,-1.8960415481098238,1.5311123358888385,1,2,0.7286932468414307,-1.139278845196106,2.116920773183004,-4.03746285061025,-1.3929579893695276,-0.39100391069521123,0.0,0.11005761474370956,9.25990825635381e-05,-4.03066691134768e-10,-6.389890040736645e-05,-0.0,1789113825.239808
2742.209,-0.2767095925981348,-0.4484277527095534,0.3077925083595533,-0.27288863297482424,-1.9097946709112346,1.5238959924201927,1,2,0.7286897897720337,-1.1260059934905549,2.1169021765338343,-4.037706514398092,-1.3929250876056116,-0.39097673097719365,5.667865480063483e-05,0.1358451396226883,2.8073965950170532e-05,-0.011059227399528027,-1.3896396611016346e-40,1.207848072226625e-06,1789113825.3397746
2742.3089999999997,-0.2772722014894424,-0.44890948951443777,0.3039489915920189,-0.2737894550183323,-1.9128388614367517,1.5222476721408167,1,2,0.7286504507064819,-1.1171312195113678,2.116894547139303,-4.043676038781637,-1.392937485371725,-0.3909953276263636,-0.00015497388085350394,0.03628181666135788,1.1436494806726927e-10,-0.11976079642772675,-0.0,0.0,1789113825.4397857
2742.4089999999997,-0.27630265024105743,-0.4480777449665361,0.30529768012905545,-0.26926450346555014,-1.897705705572701,1.5303700132424696,1,2,0.7286897897720337,-1.1166537565043946,2.1168745199786585,-4.058514257470602,-1.3929336706744593,-0.3909991423236292,3.696574276546016e-05,-0.0002711772976908833,-0.0,-0.17836757004261017,-0.0,0.0,1789113825.5397735
2742.509,-0.2753790943377312,-0.4472645406153891,0.3066836332069071,-0.26509264377996195,-1.8835734113845308,1.5378452602814872,1,2,0.7286967039108276,-1.1165870291045685,2.1168745199786585,-4.071976085702413,-1.3929265181170862,-0.39098817506899053,0.0,0.0,-0.0,-0.069209985435009,-0.0,0.0,1789113825.6397033
2742.609,-0.27529751574120254,-0.4471637045126727,0.30682688625223364,-0.264679982959009,-1.8821269778666272,1.538569590341329,1,2,0.7286504507064819,-1.1166023773005982,2.1168983618365687,-4.073341508904928,-1.3929064909564417,-0.39100391069521123,0.0,5.2651288569904864e-05,3.749720053747296e-05,-0.0017128754407167435,-0.0,0.0,1789113825.7398014
2742.709,-0.2752747445668118,-0.44717238241062957,0.30683889975075446,-0.2645635089283072,-1.882049871250451,1.5386573528142424,1,2,0.7286863327026367,-1.1166007977775116,2.116886917744772,-4.073429008523458,-1.3928702513324183,-0.3910277525531214,0.0,0.00029011318110860884,-0.0,-0.00037185417022556067,-3.8194892193810756e-30,0.0,1789113825.839742
2742.8089999999997,-0.2752295221838029,-0.4471084431774509,0.30692179193689134,-0.26434755184840664,-1.8811286548851123,1.539102145899916,1,2,0.7286539077758789,-1.116588757639267,2.1168950239764612,-4.074303527871603,-1.392885986958639,-0.39102012315859014,0.0,7.352236571023241e-05,-0.0,-0.03270610049366951,6.426985055441037e-05,0.0,1789113825.9397404
2742.9089999999997,-0.27460713291173305,-0.44655281116137874,0.3078394032137997,-0.26160780726708427,-1.871726650671104,1.5440209683578163,1,2,0.728646993637085,-1.1165734094432374,2.1169098059283655,-4.083228250543112,-1.392878834401266,-0.39099198976625615,0.0,2.466285297211678e-43,-0.0,-0.15321986377239227,6.5186442742540435e-40,0.0,1789113826.039738
2743.009,-0.2729271854335485,-0.4450598280130024,0.31026335274839806,-0.2542596963929779,-1.8466462423839365,1.5568352589090195,1,2,0.7286504507064819,-1.1165613693049927,2.1169059912311,-4.106885095635885,-1.3929179350482386,-0.39102012315859014,0.0,7.341952732531354e-05,-0.0,-0.2846730053424835,0.0,0.0,1789113826.1397307
2743.109,-0.2711544641202597,-0.443455371699809,0.3126779621096098,-0.24667335819336272,-1.820443235538928,1.5698973226064907,1,2,0.7286109924316406,-1.1164260369590302,2.116913620625631,-4.1316451034941615,-1.3929579893695276,-0.39103490511049444,-0.00017753156134858727,0.004055088851600885,-0.0,-0.17539933323860168,1.609580365160402e-35,0.0,1789113826.2398148
2743.209,-0.27094861945402254,-0.44330657229911974,0.3121940048677149,-0.24582014689871678,-1.8176563782380148,1.5713298963004902,1,2,0.7286608219146729,-1.1146739286235352,2.1171348730670374,-4.13625492672109,-1.3929656187640589,-0.3910277525531214,-0.00010740215657278895,0.04866068810224533,0.009120061993598938,-3.8798726244511773e-31,-9.623111691325903e-05,0.0,1789113826.3397236
2743.3089999999997,-0.2714421946217521,-0.44373785151372974,0.30678939922679294,-0.2495385385473032,-1.8303889082520082,1.5650590707053023,1,2,0.7286384105682373,-1.105604664688446,2.120026413594381,-4.136266847650045,-1.3929618040667933,-0.39100391069521123,-6.477434080433251e-23,0.13709750771522522,0.04844033345580101,-0.0,-2.983566171899099e-11,0.0,1789113826.4398284
2743.4089999999997,-0.27214545552899366,-0.44438779981620263,0.29715221796707203,-0.2560637932860377,-1.852947094575983,1.5538440943841116,1,2,0.7286505103111267,-1.0894479316524048,2.1253088156329554,-4.136522193948263,-1.3929250876056116,-0.3909648100482386,1.490670786677764e-13,0.15707138180732727,0.04993090406060219,-0.010015850886702538,2.7388042056486483e-08,0.0,1789113826.5397868
2743.509,-0.2718306210490813,-0.44412000145133107,0.29148821426461746,-0.2580279188806626,-1.8598839908524836,1.5503737256686938,1,2,0.7286539077758789,-1.0789147180369874,2.1294730345355433,-4.144703527490133,-1.3929098288165491,-0.3909800688373011,0.0,0.05116552114486694,0.02201964519917965,-0.15758100152015686,5.984985182294622e-05,0.0,1789113826.6398704
2743.609,-0.27063368163288787,-0.44306421696832055,0.29238468435548354,-0.2530623443753597,-1.8428824877581769,1.5590476541799574,1,2,0.728665828704834,-1.07721562803302,2.129807774220602,-4.162764688531393,-1.3929298559771937,-0.3909691015826624,0.0,-0.0001520869554951787,-0.0,-0.1482178270816803,0.0,0.0,1789113826.7397447
2743.709,-0.27039119970024916,-0.4428556623205585,0.29268710415928045,-0.2520328799730766,-1.83953708538208,1.5607231511616066,1,2,0.7286744117736816,-1.0771953028491517,2.129848305379049,-4.165976186791891,-1.3929217497455042,-0.39100772539247686,0.0,0.0003262805112171918,-0.0,0.0038553171325474977,0.0,0.0,1789113826.839732
2743.8089999999997,-0.27042213714177477,-0.44287566540843065,0.2927058456771294,-0.2521213920627999,-1.8396618297997214,1.560688367155482,1,2,0.728662371635437,-1.0772360128215333,2.129775349293844,-4.16574825863027,-1.3929179350482386,-0.39096004167665654,0.0,-0.0015611867420375347,-0.0,1.4747518434887752e-05,0.0,0.0,1789113826.9398022
2743.9089999999997,-0.27035375672990153,-0.44276920830181277,0.29314763958085854,-0.25187324149732015,-1.8384222589014603,1.5611831466133634,1,2,0.7286095023155212,-1.0780615967563172,2.1297624746905726,-4.166025539437765,-1.3929927984820765,-0.39097577730287725,-0.00047938033821992576,-0.008991321548819542,-5.163708920008503e-05,-0.0009804550791159272,0.0,0.0,1789113827.0397534
2744.009,-0.2698943440632858,-0.44231511845753263,0.2946301603680597,-0.25008274692063714,-1.8321059434553761,1.564322368394185,1,2,0.7285356521606445,-1.0803061586669465,2.129770104085104,-4.169715782205099,-1.392954174672262,-0.3909648100482386,-0.00013652569032274187,-0.04524032771587372,-0.0,-0.11067955195903778,0.0,0.0,1789113827.1398175
2744.109,-0.26724080551331425,-0.43980481721246806,0.3020318672630381,-0.23995544250588405,-1.7964214203653885,1.5816711467910745,1,2,0.7283182144165039,-1.0906841915896912,2.129742447529928,-4.192703147927755,-1.3929579893695276,-0.39096004167665654,-0.0073899743147194386,-0.15807171165943146,-0.0,-0.32321351766586304,0.0,0.0,1789113827.2397122
2744.209,-0.26277111966994016,-0.4349072141553957,0.3159866162423641,-0.22363082642408644,-1.7349838996000355,1.6093228963704493,1,2,0.7269237637519836,-1.1124750238708039,2.1296990553485315,-4.227697511712545,-1.3929732481585901,-0.39094430605043584,-0.028369592502713203,-0.2615453898906708,-0.0003734906786121428,-0.3491426110267639,7.58213330382168e-20,3.9495173189667595e-24,1789113827.3397272
2744.3089999999997,-0.2599718770473858,-0.4297810686884143,0.3300577885813464,-0.21343347286445719,-1.6862706466501594,1.6273862189754773,1,2,0.7228269577026367,-1.138375238781311,2.1297577063189905,-4.245675941506857,-1.392954174672262,-0.3909848372088831,-0.027721300721168518,-0.21779745817184448,8.284400246338919e-05,0.008107200264930725,-2.9285618438734673e-05,0.0,1789113827.4398205
2744.4089999999997,-0.25910875424566454,-0.4287763817197452,0.3339887381020317,-0.21124670812181268,-1.6775798454791628,1.6307950257857597,1,2,0.7224466800689697,-1.1466631454280396,2.1297786871539515,-4.245329280892843,-1.3929250876056116,-0.39102012315859014,0.0002922337444033474,0.004473669454455376,-0.0,0.004037695471197367,-2.1082907580638998e-37,0.0,1789113827.539744
2744.509,-0.2596121476076352,-0.4292695035913571,0.33299529242095693,-0.21296641406224276,-1.683969515534848,1.628146303445423,1,2,0.7225099802017212,-1.1454299253276368,2.1298063437091272,-4.240720172921652,-1.3928511778460901,-0.3910000959979456,0.0018252270529046655,0.011928342282772064,0.00019747280748561025,0.08537832647562027,0.000366324617061764,0.0,1789113827.6397765
2744.609,-0.2610160122067696,-0.43051568251225625,0.33130021647364905,-0.21818613137635492,-1.7021301641827067,1.6201676705770491,1,2,0.7225287556648254,-1.1448442500880738,2.1298111120807093,-4.2244726620116175,-1.3928430716144007,-0.39099198976625615,0.0017296170117333531,0.006680038757622242,7.699391426285729e-05,0.2664632201194763,0.00013387679064180702,0.0,1789113827.7398267
2744.709,-0.2649178531782819,-0.4342245015099913,0.32589458407511457,-0.23332650251335574,-1.755747146236818,1.596116027046322,1,2,0.7229657769203186,-1.1425573986819764,2.129814926777975,-4.176990886727804,-1.3928449789630335,-0.39099198976625615,0.004364777356386185,0.04185182601213455,0.00012214374146424234,0.6827167272567749,0.00032343194470740855,0.0,1789113827.8397782
2744.8089999999997,-0.2720469362865049,-0.4405572671590291,0.3141576201247206,-0.26183655396744177,-1.8532742623072598,1.548658583965479,1,2,0.7230632305145264,-1.1354831618121644,2.1298378149615687,-4.092582365075582,-1.3928106466876429,-0.3909691015826624,0.0003245041589252651,0.09871020168066025,9.761603723745793e-05,0.9660274386405945,0.00018989425734616816,0.0,1789113827.9397328
2744.9089999999997,-0.28059941110621717,-0.44808654207911347,0.295527426136029,-0.299229622626696,-1.9785933928072694,1.4812204238664584,1,2,0.7230837345123291,-1.1208264988711854,2.129873577748434,-3.9880157909789027,-1.3927863279925745,-0.39100391069521123,0.00035523349652066827,0.18894045054912567,0.00011335106682963669,1.1012873649597168,0.00010103334352606907,0.0,1789113828.0397763
2745.009,-0.28880200118093274,-0.4552866768866634,0.27154592923626225,-0.3410899172365021,-2.1152848664479516,1.3988607514972078,1,2,0.7230856418609619,-1.0997004073909302,2.1298306624041956,-3.876538654366964,-1.392778221760885,-0.3909872213946741,-0.0003575175942387432,0.21689341962337494,0.0001393100101267919,1.0017009973526,-8.788732884568162e-06,0.0,1789113828.139826
2745.109,-0.2932487099516088,-0.4592603382803975,0.2539231455210633,-0.36829995993270187,-2.2027201183582745,1.3411948955615154,1,2,0.7231626510620117,-1.082527832393982,2.129814926777975,-3.807425638238424,-1.3926108519183558,-0.3909090201007288,-4.380328027764335e-05,0.10197392851114273,-0.00034036071156151593,0.35873812437057495,0.00010782921162899584,0.000652636110316962,1789113828.2397864
2745.209,-0.29380984259353626,-0.45975581741827315,0.2513043291718839,-0.37195197334938573,-2.214271229969,1.3332505306906004,1,2,0.7231626510620117,-1.079627977018692,2.129779640828268,-3.7987877331175746,-1.3925865332232874,-0.3908885161029261,-1.4355390726564305e-18,-0.004067054484039545,-8.785675163380802e-05,-0.0013056568568572402,2.540760078773019e-06,0.00024120949092321098,1789113828.3397553
2745.3089999999997,-0.2938067240512941,-0.4597431634356335,0.25128149858323023,-0.37199307581463237,-2.214333778987716,1.3332069973699343,1,2,0.7231471538543701,-1.079615907078125,2.129829231892721,-3.798783918420309,-1.3925793806659144,-0.3908808867083948,3.444701724220067e-05,7.505700341425836e-05,-5.913616396860727e-25,-0.00010331229714211076,0.0,9.132665582001209e-05,1789113828.4398491
2745.4089999999997,-0.29379916068923057,-0.4597539410521637,0.25127641643605714,-0.37196013707246844,-2.2143324240195965,1.333186219707039,1,2,0.723177969455719,-1.079596833591797,2.129814926777975,-3.7987877331175746,-1.3926108519183558,-0.39089996019472295,5.8235306693409044e-27,0.0,-0.0,-3.540232107468455e-09,0.0,1.1653105543626533e-38,1789113828.539787
2745.509,-0.2938005729063273,-0.4597523301621721,0.2512750857763061,-0.3719744807885433,-2.214314250757302,1.3331983257657898,1,2,0.7231745719909668,-1.0795883697322388,2.129814926777975,-3.798812051812643,-1.3926146666156214,-0.3908885161029261,0.0,0.0,-0.0,-0.0,0.0,0.0,1789113828.6397774
2745.609,-0.2937930617344454,-0.459756091963785,0.25129551655183135,-0.37196321245431124,-2.214271058602635,1.333246945506934,1,2,0.7231900691986084,-1.0796194833568116,2.1298063437091272,-3.7988225422301234,-1.3926180044757288,-0.39087230363954717,0.0,0.0,-0.0,-0.0,0.0,0.0,1789113828.7398062
2745.709,-0.29381085009219077,-0.45975303008292007,0.25128452236934895,-0.3720254504887418,-2.214316009390966,1.333205603346265,1,2,0.7231626510620117,-1.0796040159514924,2.1297953764544886,-3.798772474328512,-1.3926146666156214,-0.39085656801332647,0.0,0.0,-0.0,-0.0,0.0,0.0,1789113828.839791
2745.8089999999997,-0.2938030570724055,-0.45976060383193484,0.25128755221024285,-0.37197356325551045,-2.214315413361537,1.333246719090209,1,2,0.7231780290603638,-1.0796004098704834,2.129786793385641,-3.7987877331175746,-1.3925865332232874,-0.3908651510821741,0.0,0.0,-0.0,-0.0,0.0,0.0,1789113828.9397357
2745.9089999999997,-0.293814038091601,-0.4597428180262177,0.2512829863236416,-0.3719862761467191,-2.2143255543025435,1.3331759275519643,1,2,0.723140299320221,-1.079615907078125,2.1298182646380823,-3.7987686596312464,-1.3925946394549769,-0.3909032980548304,0.0,0.0,-0.0,-0.0,0.0,0.0,1789113829.0398328
2746.009,-0.29380654720684213,-0.4597612513104231,0.251285407836126,-0.3719761001587787,-2.214335571852276,1.3332255362591234,1,2,0.7231745719909668,-1.0796004098704834,2.1297829786883753,-3.7987615070738734,-1.3925865332232874,-0.39087230363954717,0.0,0.0,-0.0,-0.0,0.0,0.0,1789113829.1398237
2746.109,-0.29380691373039347,-0.4597595085890627,0.2512748465594201,-0.3719674373400484,-2.2143650560865624,1.3331705374691003,1,2,0.7231745719909668,-1.0795919758132477,2.1297934691058558,-3.7987410030760707,-1.392602268849508,-0.39089996019472295,0.0,0.0,-0.0,-0.0,0.0,0.0,1789113829.2398345
2746.209,-0.2937945199619899,-0.4597578020556115,0.25127444194488746,-0.37197236816149437,-2.214352925629808,1.3331867228057706,1,2,0.7231900691986084,-1.0795968633941193,2.129814926777975,-3.798772474328512,-1.3926146666156214,-0.39088470140566045,0.0,0.0,-0.0,-0.0,0.0,0.0,1789113829.339803
2746.3089999999997,-0.293797869257304,-0.459753618098814,0.25125561650212913,-0.372004477702089,-2.214400184677082,1.3331851717184884,1,2,0.7231745719909668,-1.0795691174319764,2.1298301855670374,-3.7987762890257777,-1.3925865332232874,-0.3908651510821741,0.0,0.0,-0.0,-0.0,0.0,0.0,1789113829.439816
2746.4089999999997,-0.29380799327763124,-0.4597630272520606,0.25127501197895546,-0.37197395731720945,-2.21436946843178,1.3332014216470498,1,2,0.7231745719909668,-1.07958476365123,2.1297829786883753,-3.798744340936178,-1.3925827185260218,-0.3908808867083948,0.0,0.0,-0.0,-0.0,0.0,0.0,1789113829.5398417
2746.509,-0.2938050458306689,-0.4597554669017458,0.2512754904322406,-0.37199794216873755,-2.2143365973173155,1.3332059846632986,1,2,0.7231711149215698,-1.0795883697322388,2.1298025290118616,-3.7987834415831507,-1.392602268849508,-0.39086848894228154,0.0,0.0,-0.0,-0.0,0.0,0.0,1789113829.6398406
2746.609,-0.29380039297564065,-0.4597627000328365,0.2512731273454439,-0.3719455885761637,-2.214352228381755,1.3331941629496118,1,2,0.7231866121292114,-1.0795812171748658,2.129793945943014,-3.798772474328512,-1.3925984541522425,-0.39089996019472295,3.967705197283067e-05,0.0,-0.0,-0.0,0.0,0.0,1789113829.7398853
2746.709,-0.293820168385564,-0.4597480382348753,0.251280262997962,-0.37199501954438957,-2.214313877434397,1.3331636587823388,1,2,0.7231437563896179,-1.079596833591797,2.1297953764544886,-3.7987686596312464,-1.3926146666156214,-0.3909032980548304,0.0,0.0,-0.0,-0.0,0.0,0.0,1789113829.8398573
2746.8089999999997,-0.29380901592150366,-0.4597621340715369,0.2512721799875582,-0.37198289679571295,-2.214353770837208,1.3331735902729263,1,2,0.723177969455719,-1.0795776408961792,2.1297829786883753,-3.7987529240050257,-1.3926146666156214,-0.3908885161029261,0.0,0.0,-0.0,-0.0,0.0,0.0,1789113829.939873
