controller_time_s,tcp_x,tcp_y,tcp_z,tcp_rx,tcp_ry,tcp_rz,gripper_state,gripper_event_counter,actual_q_0,actual_q_1,actual_q_2,actual_q_3,actual_q_4,actual_q_5,actual_qd_0,actual_qd_1,actual_qd_2,actual_qd_3,actual_qd_4,actual_qd_5,host_receive_time_s
5781.045,-0.4479332659683968,-0.47796029056840644,0.33976322713819146,1.1350625010755324,2.893871252658237,-0.026676697673794075,0,0,0.6091353893280029,-1.170822725897171,1.4655402342425745,-1.8608843288817347,-1.5287569204913538,-0.21472055116762334,0.0,0.0,-0.0,-0.0,-0.0,-0.0,1789029174.5496545
5781.1449999999995,-0.4478846460361396,-0.47795244541038023,0.33967045602008944,1.134983803224527,2.89380103306319,-0.02642950780707159,0,0,0.6091700792312622,-1.1708192986300965,1.4657333532916468,-1.8608962498106898,-1.5287650267230433,-0.21472007433046514,0.00019326411711517721,0.0,7.248356996569782e-05,-0.0,-0.00018573655688669533,-0.0,1789029174.636714
5781.245,-0.4478936660589362,-0.47794102090424956,0.33970136362738246,1.1350196678466065,2.893816060568349,-0.026494258910607926,0,0,0.6091474294662476,-1.1708534222892304,1.4657133261310022,-1.8608914814391078,-1.5287650267230433,-0.21472388902773076,5.3636897064279765e-05,0.0,3.607995677157305e-05,-0.0,-6.575106817763299e-05,-0.0,1789029174.7366173
5781.344999999999,-0.4479128770982428,-0.47794180206164283,0.33970991983014615,1.1350545530680065,2.8938452584514676,-0.026578434677526755,0,0,0.6091318130493164,-1.1708380740932007,1.4656861464129847,-1.8609467945494593,-1.5287688414203089,-0.21472388902773076,0.0,0.0,-0.0,-0.0,-0.0,-0.0,1789029174.8367455
5781.445,-0.44791659237761383,-0.4779233051567973,0.3397092004933847,1.1350923942016418,2.8938041155902194,-0.026531250838299467,0,0,0.6091042757034302,-1.170856849556305,1.4657047430621546,-1.8609072170653285,-1.5287650267230433,-0.21472007433046514,0.0,0.0,-0.0,-0.0,-0.0,-0.0,1789029174.936719
5781.545,-0.44788976623804017,-0.47794847193913403,0.33966954068541233,1.1349755705857651,2.8938160913472952,-0.02641094524309114,0,0,0.6091628670692444,-1.170815871363022,1.4657295385943812,-1.8608914814391078,-1.528780762349264,-0.21473580995668584,0.0,0.0,-0.0,-0.0,-0.0,-0.0,1789029175.0366738
5781.6449999999995,-0.4479133606410377,-0.4779304075522464,0.3396922490289923,1.1350435799366534,2.8937986067778234,-0.02654057477915595,0,0,0.6091127395629883,-1.1708380740932007,1.4657209555255335,-1.860934396783346,-1.5287426153766077,-0.21473962465395147,0.0,0.0,-0.0,-0.0,-0.0,-0.0,1789029175.136669
5781.745,-0.4479080028223627,-0.4779346021933762,0.3396942322999653,1.1350474945302567,2.893823311597578,-0.026500589413750913,0,0,0.6091282367706299,-1.1708380740932007,1.4657133261310022,-1.8609191379942835,-1.5287769476519983,-0.2147277037249964,0.0,0.0,-0.0,-0.0,-1.6641820562321528e-41,-0.0,1789029175.2364337
5781.844999999999,-0.4478980974184173,-0.47794414816955316,0.3396764428567388,1.1349732606327585,2.893829994017664,-0.026484900503473935,0,0,0.6091474294662476,-1.170822725897171,1.4657333532916468,-1.860934396783346,-1.5287650267230433,-0.21475488344301397,0.0,0.0,-0.0,-0.0,-0.0,-0.0,1789029175.3364303
5781.945,-0.4478993210190577,-0.47794581025194716,0.33968265137864817,1.1350217510044505,2.8938052142299586,-0.02649094898949691,0,0,0.6091474294662476,-1.170822725897171,1.4657171408282679,-1.8609191379942835,-1.5287583510028284,-0.21472007433046514,0.0,0.0,-0.0,-0.0,-0.0,-0.0,1789029175.43638
5782.045,-0.4478971684629419,-0.4779312563577896,0.3397010544538266,1.1350160124895992,2.893822243432222,-0.02650506629098122,0,0,0.6091318130493164,-1.1708653432181855,1.4657333532916468,-1.8609072170653285,-1.5287650267230433,-0.2147429625140589,0.0,0.0,-0.0,-0.0,-0.0,-0.0,1789029175.5365465
5782.1449999999995,-0.4479058885922841,-0.47793029536719467,0.33970337909780207,1.135033784628327,2.893803120441233,-0.02653119662128219,0,0,0.6091198921203613,-1.170856849556305,1.4657171408282679,-1.8609072170653285,-1.5287464300738733,-0.21473962465395147,0.0,0.0,-0.0,-0.0,-0.0,-0.0,1789029175.6365485
5782.245,-0.4479103927716376,-0.4779225848829864,0.3396930853609316,1.135025425840066,2.8938112263447984,-0.026508078368035957,0,0,0.6091078519821167,-1.1708534222892304,1.4657366911517542,-1.8609196148314417,-1.5287583510028284,-0.2147586981402796,0.0,0.0,-0.0,-0.0,-0.0,-0.0,1789029175.7365687
5782.344999999999,-0.447911228888578,-0.4779353911630268,0.33969617996314483,1.1350833886321376,2.893795328933926,-0.026522705441454186,0,0,0.6091234683990479,-1.1708346468261261,1.4657047430621546,-1.8609191379942835,-1.5287583510028284,-0.21470433870424444,0.0,0.0,-0.0,-0.0,-0.0,-0.0,1789029175.8368225
5782.445,-0.44791538802156633,-0.47793696939961067,0.3397064259998698,1.1350623277516012,2.89383168287277,-0.02653198687493422,0,0,0.6091246604919434,-1.1708346468261261,1.465682331715719,-1.8609158001341761,-1.5287769476519983,-0.21472388902773076,0.0,0.0,-0.0,-0.0,-0.0,-0.0,1789029175.9365375
5782.545,-0.44790269068350286,-0.4779351241766225,0.3397032588897891,1.1350454527218792,2.8938172427239683,-0.026519393374851197,0,0,0.6091318130493164,-1.1708534222892304,1.4657133261310022,-1.860910554925436,-1.5287650267230433,-0.21472388902773076,0.0,0.0,-0.0,-0.0,-0.0,-0.0,1789029176.0366154
5782.6449999999995,-0.4479008106687182,-0.4779280891441422,0.33968771443588286,1.1350974462158034,2.893761528380944,-0.02646000868970132,0,0,0.6091234683990479,-1.1708499950221558,1.4657366911517542,-1.8608876667418421,-1.5287583510028284,-0.21468907991518194,0.0,0.0,-0.0,-0.0,-0.0,-0.0,1789029176.1365874
5782.745,-0.4478990467159911,-0.4779409663160426,0.33967489561121533,1.135000560347125,2.8938179931098955,-0.026457467904456813,0,0,0.609143853187561,-1.170822725897171,1.4657333532916468,-1.8609191379942835,-1.528773609791891,-0.21473962465395147,0.0,0.0,-0.0,-0.0,-0.0,-0.0,1789029176.2365425
5782.844999999999,-0.4478875115325118,-0.47794459254044214,0.33970074595234256,1.1350066956969604,2.8938343414596317,-0.02648943700074603,0,0,0.6091593503952026,-1.170856849556305,1.4657209555255335,-1.8609000645079554,-1.5287769476519983,-0.21472388902773076,0.0,0.0,-0.0,-0.0,-0.0,-0.0,1789029176.3364444
5782.945,-0.4479103571132591,-0.47793986180318504,0.33969123086951125,1.1350275117991944,2.8938215192075716,-0.02649824135170855,0,0,0.6091318130493164,-1.170822725897171,1.4656975905047815,-1.8609124622740687,-1.5287702719317835,-0.21473580995668584,0.0,0.0,-0.0,-0.0,-0.0,-0.0,1789029176.4364536
5783.045,-0.4479169447683138,-0.4779291456628148,0.33968660449806826,1.1351061359497996,2.8937902371497746,-0.02648767294814654,0,0,0.6091127395629883,-1.1708261531642457,1.4657133261310022,-1.8609191379942835,-1.528773609791891,-0.2147005240069788,0.0,0.0,-0.0,-0.0,-0.0,-0.0,1789029176.5365803
5783.1449999999995,-0.44793200889932566,-0.47792427529273357,0.33967056916444016,1.1350740927335312,2.893791396571062,-0.026453080439311622,0,0,0.6090935468673706,-1.1707953077605744,1.4657047430621546,-1.8609158001341761,-1.5287769476519983,-0.21473962465395147,0.0,0.0,-0.0,-0.0,-0.0,-0.0,1789029176.6365092
5783.245,-0.4479024484471877,-0.47793391576203037,0.3396966749864141,1.1350470008453506,2.893820970376864,-0.02650451107309168,0,0,0.6091318130493164,-1.1708499950221558,1.465724293385641,-1.8609191379942835,-1.528773609791891,-0.21472388902773076,0.0,0.0,-0.0,-0.0,-0.0,-0.0,1789029176.7365038
5783.344999999999,-0.4478927684914637,-0.4779510814259684,0.3397078443101128,1.1350272721828307,2.893853929169873,-0.02655061263125016,0,0,0.6091629266738892,-1.1708499950221558,1.4657047430621546,-1.8609382114806117,-1.5287769476519983,-0.21471149126161748,0.0,0.0,-0.0,-0.0,-0.0,-0.0,1789029176.8364463
5783.445,-0.44790176754827465,-0.4779348800138121,0.3396926461484785,1.1350202193915981,2.893799706217974,-0.02646813122827084,0,0,0.6091318130493164,-1.1708415013602753,1.4657133261310022,-1.860880514184469,-1.5287616888629358,-0.21473580995668584,0.0,0.0,-0.0,-0.0,-0.0,-0.0,1789029176.9365017
5783.545,-0.4478934509102174,-0.477951569742558,0.3396850903589332,1.1350080722693505,2.893838405486625,-0.026499488000498964,0,0,0.6091629266738892,-1.1708261531642457,1.4657204786883753,-1.8609382114806117,-1.5287769476519983,-0.21472007433046514,0.0,0.0,-0.0,-0.0,-0.0,-0.0,1789029177.0365913
5783.6449999999995,-0.4479042824207053,-0.47793850702748397,0.33969401113620856,1.1350662635872897,2.8937862510819032,-0.026521686497795995,0,0,0.6091318130493164,-1.1708380740932007,1.4657133261310022,-1.8609158001341761,-1.5287464300738733,-0.21470433870424444,0.0,0.0,-0.0,-0.0,-0.0,-0.0,1789029177.1365736
5783.745,-0.44788618635967226,-0.4779431395791204,0.3396787780245957,1.135028374601957,2.8937882460481257,-0.026459060355055027,0,0,0.6091557741165161,-1.1708415013602753,1.465748135243551,-1.8609072170653285,-1.5287583510028284,-0.21470433870424444,0.0,0.0,-0.0,-0.0,-0.0,-0.0,1789029177.2365258
5783.844999999999,-0.44781681545896246,-0.4779554360938192,0.33956941037962485,1.1348709945546578,2.89373269958805,-0.026106266622293987,0,0,0.6092385649681091,-1.170814113026001,1.465933624898092,-1.860870977441305,-1.5287907759295862,-0.21470767656435186,0.0016947004478424788,0.0,0.004362613894045353,-0.0,-2.5015214291437973e-35,-0.0,1789029177.33657
5783.945,-0.44505459218025134,-0.4803552996926861,0.33896308605097725,1.1266500912226418,2.8963940825638574,-0.02423299195249674,0,0,0.6148146986961365,-1.1704908174327393,1.4667652289019983,-1.8608352146544398,-1.5290048758136194,-0.21470433870424444,0.08885624259710312,0.004095050506293774,0.02061263844370842,0.0002013500197790563,-0.00034087387030012906,-0.0,1789029177.4365497
5784.045,-0.4392277605272717,-0.4843725083246728,0.33665861177920187,1.1107258688263753,2.899892022844278,-0.017495240192958218,0,0,0.6252509951591492,-1.1703639489463349,1.4714539686786097,-1.8608433208861292,-1.5292499701129358,-0.21473580995668584,0.14298726618289948,-8.730251283850521e-05,0.05838482081890106,0.0001067022531060502,-0.011396053247153759,-0.0,1789029177.5366166
5784.1449999999995,-0.42708607362924633,-0.4928662671743844,0.3330336728861928,1.0776437550349645,2.9095981333641694,-0.005256742363070471,0,0,0.6475452184677124,-1.1703998309424897,1.4791610876666468,-1.860870977441305,-1.5311816374408167,-0.21472388902773076,0.27882033586502075,-0.00016784145554993302,0.07881490886211395,7.145067870695243e-10,-0.0049946908839046955,-0.0,1789029177.6365361
5784.245,-0.41278395081539665,-0.5029136525933482,0.32988286094976355,1.0384043358171067,2.9201672544259374,0.004495947710631523,0,0,0.673798680305481,-1.170578346853592,1.4860981146441858,-1.8609191379942835,-1.5313409010516565,-0.21470767656435186,0.2624329924583435,-0.0006134078721515834,0.060471732169389725,0.0,-0.003894707653671503,-0.0,1789029177.7370834
5784.344999999999,-0.3980149071971242,-0.5133753738770953,0.3277526126735381,0.9975530358033976,2.9319870473946503,0.011285509484947128,0,0,0.7012591361999512,-1.1706668597510834,1.4907830397235315,-1.861075063745016,-1.5313528219806116,-0.2147429625140589,0.2783466875553131,-0.0007617545197717845,0.033055637031793594,-0.0027862335555255413,-0.00018375989748165011,-0.0,1789029177.8364174
5784.445,-0.3837931636789635,-0.5237938480568987,0.32785458221925784,0.9579587181531526,2.945680529821357,0.01094314310747529,0,0,0.7283108830451965,-1.171440379028656,1.491864029561178,-1.862290998498434,-1.5312746206866663,-0.21472388902773076,0.2516651451587677,-0.020199710503220558,0.0002600645530037582,-0.029767097905278206,-1.2729365153063554e-05,-0.0,1789029177.9365098
5784.545,-0.3706460567001239,-0.5327148376699713,0.33083316707542515,0.9229279404940525,2.960733092465156,0.0019353856072767991,0,0,0.7526559233665466,-1.1756610733321686,1.4918678442584437,-1.8653789959349574,-1.5312727133380335,-0.2147277037249964,0.233417809009552,-0.04391348734498024,1.7777415450836997e-07,-0.013763104565441608,-0.0,-0.0,1789029178.0363991
5784.6449999999995,-0.3568189173056602,-0.5411937370797125,0.33392165101768023,0.8868487443424853,2.974394669184673,-0.004650706218715731,0,0,0.7773882746696472,-1.1804445546916504,1.4918792883502405,-1.8659821949400843,-1.5311973730670374,-0.21472007433046514,0.24523179233074188,-0.04244652017951012,-0.0,-0.00038651973591186106,0.00029073693440295756,-0.0,1789029178.13647
5784.745,-0.3438168284340851,-0.5489205769456252,0.3359592112630811,0.8526514892679693,2.9859042100288806,-0.008392535790356188,0,0,0.8005417585372925,-1.1836342972568055,1.4918444792376917,-1.8659783802428187,-1.5311816374408167,-0.21473962465395147,0.23085762560367584,-0.019355986267328262,1.0126745599579098e-14,-1.4692433248419265e-28,9.67598389252089e-05,-0.0,1789029178.2364607
5784.844999999999,-0.3310056491826587,-0.5565342518755759,0.33650813868122376,0.8184094068421554,2.9957660011351326,-0.008880076424267762,0,0,0.8234900832176208,-1.1845609706691285,1.4919150511371058,-1.8659302196898402,-1.5311506430255335,-0.2147277037249964,0.2086278647184372,-0.007390923798084259,7.254087540786713e-05,-0.0,1.0611660400172696e-05,-0.0,1789029178.3364286
5784.945,-0.32068253785299844,-0.562146335849394,0.3377554481894191,0.7915373200553146,3.00389301999224,-0.011027486965072672,0,0,0.8415302634239197,-1.1865499776652833,1.4919355551349085,-1.8659097156920375,-1.5312145392047327,-0.21472388902773076,0.1521882563829422,-0.039061225950717926,7.709446072112769e-05,-0.0,0.0,-0.0,1789029178.4365127
5785.045,-0.312595945120767,-0.5660263518160923,0.33988643876803243,0.7712883803522503,3.0106342187486366,-0.01534984283130564,0,0,0.8551774621009827,-1.1899070900729676,1.4919198195086878,-1.86590637783193,-1.5312007109271448,-0.2147277037249964,0.11349556595087051,-0.029793880879878998,3.181702413712628e-05,-0.0,0.0,-0.0,1789029178.5366638
5785.1449999999995,-0.30660081541683176,-0.5684220420086505,0.34257175199598155,0.757037772130135,3.0160831729195663,-0.020925318951873603,0,0,0.8648460507392883,-1.1942087572864075,1.4919756094561976,-1.8658396206297816,-1.5312045256244105,-0.21473962465395147,0.08891338109970093,-0.02647813782095909,0.0004203576245345175,-0.0,0.0,-0.0,1789029178.6363988
5785.245,-0.30274148658838346,-0.5701870199714127,0.34352533623893383,0.7473808033685295,3.0191406304823367,-0.022856555615916957,0,0,0.8713228702545166,-1.1957141321948548,1.4919679800616663,-1.8658348522581996,-1.5312297979937952,-0.21473962465395147,0.07128368318080902,-0.0005248393281362951,9.983289055526257e-05,2.937031617863407e-38,0.0,-0.0,1789029178.736486
5785.344999999999,-0.2977386316314884,-0.5726010330825977,0.3430989458900783,0.7344262173836545,3.021816799337583,-0.021456348972648986,0,0,0.8798519968986511,-1.1957228046706696,1.4928835074054163,-1.86586393932485,-1.5311749617206019,-0.2147277037249964,0.09302744269371033,-0.0019944922532886267,0.020526256412267685,0.0,0.0,-0.0,1789029178.8364205
5785.445,-0.2907257762049262,-0.57461472751709,0.3408875484593309,0.7179864422218822,3.0235929911272295,-0.014251808683402029,0,0,0.8904992938041687,-1.1966521900943299,1.4987910429583948,-1.8659221134581507,-1.53123647371401,-0.21472388902773076,0.12144820392131805,-0.029260635375976562,0.11576433479785919,0.0,0.0,-0.0,1789029178.9365358
5785.545,-0.2805700502235389,-0.5741444714856391,0.336289891508049,0.6987454620118703,3.0228827459117382,0.0025255790463415443,0,0,0.9026913642883301,-1.2028741401484986,1.5167811552630823,-1.8659512005248011,-1.5312178770648401,-0.21472388902773076,0.12611687183380127,-0.09173675626516342,0.22230449318885803,-0.0013037401949986815,0.0,-0.0,1789029179.036459
5785.6449999999995,-0.26791432104331775,-0.5712923790568437,0.33264360165679563,0.6778882155193161,3.022294446018781,0.01988659653211176,0,0,0.9159799218177795,-1.216648356323578,1.5427435080157679,-1.8660336933531703,-1.5311992804156702,-0.21472388902773076,0.14086733758449554,-0.17384520173072815,0.2914023697376251,-0.0003804920124821365,-1.3298322426442514e-42,-0.0,1789029179.136516
5785.745,-0.2543911417288196,-0.5671215075505601,0.3305273469319492,0.65681558460468,3.0225495029092557,0.03465985564962173,0,0,0.9295209646224976,-1.234901414518692,1.5711420218097132,-1.865979333917135,-1.5312264601336878,-0.21473962465395147,0.12984365224838257,-0.17645998299121857,0.2651958763599396,-9.140202746493742e-05,-3.339546310598962e-05,-0.0,1789029179.2364469
5785.844999999999,-0.24499635959573388,-0.5646396437289273,0.32793051703281484,0.6411001002112217,3.0221785060878816,0.04724959103030695,0,0,0.9396093487739563,-1.2452638906291504,1.5901573340045374,-1.8659187755980433,-1.5312212149249476,-0.21472388902773076,0.056752681732177734,-0.03147139027714729,0.13783247768878937,7.631176413269714e-05,-2.0459192455746233e-05,-0.0,1789029179.3365238
5785.945,-0.24269714604829373,-0.5626699239322366,0.3212834796929035,0.6384710422397631,3.0164479942680065,0.06702655967291822,0,0,0.9407687187194824,-1.2438205045512696,1.6026199499713343,-1.86572327236318,-1.5312092939959925,-0.21472007433046514,-0.004887126386165619,0.03269343078136444,0.10808015614748001,0.0005827471031807363,-0.0,-0.0,1789029179.4364805
5786.045,-0.2425738802414367,-0.562614520717216,0.31405440861940004,0.6374079274201316,3.010629152763203,0.08564832482435299,0,0,0.9408761858940125,-1.235871748333313,1.6080196539508265,-1.8657342396178187,-1.5312212149249476,-0.21473580995668584,0.0055739241652190685,0.10400912910699844,0.008353332057595253,0.00015845238522160798,-0.0,-0.0,1789029179.5365481
5786.1449999999995,-0.2430620449411735,-0.5638350871285136,0.3086197625704562,0.6359798564509912,3.0067737872241445,0.09832067959646604,0,0,0.9414114952087402,-1.226794258957245,1.6080287138568323,-1.8657390079894007,-1.5312297979937952,-0.21473962465395147,0.005059285555034876,0.09765307605266571,8.390137765097118e-34,9.447182619526373e-11,-0.0,-0.0,1789029179.6365545
5786.245,-0.2432107167503887,-0.5652671249018905,0.3028099504397683,0.6335186823966465,3.002875149136595,0.11177796884347176,0,0,0.9426121115684509,-1.2170633238605042,1.607983414326803,-1.8657943210997523,-1.5312603155719202,-0.21473962465395147,0.032287098467350006,0.08027321100234985,-0.00015434085798915476,0.0,-0.0,-0.0,1789029179.736511
5786.344999999999,-0.23948486936753224,-0.5677848520470252,0.2989697573662605,0.6219127340464139,3.002573612143403,0.12106915982876565,0,0,0.9500880837440491,-1.2106837195209046,1.607999626790182,-1.8657943210997523,-1.5312569777118128,-0.21473580995668584,0.11412832140922546,0.04736723750829697,3.579924305086024e-05,0.0,-0.0,-0.0,1789029179.8364239
5786.445,-0.2327177560220336,-0.5707709882688603,0.2982547988827759,0.6038200570976734,3.006115650560514,0.12336868598296735,0,0,0.9621358513832092,-1.2094797951034089,1.6079795996295374,-1.865791460076803,-1.53119403520693,-0.21473580995668584,0.1018158495426178,-0.006648467853665352,2.494041109457612e-05,-4.0873793065443476e-12,-1.120279604003821e-36,-0.0,1789029179.9365346
5786.545,-0.2302277542316261,-0.5717641543875347,0.29818864176614884,0.5973081407154379,3.007509638570296,0.12389501765574168,0,0,0.9664821624755859,-1.2094211143306275,1.6080320517169397,-1.8657108745970667,-1.5312092939959925,-0.21473580995668584,-0.0023370645940303802,0.0028006653301417828,4.549866571323946e-05,0.00016371793753933161,5.9423487982712686e-05,-0.0,1789029180.0367641
5786.6449999999995,-0.23046009258240577,-0.5718519325840651,0.2973794831067722,0.5975648504946345,3.0068274101603496,0.12582177728428082,0,0,0.9662494659423828,-1.2080888611129303,1.6080406347857874,-1.865667005578512,-1.5312297979937952,-0.21473962465395147,0.0003039815346710384,0.02200598269701004,3.106664682423476e-40,0.00025330856442451477,0.0,-0.0,1789029180.1365066
5786.745,-0.230616554964935,-0.5721172354506118,0.2959221480424777,0.5973525386020948,3.0057151788314047,0.12931864766189483,0,0,0.9662854671478271,-1.2056795817664643,1.60803729692568,-1.8655644855894984,-1.5312383810626429,-0.21473962465395147,0.00012526936188805848,0.02918270230293274,-0.0,0.0002975636161863804,-0.0,-0.0,1789029180.2365394
5786.844999999999,-0.23101194904827682,-0.5727128654765474,0.29256947760378293,0.597011262332133,3.003193298243555,0.13718836000658732,0,0,0.9663096070289612,-1.2001305681518097,1.608044449483053,-1.8654796085753382,-1.5312812964068812,-0.21470433870424444,7.505362736992538e-05,0.08516088873147964,3.5963856234669073e-19,0.0005231017712503672,-5.422673164586509e-16,-0.0,1789029180.3363926
5786.945,-0.23164838429202347,-0.5740556310027347,0.28542204451053166,0.5956477389530309,2.9979048841335,0.1535470365465116,0,0,0.9666929244995117,-1.1882421237281342,1.607997242604391,-1.865530630151266,-1.5312655607806605,-0.21471673647035772,0.006140580400824547,0.14638441801071167,-1.8921570039964752e-12,0.00014148707850836217,-7.359181472565979e-05,-0.0,1789029180.436513
5787.045,-0.23238473249462016,-0.575532170259797,0.27675181841518365,0.594089879137787,2.991359964537461,0.17336031892547737,0,0,0.967064380645752,-1.173935667877533,1.6080358664142054,-1.865551610986227,-1.5312655607806605,-0.21474773088564092,0.000799254048615694,0.1200360581278801,-2.654179661476519e-05,9.31387037298133e-41,-9.10844001811131e-44,-0.0,1789029180.5365686
5787.1449999999995,-0.2329533677468406,-0.5763324499388228,0.2714819935134726,0.5935595883680455,2.9872264486958913,0.18533938393918808,0,0,0.9670333862304688,-1.1652212601951142,1.6080010573016565,-1.8655315838255824,-1.531262222920553,-0.21473580995668584,6.630190182477236e-05,0.07302974164485931,-0.0,0.0,-0.0,-0.0,1789029180.6365044
5787.245,-0.23323117123393872,-0.5771273296972922,0.2665945305431649,0.5924524910774692,2.9835206628939646,0.1964017249230424,0,0,0.967393159866333,-1.157162920837738,1.6079919973956507,-1.865551610986227,-1.5312655607806605,-0.21474773088564092,0.006253216415643692,0.08426439762115479,-0.0,0.0,-0.0,-0.0,1789029180.7364254
5787.344999999999,-0.23345037983700517,-0.5779326821265997,0.26139059459008235,0.5911973736464191,2.9795556688094513,0.20821979242777025,0,0,0.9678438305854797,-1.1486376386931916,1.6080353895770472,-1.8655387363829554,-1.5312884489642542,-0.21473962465395147,0.0026328081730753183,0.0793820396065712,-5.554482655073523e-12,0.0,-0.0,-0.0,1789029180.8364277
5787.445,-0.23378991917585484,-0.5784955090549564,0.2573141553645977,0.5906427779247839,2.9762813312207457,0.21735433889474107,0,0,0.9678964614868164,-1.1419072312167664,1.6079848448382776,-1.865528245965475,-1.531250301991598,-0.21473962465395147,0.0005535753443837166,0.049238186329603195,-0.0,0.0,-0.0,-0.0,1789029180.9365654
5787.545,-0.23384789432393663,-0.5786409220468449,0.2561678945790468,0.5904201806117286,2.975398851952958,0.21996828479178013,0,0,0.9679563045501709,-1.140057162647583,1.6080287138568323,-1.8655268154540003,-1.5312779585467737,-0.21473962465395147,0.0009209805866703391,0.0009339964017271996,5.822753519169055e-05,0.0,-0.0,-0.0,1789029181.0365012
5787.6449999999995,-0.23377173432535267,-0.578619693830076,0.2560722438481756,0.5902817085886497,2.975318272849022,0.22034220153742212,0,0,0.9680426716804504,-1.1400178235820313,1.6081822554217737,-1.86546053508901,-1.5312970320331019,-0.21473580995668584,0.0003682064707390964,0.0003340454422868788,0.002287054667249322,0.00012832247011829168,-0.0,-0.0,1789029181.13646
5787.745,-0.23356684736464847,-0.5783053422530261,0.25554294510865044,0.5902281469633122,2.9746563292569186,0.22200523137030923,0,0,0.9680197238922119,-1.1400535863688965,1.6094606558429163,-1.86546053508901,-1.531250301991598,-0.21473580995668584,4.19060634158086e-05,-0.0003036609850823879,0.024353057146072388,0.00010495474271010607,-0.0,-0.0,1789029181.2365959
5787.844999999999,-0.23258983027223235,-0.5768973158565012,0.2531077827346043,0.5898250009051569,2.9718400911099425,0.2296869170179781,0,0,0.9680268168449402,-1.1401482981494446,1.6152680555926722,-1.8655268154540003,-1.5312231222735804,-0.21473580995668584,-4.651556446333416e-05,-0.0004891959833912551,0.0966111347079277,4.5742810768677225e-18,-0.0,-0.0,1789029181.3364959
5787.945,-0.2302360305057954,-0.5734351649423961,0.247138226429988,0.5889261302407907,2.964902030889259,0.24855247357979054,0,0,0.9679923057556152,-1.1401937764934083,1.6293333212481897,-1.865683218041891,-1.5312450567828577,-0.21471673647035772,-8.149345376295969e-05,-0.0010949301067739725,0.16997309029102325,-0.0007781449239701033,-0.0,-0.0,1789029181.4363945
5788.045,-0.22754027350675465,-0.5694824966416638,0.24049887751546978,0.587862331686438,2.956945099942902,0.26968616957070984,0,0,0.9679598808288574,-1.1401973527720948,1.6450651327716272,-1.8658057651915492,-1.5312483946429651,-0.21470433870424444,-0.0002886693109758198,0.0,0.12080714851617813,-0.001809559529647231,-0.0,-0.0,1789029181.5365107
5788.1449999999995,-0.22638994598047368,-0.5676776483937189,0.23757222153349905,0.5874876574803672,2.9532587734653757,0.2791457541943473,0,0,0.9678294658660889,-1.1401735109141846,1.6519978682147425,-1.8657318554320277,-1.5312264601336878,-0.21473580995668584,-0.0021390384063124657,0.0001439566258341074,0.05332270637154579,-0.00013755349209532142,-0.0,-0.0,1789029181.6365027
5788.245,-0.22527120878321838,-0.5660498737610753,0.2349038272118788,0.5869893582957495,2.9499445030076674,0.2877661323996522,0,0,0.9678280353546143,-1.1401207011989136,1.6583130995379847,-1.8657032452025355,-1.5312331358539026,-0.21475154558290654,-4.5289198169484735e-05,0.00016468805551994592,0.071607306599617,-2.483794059762058e-29,-2.6352051121015276e-18,-0.0,1789029181.7364488
5788.344999999999,-0.22373567278527332,-0.5638342545772305,0.23130868236709484,0.5863426764735093,2.9454078221318736,0.29938235543014546,0,0,0.9678401947021484,-1.140033320789673,1.6668508688556116,-1.865683218041891,-1.5312212149249476,-0.21473580995668584,0.0,0.0023399333003908396,0.07442746311426163,9.982894698623568e-05,-0.0,-0.0,1789029181.8365088
5788.445,-0.22331009112819517,-0.5631877443739473,0.22971294272972512,0.5861203122023697,2.9435595969941395,0.3040672163721185,0,0,0.9678125381469727,-1.1391676229289551,1.669476334248678,-1.865683218041891,-1.5312231222735804,-0.21473199525942022,4.172705491440359e-20,0.01506886351853609,-0.00046944161294959486,0.00010164492414332926,-0.0,-0.0,1789029181.9365475
5788.545,-0.22336771758021082,-0.5633134475935905,0.2284615471331462,0.5858889869614892,2.9424633386340147,0.3069251907643907,0,0,0.9678521156311035,-1.137045906191208,1.6694706122027796,-1.865676065484518,-1.5312297979937952,-0.21473580995668584,0.0002576986444182694,0.03675749897956848,-0.00011241740139666945,9.140321858021374e-20,-0.0,-0.0,1789029182.0364542
5788.6449999999995,-0.22359242774971705,-0.5636523005560751,0.22454544006690308,0.585342452980001,2.9388871232065683,0.3159472274763884,0,0,0.96785569190979,-1.130432055597641,1.669466797505514,-1.8655477962889613,-1.5312145392047327,-0.21473962465395147,6.67036947561428e-05,0.10065388679504395,8.266987424576655e-05,0.0002459311217535287,-0.0,-0.0,1789029182.1365082
5788.745,-0.22398513139399878,-0.5642661458743089,0.21705780571521172,0.5842509472091052,2.9321840921552997,0.33285114293036994,0,0,0.9678917527198792,-1.1177803438952942,1.6694839636432093,-1.8655902347960414,-1.5312483946429651,-0.21475154558290654,6.36516048757585e-08,0.1442135125398636,2.785452852549497e-05,3.997376552433707e-05,-0.0,-0.0,1789029182.2365913
5788.844999999999,-0.22429920119871105,-0.5647408871978498,0.21038385434037285,0.5833742168727004,2.9260531973294936,0.34780293907075766,0,0,0.9678917527198792,-1.1065228444388886,1.6695101896869105,-1.8656283817686976,-1.5312026182757776,-0.21472007433046514,5.242330007604323e-05,0.07193589955568314,-0.0,-0.0001786492794053629,-0.0,-0.0,1789029182.3364947
5788.945,-0.22432501356978882,-0.5648560310251828,0.20852006561181474,0.5829751361674786,2.924351371505891,0.3520992671970387,0,0,0.9679670333862305,-1.1034202140620728,1.669563118611471,-1.865568300286764,-1.531224552785055,-0.21473580995668584,0.0009433074737899005,0.0031324897427111864,0.0004206065204925835,-1.3694476365344599e-05,-0.0,-0.0,1789029182.4365058
5789.045,-0.22427058728345967,-0.5648751879309032,0.20848023207810154,0.5828310348427017,2.924341717998572,0.352195306987728,0,0,0.9680593013763428,-1.1033638280681153,1.669579807912008,-1.8655716381468714,-1.5312145392047327,-0.21473962465395147,0.0004160034004598856,0.0014625414041802287,0.000596264551859349,-0.0,-0.0,-0.0,1789029182.5367708
5789.1449999999995,-0.2240953655695827,-0.5648368225573692,0.20831058302803546,0.5824983961994049,2.924199152500586,0.35277214979394594,0,0,0.9682667851448059,-1.1032883387855072,1.6698859373675745,-1.8655387363829554,-1.5312178770648401,-0.21473962465395147,0.0045769852586090565,0.0022370186634361744,0.012307320721447468,0.00026347371749579906,-0.0,-0.0,1789029182.636471
5789.245,-0.22371134675679832,-0.5644396227926055,0.2076052664857393,0.5821538258684119,2.9233305586125558,0.3550591217417961,0,0,0.9684224128723145,-1.103167251949646,1.6714690367328089,-1.8655387363829554,-1.5312264601336878,-0.2147277037249964,0.002646375447511673,0.0009132832637988031,0.006180543918162584,0.00010733309318311512,-0.0,-0.0,1789029182.7364292
5789.344999999999,-0.22312198594726806,-0.5646560956680736,0.20721126918145513,0.580606990623405,2.923376247369498,0.35617472475308365,0,0,0.9694569706916809,-1.1025813680938263,1.671582047139303,-1.8655115566649378,-1.5312688986407679,-0.21472388902773076,0.021140767261385918,0.011542616412043571,0.0002781347429845482,1.8099116345678572e-19,-0.0,-0.0,1789029182.8367612
5789.445,-0.22155218852095682,-0.5654462486440067,0.20501297032186663,0.5760449083230579,2.9225044106646854,0.3614596816427312,0,0,0.9723972678184509,-1.0988605481437226,1.6715696493731897,-1.8655039272704066,-1.5312746206866663,-0.21473580995668584,0.04622488096356392,0.06691804528236389,1.290918135055108e-05,6.627957918681204e-05,-0.0,-0.0,1789029182.936604
5789.545,-0.21896839522813044,-0.5668393308804129,0.1997283961061689,0.5682295436952179,2.919555237149263,0.3738157098116405,0,0,0.9773197770118713,-1.0899134439281006,1.671541992818014,-1.8655549488463343,-1.5312688986407679,-0.21473580995668584,0.03944237157702446,0.08342564105987549,-0.0,-6.556043081218377e-05,-0.0,-0.0,1789029183.036552
5789.6449999999995,-0.21849998893176767,-0.5671498827610207,0.19758843144533544,0.5665885574745937,2.917888197550601,0.378721320794346,0,0,0.9782595038414001,-1.0863111776164551,1.6715534369098108,-1.8655373058714808,-1.5312350432025355,-0.21473199525942022,-0.0018005697056651115,0.00021433627989608794,-0.0,-5.180715015740134e-05,-0.0,-0.0,1789029183.136446
5789.745,-0.218508705265767,-0.5671562430357532,0.19761784331915247,0.5665870492690717,2.9179652517861774,0.3786402792091984,0,0,0.9782595634460449,-1.0863422912410279,1.6715295950519007,-1.8655625782408656,-1.5312722365008753,-0.21473580995668584,0.0,0.0,-0.0,1.653804793022573e-05,-0.0,-0.0,1789029183.236437
5789.844999999999,-0.21849232824643594,-0.5671527440013662,0.19759258693101017,0.5665673139019286,2.9178945244507166,0.37869654289422117,0,0,0.978271484375,-1.0863194924644013,1.6715572516070765,-1.8655477962889613,-1.5312264601336878,-0.21473580995668584,0.0,-2.2667380872662102e-17,-0.0,6.662053159093045e-41,-0.0,-0.0,1789029183.33658
5789.945,-0.21851639643648102,-0.5671505626376883,0.19759307437269086,0.5666037051499196,2.9179240352391362,0.37873275115320765,1,1,0.9782440662384033,-1.086304025059082,1.6715295950519007,-1.8655315838255824,-1.531276051198141,-0.21473580995668584,9.143946226686239e-05,0.0,-0.0,0.0,-0.0,-0.0,1789029183.4364748
5790.045,-0.21850068691021288,-0.5671546068805646,0.19762609420197008,0.5665855664254748,2.917922850833741,0.3785846464381876,1,1,0.9782595634460449,-1.0863662523082276,1.6715458075152796,-1.8655663929381312,-1.5312145392047327,-0.21473962465395147,0.0,0.0,-0.0,0.0,-0.0,-0.0,1789029183.5365148
5790.1449999999995,-0.2185019294819899,-0.5671372837630576,0.1975906298851205,0.5666031024355012,2.9178604542627515,0.3787577265996762,1,1,0.9782440662384033,-1.0863315922072907,1.6715729872332972,-1.8655044041075648,-1.5312297979937952,-0.21473580995668584,0.0,5.872435936312515e-32,-0.0,0.0,-0.0,-0.0,1789029183.6365373
5790.245,-0.2184884677216581,-0.5671425477623513,0.19759793920813928,0.5665543766685246,2.9179375356820634,0.3787237613081266,1,1,0.9782750010490417,-1.08634705961261,1.6715853849994105,-1.865551610986227,-1.5312722365008753,-0.21473962465395147,0.0,0.0,-0.0,0.0,-0.0,-0.0,1789029183.7364533
5790.344999999999,-0.21852763465360028,-0.5671441879542658,0.19782445978271296,0.5666889425066375,2.918117478174283,0.3780771591239669,1,1,0.978212833404541,-1.0866850477508088,1.6715295950519007,-1.8656121693053187,-1.5312178770648401,-0.21473580995668584,-0.00017490293248556554,-0.00728001119568944,-0.0,-0.0004363968037068844,-0.0,-0.0,1789029183.8365068
5790.445,-0.21852620682006627,-0.5671660990536429,0.19839733211837496,0.5667463836494031,2.9187906745632337,0.37636356915420893,1,1,0.9782285690307617,-1.0875933927348633,1.6714986006366175,-1.8659426174559535,-1.531173054371969,-0.21475154558290654,-3.8248403143370524e-05,-0.016247952356934547,-6.861523434054106e-05,-0.0009221469517797232,0.00013869446411263198,-0.0,1789029183.9365897
5790.545,-0.21851149706684697,-0.5671482844729566,0.19874109136189522,0.5667985654069103,2.9191376922321672,0.3756027403680558,1,1,0.978236973285675,-1.088177041416504,1.6715057531939905,-1.8659545383849085,-1.5311973730670374,-0.21473962465395147,4.3802716335432714e-35,-9.603169746696949e-05,-0.0,-8.608921052655205e-05,6.549536919919774e-05,-0.0,1789029184.0365489
5790.6449999999995,-0.2185171861908588,-0.5671467446299009,0.19918566495080992,0.5669000104373084,2.919605949153746,0.3743282507495095,1,1,0.9782199859619141,-1.0889032942107697,1.6715057531939905,-1.8661629162230433,-1.5311492125140589,-0.21473962465395147,3.673227341951845e-20,-0.020839873701334,-0.0,-0.0008175486582331359,0.00024075548572000116,-0.0,1789029184.1364605
5790.745,-0.2185144463927005,-0.5670654114131098,0.20031111127531456,0.5671605141790631,2.9206192189786973,0.37182161410284953,1,1,0.9781494140625,-1.0908170503428956,1.671525780354635,-1.8661543331541957,-1.5311525503741663,-0.21473580995668584,-0.00014303289935924113,-0.013948453590273857,-0.0,-0.00012473763490561396,6.91091627231799e-05,-0.0,1789029184.2364244
5790.844999999999,-0.21847159546903705,-0.5670232494100123,0.20119327098621076,0.5672301665545133,2.9214255378130916,0.3698591005556198,1,1,0.9781684279441833,-1.0923028749278565,1.6715171972857874,-1.8661309681334437,-1.5311372915851038,-0.21475154558290654,-6.15364479017444e-05,-0.0060456921346485615,-0.0,-2.8657822781340097e-25,6.402554060364214e-34,-0.0,1789029184.336569
5790.945,-0.21845162334200502,-0.5669836923057726,0.20189805082612466,0.5673572061102645,2.9220821514743993,0.36825978010236615,1,1,0.9781601428985596,-1.0934929710677643,1.671521011983053,-1.8661495647826136,-1.5311372915851038,-0.21473962465395147,-0.0002763140946626663,-0.015330584719777107,-0.0,-5.605193857299268e-45,8.261229503758405e-27,-0.0,1789029184.4364936
5791.045,-0.21841889896138247,-0.5669569062229156,0.20194815732626084,0.5672994034550126,2.922103213720576,0.3683723390987883,1,1,0.9781889319419861,-1.0936212104609986,1.6715605894671839,-1.866002698937887,-1.5311849753009241,-0.2147467772113245,0.002218162175267935,0.00470192264765501,-0.0,0.000999741954728961,1.085227540897904e-05,-0.0,1789029184.5367506
5791.1449999999995,-0.218373494526177,-0.5669668443139527,0.20142244720796113,0.5671214806495667,2.9215146743935927,0.36991731992856147,1,1,0.9782642722129822,-1.0927751821330567,1.6715729872332972,-1.8657146892943324,-1.5312026182757776,-0.21473199525942022,0.0005372067680582404,0.0076094199903309345,-0.0,0.0009849016787484288,-0.0001227779866894707,-0.0,1789029184.636535
5791.245,-0.2183269687165474,-0.5670157176405553,0.20133526994123643,0.5669437528829999,2.9214868002104937,0.37011424350104605,1,1,0.9783759117126465,-1.092582182293274,1.671501938496725,-1.865699907342428,-1.531205956135885,-0.21473580995668584,0.0028753115329891443,5.801944365041726e-28,-0.0,0.0001215248994412832,-5.659864132923076e-09,-0.0,1789029184.7365081
5791.344999999999,-0.21769689372307544,-0.567278500476172,0.20101431564929764,0.5652571226313414,2.921675261959948,0.3710154570148143,1,1,0.9795145988464355,-1.0920394223979493,1.6714986006366175,-1.8656913242735804,-1.5312584082232874,-0.21473580995668584,0.017237333580851555,0.01530496682971716,-0.0,1.0837899466764611e-09,-0.0003175106248818338,-0.0,1789029184.8364449
5791.445,-0.21693985187385711,-0.5675880712040384,0.200634466855673,0.5632443372341155,2.92187564414098,0.37205217384952705,1,1,0.9808713793754578,-1.0914078813842316,1.6715133825885218,-1.8656946621336878,-1.5312865416156214,-0.21473962465395147,0.009942478500306606,0.001073454157449305,-0.0,0.00010677998943720013,-0.00011952651402680203,-0.0,1789029184.9365273
5791.545,-0.21678080500688277,-0.5676773097041712,0.20075893648867843,0.5628550831373126,2.922135992224124,0.3715568679070864,1,1,0.9811673760414124,-1.0915755790523072,1.671478573475973,-1.8658586941161097,-1.5312212149249476,-0.21473580995668584,-0.0007088985294103622,-0.0071300906129181385,-0.0003933313419111073,-0.0032916690688580275,6.770104664610699e-05,-0.0,1789029185.0365877
5791.6449999999995,-0.21682357898546234,-0.5676930312911863,0.20288451112913633,0.5632942129882212,2.924535412086179,0.365421974785295,1,1,0.9811086654663086,-1.0949811798385163,1.6713908354388636,-1.866927286187643,-1.5311268011676233,-0.21473962465395147,-0.0002773444866761565,-0.05858800932765007,-0.0003568679967429489,-0.036454394459724426,0.00038474120083265007,-0.0,1789029185.1365883
5791.745,-0.21714698023045206,-0.5681532170496023,0.20904931124949175,0.5646551080986697,2.9340477618364007,0.3420813752528425,1,1,0.981093168258667,-1.1044782561114808,1.6714566389666956,-1.875012060204977,-1.5311406294452112,-0.21472007433046514,-0.00010871820995816961,-0.12492749094963074,-0.0001254948874702677,-0.13167929649353027,0.00013156788190826774,-0.0,1789029185.2365282
5791.844999999999,-0.2176634788801495,-0.568951087726816,0.21863143586622077,0.5666424964786676,2.9490683003584204,0.3040001668891292,1,1,0.9811172485351562,-1.1189161104014893,1.6714370886432093,-1.8889175854124964,-1.5311101118670862,-0.21473199525942022,0.0,-0.17112277448177338,-3.019469681418392e-36,-0.12839557230472565,2.0315333074637232e-13,-0.0,1789029185.3366477
5791.945,-0.21771135800005284,-0.5690090810235231,0.23178997740243856,0.568891032692288,2.9655785810453814,0.26047691593569944,1,1,0.9811208248138428,-1.1395973724177857,1.6714332739459437,-1.9003988705077113,-1.5311372915851038,-0.21472007433046514,-7.158768858062103e-05,-0.2492649108171463,-0.0,-0.1169457957148552,1.8381093065812373e-17,-0.0,1789029185.4365432
5792.045,-0.21708806261765945,-0.5680807831971446,0.24723648248566393,0.5709951659561467,2.9813993748545196,0.2167540008129294,1,1,0.981143593788147,-1.1646832388690491,1.6714180151568812,-1.907311578790182,-1.5311458746539515,-0.21472388902773076,0.0,-0.23867428302764893,-3.0859098387736594e-07,-0.0025966335088014603,0.0,-0.0,1789029185.5366364
5792.1449999999995,-0.2160924820457538,-0.5665511999633213,0.2595992913122675,0.5723951880529218,2.99138008677954,0.18800543087480281,1,1,0.9811244606971741,-1.1854325097850342,1.6712263266192835,-1.9072653255858363,-1.5311544577227991,-0.21472388902773076,0.0,-0.1671162247657776,-0.004483780357986689,-0.00012010721547994763,0.0,-0.0,1789029185.6366076
5792.245,-0.21599462504945974,-0.5660956782858843,0.26688586973139505,0.5736083692036179,2.99731960447613,0.17014100222830658,1,1,0.9808413982391357,-1.1962392193130036,1.6691492239581507,-1.9072877369322718,-1.5311458746539515,-0.21473914781679326,-0.006730907596647739,-0.04058726131916046,-0.04877704381942749,-4.181234111296693e-19,0.0,-0.0,1789029185.7365115
5792.344999999999,-0.2182203030530803,-0.5681805679859535,0.2715374812341601,0.575967792394428,3.001793866809918,0.15558671462948126,1,1,0.979683518409729,-1.1967801314643403,1.6592190901385706,-1.9072791538634242,-1.531168286000387,-0.21473580995668584,-0.019146140664815903,6.756249032457973e-11,-0.13497139513492584,-0.0,0.0,-0.0,1789029185.8365169
5792.445,-0.22229262106726871,-0.5721445997641055,0.27982034023286434,0.5800070056847089,3.0096557498703453,0.1293760911162416,1,1,0.9777214527130127,-1.1968233448318024,1.6404646078692835,-1.9072414837279261,-1.5311458746539515,-0.2147286573993128,-0.019629405811429024,-8.678888116264716e-05,-0.22825786471366882,-0.0,0.0,-0.0,1789029185.9365804
5792.545,-0.22760736469503348,-0.5772830095604999,0.2910404421102379,0.5852053515466431,3.0199723178071403,0.09418058870347401,1,1,0.9751899242401123,-1.196761206989624,1.6152427832232874,-1.9071852169432582,-1.5311763922320765,-0.2147429625140589,-0.030413832515478134,-3.7414974940475076e-05,-0.2744717597961426,-0.0,0.0,-0.0,1789029186.0365794
5792.6449999999995,-0.23451994248411917,-0.5825429551885319,0.30407444773816505,0.5936094694909505,3.030831578848234,0.05355122986008586,1,1,0.9706698656082153,-1.1964858335307618,1.5861309210406702,-1.9071046314635218,-1.5311849753009241,-0.21472388902773076,-0.06226402521133423,0.0014830055879428983,-0.3034830093383789,0.0003081746108364314,0.0,-0.0,1789029186.136524
5792.745,-0.2436446764440841,-0.5874674012316042,0.31746340999884864,0.6067310855691198,3.040637908631867,0.01154127284299556,1,1,0.9630289077758789,-1.194340245132782,1.5541618506061,-1.9067937336363734,-1.531205956135885,-0.21472388902773076,-0.08620622754096985,0.05400444194674492,-0.32753875851631165,0.0007778519648127258,-0.0001844467333285138,-0.0,1789029186.2365136
5792.844999999999,-0.25390314540106224,-0.5928628257497875,0.3271581896874055,0.6208270703345089,3.0475426454308887,-0.022432123122694977,1,1,0.954553484916687,-1.1852952104857941,1.5213072935687464,-1.9067284069456996,-1.5312212149249476,-0.21472007433046514,-0.08159980177879333,0.11158007383346558,-0.3178187310695648,0.0005600964650511742,-5.6118260545190424e-05,-0.0,1789029186.336851
5792.945,-0.2637452729008634,-0.5978728749666721,0.3327663051732265,0.6338695168002842,3.05145732490406,-0.045754340336214706,1,1,0.9465059041976929,-1.1724833113006135,1.4921916166888636,-1.9066630802550257,-1.5312212149249476,-0.21473962465395147,-0.07205406576395035,0.14522793889045715,-0.2684306800365448,0.00012598931789398193,-0.0,-0.0,1789029186.4365923
5793.045,-0.27246209933085164,-0.6030804105041111,0.33412437790581284,0.643817860083315,3.052983808840492,-0.05850334294239779,1,1,0.9402637481689453,-1.1557107132724305,1.4666217009173792,-1.9067164860167445,-1.5312026182757776,-0.21473580995668584,-0.056214768439531326,0.19213472306728363,-0.25475895404815674,8.501674892613664e-05,-0.0,-0.0,1789029186.5366538
5793.1449999999995,-0.28092203441985186,-0.6079320798143089,0.3329458704700756,0.6532887884627528,3.052837920131033,-0.06478481380480541,1,1,0.934185802936554,-1.1372375351241608,1.4438274542437952,-1.9067403278746546,-1.5312092939959925,-0.21473580995668584,-0.06470877677202225,0.17322848737239838,-0.2160150110721588,2.7440616698688643e-32,-0.0,-0.0,1789029186.6366022
5793.245,-0.28906364875116625,-0.6118187782531618,0.3313803807755658,0.6632299285175312,3.05209096980112,-0.06932743201824502,1,1,0.9277766942977905,-1.1204779011062165,1.4239533583270472,-1.906752725640768,-1.5312092939959925,-0.21472388902773076,-0.06314779818058014,0.1566157191991806,-0.17222201824188232,0.0,-0.0,-0.0,1789029186.7365966
5793.344999999999,-0.29632238483744544,-0.614300219827132,0.33000355937022263,0.6731790272213384,3.050975467778072,-0.07258058313466575,1,1,0.9212994575500488,-1.1073902708343049,1.4085915724383753,-1.9067098102965296,-1.5312212149249476,-0.21475488344301397,-0.06644642353057861,0.10852735489606857,-0.1394723504781723,0.0,-0.0,-0.0,1789029186.8365538
5793.445,-0.30324491199180137,-0.616186631631748,0.3285317866486528,0.6832201118633806,3.0495627218476233,-0.07504942857519999,1,1,0.9147899746894836,-1.0956103664687653,1.3951461950885218,-1.9067164860167445,-1.5312026182757776,-0.21473580995668584,-0.05087742954492569,0.12957219779491425,-0.12627646327018738,0.0,-4.042053400396138e-16,-0.0,1789029186.9365792
5793.545,-0.3082811446296816,-0.6187176592520616,0.3251049273625274,0.6886358577313024,3.0477416756350766,-0.07260985886537753,1,1,0.9111620783805847,-1.0824450117400666,1.3837116400348108,-1.9067064724364222,-1.5311906973468226,-0.2147277037249964,-0.02318284474313259,0.1273522973060608,-0.10018613934516907,0.0,-0.0,-0.0,1789029187.036513
5793.6449999999995,-0.31152545971980955,-0.6212727413560554,0.32200446675441596,0.690744695638601,3.046609601443894,-0.07012682800859595,1,1,0.9096835851669312,-1.0712670546821137,1.3743026892291468,-1.9067250690855921,-1.5311906973468226,-0.21473580995668584,-0.008867391385138035,0.10476318001747131,-0.08944476395845413,0.0,-0.0,-0.0,1789029187.1366153
5793.745,-0.3141361561374423,-0.6239647240975736,0.3184484511773723,0.6914625097075595,3.045429153909469,-0.06644410932418081,1,1,0.9090739488601685,-1.0599796932986756,1.3655875364886683,-1.9067098102965296,-1.5311906973468226,-0.21475154558290654,-0.004176683258265257,0.1051606759428978,-0.0811878964304924,0.0,-0.0,-0.0,1789029187.2365403
5793.844999999999,-0.3164423293115108,-0.6261863719214681,0.3139873131646922,0.6921803867570625,3.0434815984855557,-0.06004623426565943,1,1,0.9084035158157349,-1.0490101140788575,1.3591459433185022,-1.906743665734762,-1.5312092939959925,-0.21475488344301397,-0.017306795343756676,0.10173913836479187,-0.03934377431869507,0.0,-0.0,-0.0,1789029187.3365955
5793.945,-0.3187085594466282,-0.6267532545278088,0.308071126162319,0.6949086107858298,3.0394554255766586,-0.04825740144507095,1,1,0.9063083529472351,-1.039808527832367,1.3582409063922327,-1.906701227227682,-1.53119403520693,-0.21470433870424444,-0.023897482082247734,0.1019531637430191,-0.00018817877571564168,0.0,-0.0,-0.0,1789029187.4367294
5794.045,-0.3216451806694751,-0.6269716234615776,0.30053681175951774,0.6989464241799285,3.034026562299789,-0.03296361844020868,1,1,0.9031510949134827,-1.0288751882365723,1.3582122961627405,-1.9067493877806605,-1.53119403520693,-0.21473199525942022,-0.03985518589615822,0.0952998623251915,-0.00017848610877990723,0.0,-0.0,-0.0,1789029187.5367458
5794.1449999999995,-0.3250775062966474,-0.6265121388884487,0.29443643000567876,0.7048805217622857,3.0289316100745762,-0.020619916552144048,1,1,0.8988444209098816,-1.020060972576477,1.358208481465475,-1.9067369900145472,-1.5312026182757776,-0.2147277037249964,-0.047203630208969116,0.07880080491304398,-2.075443626381457e-05,0.0,-0.0,-0.0,1789029187.6366634
5794.245,-0.3282937930946387,-0.6257426791448044,0.2900036733684117,0.7109484024960772,3.0247463674553035,-0.011743650299456369,1,1,0.8945186138153076,-1.0136826199344178,1.3582337538348597,-1.9067403278746546,-1.5311906973468226,-0.2147429625140589,-0.03620580956339836,0.05762561783194542,-0.0,0.0,-0.0,-0.0,1789029187.7367077
5794.344999999999,-0.3299252735966992,-0.6258897099395677,0.2849628635069298,0.7130319211787991,3.021102942104981,-0.0015773913828753545,1,1,0.8928186893463135,-1.0064176482013245,1.358229939137594,-1.9067369900145472,-1.5312331358539026,-0.21471673647035772,-0.0008129662601277232,0.09140045195817947,-0.0,0.0,-0.0,-0.0,1789029187.8365993
5794.445,-0.3305462642820029,-0.6267750716845284,0.2785434272188155,0.7121676349898725,3.0171703561114875,0.011311212435240903,1,1,0.8929096460342407,-0.9971988958171387,1.3582609335528772,-1.906759878198141,-1.531205956135885,-0.21473580995668584,0.0004440407792571932,0.0849708691239357,-0.0,0.0,-0.0,-0.0,1789029187.9366002
5794.545,-0.33106642083741467,-0.6274611659675456,0.2732177222118356,0.711567738379002,3.01384442098451,0.022001027703973098,1,1,0.8929372429847717,-0.9895469111255188,1.3582571188556116,-1.9067427120604457,-1.53119403520693,-0.21471673647035772,8.873017213772982e-05,0.060756295919418335,3.5984008718514815e-05,0.0,-0.0,-0.0,1789029188.0366118
5794.6449999999995,-0.33128219763064337,-0.6277058315099645,0.27109521386655194,0.711337376095336,3.0125344042547866,0.026289443169910012,1,1,0.8929179310798645,-0.9865197104266663,1.3582847754107874,-1.9067336521544398,-1.531224552785055,-0.21473580995668584,1.1247044727808352e-23,0.011451796628534794,4.0137685573427007e-05,0.0,-0.0,-0.0,1789029188.136569
5794.745,-0.3312886836114309,-0.6277305228153561,0.27093734447477713,0.7113180086618283,3.012430553983335,0.02655758618214462,1,1,0.8929300308227539,-0.9862958949855347,1.3582962195025843,-1.9067679844298304,-1.531205956135885,-0.21472388902773076,0.0003670594305731356,0.00019120954675599933,-0.0,0.0,-0.0,-0.0,1789029188.236487
5794.844999999999,-0.33127158453047184,-0.6277346716349499,0.2709533486911995,0.7112657694325168,3.0124502680923095,0.02655902726611377,1,1,0.8929538726806641,-0.9863198560527344,1.3582924048053187,-1.9067427120604457,-1.5312126318561,-0.21473580995668584,6.907143688295037e-05,4.601171531248838e-05,1.7740438558352184e-42,0.0,-0.0,-0.0,1789029188.3365338
5794.945,-0.3312723755966608,-0.6277293374990767,0.2709394482919984,0.7113026123193936,3.0124181038572133,0.026566416400952017,1,1,0.8929455280303955,-0.9863162797740479,1.3583210150348108,-1.9067608318724574,-1.53119403520693,-0.21471673647035772,0.0,0.0,8.764673557239144e-13,0.0,-0.0,-0.0,1789029188.4365177
5795.045,-0.3312546991270954,-0.6277186964418816,0.270879709723003,0.7113236552073936,3.0123631715492936,0.026763029238745056,1,1,0.8929574489593506,-0.9862839740565796,1.3583958784686487,-1.9067336521544398,-1.531205956135885,-0.2146857420550745,0.0,8.032446930883452e-05,0.000261004752246663,0.0,-0.0,-0.0,1789029188.5367045
5795.1449999999995,-0.3312605561795042,-0.627733012503092,0.2708184081095566,0.7112571107541541,3.0123264385541133,0.026856623275390228,1,1,0.8929610252380371,-0.9861845535090943,1.358380142842428,-1.9067403278746546,-1.5311873594867151,-0.21472007433046514,0.0,0.00021367699082475156,0.00012255569163244218,0.0,-0.0,-0.0,1789029188.6366441
5795.245,-0.331248075030575,-0.6277860804770927,0.27041061391010074,0.7110853634736982,3.0121258479498496,0.02776742522013022,1,1,0.8930293321609497,-0.9856385153583069,1.3584325949298304,-1.9067098102965296,-1.53123647371401,-0.21473962465395147,0.002045597415417433,0.008816896006464958,0.00015509944933000952,0.0,-0.0,-0.0,1789029188.7365272
5795.344999999999,-0.33123347316855695,-0.6279386914767531,0.2695549179644071,0.7107899253119698,3.0116211198689733,0.02948943253006757,1,1,0.8931801915168762,-0.984412209396698,1.3584325949298304,-1.9066978893675746,-1.531224552785055,-0.21472007433046514,0.00028209370793774724,0.026449138298630714,8.039553358685225e-05,0.0,-0.0,-0.0,1789029188.8365285
5795.445,-0.3314905781557768,-0.6283128506966854,0.26656473961620575,0.7104084012609383,3.009753924797793,0.03541527684739595,1,1,0.8932245373725891,-0.9801109594157715,1.3584197203265589,-1.9067250690855921,-1.5312178770648401,-0.21470767656435186,0.0003172415599692613,0.04900418594479561,-0.0,0.0,-0.0,-0.0,1789029188.9365377
5795.545,-0.33193979115495126,-0.6288974517685869,0.26153877318125635,0.7097522147615086,3.0065896325313126,0.04535962947772453,1,1,0.8932400345802307,-0.9728912872127076,1.3584016005145472,-1.9067608318724574,-1.531205956135885,-0.21475154558290654,0.00012598902685567737,0.0731179341673851,-0.0,6.171595957212605e-31,-0.0,-0.0,1789029189.036595
5795.6449999999995,-0.33221806002000703,-0.6291822827807099,0.25888375577849576,0.7095670808107543,3.0048728646363836,0.05051156932971179,1,1,0.89317786693573,-0.9690606755069275,1.358372990285055,-1.9068333111205042,-1.5311782995807093,-0.21473580995668584,3.0422051544576334e-09,0.00027137756114825606,-0.0,0.0,-0.0,-0.0,1789029189.136574
5795.745,-0.33218091158045304,-0.6291894478937353,0.25895805733763466,0.7095062563003486,3.004974488888684,0.05031013434325929,0,2,0.8932280540466309,-0.9691756528666993,1.3583996931659144,-1.9068995914854945,-1.53119403520693,-0.21473580995668584,0.0,-0.0002748277911450714,-0.0,-0.00013519384083338082,-0.0,-0.0,1789029189.236589
5795.844999999999,-0.332179042080143,-0.6291883523595014,0.25906951951215706,0.7095650403325975,3.005031054828836,0.04999100700458663,0,2,0.8932245373725891,-0.9693146508983155,1.358380142842428,-1.9069558582701625,-1.531161133443014,-0.21470767656435186,0.0,-0.0016135660698637366,-0.0,-0.00029434694442898035,-0.0,-0.0,1789029189.3365107
5795.945,-0.33220833583590076,-0.6291772154126408,0.25910395575780093,0.7096643580466864,3.0050490164852626,0.04985437873273826,0,2,0.8931813836097717,-0.9693517249873658,1.3583720366107386,-1.9070068798460902,-1.5311577955829065,-0.21468907991518194,0.0,-0.0005249770474620163,-0.0,-0.00014972967619542032,-0.0,-0.0,1789029189.436454
5796.045,-0.3322116663878458,-0.6291807971939362,0.25916011192343236,0.7095856715219966,3.0051156083281416,0.049717945608657645,0,2,0.8931813836097717,-0.9694066804698487,1.3583343664752405,-1.9070126018919886,-1.531161133443014,-0.2147467772113245,0.0,-0.00019854733545798808,-0.0,-0.0001859773474279791,-0.0,-0.0,1789029189.5365825
5796.1449999999995,-0.3322009395020501,-0.6291899407414612,0.25928159604238704,0.7096185729142984,3.0052427957198278,0.04929789795119169,0,2,0.8932006359100342,-0.969555215244629,1.3583253065692347,-1.9071561298766078,-1.5311544577227991,-0.21472007433046514,0.0,-0.0028085948433727026,-0.0,-0.00027243889053352177,5.952549651105921e-12,-0.0,1789029189.6366494
5796.245,-0.3321226370409888,-0.629054780201034,0.26049308949258554,0.709816394913637,3.0060476015265425,0.04667449348288989,0,2,0.8931646943092346,-0.9712905448726197,1.3583644072162073,-1.9073387585081996,-1.531130615864889,-0.21472007433046514,-0.00014466587163042277,-0.03281687945127487,-0.0,-0.0008373017190024257,8.186777267837897e-05,-0.0,1789029189.7365954
5796.344999999999,-0.33182677948203443,-0.6286532622512822,0.2641355665285883,0.7102739058216135,3.0083833282410573,0.03930196030795694,0,2,0.8931370973587036,-0.9764825862697144,1.358344856892721,-1.907431264916891,-1.5311186949359339,-0.21472007433046514,-6.657921767327935e-05,-0.06876729428768158,-0.0,-0.002059913007542491,3.903623537202663e-22,-0.0,1789029189.8365052
5796.445,-0.3313152250729764,-0.6280078850236187,0.26966118765358826,0.7108620676460172,3.0118712202610594,0.028345517384136588,0,2,0.8931370973587036,-0.9843968910029908,1.3583210150348108,-1.9073764286436976,-1.531130615864889,-0.21473962465395147,0.0,-0.0914657860994339,-0.0,-0.0001290900690946728,0.0,-0.0,1789029189.9365444
5796.545,-0.33059198756932107,-0.6271181380319084,0.27684563778406057,0.7116596170727649,3.016362146097353,0.013900856011755247,0,2,0.8931525945663452,-0.9947298926166077,1.3583605925189417,-1.907438417474264,-1.5311186949359339,-0.21472007433046514,0.0,-0.11112263053655624,-0.0,-9.698123193402353e-09,0.0,-0.0,1789029190.0365856
5796.6449999999995,-0.3296492368781896,-0.6259341325511836,0.2857727057376388,0.7125932481424255,3.0218691356453555,-0.004081013053542546,0,2,0.89315265417099,-1.0075552624515076,1.358337704335348,-1.9074465237059535,-1.5311186949359339,-0.21473962465395147,0.0,-0.13446831703186035,-0.0,-0.0,0.0,-0.0,1789029190.1364944
5796.745,-0.3286612151743063,-0.624658695112516,0.2944072868829807,0.7135757962086996,3.0270798441807947,-0.021432880168034338,0,2,0.893125057220459,-1.0200672906688233,1.3584197203265589,-1.9073950252928675,-1.5311492125140589,-0.21472007433046514,-6.776889133372646e-19,-0.11850325018167496,-0.0,-0.0,0.0,-0.0,1789029190.2365181
5796.844999999999,-0.3276211243619158,-0.6233502022648324,0.3028470664112842,0.7144191790039895,3.0321027995116334,-0.03857779404309204,0,2,0.8931203484535217,-1.0322963160327454,1.3584640661822718,-1.9073835812010707,-1.531142536793844,-0.21473962465395147,-0.00020889725419692695,-0.12186595052480698,0.0015715835615992546,-0.0,0.0,-0.0,1789029190.3364894
5796.945,-0.3267324582398911,-0.6222259927134557,0.3095333485036421,0.7151084204774799,3.0360118947575345,-0.05213241179188508,0,2,0.8931131362915039,-1.0420731467059632,1.3585880438434046,-1.9073368511595667,-1.5311577955829065,-0.21473580995668584,-8.305804658448324e-05,-0.07473023235797882,0.0026496388018131256,-0.0,0.0,-0.0,1789029190.4364772
5797.045,-0.32638658977780044,-0.6216110533598185,0.31215336383321635,0.7156117298555243,3.037437404415554,-0.05730656205220021,0,2,0.8929502367973328,-1.0462087553790589,1.3590763250934046,-1.9073506794371546,-1.5311697165118616,-0.21473580995668584,-0.008444711565971375,-0.009243985638022423,0.011554761789739132,-2.4164586672766873e-22,0.0,-0.0,1789029190.5365477
5797.1449999999995,-0.3271942734877883,-0.6205297791913373,0.3112787212498953,0.718370460277661,3.035979110092506,-0.054517930037555465,0,2,0.8910525441169739,-1.0466173452189942,1.3615148703204554,-1.9073835812010707,-1.5311663786517542,-0.21473580995668584,-0.03213963285088539,-0.007038972806185484,0.04734133183956146,-0.0,0.0,-0.0,1789029190.6366513
5797.245,-0.32876025146733384,-0.6171722726758614,0.3104585548000915,0.7255020774667422,3.0328850890704504,-0.04963182324052582,0,2,0.8862128853797913,-1.0506774944118042,1.3691251913653772,-1.9074160061278285,-1.5311816374408167,-0.2147429625140589,-0.055297501385211945,-0.08470266312360764,0.10984398424625397,-1.0831558165505413e-32,0.0,-0.0,1789029190.7365875
5797.344999999999,-0.32745245718439564,-0.6116165133043711,0.3124547871900152,0.7309812596346184,3.0309323329387894,-0.04733854701765884,0,2,0.8825662732124329,-1.0647235673717041,1.3852389494525355,-1.9078170261778773,-1.5312212149249476,-0.2147429625140589,-0.014268249273300171,-0.18735982477664948,0.20888687670230865,-0.0005569703644141555,-0.00010537288471823558,-0.0,1789029190.8365145
5797.445,-0.3221623500377482,-0.6050751657883608,0.3145308545694161,0.7308732647001519,3.0291037218889763,-0.041446612518161056,0,2,0.882490873336792,-1.0847502213767548,1.40944749513735,-1.9077869854369105,-1.5312026182757776,-0.21473580995668584,0.0010066773975268006,-0.2170390635728836,0.28248557448387146,-3.0767176212975755e-05,-0.00011862083192681894,-0.0,1789029190.9365492
5797.545,-0.3158647594241058,-0.597196278007532,0.3144738458289449,0.7305799797874205,3.025288903691644,-0.028893622794460297,0,2,0.8823146820068359,-1.1061406892589112,1.4397929350482386,-1.9077989063658656,-1.5312297979937952,-0.21473580995668584,-0.00402149697765708,-0.21516448259353638,0.3045234978199005,-9.251034235657004e-27,-1.0665800588873425e-19,-0.0,1789029191.0365586
5797.6449999999995,-0.30932640802080374,-0.5891256606715943,0.3152247859688959,0.7302727470775519,3.022084693689747,-0.018548626391713445,0,2,0.8822273015975952,-1.1288840931705018,1.469968620930807,-1.9078332386412562,-1.53123647371401,-0.21472007433046514,-0.0004930135328322649,-0.24164526164531708,0.3086901605129242,-0.0,-0.0,-0.0,1789029191.136505
5797.745,-0.3023901940902442,-0.5801687924739094,0.318044806649056,0.7307618046337592,3.0200451212742676,-0.012722601917150654,0,2,0.8817351460456848,-1.1558304590037842,1.5010584036456507,-1.9077712498106898,-1.5312178770648401,-0.21473580995668584,-0.014902010560035706,-0.29919713735580444,0.32053717970848083,-0.0,-0.0,-0.0,1789029191.236552
5797.844999999999,-0.2964626842612619,-0.5693971724082679,0.32222787596480634,0.736135204892642,3.017810434390814,-0.010089994699799976,0,2,0.8781494498252869,-1.1867202681354065,1.5339515844928187,-1.907790323297018,-1.5312112013446253,-0.21472388902773076,-0.05014178901910782,-0.3152085244655609,0.3308168947696686,-0.0,-0.0,-0.0,1789029191.336505
5797.945,-0.2918828800255363,-0.5577294541961587,0.3266022307670767,0.7457247723622602,3.0149980781421606,-0.008832557642353337,0,2,0.8718101382255554,-1.2182715100101014,1.5664885679828089,-1.9077421627440394,-1.5312569777118128,-0.21472007433046514,-0.08223140984773636,-0.30685508251190186,0.32405516505241394,-0.0,-0.0,-0.0,1789029191.4366362
5798.045,-0.28979468827021965,-0.5457570493427008,0.32995016592146487,0.7608482076560688,3.0104521976181973,-0.007039458220202857,0,2,0.8617188930511475,-1.2469161611846467,1.5966265837298792,-1.907694479028219,-1.5312145392047327,-0.21473962465395147,-0.12195473909378052,-0.26412540674209595,0.2796626091003418,-0.0,-0.0,-0.0,1789029191.5367463
5798.1449999999995,-0.291208791973722,-0.5349774189336549,0.3320857554560691,0.7812156333897429,3.0046215346880905,-0.005329540965415433,0,2,0.8481506705284119,-1.2684125167182465,1.6195891539203089,-1.9076749287047328,-1.5313103834735315,-0.21473580995668584,-0.1301470249891281,-0.15795201063156128,0.17946061491966248,8.173860260285437e-05,-0.0022826383356004953,-0.0,1789029191.6365917
5798.245,-0.2932581398593078,-0.5267795603363205,0.33180254294058625,0.7986384501835644,2.99807272540616,-7.851103561392638e-06,0,2,0.836332380771637,-1.2816226047328492,1.6369264761554163,-1.9076782665648402,-1.5312984625445765,-0.21472388902773076,-0.102482371032238,-0.10476034879684448,0.15020781755447388,0.0,-0.00012336173676885664,-0.0,1789029191.7365525
5798.344999999999,-0.2952894572053197,-0.5205055966061892,0.3305707183478758,0.8128403054719998,2.9919415595526244,0.006299897473317833,0,2,0.8265541195869446,-1.2900475722602387,1.650170628224508,-1.9076911411681117,-1.531313721333639,-0.21473580995668584,-0.09141393005847931,-0.0731302872300148,0.12812396883964539,0.0,-2.5029322319913368e-17,-0.0,1789029191.8367143
5798.445,-0.29571828172057635,-0.5142273707599055,0.32737804578107754,0.8237688031651288,2.984585520447939,0.01816737747886396,0,2,0.8186580538749695,-1.2979356211474915,1.6669257322894495,-1.907694479028219,-1.531313721333639,-0.21475154558290654,-0.06852876394987106,-0.08618107438087463,0.20424002408981323,0.0,-0.0,-0.0,1789029191.9366446
5798.545,-0.2940203823677423,-0.507204742906696,0.3219397803930472,0.831687856169202,2.9753582805858225,0.03689167068190656,0,2,0.8124275207519531,-1.3068501216224213,1.6898391882525843,-1.9077617130675257,-1.5312898794757288,-0.21472388902773076,-0.060095202177762985,-0.10208618640899658,0.26936769485473633,0.0,-0.0,-0.0,1789029192.0365329
5798.6449999999995,-0.29037744758032863,-0.49785720285594737,0.31411157967066566,0.8395657971308143,2.9627424693592688,0.06375266918410345,0,2,0.8056855797767639,-1.3191456955722352,1.7222030798541468,-1.9077545605101527,-1.5312898794757288,-0.21472388902773076,-0.08011868596076965,-0.14256615936756134,0.37742939591407776,0.0,-3.1458852305700534e-27,-0.0,1789029192.1365767
5798.745,-0.28571965121618237,-0.48585408332092334,0.30450792483181244,0.8500884995116244,2.9462964081752854,0.09668191356213394,0,2,0.7966476678848267,-1.3348070097020646,1.7627370993243616,-1.9077111683287562,-1.5312932173358362,-0.21472007433046514,-0.10126487165689468,-0.16344916820526123,0.41794872283935547,3.7098395934074505e-40,-0.0,-0.0,1789029192.2366805
5798.844999999999,-0.2821211140193214,-0.4733966411295305,0.2925837227290993,0.8632576641012979,2.92581363152628,0.13497623967893704,0,2,0.785174548625946,-1.346294344668724,1.8036349455462855,-1.907687326470846,-1.5312898794757288,-0.21473580995668584,-0.11597130447626114,-0.05127405375242233,0.3858984708786011,0.0,-0.0,-0.0,1789029192.336561
5798.945,-0.2802009485303965,-0.4627269575698154,0.27720722966731953,0.8756926759656084,2.901132804442448,0.18050224954529243,0,2,0.7733625769615173,-1.3465108436397095,1.8393133322345179,-1.9076672993102015,-1.5312970320331019,-0.21472007433046514,-0.11171605437994003,0.017150139436125755,0.3303453028202057,5.105076948061829e-28,-0.0,-0.0,1789029192.4364808
5799.045,-0.2778980154790645,-0.4543006462035633,0.2650805972535796,0.8839214034991973,2.88103712285941,0.21653505072658472,0,2,0.7647728323936462,-1.3463707876256485,1.867706600819723,-1.9076782665648402,-1.5312865416156214,-0.21475488344301397,-0.05296528711915016,6.190593558130786e-05,0.20237882435321808,0.0,-0.0,-0.0,1789029192.5367105
5799.1449999999995,-0.27685461047143406,-0.45215682898083753,0.26120468885626424,0.8849502598788308,2.875095056096408,0.22796758117380925,0,2,0.7631603479385376,-1.3454387050918122,1.8758185545550745,-1.9076782665648402,-1.5312898794757288,-0.21472007433046514,0.0009772590128704906,0.022700024768710136,-0.010266352444887161,0.0,-0.0,-0.0,1789029192.636564
5799.245,-0.27703650609302705,-0.45243146628823905,0.2596667038359953,0.8842783577697784,2.8735014814065427,0.23182418101848348,0,2,0.7633041143417358,-1.3423394423774262,1.8756917158709925,-1.907661577264303,-1.531313721333639,-0.21473962465395147,0.00017728171951603144,0.04709645360708237,-0.0005768688279204071,0.0,-0.0,-0.0,1789029192.7365167
5799.344999999999,-0.27766117409123736,-0.4530306184749528,0.25500452269764523,0.882968047326564,2.8683147782969343,0.2433969531723461,0,2,0.7632958292961121,-1.333248109822609,1.8756797949420374,-1.9076725445189417,-1.5313018004046839,-0.21472007433046514,7.163327245507389e-05,0.1302034705877304,-6.950172974029556e-05,0.0,-0.0,-0.0,1789029192.8366375
5799.445,-0.2786255555875775,-0.45402238578945353,0.2474042199595185,0.8806109842635986,2.8599021511678657,0.2621089029553378,0,2,0.7633795738220215,-1.318302945499756,1.8754647413836878,-1.9076982937254847,-1.5313018004046839,-0.21473580995668584,0.0021456079557538033,0.16355356574058533,-0.003890818916261196,0.0,-0.0,-0.0,1789029192.9365792
5799.545,-0.27969392556406963,-0.4551519952892096,0.23908821345003278,0.8779818717446178,2.850658984522229,0.28229453660794007,0,2,0.7635115385055542,-1.3016423744014283,1.8747738043414515,-1.9077183208861292,-1.531283203755514,-0.21473580995668584,0.00435611791908741,0.15607714653015137,-0.012684384360909462,1.2954765840796079e-14,-0.0,-0.0,1789029193.036537
5799.6449999999995,-0.2810274385983292,-0.45694130903066005,0.2333266114685631,0.8753964187829425,2.845008426315532,0.29533183784662465,0,2,0.7642191052436829,-1.2875981491855164,1.8710101286517542,-1.907738824883932,-1.5313051382647913,-0.21473580995668584,0.005219925660640001,0.13312311470508575,-0.07756677269935608,0.0,-0.0,-0.0,1789029193.1365874
5799.745,-0.28469468117179475,-0.4605052011455134,0.23159341375992948,0.8752235180311455,2.844814760664468,0.2958791680715112,0,2,0.7642788887023926,-1.2746908825686951,1.8585031668292444,-1.9077216587462367,-1.531295124684469,-0.21473580995668584,0.00014657204155810177,0.1215386688709259,-0.16962993144989014,0.0,-0.0,-0.0,1789029193.2365382
5799.844999999999,-0.2898674840281235,-0.4654270287434672,0.23322904488562704,0.8764380009366889,2.8493216822622496,0.2863352642056402,0,2,0.7642273902893066,-1.2634370487979432,1.8396108786212366,-1.9076854191222132,-1.5312984625445765,-0.21473580995668584,8.576716593877709e-12,0.10788717120885849,-0.1871662139892578,0.0,-0.0,-0.0,1789029193.3364813
5799.945,-0.2925249687394499,-0.4684578079885969,0.2319290089909326,0.8755147200467494,2.8497287084038003,0.28639068821600916,0,2,0.7648783922195435,-1.2533383828452607,1.829451862965719,-1.907670637170309,-1.5313203970538538,-0.21473580995668584,0.019853368401527405,0.09509743750095367,-0.012156793847680092,0.0,-0.0,-0.0,1789029193.43648
5800.045,-0.2910684277782183,-0.4701529932523189,0.22614389052580114,0.868025154429637,2.8454738671241353,0.300560881795771,0,2,0.7690322995185852,-1.242584006195404,1.8294976393329065,-1.9076158008971156,-1.531313721333639,-0.21473962465395147,0.04742388054728508,0.11617663502693176,-4.6253979235189036e-05,0.00015222396177705377,-0.0,-0.0,1789029193.5365918
5800.1449999999995,-0.28816893072538624,-0.47271528857232564,0.2202028776651398,0.8563114444742563,2.842658364611028,0.31530122932616905,0,2,0.7762159109115601,-1.2314872306636353,1.829477612172262,-1.9076854191222132,-1.5313170591937464,-0.21473580995668584,0.08425691723823547,0.09887143224477768,-0.00017906160792335868,2.0513707568170503e-05,-0.0,-0.0,1789029193.6365685
5800.245,-0.28534797494598424,-0.47490103811764917,0.21615408907878536,0.8460204084976264,2.8415376091645954,0.3255684397490105,0,2,0.7827916145324707,-1.2239455741694947,1.829477612172262,-1.9077097378172816,-1.5312898794757288,-0.21472007433046514,0.049099404364824295,0.046479132026433945,-3.710101736942306e-05,0.0,-0.0,-0.0,1789029193.7365687
5800.344999999999,-0.28364016350048804,-0.47606616656925493,0.2149374318074499,0.8404367756866892,2.8421319389850352,0.32889003182337084,0,2,0.78657066822052,-1.221669153576233,1.8294628302203577,-1.9077216587462367,-1.5312932173358362,-0.21470433870424444,0.020347559824585915,0.000767656834796071,-5.886749204364605e-05,0.0,-0.0,-0.0,1789029193.8365772
5800.445,-0.2828337734140317,-0.47655714786863623,0.21494457717069884,0.8380127857202834,2.84302108426329,0.32909057878443176,0,2,0.7882781028747559,-1.2216606897166749,1.829430882130758,-1.9077097378172816,-1.5312898794757288,-0.21473580995668584,0.01720552332699299,0.0006031618104316294,-5.633058390230872e-05,0.0,-0.0,-0.0,1789029193.9365177
5800.545,-0.28163458270465114,-0.47727380639518835,0.21492277728418652,0.834506696846354,2.8442884045576347,0.329488130234265,0,2,0.7908039093017578,-1.2216105622104187,1.8294156233416956,-1.9076982937254847,-1.5313018004046839,-0.21472007433046514,0.030539020895957947,0.00010766649938886985,-3.294462294434197e-05,0.0,-0.0,-0.0,1789029194.036601
5800.6449999999995,-0.2802948949746982,-0.4780402494851537,0.21487877647320797,0.8305958321942903,2.84564998612786,0.32996641237217916,0,2,0.7935803532600403,-1.2215734285167237,1.829477612172262,-1.9077016315855921,-1.5313018004046839,-0.21473580995668584,0.028148053213953972,0.0010147661669179797,6.700869126554843e-40,0.0,-0.0,-0.0,1789029194.1365259
5800.745,-0.27906972496016136,-0.47878695317600584,0.2147324610452619,0.8269120477192646,2.846809625129921,0.33069480792486466,0,2,0.7961841821670532,-1.2212705177119751,1.8294270674334925,-1.9076549015440882,-1.5313203970538538,-0.21473962465395147,0.021401861682534218,0.0010936879552900791,-0.0,0.0,-0.0,-0.0,1789029194.2364845
5800.844999999999,-0.2782717113046701,-0.47927433397566505,0.21431837758023436,0.8244369820763904,2.8471934881051038,0.33189823611377417,0,2,0.7978782653808594,-1.2205368441394349,1.829477612172262,-1.9076549015440882,-1.531313721333639,-0.21473580995668584,0.006257247645407915,0.016239088028669357,-0.0,0.0,-0.0,-0.0,1789029194.336547
5800.945,-0.27833569971720223,-0.47940179212146233,0.21285400378480696,0.8239321482302211,2.845621334472588,0.33531632080005513,0,2,0.7979561686515808,-1.2177994710258027,1.8294628302203577,-1.9076739750304164,-1.531313721333639,-0.21473580995668584,0.00021895082318224013,0.04029541835188866,5.797031617065336e-41,0.0,-0.0,-0.0,1789029194.4364986
5801.045,-0.27851996742297314,-0.479627108333887,0.20957582465086994,0.8230068687521398,2.841983298739231,0.3429615431118781,0,2,0.7979944944381714,-1.2117057007602234,1.8294695059405726,-1.907694479028219,-1.531295124684469,-0.21472007433046514,8.686881483299658e-05,0.07428542524576187,-0.0,0.0,-0.0,-0.0,1789029194.536751
5801.1449999999995,-0.27871541457688515,-0.4798142612699831,0.20654901822779798,0.8222090781530993,2.8386028799897782,0.3500252420457247,0,2,0.7979741096496582,-1.206055299644806,1.8294342199908655,-1.9076911411681117,-1.5313051382647913,-0.21471673647035772,2.8969196859061314e-33,0.03903371840715408,-0.0,0.0,-0.0,-0.0,1789029194.6365106
5801.245,-0.27880033506031826,-0.47984058208097846,0.20563995941468405,0.8220367532297428,2.83751390984534,0.3521564419983499,0,2,0.7978903651237488,-1.2043737930110474,1.8294385115252894,-1.9076549015440882,-1.5312865416156214,-0.21473962465395147,-0.000423066463554278,0.002071599941700697,-0.0,0.0,-0.0,-0.0,1789029194.7365317
5801.344999999999,-0.2790371892283419,-0.47969103683237335,0.20559293870986473,0.8227540297146326,2.8372072329777063,0.3522246984777251,0,2,0.7973846793174744,-1.2043125492385407,1.829475227986471,-1.9076572857298792,-1.5313051382647913,-0.21472007433046514,-0.010751723311841488,0.0005762625951319933,0.00017981526616495103,-0.0,-0.0,-0.0,1789029194.8365703
5801.445,-0.2797308767841004,-0.47926446463788713,0.2055489251869017,0.8247834003667005,2.836358521881018,0.3521803567044603,0,2,0.7959060072898865,-1.2042696636966248,1.8295214811908167,-1.9076105556883753,-1.5312898794757288,-0.21472388902773076,-0.017839141190052032,0.00022539931524079293,8.513848297297955e-05,-0.0,-1.3279225550770291e-20,-0.0,1789029194.9365966
5801.545,-0.2810486780757768,-0.4784966222632739,0.20553858993525773,0.8285694174406274,2.8349346723596143,0.3518572267207917,0,2,0.7931596636772156,-1.2042420667460938,1.8295043150531214,-1.9075795612730921,-1.5312932173358362,-0.21473962465395147,-0.03686404973268509,0.00022281304700300097,8.953645010478795e-05,1.261794882369023e-22,-0.0,-0.0,1789029195.03656
5801.6449999999995,-0.2832839786978706,-0.47714699460084015,0.20543568741092186,0.8350740972038451,2.8323832466864327,0.3515315841327644,0,2,0.7884471416473389,-1.2041103404811402,1.8295815626727503,-1.9075476131834925,-1.5313170591937464,-0.21473962465395147,-0.04871545359492302,0.0048169102519750595,0.0006428829510696232,0.0005044707795605063,-0.0,-0.0,1789029195.1365564
5801.745,-0.2848803611841819,-0.4762571704429895,0.20490797399149582,0.8394896767403766,2.830077740302797,0.35228773417805315,0,2,0.7851747274398804,-1.2031061810306092,1.8295477072345179,-1.9075423679747523,-1.5312984625445765,-0.21472007433046514,-0.006104601081460714,0.016018467023968697,9.617413888918236e-05,0.00017045401909854263,-0.0,-0.0,1789029195.2365253
5801.844999999999,-0.28484024543690545,-0.4763569773464421,0.20400804510286577,0.838927268867759,2.829194930009192,0.354388642345978,0,2,0.7853605151176453,-1.2014413636973877,1.8295615355121058,-1.9075662098326625,-1.5313170591937464,-0.21475488344301397,0.0008009497541934252,0.012638208456337452,4.722391056552629e-34,8.279595931526273e-05,-0.0,-0.0,1789029195.3365097
5801.945,-0.28488880709346676,-0.47639436404087737,0.20338754115351249,0.8388464673705172,2.8284429797054944,0.3558359196935651,0,2,0.7853413820266724,-1.2002645891955872,1.829522434865133,-1.9075352154173792,-1.5312984625445765,-0.21470433870424444,0.00022439435997512192,0.020297899842262268,-0.0,0.0,-0.0,-0.0,1789029195.4365196
5802.045,-0.28492332405747356,-0.47644339800847607,0.20248762675272713,0.8385206088853084,2.827482067806666,0.3578819739379949,0,2,0.7853617668151855,-1.1986092191985627,1.8295543829547327,-1.9075900516905726,-1.531313721333639,-0.21473580995668584,3.101676338701509e-05,0.002362036146223545,-0.0,0.0,-0.0,-0.0,1789029195.5366404
5802.1449999999995,-0.2849421033144168,-0.47643256983741816,0.20247687099263956,0.8385864329739441,2.827442148600675,0.3579495361030975,0,2,0.7853257060050964,-1.1985854369452973,1.8295429388629358,-1.907555719415182,-1.5313289801227015,-0.21472007433046514,-2.552966725488659e-05,5.783750020782463e-05,-0.0,0.0,-0.0,-0.0,1789029195.6367476
5802.245,-0.2849211844138815,-0.47642624693124985,0.2024351137869651,0.8385215337570172,2.827382537560917,0.35805429515045223,1,3,0.7853413820266724,-1.1985446971705933,1.8295939604388636,-1.9075509510436,-1.5313103834735315,-0.21473962465395147,-2.263784888327694e-31,0.0015923302853479981,0.00011378822091501206,0.0,-0.0,-0.0,1789029195.7366486
5802.344999999999,-0.2848577311456137,-0.47647404160154977,0.202434856064251,0.8383027391075599,2.8274777827612163,0.3580593179028753,1,3,0.7854887247085571,-1.1985291999629517,1.8295748869525355,-1.907562871972555,-1.5313170591937464,-0.21475154558290654,0.0020512696355581284,0.00013253446377348155,1.3685919956010332e-17,0.0,-0.0,-0.0,1789029195.8365908
5802.445,-0.2848366109915246,-0.4764866778069433,0.20244489498561727,0.8382688229728404,2.8275150034527297,0.3580284994706351,1,3,0.78553307056427,-1.1985482734492798,1.8295782248126429,-1.9075786075987757,-1.5313170591937464,-0.21473580995668584,0.0001760875602485612,5.444494520017903e-18,-0.0,0.0,-0.0,-0.0,1789029195.9366064
5802.545,-0.2848209716381332,-0.47648603836053727,0.20243652146865362,0.8382974594396185,2.827493267381264,0.35808336190854284,1,3,0.7855533957481384,-1.1985482734492798,1.829597298298971,-1.907562871972555,-1.5313203970538538,-0.21469289461244756,0.00024136768479365855,0.0,-0.0,0.0,-0.0,-0.0,1789029196.0365765
5802.6449999999995,-0.28483326895686084,-0.47649403067649787,0.20244951029106517,0.8382753844450317,2.8274961457230665,0.3579961442714707,1,3,0.7855414748191833,-1.1985483032516022,1.8295658270465296,-1.90757479290151,-1.5312865416156214,-0.21472388902773076,4.165470865371418e-14,0.0,-0.0,0.0,-0.0,-0.0,1789029196.1365433
5802.745,-0.2848302529416992,-0.47649284637143463,0.20243883105498303,0.8382377506256415,2.827488674789128,0.35804185571594194,1,3,0.7855451107025146,-1.1985327762416382,1.829569164906637,-1.9075595341124476,-1.5312932173358362,-0.2147429625140589,0.0,0.0,-0.0,0.0,-0.0,-0.0,1789029196.2366784
5802.844999999999,-0.2848293194660321,-0.4764930117480888,0.20243966547752332,0.8382410084291704,2.827513107439514,0.358023945690596,1,3,0.785548746585846,-1.1985374850085755,1.8295782248126429,-1.9075867138304652,-1.5313051382647913,-0.21473962465395147,0.0,0.0,-0.0,0.0,-0.0,-0.0,1789029196.336509
5802.945,-0.284813450989278,-0.4765041315796055,0.2024585302162912,0.8382357522665511,2.827506612912379,0.3579548782609686,1,3,0.7855762839317322,-1.198568658237793,1.8295725027667444,-1.9075828991331996,-1.531262222920553,-0.21472007433046514,0.0,0.0,-0.0,0.0,-0.0,-0.0,1789029196.436655
5803.045,-0.2848491657232312,-0.47649972967218757,0.20246944209698717,0.8382881692300239,2.8275408798656128,0.3578651514215468,1,3,0.7855258584022522,-1.1985650223544617,1.8295477072345179,-1.9076339207091273,-1.5312746206866663,-0.21473962465395147,0.0,6.589340184603998e-11,-0.0,0.0,-0.0,-0.0,1789029196.5368087
5803.1449999999995,-0.2848210139091505,-0.47651308597399133,0.20247376145332707,0.8382154936966703,2.8275870179563585,0.3578452910468318,1,3,0.7855809926986694,-1.1985806983760376,1.8295624891864222,-1.9076572857298792,-1.5312779585467737,-0.21473962465395147,1.1423396312606049e-18,0.0,-0.0,0.0,-0.0,-0.0,1789029196.6366465
5803.245,-0.284829209190491,-0.47650733043812477,0.20245890417835544,0.8382606118460699,2.827544979874811,0.3579381936270846,1,3,0.7855654954910278,-1.1985506576350708,1.8295510450946253,-1.90761198619985,-1.5312932173358362,-0.21471673647035772,0.0001262739533558488,0.0,-0.0,0.0,-0.0,-0.0,1789029196.736529
5803.344999999999,-0.28481036682990835,-0.47651586176464295,0.20249560691655827,0.8382188643990496,2.827627614721461,0.3577984020632072,1,3,0.7856002449989319,-1.1986248952201386,1.829569164906637,-1.9076668224730433,-1.5312865416156214,-0.21472388902773076,6.262654642341658e-05,-0.0003238153294660151,-0.0,0.0,-0.0,-0.0,1789029196.8367088
5803.445,-0.28483749230250194,-0.4765216522181107,0.2026322710602157,0.8382948860542001,2.8278401627006238,0.35734209846858866,1,3,0.7855727076530457,-1.198836700325348,1.8295295874225062,-1.9077784023680628,-1.5312884489642542,-0.21473580995668584,0.0,-0.0030766879208385944,-0.0,-0.0007266610045917332,-0.0,-0.0,1789029196.9365885
5803.545,-0.2848299801085043,-0.4765474573372289,0.20328697943843022,0.838501312073166,2.828851770325922,0.3552010061296363,1,3,0.7856085300445557,-1.1999919277480622,1.8295400778399866,-1.9083248577513636,-1.5312417189227503,-0.21473580995668584,0.0,-0.021819915622472763,-6.976146687520668e-05,-0.013416193425655365,-0.0,-0.0,1789029197.0367026
5803.6449999999995,-0.2849110742582637,-0.4766338518233834,0.20521516474642665,0.8392704458007573,2.832175604564719,0.34849708847085714,1,3,0.7856242060661316,-1.2033109825900574,1.829536263142721,-1.9103967152037562,-1.5312793890582483,-0.21475154558290654,1.0513587334060048e-08,-0.06224413216114044,-0.0,-0.05082305148243904,0.0,-0.0,1789029197.1367466
5803.745,-0.28534517039922985,-0.4770745474271862,0.21060928703419485,0.841844051911961,2.8425453868259667,0.3268483126108252,1,3,0.7856289148330688,-1.212261663084366,1.829536263142721,-1.9187013111510218,-1.5312417189227503,-0.21473580995668584,0.0005636312416754663,-0.11751069128513336,-0.0,-0.11745070666074753,3.701838431879878e-05,-0.0,1789029197.2368379
5803.844999999999,-0.2857576488560823,-0.47766282076932165,0.21958378265562753,0.8454884138662824,2.8588976246158357,0.29230555070295955,1,3,0.7858685255050659,-1.2272209090045472,1.8294909636126917,-1.9310904941954554,-1.5312603155719202,-0.21473199525942022,0.0011556491954252124,-0.16547571122646332,-0.0,-0.09243141114711761,6.560721645045443e-15,-0.0,1789029197.3367639
5803.945,-0.28491882644806604,-0.47732679853581744,0.22827976964570662,0.8470968450029839,2.8695632017906822,0.2697386031295687,1,3,0.7865433096885681,-1.2430773240378876,1.829503361378805,-1.9330436191954554,-1.5312688986407679,-0.21473580995668584,0.013273460790514946,-0.16187088191509247,-0.0,-0.0010002702474594116,0.0,-0.0,1789029197.4366982
5804.045,-0.2838143963838008,-0.47669570320569893,0.2377394262843507,0.8487831152912728,2.880227775903105,0.2464441824072976,1,3,0.7871747016906738,-1.2605434519103547,1.8295214811908167,-1.9338098965086878,-1.5312231222735804,-0.21473199525942022,0.000454876251751557,-0.18891631066799164,-0.0,-0.002711690030992031,0.0,-0.0,1789029197.536647
5804.1449999999995,-0.28280176042257094,-0.4756515740901272,0.24762230157890786,0.851378603828253,2.8905352751364934,0.2227360773949214,1,3,0.7871543765068054,-1.2789114874652405,1.8294909636126917,-1.9338094196715296,-1.5312231222735804,-0.21472388902773076,-3.3655393275801943e-37,-0.16457189619541168,-1.29324549929654e-14,-0.00024990271776914597,0.0,-0.0,1789029197.6366003
5804.245,-0.28173335452343273,-0.47480626098957857,0.25576023785937,0.8529932103915517,2.8991992582161044,0.20302953779058885,1,3,0.7874813675880432,-1.2940233212760468,1.8294161001788538,-1.9339014492430628,-1.5313003698932093,-0.2147277037249964,0.0035176838282495737,-0.12328657507896423,-0.0005676046130247414,-0.0005300706252455711,0.0,-0.0,1789029197.7365558
5804.344999999999,-0.2813298315643812,-0.47441575288884397,0.2609380757671481,0.8542783665858766,2.9045760138290397,0.19008547976015666,1,3,0.7874981164932251,-1.3029678922942658,1.8284929434405726,-1.9339491329588832,-1.5312417189227503,-0.21473580995668584,0.00016285513993352652,-0.05271647870540619,-0.026216771453619003,-0.0003502011823002249,0.0,-0.0,1789029197.8365293
5804.445,-0.2830146595678604,-0.4760751091955454,0.2649874190727819,0.8555336433601152,2.9095847994456756,0.17806176741910168,1,3,0.7874622344970703,-1.3041947645,1.8204782644854944,-1.9339376888670863,-1.5312569777118128,-0.21473962465395147,-0.0006623031804338098,0.001058050780557096,-0.15358982980251312,-0.00011651890235953033,0.0,-0.0,1789029197.9365551
5804.545,-0.28799003343306395,-0.48106877098468803,0.27495558045755775,0.858483153279108,2.9220154065560227,0.1476097209802925,1,3,0.7874658107757568,-1.3041947645,1.7971957365619105,-1.9338938198485316,-1.531250301991598,-0.21475154558290654,-0.0001897604379337281,8.47147821332328e-05,-0.30060145258903503,3.8531492464244366e-05,0.0,-0.0,1789029198.0365362
5804.6449999999995,-0.29507879273758164,-0.4881436654481496,0.2899822382145792,0.8628365597918536,2.939799800245277,0.1021758186018024,1,3,0.7874143123626709,-1.3041552764228364,1.7627318541156214,-1.9338137112059535,-1.5312193075763147,-0.21471673647035772,0.000137135197292082,0.000124339057947509,-0.38762348890304565,9.275657794205472e-05,0.0,-0.0,1789029198.136653
5804.745,-0.3030896847922525,-0.49618746868831415,0.3083186879651777,0.8675754261054055,2.960297200214041,0.04744300604149966,1,3,0.7874298095703125,-1.3038607996753235,1.7213557402240198,-1.933669229547018,-1.531262222920553,-0.21473962465395147,0.0,0.004123071674257517,-0.43668776750564575,0.0013793474063277245,0.0,-0.0,1789029198.2366428
5804.844999999999,-0.3115290554610384,-0.504697902772249,0.3279101842384717,0.8722279512058138,2.9808426461365887,-0.010777020382581713,1,3,0.7874850034713745,-1.3014677327922364,1.6755693594561976,-1.9332710705199183,-1.5313103834735315,-0.21473580995668584,0.0001788539666449651,0.05903991684317589,-0.469870388507843,0.0007884118822403252,-0.0001888624974526465,-0.0,1789029198.3365889
5804.945,-0.320471281344042,-0.5136669429835783,0.34269498428855794,0.8757393552790979,2.9963554844980376,-0.0572453201732363,1,3,0.7874741554260254,-1.2903262835792084,1.629984203969137,-1.9327761135497035,-1.5313804785357874,-0.21473580995668584,0.00011647534847725183,0.1663023680448532,-0.43473756313323975,0.006847716867923737,-0.00023848058481235057,-0.0,1789029198.4365675
5805.045,-0.32992653242986725,-0.523106205441467,0.34938152366330905,0.8777070276032095,3.0049909022642662,-0.08444966553892182,1,3,0.7873783111572266,-1.2684058409980317,1.5882886091815394,-1.9326888523497523,-1.5313342253314417,-0.21476680437196904,-0.00131250882986933,0.25170111656188965,-0.3902943730354309,0.0005266114021651447,-7.43374548619613e-05,-0.0,1789029198.5368516
5805.1449999999995,-0.33876636580678876,-0.5318871703696303,0.34952818608028713,0.878627171981356,3.008268420841959,-0.0951126580732448,1,3,0.7872346639633179,-1.2417623859694977,1.5539515654193323,-1.9326888523497523,-1.531295124684469,-0.21473580995668584,-0.001331231091171503,0.2782880663871765,-0.2916402816772461,5.777386832050979e-05,-7.090570229483574e-43,-0.0,1789029198.6366093
5805.245,-0.3460956605887286,-0.5391320865357916,0.34425100844075907,0.8785171956596851,3.0070714237206704,-0.09109584954034085,1,3,0.7870835661888123,-1.2145243150046845,1.5296018759356897,-1.9327241382994593,-1.5313223044024866,-0.21473580995668584,-0.001686283852905035,0.277258962392807,-0.21877627074718475,1.1686641238073392e-12,-0.0,-0.0,1789029198.7366822
5805.344999999999,-0.3529526686553948,-0.5448059749023579,0.3366254772125938,0.8797782779324712,3.0032589776457317,-0.08056707641116627,1,3,0.7857104539871216,-1.1884583097747345,1.511118237172262,-1.9327136478819789,-1.5312984625445765,-0.21473580995668584,-0.029517143964767456,0.22994282841682434,-0.16011272370815277,3.0127580420239444e-33,-0.0,-0.0,1789029198.836605
5805.445,-0.36070200879318476,-0.5470561140557226,0.3312887724029694,0.888451915193553,2.998648277916013,-0.07395593735458875,1,3,0.7796257138252258,-1.1698056322387238,1.4973200003253382,-1.9327613315977992,-1.5313051382647913,-0.21471673647035772,-0.09280553460121155,0.14191262423992157,-0.10617174953222275,0.0,-0.0,-0.0,1789029198.936658
5805.545,-0.36776762654562123,-0.5458253391857799,0.32744567549256043,0.9015807275603638,2.9928125269074264,-0.06780897686253386,1,3,0.7705528736114502,-1.159649745827057,1.4916546980487269,-1.9327250919737757,-1.5313103834735315,-0.21473580995668584,-0.08206342160701752,0.07496479153633118,-0.006655760109424591,0.0,-0.0,-0.0,1789029199.0365942
5805.6449999999995,-0.37256638825221594,-0.5441978084909856,0.32198166285442287,0.9111696994370968,2.9859529307801247,-0.05625664648218932,1,3,0.7635607123374939,-1.1511603158763428,1.491627041493551,-1.9326974354186,-1.5312984625445765,-0.21471673647035772,-0.05227218195796013,0.09337294846773148,3.6697458405399175e-09,0.0,1.0202216665752814e-21,-0.0,1789029199.1366925
5805.745,-0.37543318364717765,-0.5438712808596647,0.3162604693333394,0.9152862207219441,2.980438737589753,-0.04418956229455654,1,3,0.7601280212402344,-1.1423070889762421,1.491627041493551,-1.9326974354186,-1.5313203970538538,-0.21473580995668584,-0.023576902225613594,0.07934717833995819,-0.0,0.0,0.0,-0.0,1789029199.2365801
5805.844999999999,-0.3770309434978005,-0.5443970044001333,0.3103831206806962,0.9159096829605593,2.9757667666229186,-0.03191022262352746,1,3,0.7590071558952332,-1.1332311195186158,1.491638485585348,-1.9327522716917933,-1.5313051382647913,-0.21473962465395147,-0.0007782600005157292,0.09855858981609344,-0.0,0.0,0.0,-0.0,1789029199.336598
5805.945,-0.3780964218835994,-0.5453950065926652,0.3038494567516725,0.9147480930722155,2.9710487416367193,-0.01824612495522862,1,3,0.7589806914329529,-1.1231561464122315,1.491627041493551,-1.932748933831686,-1.531283203755514,-0.21475154558290654,-1.8936716514872387e-05,0.09180428087711334,-0.0,0.0,0.0,-0.0,1789029199.4365764
5806.045,-0.3794517931422911,-0.5458551037186814,0.2983182940182884,0.9151103968126978,2.9666352679663657,-0.006720417518384254,1,3,0.7580563426017761,-1.114652232532837,1.491627041493551,-1.9327408275999964,-1.5313051382647913,-0.21475488344301397,-0.017431436106562614,0.08313222229480743,-4.998558506486006e-05,0.0,0.0,-0.0,1789029199.5367465
5806.1449999999995,-0.38139745000760483,-0.5454626983162447,0.2944033108103248,0.9181291859544259,2.9626021212689224,0.0013105871350190927,1,3,0.7555587291717529,-1.1086330872825165,1.4916155974017542,-1.9327408275999964,-1.5312865416156214,-0.21472388902773076,-0.024335816502571106,0.04404629021883011,-0.0,0.0,0.0,-0.0,1789029199.6367266
5806.245,-0.3827779658085604,-0.5449739706411935,0.29239759195470866,0.920696378070629,2.9602286350436757,0.00539820289593786,1,3,0.7535613775253296,-1.10556052744899,1.4916237036334437,-1.9327522716917933,-1.5313018004046839,-0.21473580995668584,-0.022817587479948997,0.010553518310189247,-3.328504904695235e-15,0.0,0.0,-0.0,1789029199.736684
5806.344999999999,-0.3852270945418627,-0.5432930420099276,0.2921902280771026,0.927205794789031,2.957994204574553,0.005681478545407333,1,3,0.74910968542099,-1.1052453082850953,1.49162465730776,-1.932737489739889,-1.5312779585467737,-0.21475488344301397,-0.06728775799274445,0.00024488309281878173,-0.0,0.0,8.96185298835522e-36,-0.0,1789029199.8366818
5806.445,-0.3886250683217104,-0.5410692593637448,0.2912589856678599,0.9359766865748218,2.9544700191250284,0.007478341101316527,1,3,0.743071436882019,-1.1038479965976258,1.491659943257467,-1.9327012501158656,-1.5313018004046839,-0.21473580995668584,-0.047667305916547775,0.0295668076723814,-0.0,-0.0,0.0,-0.0,1789029199.9367356
5806.545,-0.3909401248917869,-0.5403118572212499,0.28731747920339634,0.9399996869803535,2.9499784799656545,0.015458763943827416,1,3,0.7398126721382141,-1.0978297156146546,1.4916909376727503,-1.9327098331847132,-1.5312898794757288,-0.21473962465395147,-0.015357737429440022,0.08206567913293839,4.027546372987632e-17,-0.0,0.0,-0.0,1789029200.03678
5806.6449999999995,-0.39210408744681935,-0.5410001088908406,0.2805533346304038,0.9392944523007603,2.944694187021846,0.02922764569795125,1,3,0.7393810749053955,-1.0874613684466858,1.4916680494891565,-1.9327441654601039,-1.5312898794757288,-0.21473580995668584,-0.00021141761681064963,0.11708435416221619,-3.657612661543454e-36,-0.0,0.0,-0.0,1789029200.136861
5806.745,-0.39293869543513626,-0.5416938946281321,0.2744021615219907,0.9381926376515948,2.939969149245075,0.04173491871743673,1,3,0.739296019077301,-1.0780782860568543,1.4916837851153772,-1.9327522716917933,-1.5312846342669886,-0.21472388902773076,-0.0016806137282401323,0.07173626869916916,-0.0,-0.0,0.0,-0.0,1789029200.236696
5806.844999999999,-0.39345573933223427,-0.5420924755985893,0.2705985601179474,0.9375517433620689,2.9369749118538606,0.04938950661555432,1,3,0.7392012476921082,-1.0722757142833252,1.4916837851153772,-1.9327646694579066,-1.5312350432025355,-0.21472007433046514,-0.0012168887769803405,0.04160573333501816,5.2850380598101765e-05,-0.0,0.0,-0.0,1789029200.336542
5806.945,-0.3937769408034706,-0.5422434996299963,0.2685424572650455,0.9373121906929053,2.9353257253762477,0.05359351373563202,1,3,0.7390406727790833,-1.0691747826388855,1.4917257467852991,-1.9327408275999964,-1.5312469641314905,-0.21475488344301397,-0.0039582340978085995,0.03566182404756546,-0.0,-0.0,0.0,-0.0,1789029200.436591
5807.045,-0.3943152848506335,-0.5423428779635955,0.2660059953009074,0.9374602191418305,2.9331753017154885,0.05872071045423421,1,3,0.7386016249656677,-1.0653076332858582,1.4917190710650843,-1.932737489739889,-1.5312779585467737,-0.21473962465395147,-0.005201960448175669,0.04620545357465744,0.00016738897829782218,-0.0,0.0,-0.0,1789029200.5367992
5807.1449999999995,-0.3948449243765509,-0.5426763923254289,0.2621146081252033,0.9369028224238819,2.930069070562565,0.066572006166542,1,3,0.738429069519043,-1.0593978327563782,1.491734806691305,-1.9327250919737757,-1.5312779585467737,-0.21473962465395147,-0.0003062710165977478,0.061710555106401443,8.154415263561532e-05,-0.0,0.0,-0.0,1789029200.6366148
5807.245,-0.3951991326139263,-0.5430725337515507,0.2585615626737743,0.9360531415286306,2.92738082604023,0.07366051583100862,1,3,0.7385094165802002,-1.0539750021747132,1.4917157332049769,-1.9327761135497035,-1.5312932173358362,-0.21473962465395147,0.0007016837480477989,0.04297126457095146,5.130736369096667e-08,-0.0,0.0,-0.0,1789029200.7365525
5807.344999999999,-0.3952830696481832,-0.5431364670301355,0.2578476324655234,0.9359777276908485,2.926799188825177,0.07508659412781317,1,3,0.7384939193725586,-1.0528914493373414,1.4917190710650843,-1.9327813587584437,-1.5312898794757288,-0.21470433870424444,0.00013339532597456127,-8.699967293068767e-05,-3.503241896396503e-05,-0.0,0.0,-0.0,1789029200.8365483
5807.445,-0.3952768648701302,-0.5431441686292034,0.2578579192506227,0.935978647343878,2.9268279783906217,0.07503049702436441,1,3,0.7385094165802002,-1.0529022377780457,1.4917190710650843,-1.9328161678709925,-1.5312932173358362,-0.21469289461244756,2.521240276109893e-05,0.0,-0.0,-1.7556152670294978e-05,0.0,-0.0,1789029200.9365363
5807.545,-0.39529494743321475,-0.5431356223626388,0.257885574963643,0.9359654399751429,2.9268710398613047,0.07494064239170223,0,4,0.7384818196296692,-1.0529309076121827,1.49170428911318,-1.9328400097289027,-1.5312965551959437,-0.21473580995668584,0.0,-0.0007102619274519384,-0.0,-5.425531818065431e-18,0.0,-0.0,1789029201.0365694
5807.6449999999995,-0.3952754718376147,-0.5431470701024873,0.25790060647332014,0.9359255983241113,2.926884633365621,0.07484240904511548,0,4,0.7385094165802002,-1.0529596966556092,1.4917224089251917,-1.9328843555846156,-1.531262222920553,-0.21473580995668584,0.0002385176921961829,-0.0036577736027538776,-0.0,-0.0006865927134640515,0.0,-0.0,1789029201.136567
5807.745,-0.39527853084501813,-0.5431616394211799,0.2582952498354859,0.9360248671391171,2.9273900617246187,0.07347781409697725,0,4,0.7385178804397583,-1.0534655016711731,1.4916804472552698,-1.9333511791624964,-1.5312297979937952,-0.21474773088564092,4.215093213133514e-05,-0.016623856499791145,-4.229959544410893e-41,-0.007349214982241392,4.909661583951674e-06,-0.0,1789029201.236658
5807.844999999999,-0.39500347053545787,-0.5429341849429108,0.2628638212868644,0.9372670522102722,2.9320975594555447,0.061205697295544856,0,4,0.738541841506958,-1.060027377014496,1.4916752020465296,-1.9360462627806605,-1.5311906973468226,-0.21472007433046514,0.000264146103290841,-0.12102653086185455,-9.144148498307914e-05,-0.060620762407779694,0.00012663888628594577,-0.0,1789029201.3365593
5807.945,-0.3942447257867769,-0.5422559594784572,0.27304560704461367,0.939826540652008,2.94215148267327,0.03484038117134028,0,4,0.7385693788528442,-1.0747857254794617,1.4916680494891565,-1.9411469898619593,-1.5312145392047327,-0.21473962465395147,0.0003030615916941315,-0.15635693073272705,-5.283782632780741e-19,-0.020448438823223114,8.673303448297959e-16,-0.0,1789029201.436555
5808.045,-0.3928940027522007,-0.5412683223575055,0.2823610919224464,0.9413116514129027,2.9493602769052476,0.015743974485595,0,4,0.7388571500778198,-1.0889884692481537,1.4916961828814905,-1.9412867031493128,-1.5312264601336878,-0.21472007433046514,0.003197369398549199,-0.11417853832244873,-0.0,-0.00010673166980268434,0.0,-0.0,1789029201.5367405
5808.1449999999995,-0.39204952390216413,-0.5405541063549727,0.2882451031662566,0.9423354866194904,2.9537867690788056,0.0037526803550838187,0,4,0.7389302849769592,-1.0979616206935425,1.4916608969317835,-1.941235681573385,-1.5312450567828577,-0.21473962465395147,0.000222753660636954,-0.06344165652990341,-0.0,-3.357992852670577e-07,0.0,-0.0,1789029201.636721
5808.245,-0.3917531260811112,-0.5403386256337276,0.289957267366283,0.942607772576333,2.9550790652907653,0.00019156479672837335,0,4,0.7389925718307495,-1.1006387633136292,1.4917576948748987,-1.9413019619383753,-1.5312331358539026,-0.21472007433046514,8.679113670950755e-05,-0.0023591865319758654,-0.0,-0.0,0.0,-0.0,1789029201.7365723
5808.344999999999,-0.39171719569856256,-0.5402098187040165,0.2905651079903779,0.9428567194671329,2.955486242386026,-0.0010598900644415174,0,4,0.7388847470283508,-1.101589099769928,1.4917882124530237,-1.941310545007223,-1.5312331358539026,-0.21473962465395147,-0.0005179464933462441,-0.033535342663526535,0.0018622485222294927,-0.0,0.0,-0.0,1789029201.8366132
5808.445,-0.39097669166957777,-0.5394809870676882,0.2955595368300309,0.9439528522011917,2.9591500821629593,-0.011280013538565843,0,4,0.7388368248939514,-1.1093402963927765,1.4919355551349085,-1.941326757470602,-1.531276051198141,-0.21470767656435186,-0.00014793066657148302,-0.1275760531425476,0.003520000958815217,-5.866945757069652e-15,0.0,-0.0,1789029201.9366078
5808.545,-0.38876059868395685,-0.5374143156148083,0.30561316981637654,0.9458228777410798,2.966101976572442,-0.031045099652903127,0,4,0.7388008236885071,-1.1266679924777527,1.4945595900165003,-1.9412666759886683,-1.5312898794757288,-0.21472388902773076,-0.001530229696072638,-0.21384641528129578,0.06697401404380798,-4.6470020720335015e-08,0.0,-0.0,1789029202.0366611
5808.6449999999995,-0.3846403822289538,-0.5335767841546343,0.31520796264036194,0.9474399460836922,2.9717371319129766,-0.04734115355033006,0,4,0.7387372255325317,-1.148734764461853,1.5045397917376917,-1.9412270985045375,-1.531356159840719,-0.21472388902773076,0.0,-0.22418464720249176,0.1286677122116089,-0.0,-0.0004204030556138605,-0.0,1789029202.1367025
5808.745,-0.379669337305268,-0.5291975753285725,0.32203573614238956,0.9480403126267892,2.975070423712848,-0.05656955732155086,0,4,0.7389531135559082,-1.1697906416705628,1.5186904112445276,-1.9411708317198695,-1.5314868132220667,-0.21471149126161748,0.004259663634002209,-0.19008737802505493,0.1550818830728531,0.00017528689932078123,-0.0010724479798227549,-0.0,1789029202.236767
5808.844999999999,-0.37432143005162555,-0.524208132476103,0.32362231494593025,0.9479461210445311,2.973833893746251,-0.05314001792952015,0,4,0.7388414740562439,-1.1869341892055054,1.5384090582477015,-1.941218992272848,-1.5315139929400843,-0.21472388902773076,-0.0014861831441521645,-0.16529196500778198,0.24791419506072998,8.677381265442818e-05,-0.0001306966587435454,-0.0,1789029202.3366764
5808.945,-0.3677793781510824,-0.5179832969289181,0.3213677261994298,0.9471948244989549,2.9687790424760623,-0.039120809463388084,0,4,0.738541841506958,-1.20367385566745,1.565535847340719,-1.941230913201803,-1.5314815680133265,-0.21472388902773076,-0.0023680152371525764,-0.17541801929473877,0.30556780099868774,-2.982853948196862e-05,-7.701545655436348e-06,-0.0,1789029202.4366553
5809.045,-0.3596777808014544,-0.5104534488020757,0.31887477923872504,0.9460532414445235,2.963000609809284,-0.023068662598394244,0,4,0.7383774518966675,-1.2242821615985413,1.5980718771563929,-1.9412509403624476,-1.5314696470843714,-0.21472007433046514,-0.0002985741593874991,-0.23036248981952667,0.34544655680656433,2.733645402837245e-29,-0.0,-0.0,1789029202.536788
5809.1449999999995,-0.3510791674566903,-0.5013823982798096,0.3173793935886128,0.9470085140443008,2.957061548785328,-0.008733884725841672,0,4,0.7368559837341309,-1.2492412787726899,1.6337874571429651,-1.9412857494749964,-1.5314386526690882,-0.21473962465395147,-0.042264387011528015,-0.2872757017612457,0.36865830421447754,0.0,-0.0,-0.0,1789029202.636724
5809.245,-0.3450507333318956,-0.4894830236103685,0.3189934186827593,0.9584496693457171,2.950696763822238,-0.0022536801250798108,0,4,0.7287329435348511,-1.2795814138701935,1.6690600554095667,-1.9411841831602992,-1.531457249318258,-0.21473962465395147,-0.11863264441490173,-0.308044970035553,0.3436551094055176,-1.0724958883656655e-05,-8.64414280885562e-34,-0.0,1789029202.7366564
5809.344999999999,-0.3427613654430949,-0.47616250053624887,0.320684096634277,0.9797324515516008,2.941789477778446,0.0020597838357850214,0,4,0.7140558958053589,-1.3079815965941926,1.7009666601764124,-1.9411207638182582,-1.5315192381488245,-0.21470433870424444,-0.18056391179561615,-0.25158992409706116,0.29535648226737976,0.0008720032055862248,-0.0,-0.0,1789029202.8365688
5809.445,-0.3449439406636587,-0.46241407142991653,0.3200833707658949,1.0097288008304441,2.928183311474587,0.009355366672725891,0,4,0.6930403113365173,-1.3286882650903244,1.7277939955340784,-1.9411670170226039,-1.5314815680133265,-0.21471673647035772,-0.23377776145935059,-0.16748356819152832,0.24302560091018677,0.00011724937212420627,-0.0,-0.0,1789029202.9365766
5809.545,-0.3512920298056326,-0.44912750720009026,0.3181847037173258,1.0461646967171614,2.9113758213443877,0.01741829840002962,0,4,0.6673529744148254,-1.3411151480725785,1.747080151234762,-1.9411856136717738,-1.5314987341510218,-0.21473962465395147,-0.2787189185619354,-0.09409473836421967,0.15826989710330963,1.5766256345716775e-20,-0.0,-0.0,1789029203.0366502
5809.6449999999995,-0.359673077124447,-0.43632722319505685,0.3155840869078957,1.085113361936438,2.892651592781395,0.025720654947892083,0,4,0.639685332775116,-1.3483406615308304,1.7615254561053675,-1.9411822758116664,-1.5314934889422815,-0.21472388902773076,-0.26730266213417053,-0.04372560977935791,0.1162893995642662,0.0,-0.0,-0.0,1789029203.1366053
5809.745,-0.36773262814536356,-0.4271584483988787,0.31350021030739683,1.1161768184956309,2.8776729790628224,0.031105695838733682,0,4,0.6175096035003662,-1.3497621578029175,1.767824951802389,-1.9411703548827113,-1.531508747731344,-0.21473580995668584,-0.15832588076591492,-1.9703377447178388e-40,0.027229275554418564,0.0,-0.0,-0.0,1789029203.236591
5809.844999999999,-0.37131532943920126,-0.42355265369018735,0.31289122626711097,1.1290625876986253,2.8716914902500825,0.03240944330435832,0,4,0.6083425283432007,-1.3498255771449585,1.7692464033709925,-1.941178937951559,-1.5314748922931116,-0.21473962465395147,-0.029426945373415947,-0.0020124209113419056,0.004082780797034502,0.0,-0.0,-0.0,1789029203.33676
5809.945,-0.3712658139901054,-0.42340355072174923,0.31327418428726395,1.1294564046067719,2.871956386997515,0.031537360235742565,0,4,0.6081723570823669,-1.3506189447692414,1.7693584601031702,-1.941178937951559,-1.5314815680133265,-0.21472388902773076,0.0004828677629120648,-0.007152264472097158,0.00033202103804796934,0.0,-0.0,-0.0,1789029203.4367335
5810.045,-0.37063113294858097,-0.4238428292091656,0.31343169902954127,1.1276237980834871,2.8728504317004258,0.031346785852947694,0,4,0.6095020174980164,-1.3509982538274308,1.7694538275348108,-1.941110750237936,-1.5315139929400843,-0.21470767656435186,0.026385070756077766,0.0006583714857697487,0.004889847245067358,0.001416507875546813,-3.8790648204667377e-07,-0.0,1789029203.536709
5810.1449999999995,-0.36741519592005567,-0.42548261112203756,0.31191354421000117,1.118615270459717,2.8744096020472165,0.036048190724256496,0,4,0.6153574585914612,-1.3510054063848038,1.7727916876422327,-1.9410115681090296,-1.5315893332110804,-0.21472007433046514,0.08014557510614395,9.981881885323673e-05,0.07094632834196091,0.0002469588944222778,-0.0001868939580162987,-0.0,1789029203.6367223
5810.245,-0.3600096979396456,-0.427161469555296,0.3058129055042847,1.1012630023459056,2.8730134636974896,0.05382215424095093,0,4,0.6257855296134949,-1.351002962594368,1.7863219420062464,-1.9410201511778773,-1.531597916279928,-0.21472007433046514,0.12746316194534302,-9.259538233868781e-23,0.21174933016300201,9.234056051354855e-05,-0.00020413899619597942,-0.0,1789029203.7366529
5810.344999999999,-0.34934813876843707,-0.42650136108002545,0.29407076077174016,1.0812957145353843,2.864530610973978,0.08794242824856043,0,4,0.6364614963531494,-1.3514925104430695,1.8132999579059046,-1.9411221943297328,-1.5315244833575647,-0.21472388902773076,0.05438274145126343,-0.01612638123333454,0.3173125684261322,-0.0002643739280756563,0.00033716275356709957,-0.0,1789029203.8365645
5810.445,-0.34049138137321455,-0.4200042679762591,0.2796425729136536,1.0751060126701066,2.845660997887991,0.13028144719598964,0,4,0.6365129351615906,-1.3543560367873688,1.8498113791095179,-1.9411846599974574,-1.5314696470843714,-0.21472007433046514,-0.016819316893815994,-0.033214520663022995,0.3888346552848816,-0.0006717796204611659,0.00012132907431805506,-0.0,1789029203.9366438
5810.545,-0.3315785002199832,-0.41324247827319,0.26561418942689524,1.0692304410569975,2.826230375771995,0.17178690015470388,0,4,0.6362159252166748,-1.3568259191564103,1.8856914679156702,-1.9412628612914027,-1.5314300696002405,-0.2147277037249964,-0.0019415823044255376,-0.012812708504498005,0.3190211057662964,-0.0003332982596475631,8.799260831438005e-05,-0.0,1789029204.0366483
5810.6449999999995,-0.32692827330749746,-0.40879369379676844,0.25725654242488716,1.067618121446964,2.8133876655322227,0.1963861514632931,0,4,0.6345807909965515,-1.3573966485312958,1.9063575903521937,-1.9412714443602503,-1.5313733259784144,-0.21472007433046514,-0.04980698972940445,-4.010929842479527e-05,0.09563816338777542,-0.00015215536404866725,0.0006347825401462615,-0.0,1789029204.1367188
5810.745,-0.33079761037482414,-0.4049677549807768,0.2565093815530045,1.0819211850354467,2.8060369970496675,0.19755233281681106,0,4,0.6239542961120605,-1.3573606473258515,1.9081099669085901,-1.9412509403624476,-1.5313823858844202,-0.21475154558290654,-0.16244444251060486,4.620011895895004e-05,-0.0008687700028531253,-3.122085036011413e-05,0.0001077616834663786,-0.0,1789029204.2366374
5810.844999999999,-0.33935246949723036,-0.3978559253821648,0.25628278092149914,1.1111480598291819,2.792955748559702,0.1961463404969556,0,4,0.6027074456214905,-1.356934742336609,1.908116642628805,-1.9411465130248011,-1.5314696470843714,-0.21472388902773076,-0.244968980550766,0.00538064818829298,-4.264433300704695e-05,0.0005880747921764851,1.525968899988474e-20,-0.0,1789029204.3366938
5810.945,-0.346808935051731,-0.3916690260922111,0.2547679554759305,1.1356770758560712,2.779787761941652,0.1981728908042228,0,4,0.5843154788017273,-1.3540126544288178,1.9081724325763147,-1.9409600696959437,-1.5315564314471644,-0.21473962465395147,-0.09680935740470886,0.04905165359377861,-7.100821531247012e-14,0.0005681628244929016,-0.0005853184266015887,-0.0,1789029204.4367316
5811.045,-0.34784201007481724,-0.3916744048744042,0.2507728867962232,1.1354845121326604,2.7743127015460893,0.2076109493867791,0,4,0.583197832107544,-1.3461064857295533,1.9081619421588343,-1.9409519634642542,-1.5315893332110804,-0.21472388902773076,0.016317587345838547,0.08463258296251297,-0.0,0.0001842846832005307,-0.00013874706928618252,-0.0,1789029204.5368924
5811.1449999999995,-0.348375029719051,-0.3921035498459349,0.24668144218367685,1.1335218900572743,2.7694631336459477,0.2173290773158624,0,4,0.5833189487457275,-1.3380207878402253,1.9081528822528284,-1.9409519634642542,-1.5315926710711878,-0.21472388902773076,-2.3335163859883323e-05,0.08413765579462051,-0.0,6.490801024483517e-05,-5.458857413032092e-05,-0.0,1789029204.636749
5811.245,-0.34882239958413996,-0.39257467205703894,0.24252069451944094,1.1312789956739706,2.76461142608382,0.22718168457269672,0,4,0.5836003422737122,-1.3298166257194062,1.9081528822528284,-1.9409519634642542,-1.5315893332110804,-0.21473962465395147,0.005586215294897556,0.08119060099124908,-0.0,4.2031204749236796e-39,-0.0,-0.0,1789029204.7366054
5811.344999999999,-0.34928645017017423,-0.39293025466294756,0.2386632354874566,1.1294956253284347,2.759923543514447,0.23621582307582828,0,4,0.5836648941040039,-1.3222180020860215,1.9081514517413538,-1.9409553013243617,-1.5315411726581019,-0.21472388902773076,-0.00019787320343311876,0.06983064115047455,0.00027577366563491523,0.0,-0.0,-0.0,1789029204.8365772
5811.445,-0.3496571955801564,-0.39319351056324603,0.23541016125087016,1.12798150810552,2.7559749884368028,0.24388943607412816,0,4,0.5836924314498901,-1.3158488136580964,1.908184830342428,-1.940927644769186,-1.5315564314471644,-0.21473962465395147,0.00040567805990576744,0.05526173487305641,0.00010452149581396952,0.0,-0.0,-0.0,1789029204.9365964
5811.545,-0.34988813071953895,-0.3933680208062577,0.23332368720422086,1.1270298721819374,2.753428824751059,0.24878254152952373,0,4,0.583724856376648,-1.3117462259582062,1.9081814924823206,-1.9409157238402308,-1.5315564314471644,-0.21472007433046514,0.0002179985895054415,0.034478574991226196,3.622089082000457e-07,3.2887744083609505e-08,-0.0,-0.0,1789029205.0365381
5811.6449999999995,-0.3498269626686762,-0.39353837392884294,0.23261135338951922,1.1262130767035405,2.752786721884723,0.250518796912295,0,4,0.5840722322463989,-1.310361163025238,1.9081972281085413,-1.94089998821401,-1.5315716902362269,-0.21473962465395147,0.005161433946341276,0.001183584681712091,-0.0,5.195272387936711e-05,-0.0,-0.0,1789029205.136636
5811.745,-0.3495783915234332,-0.39375772899732053,0.23259984368238795,1.125367609471952,2.753144860405652,0.25057377644181633,0,4,0.584693968296051,-1.3103478413871308,1.908212963734762,-1.9409190617003382,-1.531534496937887,-0.21473962465395147,0.007496257778257132,0.0015962269390001893,-0.0,0.0,-0.0,-0.0,1789029205.236655
5811.844999999999,-0.34951197573894954,-0.3938274222906732,0.23253141141137212,1.1251473607935107,2.753132422277927,0.2507835091411841,0,4,0.5848784446716309,-1.310212568645813,1.9082062880145472,-1.9408885441222132,-1.5315259138690394,-0.21469289461244756,0.0003377009998075664,0.0006659887148998678,-0.0,0.00010916191240539774,-0.0,-0.0,1789029205.3366897
5811.945,-0.3494866052418464,-0.39385831589745535,0.2323735199139168,1.124892496733442,2.7530265428029717,0.2512085829980696,0,4,0.5849623084068298,-1.3099289697459717,1.9082368055926722,-1.940871377984518,-1.5315564314471644,-0.2147429625140589,0.001999372150748968,0.00765720522031188,2.1457909072344283e-19,0.00024481257423758507,-0.0,-0.0,1789029205.4365542
5812.045,-0.3493439463355415,-0.3940151632039495,0.23208685125285874,1.1242020552258742,2.7529024771527033,0.25199541871693953,0,4,0.5853742957115173,-1.3093902629664917,1.908257309590475,-1.9408136806883753,-1.5315597693072718,-0.21473962465395147,0.003038159105926752,0.0031491632107645273,7.017036841716617e-05,0.00019387279462534934,-0.0,-0.0,1789029205.5367537
5812.1449999999995,-0.34928533643111587,-0.39410929455632976,0.23197459002952753,1.123904816147822,2.752901800098346,0.2522816868489499,0,4,0.585593581199646,-1.3091352742961426,1.9082139174090784,-1.9408170185484828,-1.5315683523761194,-0.21470767656435186,0.006788813043385744,0.0022948153782635927,5.59452673769556e-05,0.00014095586084295064,-0.0,-0.0,1789029205.6367242
5812.245,-0.348831773399481,-0.3944968388212486,0.23193863177789895,1.1223495066176974,2.75356148902919,0.25251104912700895,0,4,0.5867196321487427,-1.3090956968120118,1.908253018056051,-1.9408136806883753,-1.5315616766559046,-0.21472007433046514,0.019266432151198387,0.00013654369104187936,-0.0,6.114832649473101e-05,-0.0,-0.0,1789029205.7366602
5812.344999999999,-0.34814359252573024,-0.395111459376226,0.23186548035921464,1.1199415443748415,2.7545784340861483,0.252916122284476,0,4,0.5884756445884705,-1.3089593213847657,1.9082606474505823,-1.9408046207823695,-1.5315683523761194,-0.21472388902773076,0.02326509729027748,0.005229189991950989,-0.0,5.074766706492932e-18,-0.0,-0.0,1789029205.8366785
5812.445,-0.346921086853383,-0.3962430584113813,0.23151555147377595,1.1154669729624465,2.756149378208883,0.25416198154114716,0,4,0.5916609168052673,-1.308273271923401,1.908257309590475,-1.940777441064352,-1.5315774122821253,-0.21473580995668584,0.04738429933786392,0.008936428464949131,-3.117386337591114e-35,7.414192805299535e-05,-0.0,-0.0,1789029205.9366117
5812.545,-0.3452173143668045,-0.3978674227424456,0.23064929291997838,1.108991361971864,2.757887634071337,0.25671841849758636,0,4,0.5961709022521973,-1.3065891128829499,1.908281151448385,-1.9407841167845667,-1.5315445105182093,-0.21473580995668584,0.036928098648786545,0.02336222492158413,0.0006381847779266536,9.754991333466023e-05,-0.0,-0.0,1789029206.0365312
5812.6449999999995,-0.34462951905202877,-0.39852007948948187,0.22972721081926123,1.1062683880049762,2.757818449194803,0.2591276651750906,0,4,0.5978802442550659,-1.3047945362380524,1.9082968870746058,-1.9407569370665492,-1.531553093587057,-0.21473962465395147,0.0006575904553756118,0.012523234821856022,0.00011794776219176129,9.353624773211777e-05,-0.0,-0.0,1789029206.1366534
5812.745,-0.34467264334256165,-0.3985453760498625,0.2293884994944679,1.1061331780780796,2.757425049748692,0.2599011435728322,0,4,0.5978753566741943,-1.304122970705368,1.9082935492144983,-1.9407841167845667,-1.531565014516012,-0.21473962465395147,-0.00016916303138714284,0.0032771448604762554,6.441622826969251e-05,4.955508342652942e-25,-0.0,-0.0,1789029206.2366703
5812.844999999999,-0.3446846444433452,-0.3985556643960823,0.2291109392158292,1.1059892116165804,2.7570463804691263,0.2605934056780768,0,4,0.5978753566741943,-1.3036130529693146,1.9083297888385218,-1.9407364330687464,-1.5315497557269495,-0.2147467772113245,-7.106956036295742e-05,0.008826318196952343,0.0004362118779681623,0.0003096808504778892,-0.0,-0.0,1789029206.3367202
5812.945,-0.34471164123111947,-0.39850168289427734,0.22873224124460698,1.1059753325858181,2.7564135914819,0.26165417020131265,0,4,0.5977593064308167,-1.3029976350120087,1.9084680716144007,-1.9405957661070765,-1.5315597693072718,-0.2147277037249964,-0.0009822600986808538,0.007656543515622616,0.002677320037037134,0.011133378371596336,-0.0,-0.0,1789029206.4367192
5813.045,-0.3445834101120291,-0.39836282177717813,0.2277165608654243,1.1055715454602961,2.7548511639494313,0.2644734392897186,0,4,0.5976717472076416,-1.3016153138927002,1.9092052618609827,-1.9403258762755335,-1.5315478483783167,-0.21472007433046514,-0.0002375766634941101,0.021382490172982216,0.009714143350720406,0.00048214042908512056,-0.0,-0.0,1789029206.5367799
5813.1449999999995,-0.34454519449922605,-0.3982524983163503,0.2262033534295012,1.1050672582687961,2.752742089177616,0.26822256228541086,0,4,0.5975279808044434,-1.2992329758456727,1.9099558035479944,-1.9402710400023402,-1.5315259138690394,-0.21470767656435186,-0.0009721061796881258,0.027299802750349045,0.008004381321370602,0.00024028768530115485,-0.0,-0.0,1789029206.636818
5813.245,-0.34454195069900306,-0.3982533667045291,0.2244323995647369,1.1042328358082323,2.7505019299238382,0.27249478146472766,0,4,0.5975316166877747,-1.29618393004451,1.910513703023092,-1.9402815304198207,-1.531534496937887,-0.21472388902773076,-4.237355824443512e-05,0.035812780261039734,0.0018333237385377288,0.00015907996566966176,-0.0,-0.0,1789029206.736714
5813.344999999999,-0.3447934760874625,-0.39837613933915805,0.22198920720726367,1.1032580246277164,2.7474553080717374,0.27819018268839873,0,4,0.5974537134170532,-1.2914328140071412,1.910579029713766,-1.9403006039061488,-1.5315597693072718,-0.21472388902773076,-0.00041628669714555144,0.05816527456045151,0.00034580641658976674,9.824560402194038e-05,-0.0,-0.0,1789029206.8364952
5813.445,-0.34516541377414894,-0.398648933288297,0.21752598965227082,1.1012309151129953,2.741879660128612,0.28858527112599425,0,4,0.5974730253219604,-1.2827360194972535,1.910654369984762,-1.9402576885619105,-1.531534496937887,-0.21472388902773076,-5.634851549984887e-05,0.11153361946344376,0.0006907886127009988,8.80971783772111e-05,2.083617460597757e-34,-0.0,1789029206.936659
5813.545,-0.34564397896278726,-0.3990014443616819,0.211778546300518,1.098647347665687,2.7347512836117804,0.30178442690239843,0,4,0.597504198551178,-1.2714460057071229,1.9106372038470667,-1.9403134785094203,-1.531522576008932,-0.21470767656435186,0.0,0.09245032072067261,5.058971873950213e-05,1.0046515853900928e-05,0.0,-0.0,1789029207.0366118
5813.6449999999995,-0.3460995623075279,-0.3989840096401282,0.2086379805616017,1.0979317312377446,2.7305036711489867,0.3089060199886863,0,4,0.5969697833061218,-1.265290455227234,1.9106372038470667,-1.940336366693014,-1.5315292517291468,-0.21472007433046514,-0.013788474723696709,0.032706160098314285,5.325592315575522e-29,0.0,0.0,-0.0,1789029207.1366935
5813.745,-0.34690065171540174,-0.39837916235568643,0.20779875929591976,1.1000003916719707,2.7282701892206926,0.3106021198958579,0,4,0.5951094627380371,-1.2636491817286988,1.9106338659869593,-1.9403020344176234,-1.5315411726581019,-0.21473580995668584,-0.02388077601790428,0.00403974624350667,0.00018681780784390867,0.0,1.7957508023975125e-28,-0.0,1789029207.2366924
5813.844999999999,-0.347861996803133,-0.39752650895654107,0.2077695486775154,1.103237086932575,2.726672032510729,0.3103072742140327,0,4,0.5926694869995117,-1.2636180979064484,1.9106701056109827,-1.9403087101378382,-1.5315292517291468,-0.2147310415851038,-0.02671642042696476,1.9885461369995028e-05,6.099372694734484e-05,3.923635700109488e-44,0.0,-0.0,1789029207.3367188
5813.945,-0.34856313887396084,-0.3969001911295476,0.20773736997436654,1.105575033799086,2.7254749063871633,0.31015832665330445,0,4,0.5908846855163574,-1.2635738414577027,1.9106887022601526,-1.9402724705138148,-1.5315259138690394,-0.21473914781679326,-0.008870657533407211,0.0007877300377003849,0.00047625816660001874,0.0,0.0,-0.0,1789029207.4366517
5814.045,-0.34870683177068273,-0.39654544905934813,0.20747821713087444,1.1064398804984714,2.7245631822512277,0.31083245567897944,0,4,0.5901503562927246,-1.263442115192749,1.9111846129046839,-1.9402338467040003,-1.5315259138690394,-0.21470767656435186,-0.00300704687833786,0.0005457199877128005,0.009000667370855808,0.000155712928972207,0.0,-0.0,1789029207.5367877
5814.1449999999995,-0.3481145626953821,-0.3960955811293422,0.20657589160226236,1.1059942111148504,2.7230212308784747,0.31354769875027644,0,4,0.5900653004646301,-1.2632469993880768,1.9132846037494105,-1.940197607079977,-1.5315411726581019,-0.21472007433046514,-0.00040153582813218236,0.002158635063096881,0.03624216467142105,0.00043424320756457746,0.0,-0.0,1789029207.6367257
5814.245,-0.3466625125810551,-0.39514282589259986,0.20435251624441048,1.1046142068888047,2.719362519485111,0.32021093884444457,0,4,0.5900976657867432,-1.2624928516200562,1.9181059042560022,-1.9400626621642054,-1.5315597693072718,-0.21472388902773076,-3.2941468816716224e-05,0.013962030410766602,0.04758617654442787,0.0010681451531127095,0.0,-0.0,1789029207.7366834
5814.344999999999,-0.3460603946573978,-0.39473086188833756,0.20285464494739897,1.103805564628831,2.717072709719629,0.32420928646068126,0,4,0.5900735855102539,-1.261155681019165,1.920279328023092,-1.940096994439596,-1.531522576008932,-0.21473914781679326,-2.2666708900942467e-05,0.001660829409956932,0.0010747576598078012,0.0001051148574333638,0.0,-0.0,1789029207.83677
5814.445,-0.3463443180144784,-0.3944781920429916,0.2028658384922971,1.1048013678125128,2.716600086377734,0.32405141852015173,0,4,0.5893442034721375,-1.2611832183650513,1.920288387929098,-1.9401055775084437,-1.5315020720111292,-0.21472055116762334,-0.025300653651356697,8.532287029083818e-05,0.0005868254229426384,1.2849905317580124e-07,0.0,-0.0,1789029207.9367552
5814.545,-0.3481878527769924,-0.3927914364241445,0.20279580403521896,1.1110740243053807,2.713417595982283,0.3235740625706774,0,4,0.5845646262168884,-1.2611388129046937,1.9204071203814905,-1.9400660000243128,-1.5315173308001917,-0.21472055116762334,-0.052297722548246384,0.0003059494192712009,0.00016949587734416127,0.0001834786671679467,8.908237656706728e-26,-0.0,1789029208.0366843
5814.6449999999995,-0.3495649387921759,-0.39156742660974475,0.2027741173227025,1.115628386988706,2.7111660081425977,0.323147327311489,0,4,0.5810619592666626,-1.2610923212817688,1.9203956762896937,-1.9400316677489222,-1.531553093587057,-0.214762036000387,-0.015140946954488754,0.00037628921563737094,7.054364687064663e-05,8.537209214409813e-05,0.0,-0.0,1789029208.1366827
5814.745,-0.34983179528852115,-0.39132576306271594,0.20276016270962766,1.1165942108570655,2.7106790914833216,0.32304141140358567,0,4,0.5803707838058472,-1.2610754531672974,1.9204147497760218,-1.9400574169554652,-1.5315325895892542,-0.21472055116762334,-0.0019107676343992352,0.00016144465189427137,1.401298464324817e-45,5.927492504093976e-43,0.0,-0.0,1789029208.2367053
5814.844999999999,-0.34983591057689206,-0.3913270920350226,0.20270290140703418,1.1165376488239023,2.71061098146345,0.32320230847637604,0,4,0.5803707838058472,-1.2609605354121705,1.9204075972186487,-1.9400330982603968,-1.5315445105182093,-0.21473914781679326,-1.6245356171395997e-09,0.0014499034732580185,0.0001157127262558788,0.00012532321852631867,0.0,-0.0,1789029208.3366716
5814.945,-0.3498370716629466,-0.39134043676976443,0.20245296990605854,1.11640891759143,2.710284001791885,0.32380082417239725,0,4,0.5803911089897156,-1.2604818803123017,1.9204233328448694,-1.940014978448385,-1.5315445105182093,-0.21472388902773076,0.0,0.006888699252158403,8.087926107691601e-05,0.0001227946486324072,0.0,-0.0,1789029208.4366882
5815.045,-0.3498696236894055,-0.39138135021827697,0.2018953998864807,1.1161070769187031,2.7095867472398973,0.3250811510841055,1,5,0.5804224014282227,-1.259361283188202,1.9203923384295862,-1.9400025806822718,-1.5315445105182093,-0.21472055116762334,0.0,0.009774603880941868,4.8928736451008586e-33,8.142009028233588e-05,0.0,-0.0,1789029208.5368085
5815.1449999999995,-0.3498986455958652,-0.3913983944848173,0.20140521991911065,1.1159258851508396,2.7089430327250374,0.3261640462807486,1,5,0.5804152488708496,-1.2584075194648285,1.9204147497760218,-1.9400330982603968,-1.5315292517291468,-0.21469289461244756,6.8152263562961e-26,0.01141529530286789,-0.0,1.6433820483538066e-22,0.0,-0.0,1789029208.63665
5815.245,-0.3499241948695795,-0.39142062397890864,0.200699939746412,1.1155099364768342,2.7080432765125666,0.3277959465088879,1,5,0.5804224014282227,-1.257049874668457,1.9204548040973108,-1.9400111637511195,-1.5315259138690394,-0.21473914781679326,2.266412957396824e-05,0.017553310841321945,-0.0,0.0,0.0,-0.0,1789029208.7367008
5815.344999999999,-0.3499913739257389,-0.3914807477182352,0.19964116736411072,1.1150071074533894,2.706733545304955,0.330177319127456,1,5,0.5804499983787537,-1.2549399894526978,1.9204309622394007,-1.9400540790953578,-1.5315411726581019,-0.21472055116762334,0.0,0.023139378055930138,-0.0,0.0,0.0,-0.0,1789029208.8365874
5815.445,-0.35007834766370627,-0.3915319850768166,0.19821873914443272,1.1143163161698615,2.704897647066399,0.33342318954913086,1,5,0.580437958240509,-1.2521391373923798,1.9204309622394007,-1.940038343469137,-1.5315411726581019,-0.21473914781679326,0.0,0.027658862993121147,-0.0,0.0,0.0,-0.0,1789029208.936682
5815.545,-0.35011175319766463,-0.39155538170714915,0.1978153557452258,1.1141456919742172,2.7043944394158212,0.3342450461345518,1,5,0.5804343223571777,-1.251328782444336,1.9204219023333948,-1.9401055775084437,-1.5315139929400843,-0.21473580995668584,0.0,2.5462687920597624e-14,-0.0,0.0,0.0,-0.0,1789029209.0366004
5815.6449999999995,-0.3501233820088902,-0.39156260825169564,0.19782613785208591,1.1141570128650147,2.7044275153403468,0.334194419935187,1,5,0.5804343223571777,-1.251325325374939,1.920391861592428,-1.9401256046690882,-1.5315173308001917,-0.21473580995668584,0.0,0.0,6.07931259770695e-30,2.382203211218231e-28,0.0,-0.0,1789029209.1367567
5815.745,-0.3501160530940426,-0.39158754106406385,0.19785190372500322,1.1140872307252574,2.7044951928931877,0.3341467131331263,1,5,0.5804833769798279,-1.251344160442688,1.9203451315509241,-1.94010653118276,-1.5315173308001917,-0.21474773088564092,0.0007456516032107174,0.0,-0.0,0.0,0.0,-0.0,1789029209.2367277
5815.844999999999,-0.35008549922673177,-0.3915841646277651,0.19781240344842455,1.11403919879861,2.704426891405985,0.3342399520572929,1,5,0.5805060863494873,-1.2513167423060914,1.9204137961017054,-1.94010653118276,-1.5314934889422815,-0.2147429625140589,9.650740685174242e-05,2.313803997822106e-05,-7.171701327024493e-06,0.0,1.2983560895244578e-13,-0.0,1789029209.3365889
5815.945,-0.3501153004329092,-0.3915903126258475,0.19783008788900242,1.1141433257261664,2.7044565895414716,0.3341686695671513,1,5,0.5804870128631592,-1.2513048213771363,1.9203556219684046,-1.9401375255980433,-1.531508747731344,-0.2147000471698206,2.895697273730093e-16,1.0124184882442933e-05,-0.0,0.0,0.0,-0.0,1789029209.4365516
5816.045,-0.3501093442086865,-0.3915922209825445,0.19783004098107276,1.1141063663557953,2.7044555460229462,0.3341230185553939,1,5,0.5804905891418457,-1.2513132256320496,1.920370880757467,-1.9401570759215296,-1.531478230153219,-0.21472388902773076,0.0,0.0,-0.0,0.0,0.0,-0.0,1789029209.5366898
5816.1449999999995,-0.35011380142651577,-0.39159693404176765,0.19784025271149594,1.1140817353899453,2.7044722153515206,0.33411629157439166,1,5,0.580494225025177,-1.2513167423060914,1.9203441778766077,-1.9401337109007777,-1.5314815680133265,-0.21473962465395147,0.0,0.0,-0.0,-4.4949864397627766e-33,0.0,-0.0,1789029209.6367002
5816.245,-0.3501168341232608,-0.3915919717618293,0.19784494957227233,1.114094784756006,2.7044688239217813,0.33410133311942475,1,5,0.5804821252822876,-1.251328782444336,1.9203479925738733,-1.9401337109007777,-1.531478230153219,-0.2147429625140589,0.0,0.0,-0.0,-0.0,0.0,-0.0,1789029209.736809
5816.344999999999,-0.35011162583610583,-0.3916008866252586,0.19785499213068292,1.1141413496055521,2.7045092381402394,0.3340715295255799,1,5,0.5805060863494873,-1.251344160442688,1.9203479925738733,-1.9401685200133265,-1.531496826802389,-0.21469623247255498,2.4456005397933327e-27,0.0,-0.0,-0.0,0.0,-0.0,1789029209.8365576
5816.445,-0.35000642848843433,-0.3916875772430214,0.19794535918779116,1.113819377101705,2.7048592325814975,0.33384796087540564,1,5,0.5807660818099976,-1.2515288156322022,1.9203704039203089,-1.9402452907957972,-1.5315139929400843,-0.21472388902773076,0.006943747401237488,-0.0033799484372138977,-0.0,-0.00021267059491947293,0.0,-0.0,1789029209.9366024
5816.545,-0.34993707327708595,-0.3918594474620287,0.19825108689475507,1.11367335924162,2.705805301421862,0.33258945056093836,1,5,0.5811219215393066,-1.2519989770701905,1.920295540486471,-1.9408356151976527,-1.5315020720111292,-0.2146857420550745,0.0007330939988605678,-0.016521787270903587,-0.0005052632768638432,-0.02681742049753666,0.0,-0.0,1789029210.0366006
5816.6449999999995,-0.3501922815596368,-0.3925850147245452,0.20144969172702945,1.1153841118436454,2.714702476432503,0.31810471847745914,1,5,0.582046627998352,-1.257281021480896,1.9202283064471644,-1.9481522045531214,-1.5315359274493616,-0.2147310415851038,0.01068540383130312,-0.09332402795553207,-0.00037839770084246993,-0.1477954089641571,0.0,-0.0,1789029210.1365895
5816.745,-0.3510293930600114,-0.3937759358858557,0.2097550574060829,1.1212231862403037,2.735352050904968,0.28192578570270627,1,5,0.583093523979187,-1.271264300947525,1.9202540556537073,-1.9653088055052699,-1.5315139929400843,-0.21472388902773076,0.011771480552852154,-0.17835304141044617,-0.00016963282541837543,-0.16219331324100494,8.063003065217345e-07,-0.0,1789029210.236582
5816.844999999999,-0.35055279951352936,-0.39529669046800586,0.22126344098191278,1.1253743709922694,2.7600492817630857,0.23943697330325953,1,5,0.5861064195632935,-1.2915174824050446,1.9202788511859339,-1.981331010858053,-1.5315325895892542,-0.21472055116762334,0.04016193374991417,-0.21498353779315948,-5.880227035959251e-05,-0.17028674483299255,0.0,-0.0,1789029210.336603
5816.945,-0.3492395098403844,-0.39670048391838136,0.23486266987762394,1.128906444540577,2.786400191760043,0.19257807912514124,1,5,0.5898281931877136,-1.3158044081977387,1.92023212114443,-1.9963184795775355,-1.5315139929400843,-0.21470433870424444,0.03485099971294403,-0.26182106137275696,-6.199980271048844e-05,-0.10394047945737839,0.0,-0.0,1789029210.4365687
5817.045,-0.34617129149742226,-0.39757243776353207,0.2477030072571307,1.1283319574718542,2.806461299477176,0.15801490534359405,1,5,0.5946231484413147,-1.3402321201613923,1.9201629797564905,-2.000542779962057,-1.5315173308001917,-0.21473962465395147,0.058699995279312134,-0.21967145800590515,-0.0007604872807860374,-0.0006957369623705745,0.0,-0.0,1789029210.5367541
5817.1449999999995,-0.34205004363256497,-0.3995087061449378,0.25651043882461005,1.1212311565021282,2.821309532974753,0.13721838148553075,1,5,0.6023530960083008,-1.356968731885292,1.9194634596454065,-2.000538011590475,-1.5315564314471644,-0.21470433870424444,0.10431663691997528,-0.10344735532999039,-0.02293584868311882,-0.00010665709851309657,0.0,-0.0,1789029210.636687
5817.245,-0.3387077664926675,-0.40401592892216315,0.2607821618378048,1.1075996231733742,2.8331991490948805,0.12650603036203809,1,5,0.6133735179901123,-1.3609626305154343,1.91411000887026,-2.0004764995970667,-1.5315139929400843,-0.21473914781679326,0.0920867994427681,0.000209401041502133,-0.09520290791988373,-1.446779970137868e-05,0.0,-0.0,1789029210.7367923
5817.344999999999,-0.3409608038276539,-0.40806436361194026,0.26706710175083226,1.104963355402423,2.8440038774203273,0.10823962772905561,1,5,0.6173061728477478,-1.3608943980983277,1.8991711775409144,-2.0004788837828578,-1.5315478483783167,-0.21472055116762334,-0.0005130266072228551,7.566597923869267e-05,-0.22879968583583832,-0.0,0.0,-0.0,1789029210.8365874
5817.445,-0.34946890815084714,-0.413848230762295,0.28152366837150977,1.1117289718239873,2.862495882428024,0.06591195201833945,1,5,0.6169193387031555,-1.3608618390611191,1.865537468587057,-2.0004030666747035,-1.5315139929400843,-0.21475106874574834,-0.008323322050273418,0.00017887183639686555,-0.4420226514339447,0.0002430495515000075,-8.798051386234737e-33,-0.0,1789029210.936595
5817.545,-0.36122402118229024,-0.4221849160365221,0.30367927863488925,1.120662544553032,2.889350714623048,0.002119079010523391,1,5,0.6169373393058777,-1.3606261324933548,1.815164868031637,-2.000124593774313,-1.5315101782428187,-0.21472388902773076,9.80908925027372e-45,0.000427614722866565,-0.5258218050003052,0.0024115724954754114,-0.0,-0.0,1789029211.036655
5817.6449999999995,-0.3726566130349794,-0.43034524079048614,0.32695613561185977,1.1291093714168674,2.9156472334410823,-0.0641327628178806,1,5,0.6170378923416138,-1.359220565562584,1.7624362150775355,-1.9997326336302699,-1.5315740744220179,-0.21473914781679326,0.0017533175414428115,0.032543476670980453,-0.5236729383468628,0.007129409350454807,-0.0,-0.0,1789029211.136581
5817.745,-0.3838771753867027,-0.4384192468546724,0.34581968272651775,-1.1298794509397438,-2.9214426025575015,0.11473399487612802,1,5,0.617210328578949,-1.3499438029578705,1.7101143042193812,-1.995399614373678,-1.531609837208883,-0.21473914781679326,0.00016720377607271075,0.1652284413576126,-0.5231902599334717,0.06984660774469376,-0.00015021584113128483,-0.0,1789029211.2367756
5817.844999999999,-0.3962563742987352,-0.4472410750017192,0.35712159847867186,-1.1248345143232719,-2.910181960532027,0.1406383876549569,1,5,0.6172487139701843,-1.3275710505298157,1.6570776144610804,-1.9850160084166468,-1.5316012541400355,-0.21473914781679326,1.198018162540393e-05,0.26959097385406494,-0.5379090905189514,0.14146611094474792,-6.762556586181745e-05,-0.0,1789029211.336656
5817.945,-0.4094959944194203,-0.45656676236743077,0.3628964431670423,-1.1228833044522046,-2.9051996243159937,0.15160807513059368,1,5,0.6171252727508545,-1.2967225176147004,1.6042259375201624,-1.9716688595213832,-1.5315774122821253,-0.21470767656435186,-0.0014301829505711794,0.32702040672302246,-0.5000849366188049,0.10836206376552582,-7.636001688913076e-36,-0.0,1789029211.4365745
5818.045,-0.42202575451513635,-0.4649608170908801,0.36361081240729765,-1.122061015012594,-2.9008943394299096,0.16037760313081967,1,5,0.6164209246635437,-1.2644638878158112,1.5615742842303675,-1.9682027302184046,-1.5315139929400843,-0.21472388902773076,-0.018559904769062996,0.3096092939376831,-0.3236938714981079,1.6363636140548365e-11,0.0005965173477306962,-0.0,1789029211.536748
5818.1449999999995,-0.4309002469232672,-0.4686691062629933,0.3554417638393683,-1.1291981222023721,-2.9041352593338274,0.14833923931399406,1,5,0.6130106449127197,-1.2375182968429108,1.5440591017352503,-1.9682337246336878,-1.5315120855914515,-0.2147277037249964,-0.050725020468235016,0.23404128849506378,-0.006673863623291254,0.0,0.00011484173592180014,-0.0,1789029211.6367297
5818.245,-0.4359100403504684,-0.4701744463299608,0.3394912410008789,-1.1392807533371179,-2.9168413465008247,0.11548966360457005,1,5,0.6103572845458984,-1.2122043830207367,1.5443328062640589,-1.9681345425047816,-1.5315292517291468,-0.21473914781679326,0.004330931231379509,0.2648000419139862,-3.416729305172339e-05,0.00011769033153541386,2.3536436856375076e-05,-0.0,1789029211.73668
5818.344999999999,-0.43954809452429794,-0.47270299183324255,0.32300896002632895,1.1409384244125371,2.9189733692838575,-0.0814534006037873,1,5,0.610309362411499,-1.1859831374934693,1.5443180243121546,-1.9681741199889125,-1.5315054098712366,-0.21472055116762334,-0.0005825826083309948,0.2604752779006958,-4.7156878281384706e-05,5.099979171063751e-05,0.0,-0.0,1789029211.8365967
5818.445,-0.4432122916008235,-0.4741602344060972,0.3078877993786075,1.1390088494678872,2.906217232547319,-0.0501381845599685,1,5,0.6088575720787048,-1.1621060830405732,1.5443328062640589,-1.968182226220602,-1.5314815680133265,-0.21473580995668584,-0.03305865451693535,0.2183266580104828,-0.0,0.0,0.0,-0.0,1789029211.9367123
5818.545,-0.44785002088741527,-0.47315750283443986,0.29650617809394,1.1438450230043684,2.894017945202993,-0.02696828533991126,1,5,0.6033927798271179,-1.1442026060870667,1.5443223158465784,-1.96820129970693,-1.5314882437335413,-0.21473580995668584,-0.08647575229406357,0.1374899297952652,-8.45088495710078e-12,0.0,2.44334949684059e-33,-0.0,1789029212.0365815
5818.6449999999995,-0.4541164121607911,-0.46893617840091395,0.2900081490209318,1.1579287328230725,2.8824315320741207,-0.014091499487288883,1,5,0.5923831462860107,-1.1340539020350953,1.5443761984454554,-1.9682165584959925,-1.531478230153219,-0.21473580995668584,-0.12340550124645233,0.06372988224029541,5.082796997157857e-05,0.0,2.4595956347184256e-05,-0.0,1789029212.136665
5818.745,-0.4589434808967594,-0.46522273242011913,0.28632795209585,1.1698854070899127,2.8741830178791825,-0.006875538937411152,1,5,0.5833595991134644,-1.128263996248581,1.5443223158465784,-1.9681669674315394,-1.5315278212176722,-0.21472055116762334,-0.050440963357686996,0.05050937831401825,-7.639097077886785e-15,0.0,3.0828566215145976e-44,-0.0,1789029212.2368736
5818.844999999999,-0.45987793675590305,-0.46481037385934965,0.2842195122598461,1.171169402880171,2.8716206327061533,-0.0027281963625285684,1,5,0.5820083618164062,-1.1250387889197846,1.5444300810443323,-1.96820129970693,-1.5314901510821741,-0.21473580995668584,-0.00011576236283872277,0.012735821306705475,0.00040793250082060695,0.0,0.0,-0.0,1789029212.3366683
5818.945,-0.4598618246223404,-0.46483117041976163,0.28403183216870276,1.1710528382783483,2.8714467296582744,-0.002244625729326921,1,5,0.5820502638816833,-1.1248041552356263,1.544497315083639,-1.968130727807516,-1.531496826802389,-0.2147277037249964,-4.9098780436906964e-05,0.00020402281370479614,0.00026784418150782585,4.5962589629854e-43,0.0,-0.0,1789029212.436679
5819.045,-0.45973985481676705,-0.46476522149123883,0.28372103034411755,1.1708908519742853,2.871100168822089,-0.001358772269229127,1,5,0.5820704102516174,-1.124710128908493,1.545035187398092,-1.9680754146971644,-1.5315054098712366,-0.21473247209657842,0.0,0.002890567993745208,0.01562550477683544,7.719478162471205e-05,0.0,-0.0,1789029212.5367997
5819.1449999999995,-0.45948353910220974,-0.464673994895086,0.283089719309807,1.1705186669839067,2.8704560680748576,0.00029612558639351567,1,5,0.5821712017059326,-1.124477581386902,1.5460932890521448,-1.9680706463255824,-1.5315020720111292,-0.21472055116762334,0.0004395466239657253,0.0014906448777765036,0.0033228632528334856,0.00020616686379071325,0.0,-0.0,1789029212.6366973
5819.245,-0.45946963666764234,-0.4646416765065697,0.2827909175457347,1.1704623970150139,2.8701496912824007,0.0010333994132113785,1,5,0.5821436643600464,-1.1241895121387024,1.546337906514303,-1.9680382213988246,-1.5315206686602991,-0.21471673647035772,3.065087366849184e-05,0.002590339398011565,0.0024142737966030836,0.000500627385918051,0.0,-0.0,1789029212.736717
5819.344999999999,-0.4592603666622856,-0.4645336107936988,0.28225000907412323,1.1701805060105632,2.869598149459378,0.002496031401231251,1,5,0.5821868181228638,-1.1240151685527344,1.5472787062274378,-1.9680267773070277,-1.5315478483783167,-0.2147277037249964,7.869549243204812e-39,0.00048227631486952305,0.022485511377453804,0.0002235633583040908,0.0,-0.0,1789029212.8366716
5819.445,-0.4582897768002293,-0.4638877844556261,0.2802582462350228,1.169322450248678,2.867221882407479,0.008072180554586854,1,5,0.5821747779846191,-1.1240272682956238,1.5516765753375452,-1.96801819423818,-1.5315206686602991,-0.21475488344301397,1.401298464324817e-45,6.872439553262666e-05,0.0695343092083931,0.00010801214375533164,0.0,-0.0,1789029212.9366856
5819.545,-0.45556236450346943,-0.4620920560453264,0.27475917904422603,1.1670289911436567,2.860631420341441,0.023527141170629363,1,5,0.5821783542633057,-1.124023751621582,1.5638306776629847,-1.9680196247496546,-1.5315259138690394,-0.21473914781679326,0.0,1.8340930138350473e-16,0.17010793089866638,2.628291213113698e-06,0.0,-0.0,1789029213.0365982
5819.6449999999995,-0.45154994513508573,-0.4593709234607083,0.26683291078850957,1.16376745430826,2.8508980909205417,0.045859041547610446,1,5,0.5820801258087158,-1.124008224611618,1.5814994017230433,-1.9680506191649378,-1.5315478483783167,-0.21473580995668584,-9.062293247552589e-05,0.0001082649250747636,0.17811289429664612,0.0,0.0,-0.0,1789029213.1366515
5819.745,-0.4479897330889543,-0.45709642629650277,0.26024214104672044,1.1607110267996392,2.8426607806344073,0.06446999700703535,1,5,0.5821676254272461,-1.1240391296199341,1.5964067617999476,-1.9680901966490687,-1.5315020720111292,-0.21473914781679326,0.0002637226425576955,4.018077743239701e-05,0.11149666458368301,1.5414283107572988e-44,0.0,-0.0,1789029213.2366023
5819.844999999999,-0.4467887410485658,-0.4563055529664808,0.2580398213427385,1.1597310292590632,2.8398932596469737,0.07069722393502988,1,5,0.5821711421012878,-1.1240511697581788,1.6014302412616175,-1.968142648736471,-1.5315206686602991,-0.21473580995668584,5.368145139073022e-05,8.895807701581049e-11,-0.0018107431242242455,0.0,0.0,-0.0,1789029213.3366442
5819.945,-0.44682048396079344,-0.4562923877481668,0.25807203154603997,1.159815267956579,2.839917239089773,0.07056150073942358,1,5,0.5821244716644287,-1.1240716737559815,1.6013959089862269,-1.968189378777975,-1.5315139929400843,-0.21473580995668584,5.18759225087706e-06,0.00013356556883081794,-5.2127008530078456e-05,-0.00016941007925197482,0.0,-0.0,1789029213.4365942
5820.045,-0.4468202137823712,-0.4562896978186344,0.2580168730416651,1.1598169688085633,2.839829522439595,0.07071012337146232,1,5,0.5821197032928467,-1.1240012806705018,1.6014140287982386,-1.9681536159911097,-1.5315054098712366,-0.21472055116762334,-0.0001582551485626027,0.00017025881970766932,-2.1294208636390977e-05,-2.113113077939488e-05,0.0,-0.0,1789029213.536793
5820.1449999999995,-0.4468135870348885,-0.4563165618949804,0.25800698989041143,1.1597421291098688,2.8398312982187157,0.0707926982097808,1,5,0.5821628570556641,-1.123951868419983,1.601351563130514,-1.9680825672545375,-1.5315139929400843,-0.21472388902773076,4.249555786373094e-05,0.001286967657506466,-0.0005478071980178356,-0.0,0.0,-0.0,1789029213.6366925
5820.245,-0.44682710874293624,-0.4563335338312371,0.25805879005379023,1.1597571821671622,2.8399384144368707,0.07067132620300767,1,5,0.5821796655654907,-1.1239758294871827,1.601271931325094,-1.9681035480894984,-1.5315516630755823,-0.21472055116762334,0.00017979553376790136,0.0,-0.00016738666454330087,-0.0,0.0,-0.0,1789029213.7367678
5820.344999999999,-0.44688429367434146,-0.4562747755755301,0.257954913281702,1.1599017434835155,2.839706262475145,0.07083591499764942,1,5,0.5820407271385193,-1.1238474708846589,1.6013267675982874,-1.9681054554381312,-1.5314901510821741,-0.21472055116762334,-0.0005822855746373534,0.004008675459772348,0.00021726499835494906,-0.0,0.0,-0.0,1789029213.8367906
5820.445,-0.4468486552119207,-0.4563054520298103,0.25791347304221035,1.1597832932241503,2.839694636715105,0.07092935460926302,1,5,0.5821112394332886,-1.1237995487502594,1.601351563130514,-1.9680983028807582,-1.531478230153219,-0.21472055116762334,-6.37640041531995e-05,0.0002722255594562739,0.00011324921797495335,-0.0,0.0,-0.0,1789029213.936698
5820.545,-0.4468520287363094,-0.4563005170288284,0.257900162580563,1.1597706140731079,2.839697343290666,0.07097120943360066,1,5,0.5821040868759155,-1.1237840217402955,1.6013596693622034,-1.9680983028807582,-1.5314934889422815,-0.21473580995668584,4.832224348647131e-21,6.51273294351995e-05,7.508781709475443e-05,-0.0,0.0,-0.0,1789029214.0367525
5820.6449999999995,-0.44683404160913254,-0.45629941296670734,0.2578838780770766,1.1597404434551715,2.8397058601837495,0.07101919160287824,1,5,0.5821208953857422,-1.1237909358790894,1.6014097372638147,-1.968114515344137,-1.531508747731344,-0.21473914781679326,9.3366666988004e-05,0.0,4.9227484851144254e-05,-0.0,0.0,-0.0,1789029214.136734
5820.745,-0.44681103182106935,-0.4563277540360482,0.25788817438476974,1.1596525855407416,2.839709013010298,0.07104078854444217,1,5,0.582176148891449,-1.1237840217402955,1.601379696522848,-1.9680634937682093,-1.5314901510821741,-0.21473914781679326,0.00013088475679978728,0.0,3.153009311063215e-05,-0.0,0.0,-0.0,1789029214.2365656
5820.844999999999,-0.4468211432820573,-0.45631058681706793,0.25789596037322765,1.159703768794869,2.8397225527421615,0.07101855860804535,1,5,0.5821472406387329,-1.1238064628890534,1.6013992468463343,-1.9680901966490687,-1.531508747731344,-0.21473914781679326,1.0506662874831818e-05,0.00018916791304945946,3.0178936877723467e-14,-0.0,0.0,-0.0,1789029214.3366597
5820.945,-0.4468680620943359,-0.4563212155421302,0.2575650312388204,1.1596774611114713,2.8393644680551287,0.0716812846398551,1,5,0.5821161866188049,-1.123294250374176,1.6014230887042444,-1.968081613580221,-1.5314868132220667,-0.21470767656435186,0.0,0.011988179758191109,8.106327732093632e-05,1.0089348943138683e-43,0.0,-0.0,1789029214.4367673
5821.045,-0.4471234824791727,-0.4564955978811662,0.25546032448658146,1.1589587395520453,2.8374564863474276,0.07593298297400318,1,5,0.5821197032928467,-1.1199318033507843,1.60142690340151,-1.9680420360960902,-1.5314748922931116,-0.21472388902773076,0.0,0.05566944554448128,9.05817927332464e-08,0.00013566370762418956,0.0,-0.0,1789029214.5368054
5821.1449999999995,-0.4477449250932655,-0.45684622540173886,0.2506868697325821,1.1575279263643685,2.8331295692911858,0.08543381184591198,1,5,0.5820358991622925,-1.112274245624878,1.6014068762408655,-1.968074461022848,-1.5314815680133265,-0.2147277037249964,-0.0014004926197230816,0.08726230263710022,-0.0,5.0108792493119836e-05,-1.6356025419202321e-21,-0.0,1789029214.6366024
5821.245,-0.4483440326349442,-0.4572416381419316,0.24544954908580185,1.1558349508714099,2.828369212166167,0.09583326132677711,1,5,0.5820275545120239,-1.1038977962783356,1.6014025847064417,-1.968086381951803,-1.531466309224264,-0.21472055116762334,-0.0002576075785327703,0.08634462207555771,-0.0,0.0,-0.0,-0.0,1789029214.7365866
5821.344999999999,-0.44891751648507067,-0.4576031490334134,0.24024283000463303,1.154140217350282,2.823643102219673,0.10611676898728488,1,5,0.5820000171661377,-1.095570669775345,1.6013901869403284,-1.9681221447386683,-1.5314729849444788,-0.21473914781679326,-7.601070683449507e-05,0.0726764127612114,-2.40502085944172e-05,5.970932756488046e-42,-0.0,-0.0,1789029214.836552
5821.445,-0.44921557101601123,-0.4577642282707255,0.23770611755689106,1.1534054052921936,2.8212913305607428,0.11106442313917299,1,5,0.5819471478462219,-1.0914831024459382,1.6013372580157679,-1.9681502781310023,-1.531457249318258,-0.21472055116762334,-0.0003476296260487288,0.002270492259413004,-0.0,0.0,-0.0,-0.0,1789029214.9366999
5821.545,-0.4492247926472276,-0.45774236331053136,0.23777935072605516,1.1534922597248018,2.8213513637648644,0.11084144673599554,1,5,0.5819075703620911,-1.091608003979065,1.6013630072223108,-1.9682179890074671,-1.5314419905291956,-0.21472007433046514,-0.00018305634148418903,-0.00023622378648724407,-0.00012040639558108523,-0.00024138543813023716,-0.0,-0.0,1789029215.036586
5821.6449999999995,-0.44954696168274266,-0.4574364061950182,0.2378713781489531,1.154482489605313,2.821073191888128,0.11045294579529834,1,5,0.581214189529419,-1.0917312961867829,1.6013549009906214,-1.9683448276915492,-1.5314214865313929,-0.21473914781679326,-0.013649554923176765,-0.002090419176965952,-4.1227172914659604e-05,-0.0023235874250531197,0.00015086425992194563,-0.0,1789029215.1366339
5821.745,-0.4504820909881614,-0.45652490417371716,0.2379660793576553,1.157400325308053,2.819964808459186,0.1099701688945676,1,5,0.579177975654602,-1.0918596547893067,1.6013482252704065,-1.9684730968871058,-1.5314062277423304,-0.21472388902773076,-0.016472604125738144,7.369730883510783e-05,-4.282791633158922e-05,-0.00012044220056850463,0.00010785021731862798,-0.0,1789029215.236607
5821.844999999999,-0.4506451274718904,-0.45634525392067543,0.237855073468554,1.1579048677958357,2.819583290569634,0.11026709296853601,1,5,0.5787971019744873,-1.0917278093150635,1.6013992468463343,-1.9684010944762171,-1.531414810811178,-0.21470767656435186,0.00017319442122243345,0.00018382290727458894,8.391900337301195e-05,0.00016416642756666988,6.17804502824766e-36,-0.0,1789029215.3366425
5821.945,-0.4506373984676607,-0.45634735487115685,0.2378134105612579,1.1578350385984817,2.8195805284569833,0.11043890735225755,1,5,0.578813910484314,-1.0916730028441926,1.6014068762408655,-1.9683572254576625,-1.5314605871783655,-0.21473199525942022,0.000103340731584467,0.0005195695557631552,6.74887778586708e-05,0.00017924426356330514,0.0,-0.0,1789029215.4366608
5822.045,-0.4506346416475352,-0.4563747012525043,0.2379091419045612,1.157857108584688,2.8197094426836466,0.11014249526507622,1,5,0.5788499116897583,-1.091775731449463,1.6013482252704065,-1.9684254131712855,-1.5314419905291956,-0.21471149126161748,0.0002307962131453678,-0.002952021546661854,-0.0004611133481375873,1.8081101893496765e-10,0.0,-0.0,1789029215.5367115
5822.1449999999995,-0.450672906132722,-0.4563344760209584,0.2381795237819665,1.1580605372341501,2.8200261441211314,0.10942432070135412,1,5,0.5787659883499146,-1.0921627146056672,1.601318661366598,-1.9685965977110804,-1.5314605871783655,-0.21473914781679326,-0.0009665836696512997,-0.008452203124761581,-0.00025497068418189883,-0.0011392338201403618,0.0,-0.0,1789029215.6367054
5822.245,-0.45061743327712434,-0.45632416054918234,0.23885569282812397,1.158281447553472,2.820721236792519,0.10788974597955998,1,5,0.5787971019744873,-1.0931897920421143,1.6012752691852015,-1.9687491856017054,-1.531433407460348,-0.2147277037249964,-5.37038724194253e-38,-0.018524499610066414,-0.00021392264170572162,-0.0020397095941007137,0.0,-0.0,1789029215.736606
5822.344999999999,-0.4504563982344524,-0.4562214390869553,0.24089132839252403,1.1590223269374607,2.822732930998388,0.10352272267292728,1,5,0.5788019895553589,-1.0963483613780518,1.6012066046344202,-1.9690443478026332,-1.531426731740133,-0.2147153059588831,0.0,-0.03578760102391243,-0.0002559091371949762,-0.0007062240620143712,0.0,-0.0,1789029215.8367074
5822.445,-0.45017691624786427,-0.45604392175551084,0.24382479711988253,1.1599858129757636,2.8254801089588026,0.09760389857510701,1,5,0.578813910484314,-1.100953535442688,1.6011112372027796,-1.9691206417479457,-1.531433407460348,-0.21472388902773076,1.5958047786711815e-17,-0.04666255787014961,-0.004714608658105135,-0.001611220184713602,0.0,-0.0,1789029215.9367332
5822.545,-0.44987253930759635,-0.45586119746813114,0.2469000917149224,1.1609793408986206,2.828324611777494,0.0913983221486877,1,5,0.5788378715515137,-1.1057625275901337,1.6009724775897425,-1.9691597423949183,-1.5314214865313929,-0.21472388902773076,0.00016177099314518273,-0.05048379302024841,-0.0001935613399837166,-0.00033522493322379887,0.0,-0.0,1789029216.0366035
5822.6449999999995,-0.44951826441857096,-0.45564430821906127,0.2498313605226369,1.1619303346194283,2.8309739360022896,0.08557752413371784,1,5,0.5788605809211731,-1.1104686123183747,1.601004425679342,-1.969158788720602,-1.531414810811178,-0.21470767656435186,9.15459860053159e-31,-0.051250118762254715,-6.236345507204533e-05,-8.415267802774906e-05,0.0,-0.0,1789029216.1366792
5822.745,-0.44926220471638795,-0.45546215546985674,0.2520257931572053,1.1626236145128233,2.8329645330283224,0.08124254647997708,1,5,0.5788463354110718,-1.1139883559993287,1.601015869771139,-1.9691363773741664,-1.5314300696002405,-0.21473914781679326,0.0,-0.03390643745660782,-2.0001862139906734e-05,-4.9612635390897146e-33,0.0,-0.0,1789029216.2366107
5822.844999999999,-0.44903562245495765,-0.4552961682382438,0.25411128150889273,1.1633669442058463,2.834881976936199,0.07704570581144962,1,5,0.5788307189941406,-1.1172922116569062,1.6009796301471155,-1.9691831074156703,-1.5314644018756312,-0.21472388902773076,6.430187870880288e-13,-0.029817849397659302,-2.224757877922201e-11,-0.0001650957128731534,0.0,-0.0,1789029216.336675
5822.945,-0.44868876874427366,-0.4551514505914912,0.256460556379706,1.163988823419794,2.8370362841531906,0.07234417593269642,1,5,0.5789408683776855,-1.121065543299057,1.6009991804706019,-1.9691831074156703,-1.531445328389303,-0.21471149126161748,0.0009537553414702415,-0.03544904664158821,-8.022624388104305e-05,-6.989524990785867e-05,0.0,-0.0,1789029216.4366007
5823.045,-0.4483379477368241,-0.4549429170297205,0.25925056393236773,1.164841205881885,2.8396013990904434,0.06670478828180304,1,5,0.5789745450019836,-1.1254944068244477,1.6009519735919397,-1.9692217312254847,-1.531457249318258,-0.21472388902773076,0.00020212371600791812,-0.06014811247587204,-0.00012092050747014582,-1.9514431294819424e-36,0.0,-0.0,1789029216.53686
5823.1449999999995,-0.44779078442189774,-0.454592357804897,0.26337491844010585,1.16612955221854,2.843302914416504,0.05841729333648861,1,5,0.5789899826049805,-1.1320970517447968,1.6009400526629847,-1.9692145786681117,-1.531457249318258,-0.21473914781679326,6.876243423903361e-05,-0.05729447305202484,-0.00012991474068257958,-0.00010020099580287933,0.0,-0.0,1789029216.636783
5823.245,-0.4472624540801586,-0.4542903338637706,0.26696537936604336,1.1672144758154774,2.846508070791148,0.05121883979295537,1,5,0.5790534019470215,-1.1378729206374665,1.6009557882892054,-1.9691840610899867,-1.531457249318258,-0.21472055116762334,0.0008689225069247186,-0.04216717183589935,-0.00011394656030461192,-8.690706454217434e-05,1.2840447515324359e-23,-0.0,1789029216.736762
5823.344999999999,-0.44686926739238425,-0.45411980192607054,0.26939243399181123,1.1678220563497719,2.848734219902895,0.046312975974755186,0,6,0.57917320728302,-1.1417609018138428,1.600943390523092,-1.9691840610899867,-1.531457249318258,-0.21472055116762334,0.0003372507053427398,-0.03492555394768715,-3.256024803618453e-14,-2.3101961300572455e-18,0.0,-0.0,1789029216.8366323
5823.445,-0.4466714554335339,-0.45395869092457214,0.27089951651211286,1.1683526632163965,2.8500248607956706,0.04326238448704299,0,6,0.579130232334137,-1.1441795390895386,1.600936237965719,-1.9691654644408167,-1.5314419905291956,-0.21472388902773076,6.895877595525235e-05,-0.012410344555974007,-0.0,-0.0,0.0,-0.0,1789029216.9367282
5823.545,-0.4465491894481242,-0.4539274890093723,0.2715100299263879,1.1684370484863957,2.8506651387038304,0.04204040021226588,0,6,0.5792040824890137,-1.145169959669449,1.6009557882892054,-1.9691978893675746,-1.5314882437335413,-0.21473914781679326,3.165268572047353e-05,-0.007393046282231808,-0.0,-0.0,0.0,-0.0,1789029217.0367231
5823.6449999999995,-0.44640031618637444,-0.45399559925906685,0.27188525122637064,1.1682691043977,2.8510930024647037,0.04121774333493361,0,6,0.5794197916984558,-1.145759956245758,1.600943390523092,-1.9692236385741175,-1.5314419905291956,-0.21472055116762334,0.0008288442040793598,-0.02136334404349327,-0.0,-1.0485668181064137e-17,0.0,-0.0,1789029217.1367085
5823.745,-0.44616604886116146,-0.45383249328218117,0.2734050789136149,1.1687601915419183,2.8524389926708125,0.03817995488600141,0,6,0.5794126987457275,-1.1482386153987427,1.6009905974017542,-1.9692145786681117,-1.531466309224264,-0.21472388902773076,0.000248610827839002,-0.021938996389508247,-0.0,-7.491244468837976e-05,0.0,-0.0,1789029217.236685
5823.844999999999,-0.4456686678885774,-0.4538994722488551,0.2751957625502326,1.1685774835516252,2.8543595672575544,0.03455371432141118,0,6,0.5799465775489807,-1.1510917407325287,1.6009557882892054,-1.9692274532713832,-1.5314849058734339,-0.21472388902773076,0.008200583048164845,-0.03791941702365875,-0.0,-3.8557531561570505e-28,0.0,-0.0,1789029217.3366823
5823.945,-0.4451153471541801,-0.45362758476214754,0.2784492590125911,1.1693804254425118,2.857286222216061,0.02788427854464315,0,6,0.5800677537918091,-1.1563261312297364,1.6009557882892054,-1.9692403278746546,-1.5314505735980433,-0.21475488344301397,0.00010064567322842777,-0.07118412107229233,-0.0,-0.0003015789552591741,0.0,-0.0,1789029217.4366653
5824.045,-0.44409028513447685,-0.4529936903264233,0.28469656007554833,1.1713370683328954,2.8627972059913858,0.015061107162224734,0,6,0.5801312923431396,-1.1664027732661744,1.6009796301471155,-1.9693075619139613,-1.5314729849444788,-0.21470433870424444,0.001554201589897275,-0.12699340283870697,-0.0,-0.0005349960993044078,0.0,-0.0,1789029217.5366971
5824.1449999999995,-0.4424870853078755,-0.4522170928278841,0.29307526116295274,1.173334820588004,2.8703259510640313,-0.002164551374442107,0,6,0.5805181264877319,-1.1799555879882355,1.6010029951678675,-1.9693147144713343,-1.531496826802389,-0.2147429625140589,0.008075865916907787,-0.14534132182598114,-0.0,-0.00018150101823266596,0.0,-0.0,1789029217.6366935
5824.245,-0.43984642269648766,-0.4516800832247785,0.3034877007792009,1.1741944369631416,2.880160054770562,-0.023786229379364116,0,6,0.5821508169174194,-1.1968197983554383,1.6009848753558558,-1.9693075619139613,-1.5314629713641565,-0.21471673647035772,0.025167113170027733,-0.18195225298404694,-9.397474786965176e-05,-0.00029609198099933565,0.0,-0.0,1789029217.7367504
5824.344999999999,-0.43539599270039187,-0.4522004221395666,0.31512739384193944,1.1708546665859765,2.892737542860023,-0.048140589652349526,0,6,0.5868762731552124,-1.2157842379859467,1.601015869771139,-1.969323297540182,-1.5314934889422815,-0.21470767656435186,0.07584580034017563,-0.18542034924030304,4.2611132812453434e-05,-9.093747212318704e-05,-8.443904516752809e-05,-0.0,1789029217.8366323
5824.445,-0.4278013504687065,-0.45519715807491323,0.32723967599951626,1.1582860687761374,2.9089916111248235,-0.0738363542885756,0,6,0.5978940725326538,-1.2355879110148926,1.601008717213766,-1.969316144982809,-1.5314815680133265,-0.21470433870424444,0.13172878324985504,-0.21058465540409088,-0.0,-6.767055310774595e-05,-2.9869466069895687e-19,-0.0,1789029217.9367394
5824.545,-0.41901388369790654,-0.45874173431364745,0.33955306565521526,-1.1415337463787405,-2.9237303674721478,0.10038765559071752,0,6,0.6109210848808289,-1.2558320623687287,1.601008717213766,-1.9693266354002894,-1.5314849058734339,-0.21473914781679326,0.12652839720249176,-0.1861390620470047,-0.0,-7.63973752819819e-36,-0.0,-0.0,1789029218.036752
5824.6449999999995,-0.41082093595139757,-0.4614333758638966,0.35134434131133124,-1.1202998286739003,-2.919896374394072,0.12550977860882898,0,6,0.6224076151847839,-1.2753520172885437,1.6010273138629358,-1.9692970714964808,-1.5314849058734339,-0.21469289461244756,0.10725121200084686,-0.20342345535755157,-0.0,-0.0,-0.0,-0.0,1789029218.1366928
5824.745,-0.4029043805800284,-0.46322402395786294,0.3636250992815701,-1.1006805603347962,-2.9145743536110693,0.1518845408195114,0,6,0.6325786113739014,-1.2957967680743714,1.6010468641864222,-1.9693428478636683,-1.531508747731344,-0.21472388902773076,0.09997808933258057,-0.208112433552742,-0.0,-0.00024253242008853704,-0.0,-0.0,1789029218.236688
5824.844999999999,-0.3947111362638059,-0.4647182255572429,0.37607482342117826,-1.0810330437228113,-2.908904638959817,0.17878325513974153,0,6,0.6427798271179199,-1.316642628317215,1.6010234991656702,-1.969328065911764,-1.5314815680133265,-0.21473580995668584,0.10599450767040253,-0.20346470177173615,-0.0,-9.478591528022662e-05,-7.61817545935628e-07,-0.0,1789029218.3366067
5824.945,-0.3864553428292678,-0.4661172965650545,0.38776755165863247,-1.06159712225431,-2.9037462582156572,0.20419037673209683,0,6,0.6530928015708923,-1.3364153665355225,1.6010597387896937,-1.9692970714964808,-1.5314815680133265,-0.21472388902773076,0.09690447896718979,-0.19332163035869598,0.00015515045379288495,-2.317184285097559e-34,-0.0,-0.0,1789029218.4366548
5825.045,-0.3805420368889785,-0.4664828249844743,0.396875943952202,-1.0484497735038838,-2.8987183387456588,0.22401381485258123,0,6,0.6597373485565186,-1.3519112926772614,1.601072136555807,-1.9692594013609828,-1.5315120855914515,-0.21472055116762334,0.0374874472618103,-0.1018761545419693,8.40508146211505e-05,-0.0,-0.0,-0.0,1789029218.536834
5825.1449999999995,-0.37907057123211096,-0.4665023853601662,0.39911571049249633,-1.045379422454518,-2.8975174981882215,0.22879468297588362,0,6,0.6613003015518188,-1.3558069628528138,1.6011274496661585,-1.9691125355162562,-1.5314696470843714,-0.21470433870424444,-0.0015451841754838824,0.011409332044422626,0.0010267021134495735,0.0014242404140532017,-0.0,-0.0,1789029218.6366668
5825.245,-0.3794021946265152,-0.466680780709836,0.3981445400577844,-1.0459004036655164,-2.8984969838367687,0.22650990040262786,0,6,0.6611948609352112,-1.3542104077390213,1.601163689290182,-1.9689566097655238,-1.5314882437335413,-0.21473914781679326,-0.00013552099699154496,0.0009314647759310901,0.00010569599544396624,0.00016826427599880844,-0.0,-0.0,1789029218.736659
5825.344999999999,-0.3793931117226933,-0.4666714945230708,0.39816418292418254,-1.0459442471630072,-2.898463308160602,0.22655727533829212,0,6,0.6611913442611694,-1.3542564374259491,1.6011794249164026,-1.9689604244627894,-1.5314849058734339,-0.21470767656435186,1.6502594007761218e-05,0.00011928886669920757,1.3808184121444356e-05,7.036274473648518e-05,-0.0,-0.0,1789029218.8367105
5825.445,-0.37939895287276065,-0.4666798505702992,0.39815189948245927,-1.0458922302072853,-2.898476974845859,0.22651631869750882,0,6,0.661199688911438,-1.3542223137668152,1.601163689290182,-1.9689604244627894,-1.531503979359762,-0.21473580995668584,0.0,5.6620760005898774e-05,-0.0,0.0,-0.0,-0.0,1789029218.9367313
5825.545,-0.37939355948232617,-0.4666733473270757,0.39816493676979603,-1.0458830372340224,-2.8984943498928266,0.22656145463692884,0,6,0.6611913442611694,-1.3542530101588746,1.6011722723590296,-1.9689532719054164,-1.5314729849444788,-0.21475106874574834,0.0,-1.1344912367173719e-41,-0.0,0.0,-0.0,-0.0,1789029219.036727
5825.6449999999995,-0.37940780037298605,-0.46666626802533306,0.3981629460507938,-1.0459301020503204,-2.898457013589441,0.22652315662773964,0,6,0.6611721515655518,-1.3542410892299195,1.6011598745929163,-1.9689442119994105,-1.531503979359762,-0.21473580995668584,0.0,0.0,-0.0,0.0,-0.0,-0.0,1789029219.1367533
5825.745,-0.37940890115354586,-0.4666684871499804,0.3981677365125662,-1.0459080258579017,-2.8984638378557777,0.22659787058299513,0,6,0.6611686944961548,-1.3542445015958329,1.6011632124530237,-1.9689823589720667,-1.5314729849444788,-0.21475106874574834,0.0,0.0,-0.0,1.401298464324817e-45,-0.0,-0.0,1789029219.2367752
5825.844999999999,-0.37940015349536993,-0.46667389948191546,0.3981859363850292,-1.0459187330301905,-2.8984375597672978,0.2266121313214267,0,6,0.6611877679824829,-1.3542598497918625,1.60114032426943,-1.968964239160055,-1.5314882437335413,-0.21472055116762334,0.0,0.0,-0.0,0.0,-0.0,-0.0,1789029219.3366015
5825.945,-0.379392912904899,-0.4666745072292695,0.3981929069227386,-1.0459515999836382,-2.898471183600985,0.22665076256744796,0,6,0.6611877679824829,-1.3542753469995041,1.60114032426943,-1.9689442119994105,-1.5314386526690882,-0.21470433870424444,0.0,0.0,-0.0,0.0,-0.0,-0.0,1789029219.436604
5826.045,-0.37940091720950486,-0.46666484805905273,0.3982012518985912,-1.045933635543377,-2.8984299455626052,0.22665035890568733,0,6,0.6611722111701965,-1.3542872828296204,1.60114032426943,-1.968957086602682,-1.5314729849444788,-0.21472388902773076,0.0,0.0,-0.0,0.0,-0.0,-0.0,1789029219.5366592
5826.1449999999995,-0.379399733065018,-0.46667572551918973,0.3981476197226401,-1.0459405575687986,-2.898519899217532,0.22653172738254862,0,6,0.6611842513084412,-1.3542257410338898,1.6011722723590296,-1.968940874139303,-1.5314505735980433,-0.2147277037249964,0.0,0.0,-0.0,0.0,-0.0,-0.0,1789029219.6367044
5826.245,-0.37939237255856234,-0.46667572948665886,0.3981549470326181,-1.0459141793267532,-2.89853190317168,0.22653562111310172,0,6,0.6611913442611694,-1.3542410892299195,1.6011722723590296,-1.9689260921873988,-1.5314467589007776,-0.21473914781679326,0.0,0.0,-0.0,0.0,-0.0,-0.0,1789029219.7365735
5826.344999999999,-0.3794059830539127,-0.46665998648118256,0.39816855407561613,-1.0459640147632159,-2.8984708231084384,0.22654927190496588,0,6,0.6611603498458862,-1.3542598497918625,1.601168457661764,-1.9689332447447718,-1.5314729849444788,-0.2147277037249964,0.0,0.0,-0.0,0.0,-0.0,-0.0,1789029219.836636
5826.445,-0.3794023874360634,-0.4666734688138593,0.39814250442168575,-1.04598991508619,-2.8984707448751386,0.2265140418748258,0,6,0.6611842513084412,-1.3542223286679764,1.6011837164508265,-1.968964239160055,-1.5314849058734339,-0.21468907991518194,0.0,0.0,-0.0,0.0,-0.0,-0.0,1789029219.9365954
5826.545,-0.37940602301415494,-0.46667890807505796,0.3981655229043749,-1.045905782236296,-2.898469155300187,0.22656640287778398,0,6,0.6611877679824829,-1.3542257410338898,1.60114032426943,-1.9689604244627894,-1.5314849058734339,-0.21473580995668584,0.0,0.0,-0.0,0.0,-0.0,-0.0,1789029220.0366004
5826.6449999999995,-0.3794038311201023,-0.4666695448627673,0.3981639049550556,-1.0459319693837146,-2.8984951234546967,0.22657196991275125,0,6,0.6611722111701965,-1.354244516496994,1.6011632124530237,-1.9689480266966761,-1.5314539114581507,-0.21473914781679326,0.0,0.0,-0.0,0.0,-0.0,-0.0,1789029220.1366138
5826.745,-0.3793932294966714,-0.46667222864245383,0.3981664518329422,-1.0458936446841596,-2.898461943107191,0.2265523835330609,0,6,0.6611948013305664,-1.3542564374259491,1.601175610219137,-1.968964239160055,-1.5315001646624964,-0.21473580995668584,0.0,0.0,-0.0,0.0,-0.0,-0.0,1789029220.2366881
5826.844999999999,-0.3794005587728809,-0.4666674186716856,0.3981494509717591,-1.045940073378382,-2.8985160581647866,0.22653502509607487,0,6,0.6611722111701965,-1.3542410892299195,1.601187531148092,-1.9689442119994105,-1.5314505735980433,-0.21473914781679326,0.0,0.0,-0.0,0.0,-0.0,-0.0,1789029220.3367739
5826.945,-0.3794134078075437,-0.4666659667813246,0.39814599929950034,-1.045990249952327,-2.8985004964652807,0.22653071003753522,0,6,0.6611567735671997,-1.3542223286679764,1.6011722723590296,-1.9689442119994105,-1.5314505735980433,-0.21472055116762334,0.0,0.0,-0.0,0.0,-0.0,-0.0,1789029220.436769
