controller_time_s,tcp_x,tcp_y,tcp_z,tcp_rx,tcp_ry,tcp_rz,gripper_state,gripper_event_counter,actual_q_0,actual_q_1,actual_q_2,actual_q_3,actual_q_4,actual_q_5,actual_qd_0,actual_qd_1,actual_qd_2,actual_qd_3,actual_qd_4,actual_qd_5,host_receive_time_s
2270.964,-0.44794481990988666,-0.47795939404871063,0.3397759290021155,1.1350831480120724,2.893878094029921,-0.026783429260523198,0,0,0.6091198921203613,-1.1708261531642457,1.4655287901507776,-1.860934396783346,-1.5287311712848108,-0.21472388902773076,0.0,0.0,-0.0,-0.0,0.0,0.0,1788853789.5866919
2271.064,-0.44798206481134495,-0.4779775689693164,0.339643177215146,1.135056146486234,2.893792893551578,-0.02644914070026186,0,0,0.6091163158416748,-1.1706069272807618,1.4655049482928675,-1.8609000645079554,-1.528773609791891,-0.2147277037249964,0.0001846760860644281,0.0004759015573654324,-0.0,-0.0,-0.00015963174519129097,0.0,1788853789.6740346
2271.1639999999998,-0.44796125952135496,-0.4779783194680562,0.33966232989853845,1.1350585702274159,2.8937952552075004,-0.026465971891558984,0,0,0.6091353893280029,-1.1706537169269104,1.4655244986163538,-1.8608843288817347,-1.5287702719317835,-0.21470767656435186,5.233572665019892e-05,0.00010595583444228396,-0.0,-0.0,-7.10193271515891e-05,0.0,1788853789.7741947
2271.264,-0.44797389515823866,-0.47797763340879235,0.33966069106034624,1.1350583546791753,2.8938210958241135,-0.026497302362556003,0,0,0.6091246008872986,-1.1706380409053345,1.4655140081988733,-1.8609191379942835,-1.5287793318377894,-0.21472388902773076,0.0,5.429891419412234e-40,-0.0,-0.0,-6.50705947544575e-32,0.0,1788853789.8740528
2271.364,-0.4479866728547815,-0.4779770177193691,0.3396690938557825,1.1350705474593108,2.8938490565484205,-0.026497760996154415,0,0,0.6091163158416748,-1.1706261795810242,1.4654787222491663,-1.8609124622740687,-1.5288046042071741,-0.2147310415851038,0.0,0.0,-0.0,-0.0,-0.0,0.0,1788853789.9742873
2271.464,-0.44796613842512767,-0.4780023721774626,0.339674460037064,1.1350099995638145,2.8938797196341737,-0.026522242776968165,0,0,0.6091665625572205,-1.170622543697693,1.465463940297262,-1.8609191379942835,-1.5288012663470667,-0.21472388902773076,0.0,1.0074177464260086e-27,-0.0,-0.0,-0.0,0.0,1788853790.0741744
2271.564,-0.44796611738272496,-0.47799208115552877,0.33967055298640136,1.135029722390049,2.893845482093356,-0.02650718155926362,0,0,0.6091510653495789,-1.170634464626648,1.4654858748065394,-1.8609072170653285,-1.5287860075580042,-0.21472007433046514,0.0,0.0,-0.0,-0.0,-0.0,0.0,1788853790.1740785
2271.6639999999998,-0.4479953274396517,-0.4779575964934937,0.3396536537042907,1.1351417874262693,2.8938123158248192,-0.026453904086610476,0,0,0.6090850830078125,-1.1706297260573884,1.4655173460589808,-1.8609191379942835,-1.5288131872760218,-0.21471149126161748,0.0,0.0,-0.0,-0.0,-0.0,0.0,1788853790.2740738
2271.764,-0.4479696668130749,-0.4779925564975541,0.33962689946770797,1.135050415595139,2.893792502849429,-0.026426557001868585,0,0,0.6091474294662476,-1.1705877941897889,1.4655173460589808,-1.8609191379942835,-1.5287793318377894,-0.2147000471698206,0.0,0.0,-0.0,-0.0,-0.0,0.0,1788853790.3739724
2271.864,-0.44796899780328514,-0.4779842882277804,0.33965027799166225,1.135052005559928,2.893849297780934,-0.026437045860340826,0,0,0.609143853187561,-1.170622543697693,1.4655140081988733,-1.8609158001341761,-1.5288203398333948,-0.2147153059588831,0.0,0.0,-0.0,-0.0,-0.0,0.0,1788853790.473949
2271.964,-0.44797402253093904,-0.4779829617100872,0.33966123821178973,1.1350165335824292,2.893843050800389,-0.026500128719341445,0,0,0.6091318130493164,-1.1706297260573884,1.46550161043276,-1.8609191379942835,-1.5287826696978968,-0.2147467772113245,0.0,0.0,-0.0,-0.0,-0.0,0.0,1788853790.5740135
2272.064,-0.44795518608012425,-0.47799284765925265,0.33965670069601595,1.1350055513669086,2.893863662499951,-0.026439344043412923,0,0,0.6091665625572205,-1.170634464626648,1.4655140081988733,-1.8609034023680628,-1.5288165251361292,-0.21472388902773076,0.0,0.0,-0.0,-0.0,-0.0,0.0,1788853790.6740234
2272.1639999999998,-0.44796897840787236,-0.4779861715606056,0.3396616973812777,1.13502141856563,2.8938404552608166,-0.02643582816009856,0,0,0.609143853187561,-1.1706261497787018,1.4654858748065394,-1.8608724079527796,-1.5288046042071741,-0.21473199525942022,0.0,0.0,-0.0,-0.0,-0.0,0.0,1788853790.7740405
2272.264,-0.44796379200367836,-0.47799351349268077,0.3396410871350969,1.1349769288640712,2.8938405006472356,-0.02643533360529728,0,0,0.6091557741165161,-1.1706068974784394,1.465510670338766,-1.8609072170653285,-1.5287912527667444,-0.2147467772113245,0.0,0.0,-0.0,-0.0,-0.0,0.0,1788853790.874061
2272.364,-0.4479827335113199,-0.4779843526676135,0.3396717020956305,1.1350855234006043,2.893838360085299,-0.02650588418531314,0,0,0.6091281771659851,-1.170622543697693,1.4654672781573694,-1.8609072170653285,-1.5287979284869593,-0.21470767656435186,0.0,0.0,-0.0,-0.0,-0.0,0.0,1788853790.974085
2272.464,-0.44797148233741435,-0.47799159207402825,0.3396524830888116,1.1350255833903062,2.8938323392583607,-0.026440364460511352,0,0,0.6091474890708923,-1.1706068974784394,1.465482536946432,-1.8608876667418421,-1.5287979284869593,-0.21472388902773076,0.0,0.0,-0.0,-0.0,-0.0,0.0,1788853791.0741413
2272.564,-0.4479759792583251,-0.47798004016412404,0.33963490801693574,1.1350525315851616,2.893799955855286,-0.02640165715572947,0,0,0.6091281771659851,-1.1706021887115021,1.4655140081988733,-1.8608914814391078,-1.5287945906268519,-0.21472007433046514,0.0,0.00015774140774738044,-0.0,-0.0,-0.0,0.0,1788853791.174113
2272.6639999999998,-0.4479692107995549,-0.47800157358433054,0.33960081513820145,1.135000984863166,2.893777155292271,-0.026349416835938375,0,0,0.6091593503952026,-1.1705459219268342,1.465510670338766,-1.8608948192992152,-1.5287793318377894,-0.2147153059588831,0.0,0.0008855488849803805,-0.0,-0.0,-0.0,0.0,1788853791.2741184
2272.764,-0.4475031704885559,-0.47851605136717046,0.33930789797526434,1.1333785068604654,2.8944698246684655,-0.025379383681064953,0,0,0.6102926731109619,-1.1701197189143677,1.4655469099627894,-1.8608833752074183,-1.5291603247271937,-0.21472388902773076,0.03723503276705742,0.014283773489296436,-0.0,2.8930832029528336e-32,-0.0010774448746815324,0.0,1788853791.3741276
2272.864,-0.44687583311228685,-0.4791332458699265,0.33923947741875193,1.1313840487612752,2.8951584686216814,-0.025234673731684223,0,0,0.6116390228271484,-1.1700047713569184,1.465536896382467,-1.8608876667418421,-1.5291364828692835,-0.21473580995668584,0.006014829035848379,-6.941564606677275e-06,3.4637752833077684e-05,2.6369540624192262e-23,-2.5572295675463587e-41,0.0,1788853791.47415
2272.964,-0.4454103028543936,-0.48050427311409083,0.3392010367315454,1.1269468951543224,2.8968395514214595,-0.025094471342878136,0,0,0.6147044897079468,-1.1699568790248414,1.4655583540545862,-1.8609124622740687,-1.529139820729391,-0.21472388902773076,0.049065910279750824,-0.0002856922219507396,8.320983033627272e-05,0.0,-0.0,0.0,1788853791.5742226
2273.064,-0.4429064416743801,-0.4827988193078435,0.3391927801625919,1.119446850061577,2.8997030070062197,-0.024927298495804735,0,0,0.6198865175247192,-1.1699723464301606,1.465597931538717,-1.8609191379942835,-1.529151741658346,-0.21470767656435186,0.04779880866408348,8.671272666159714e-23,9.649743878981099e-05,0.0,-0.0,0.0,1788853791.6741965
2273.1639999999998,-0.44037841771981173,-0.4850538313515219,0.3390501946267932,1.1118997510100737,2.902423299548888,-0.024394593010786954,0,0,0.6250490546226501,-1.1699159902385254,1.4658201376544397,-1.860910554925436,-1.5291813055621546,-0.21471149126161748,0.06344356387853622,0.0003059850714635104,0.012018660083413124,-2.7963907670345294e-18,-0.0007783888722769916,0.0,1788853791.7742631
2273.264,-0.43513299803134353,-0.48845384536887254,0.33686874885912776,1.097839956093045,2.9051171466961523,-0.018070891107305125,0,0,0.6341760754585266,-1.1699244242957612,1.4704273382769983,-1.8608948192992152,-1.5292566458331507,-0.21475011507143194,0.11424590647220612,5.3216204833006486e-05,0.08026962727308273,-0.0,-0.0001713922683848068,0.0,1788853791.8742805
2273.364,-0.4285546769943801,-0.4913781116392603,0.33233881285274547,1.0820515060074023,2.905426199965215,-0.005351679861778015,0,0,0.6439838409423828,-1.1701519948295136,1.4803417364703577,-1.861006876031393,-1.5291813055621546,-0.2147277037249964,0.06120862066745758,-0.0016731475479900837,0.07877899706363678,-0.0003092890838161111,-3.2921043694915973e-22,0.0,1788853791.9743006
2273.464,-0.42660072269903015,-0.49207909308653264,0.3309642249528991,1.07758788407289,2.9053749874787047,-0.00131770642989889,0,0,0.6467120051383972,-1.170407013302185,1.4836023489581507,-1.8610040150084437,-1.5292084852801722,-0.2147467772113245,0.013502400368452072,-0.000372778536984697,0.00022386462660506368,-0.00013666247832588851,-0.0,0.0,1788853792.0742905
2273.564,-0.42616853591072124,-0.4924191953724154,0.3311235917753995,1.0765062580853915,2.905923925684874,-0.0017234285764910202,0,0,0.6475419402122498,-1.1706333023360749,1.483584229146139,-1.8610712490477503,-1.5291746298419397,-0.21468907991518194,0.01273598987609148,-0.00040085907676257193,-1.6432932170573622e-05,-0.0002337644691579044,5.085384126224818e-22,0.0,1788853792.1743045
2273.6639999999998,-0.42499231895210565,-0.49342279298746333,0.33109106919223785,1.072998491999298,2.9072142127243774,-0.0015015959518205658,0,0,0.6499204039573669,-1.1706154209426423,1.4836238066302698,-1.8610474071898402,-1.5292204062091272,-0.21472388902773076,0.034402284771203995,-1.5974947779927696e-36,-0.0,-9.097924339585006e-05,0.0,0.0,1788853792.274337
2273.764,-0.42335738883821566,-0.49478665025666424,0.3312275564651064,1.0682789559669585,2.909072397812049,-0.0017089738341695636,0,0,0.6531780362129211,-1.170821265583374,1.4836166540728968,-1.8610674343504847,-1.5292084852801722,-0.21473485628236944,0.028808584436774254,-0.0005333696608431637,0.00010246821329928935,-0.00017280751490034163,0.0,0.0,1788853792.3742707
2273.864,-0.4227421842275562,-0.4952104302675821,0.3316082978663616,1.066827591131591,2.9100045315084766,-0.002679004192630809,0,0,0.6542893648147583,-1.171396092777588,1.4836238066302698,-1.8612505398192347,-1.5291779677020472,-0.21469623247255498,0.00020109866454731673,-0.013676950708031654,9.686152770882472e-05,-0.0012972238473594189,0.0,0.0,1788853792.474248
2273.964,-0.42204065804177643,-0.49555449854303385,0.3322125715335097,1.0653554667412801,2.911084898671437,-0.0038239827834385576,0,0,0.655393660068512,-1.1724221271327515,1.4837263266192835,-1.8612433872618617,-1.5292018095599573,-0.21470767656435186,0.02065621316432953,-0.0044593242928385735,0.0009204975212924182,-0.00015453241940122098,0.0,0.0,1788853792.5743115
2274.064,-0.42068511041780515,-0.49640668441781954,0.3331557372006171,1.0621273561052034,2.9131633064963878,-0.005703002508445245,0,0,0.6577625274658203,-1.173866019850113,1.4836815039264124,-1.8612743816771449,-1.5292475859271448,-0.2147277037249964,0.0419948548078537,-0.013695850037038326,0.00010273167572449893,-8.711637201486155e-05,-3.648366780193324e-17,0.0,1788853792.674327
2274.1639999999998,-0.4174059850663479,-0.4990380784809358,0.333424504074995,1.0528061392997,2.9167168735778843,-0.006004122476246486,0,0,0.6641867756843567,-1.1743464034846802,1.48375112215151,-1.8612314663329066,-1.52922231355776,-0.2147310415851038,0.08493752032518387,-0.00021910708164796233,0.0003662350354716182,-2.0753330318257213e-05,-0.0,0.0,1788853792.7743237
2274.264,-0.41319283641770804,-0.5024361281141156,0.33357438787949584,1.0407804996199976,2.92114634984483,-0.006046121616113683,0,0,0.6724827289581299,-1.1746612054160614,1.4838646093951624,-1.8612634144225062,-1.5292256514178675,-0.21469623247255498,0.06873135268688202,-0.022996116429567337,0.0003571024863049388,-0.0,-2.1154135249307462e-27,0.0,1788853792.8743193
2274.364,-0.40965344687690275,-0.5047843101407347,0.3346406432829151,1.0317091970954135,2.9253287719721124,-0.007709186824946568,0,0,0.6788710355758667,-1.1766249698451539,1.4842327276812952,-1.8611766300597132,-1.5293849150287073,-0.21469623247255498,0.06951070576906204,-0.006292575504630804,0.010593355633318424,-0.0,-0.002306699752807617,0.0,1788853792.9743805
2274.464,-0.40608359953669326,-0.5070479951204744,0.333733167568549,1.022201198458571,2.927575891294999,-0.004947369154888688,0,0,0.6851776242256165,-1.176765040760376,1.4863513151751917,-1.8612123928465785,-1.5293849150287073,-0.21469289461244756,0.060869235545396805,-0.005052144173532724,0.022424660623073578,-0.0,-0.00014832511078566313,0.0,1788853793.0743825
2274.564,-0.4025292601695379,-0.5090291621577372,0.33480895022053847,1.0136157254385854,2.931334657065774,-0.00673737897659405,0,0,0.6911417245864868,-1.179296002989151,1.4874962011920374,-1.8613020382323207,-1.5293610731707972,-0.2147310415851038,0.05139141157269478,-0.0678970143198967,0.0008145916508510709,-0.00018146827642340213,-3.31689221866327e-07,0.0,1788853793.1743875
2274.6639999999998,-0.39850720932267025,-0.5092225992756619,0.3434479409612655,1.009234626889893,2.9402751638324385,-0.024823988693651218,0,0,0.6954508423805237,-1.1929017466357728,1.4874714056598108,-1.8613821468748988,-1.5293882528888147,-0.2147277037249964,0.04617927223443985,-0.19318491220474243,0.00011151007493026555,-0.00027192849665880203,-0.0,0.0,1788853793.2744203
2274.764,-0.39158011979212354,-0.5089851885543426,0.35849962175208466,1.0024754020370925,2.9553653062796323,-0.05624314732460496,0,0,0.7023157477378845,-1.216840611105301,1.4875076452838343,-1.8612519703307093,-1.5297530333148401,-0.21469289461244756,0.10144932568073273,-0.26231229305267334,0.0002662594197317958,7.425892545143142e-05,-0.006889869458973408,0.0,1788853793.374488
2274.864,-0.3821249756656999,-0.5096172135051006,0.37179978195228924,0.9893238848312693,2.970322212545966,-0.08360407180642926,0,0,0.7129966616630554,-1.240326539879181,1.4903457800494593,-1.861131330529684,-1.530112091694967,-0.2147000471698206,0.09716011583805084,-0.1997264325618744,0.0806489884853363,0.0028080858755856752,-0.0009647751576267183,0.0,1788853793.4745438
2274.964,-0.37248860740607564,-0.5084262399659856,0.3754218519148524,0.9764889744377726,2.975515526885313,-0.08686195504457371,0,0,0.7218054533004761,-1.2584719222835083,1.5060585180865687,-1.8611356220641078,-1.5301292578326624,-0.21470767656435186,0.08473717421293259,-0.16361849009990692,0.23164156079292297,1.9175480701960623e-05,-0.0015425984747707844,0.0,1788853793.5745237
2275.064,-0.3638602583429787,-0.5037458870114666,0.37133597418645614,0.9695836728951726,2.9713060244343104,-0.06960262280968825,0,0,0.7254334092140198,-1.2747210425189515,1.535067383443014,-1.8612028561034144,-1.530112091694967,-0.21471149126161748,-0.0011396821355447173,-0.17090566456317902,0.34789881110191345,-0.0007379979360848665,3.1740826671011746e-05,0.0,1788853793.674435
2275.1639999999998,-0.35640383258694525,-0.4964309526992194,0.3639756253736978,0.9685320453571756,2.9618670548527084,-0.0434892065943112,0,0,0.7245773077011108,-1.290954814558365,1.5707557837115687,-1.8613583050169886,-1.530146900807516,-0.2147277037249964,-0.0012247877893969417,-0.15003728866577148,0.33751237392425537,-0.001993828685954213,1.1485920367704239e-05,0.0,1788853793.7744448
2275.264,-0.35022969313096136,-0.4908838282160198,0.35859413889760294,0.9669054834194046,2.9549603630625887,-0.024364537260341438,0,0,0.724481463432312,-1.3038667899421235,1.5981200377093714,-1.8615690670409144,-1.5301106611834925,-0.2147310415851038,-0.005553044844418764,-0.11970469355583191,0.21376268565654755,-0.001586673315614462,0.0,0.0,1788853793.8745368
2275.364,-0.3473995330814113,-0.48700121505956745,0.3569263740459864,0.96879751207821,2.951343489644935,-0.01686350258223697,0,0,0.7227153778076172,-1.3129168015769501,1.6127870718585413,-1.8615342579283656,-1.5300830046283167,-0.21473962465395147,-0.023756718263030052,-0.0556403324007988,0.07338708639144897,-0.00011495100625324994,0.0,0.0,1788853793.974467
2275.464,-0.34799971318403167,-0.4857785282842362,0.35693008777896473,0.9721387498809314,2.950084088952601,-0.01650572990760246,0,0,0.7204590439796448,-1.3143594723990937,1.6145537535296839,-1.8615418873228968,-1.5300796667682093,-0.21470767656435186,-0.0389331579208374,0.0018331302562728524,-7.250955968629569e-05,-1.7414964759154827e-07,0.0,0.0,1788853794.074537
2275.564,-0.35038560792119977,-0.4841560385756523,0.35658793070881956,0.979102213914402,2.9474710333708134,-0.01565158100084599,0,0,0.715670108795166,-1.3138278287700196,1.6145933310138147,-1.8614026508727015,-1.5301244894610804,-0.21472388902773076,-0.04081584885716438,0.006353228818625212,0.00034856938873417675,0.0002748059923760593,0.0,0.0,1788853794.1744952
2275.6639999999998,-0.35159477726198124,-0.48315347628940025,0.35636710149885986,0.9829679463724885,2.945853008496202,-0.01485008222184859,0,0,0.7130084037780762,-1.3138039869121094,1.6149795691119593,-1.8611599407591761,-1.5301278273211878,-0.21470767656435186,-0.018750682473182678,0.0,0.016774214804172516,0.0016664094291627407,0.0,0.0,1788853794.2746038
2275.764,-0.3507518971748882,-0.4819339951505082,0.3531242785716249,0.9829479018392625,2.9421561098695728,-0.005720394371463085,0,0,0.7123647332191467,-1.3138432663730164,1.6218836943255823,-1.8611513576903285,-1.530100170766012,-0.21473962465395147,-0.0017849461873993278,-2.95648533210624e-05,0.1490829735994339,0.00026760040782392025,0.0,0.0,1788853794.374613
2275.864,-0.3470244729336053,-0.47865353277456574,0.34281710596685744,0.9801629917434307,2.931180422000754,0.023332223310451063,0,0,0.7122843265533447,-1.313887671833374,1.6439040342914026,-1.8612505398192347,-1.530100170766012,-0.21469289461244756,-0.0003986984957009554,-0.00010332575038773939,0.2669948935508728,-0.0005535867530852556,-0.0,0.0,1788853794.4745994
2275.964,-0.34191980639247604,-0.4743491676487043,0.32979310269320006,0.9759384001591062,2.9169513758374994,0.060252543290624856,0,0,0.7124235033988953,-1.3138601642898102,1.6719611326800745,-1.8613225422301234,-1.5301154295550745,-0.21475488344301397,0.0029951666947454214,0.0007861112244427204,0.25424471497535706,-0.00021481570729520172,-0.0,0.0,1788853794.5746171
2276.064,-0.3392913440333985,-0.4720353910927171,0.3232860337077629,0.9740518208231895,2.90945228851342,0.07875016182908504,0,0,0.7123562693595886,-1.3138637107661744,1.6861546675311487,-1.8613468609251917,-1.5300710836993616,-0.21470767656435186,-0.001241514110006392,-2.0705792849184945e-05,0.03215083107352257,-0.00011322573845973238,-0.0,0.0,1788853794.6746588
2276.1639999999998,-0.3397084763567643,-0.47163775451907597,0.3231351064288287,0.97542601985647,2.9087654205703535,0.07916870081232881,0,0,0.7113431096076965,-1.3138553363135834,1.6864665190326136,-1.8613068066039027,-1.5300796667682093,-0.21473580995668584,-0.025476932525634766,0.0001657092070672661,-9.48752713156864e-05,-5.016486829845235e-05,-0.0,0.0,1788853794.7746527
2276.264,-0.341393382421079,-0.4705063508857476,0.32286036341760055,0.980380393968479,2.906731386112337,0.07969441682008233,0,0,0.7078876495361328,-1.313373015528061,1.6864593664752405,-1.8612495861449183,-1.5301101843463343,-0.2147153059588831,-0.038084644824266434,0.013331363908946514,1.0624269634718075e-05,0.0003255303017795086,-0.0,0.0,1788853794.8746073
2276.364,-0.343532681484013,-0.4695584635766095,0.3209982278278228,0.9852599120651625,2.903064348646648,0.083861179066647,0,0,0.7041589021682739,-1.3101075750640412,1.6864798704730433,-1.861187597314352,-1.5301311651812952,-0.21472007433046514,-0.02443394809961319,0.04871998354792595,-0.0,0.00017590068455319852,-0.0,0.0,1788853794.974571
2276.464,-0.3443810375721381,-0.469968640960934,0.3179682856473367,0.9850326831847903,2.9000399175523373,0.09073419331341784,0,0,0.7037360072135925,-1.3047276896289368,1.6864522139178675,-1.8612338505186976,-1.5301278273211878,-0.21473962465395147,0.00030355650233104825,0.04861394315958023,6.896512331877602e-06,7.295759860426188e-05,-0.0,0.0,1788853795.0746548
2276.564,-0.34489276118052525,-0.47042992194580363,0.3152757134454355,0.9843060445638235,2.8974885978102534,0.09700006012589495,0,0,0.7037708163261414,-1.3000505429557343,1.6865289847003382,-1.8611751995482386,-1.5301430861102503,-0.2147005240069788,7.965723489178345e-05,0.0505095012485981,7.68779354984872e-05,7.009519353839977e-11,-0.0,0.0,1788853795.1746962
2276.6639999999998,-0.3455124395363515,-0.470995538538071,0.312039377957905,0.9833535704903282,2.8944484741706513,0.10444123320329093,0,0,0.7038199305534363,-1.2943776708892365,1.6865547339068812,-1.8611389599242152,-1.5301483313189905,-0.2147000471698206,0.0023263413459062576,0.06563979387283325,0.0003417523403186351,0.00034384182072244585,-0.00046053077676333487,0.0,1788853795.274646
2276.764,-0.3461027325057017,-0.4714938529577246,0.30912192403516414,0.9825650422531107,2.891711466126221,0.11102202525695234,0,0,0.7038116455078125,-1.289225236778595,1.6865361372577112,-1.8611861668028773,-1.5301483313189905,-0.21470767656435186,1.1066264349324229e-08,0.046638499945402145,9.205701644532382e-05,0.00010149025911232457,-9.747112926561385e-05,0.0,1788853795.3746219
2276.864,-0.3465517892209236,-0.4718952144569986,0.3067351094483329,0.9818506137950048,2.8894471993421895,0.11641641673867877,0,0,0.7038307785987854,-1.2850412887385865,1.686547581349508,-1.8611909351744593,-1.5301244894610804,-0.2147277037249964,-3.7439258449012414e-05,0.029114579781889915,-0.0,5.680163325140646e-41,-3.444462140603943e-24,0.0,1788853795.4749427
2276.964,-0.34663291901384485,-0.4719644040913101,0.3063327104413721,0.981778433841187,2.8890542260932826,0.1172924276788029,0,0,0.7038283944129944,-1.284327821140625,1.6865432898150843,-1.8612147770323695,-1.530112091694967,-0.21470433870424444,-9.00464291181251e-20,-0.0007885221857577562,2.0853683963650838e-05,2.099803543619577e-16,-0.0,0.0,1788853795.5746365
2277.064,-0.3466049028902236,-0.4719761454506623,0.3063162435358381,0.9816591539702013,2.889065053007185,0.11740280695043075,0,0,0.7038787007331848,-1.2843159300139924,1.6865547339068812,-1.8611637554564417,-1.5301278273211878,-0.2147310415851038,0.00012536713620647788,0.00013324824976734817,-0.0,0.0,-0.0,0.0,1788853795.6747248
2277.1639999999998,-0.34660750382248606,-0.4719689926527754,0.3062983179235955,0.9816765770339909,2.8890729969634443,0.1174547138764454,0,0,0.703871488571167,-1.2843038898757477,1.6865828672992151,-1.8611828289427699,-1.5301583448993128,-0.2147277037249964,5.2388924814295024e-05,2.2430811766965305e-22,-0.0,0.0,-0.0,0.0,1788853795.7747967
2277.264,-0.3466101338558858,-0.4719694681802087,0.3062772404503534,0.9816676233232412,2.889008105237926,0.11750853456328787,0,0,0.7038632035255432,-1.284271554355957,1.6865828672992151,-1.8611513576903285,-1.5301244894610804,-0.2147310415851038,0.0,0.0007380868191830814,4.7004949416177715e-37,0.0,-0.0,0.0,1788853795.8748486
2277.364,-0.34659137369176424,-0.4719717090601804,0.30624445129307915,0.9815769141487636,2.889018465710099,0.11760251659144905,0,0,0.7038907408714294,-1.2842512887767334,1.6866315046893519,-1.8611589870848597,-1.5301430861102503,-0.214762036000387,0.0,0.00013376655988395214,0.0008075378136709332,5.070654515402531e-22,-0.0,0.0,1788853795.9748125
2277.464,-0.34649722614912676,-0.4719171424032489,0.30586275666071366,0.9814780035298808,2.888590527398893,0.1186455963104446,0,0,0.7039265036582947,-1.2839927834323426,1.6871493498431605,-1.861138483087057,-1.5301550070392054,-0.21471149126161748,0.00019101638463325799,0.0014765354571864009,0.011657504364848137,0.00013572142051998526,-0.0,0.0,1788853796.074859
2277.564,-0.3461062403361054,-0.4715874406440256,0.3046184622584853,0.9810533317472138,2.88712145378679,0.12210538534158802,0,0,0.703927755355835,-1.2835173171809693,1.6893084684955042,-1.8610831699767054,-1.5301483313189905,-0.2147148291217249,0.0003131368139293045,0.010692862793803215,0.029961487278342247,0.0003349727485328913,-0.0,0.0,1788853796.174862
2277.6639999999998,-0.34580343327666013,-0.47139734216820883,0.30118781437337544,0.9798582970869838,2.8835073778799267,0.13076378397269783,0,0,0.7040152549743652,-1.2799561780742188,1.6924427191363733,-1.861058851281637,-1.5301550070392054,-0.2147277037249964,0.0002010655589401722,0.06088070198893547,0.02689007669687271,0.00020781585772056133,-0.0,0.0,1788853796.2748365
2277.764,-0.346450713645267,-0.4719480589304698,0.29673429823458053,0.9786511875962615,2.879132343504404,0.14091213853975362,0,0,0.7040067911148071,-1.2725871962359925,1.693033520375387,-1.8611070118346156,-1.5301364103900355,-0.2147000471698206,5.3586147259920835e-05,0.0743269994854927,0.00011505806469358504,1.3347019375942182e-05,-0.0,0.0,1788853796.3748553
2277.864,-0.3469712692029426,-0.4724111557396376,0.2938085006606152,0.977737551053258,2.8763149976290103,0.1474554634756633,0,0,0.7040261030197144,-1.2674142879298707,1.6929824987994593,-1.8611070118346156,-1.530112091694967,-0.2147429625140589,-8.178292046068236e-05,0.033726923167705536,-2.2535474272444844e-05,0.0,-0.0,0.0,1788853796.4748685
2277.964,-0.3470962445541619,-0.4726068622068094,0.2927262437223621,0.9772858557077712,2.875335014603515,0.14990679474174484,0,0,0.7041468620300293,-1.2655370992473145,1.6930096785174769,-1.861115118066305,-1.5301278273211878,-0.2147277037249964,0.0008038505329750478,0.0029674868565052748,-0.0,0.0,-0.0,0.0,1788853796.5748432
2278.064,-0.34709911205621924,-0.4726100531348354,0.2926478350620977,0.9773096008877808,2.875249692899672,0.15011608362822226,0,0,0.7041504383087158,-1.265425757770874,1.6930416266070765,-1.8611070118346156,-1.5301430861102503,-0.21469289461244756,0.00013342771853785962,0.004476233851164579,-0.0,0.0,-0.0,0.0,1788853796.674866
2278.1639999999998,-0.3471647876649173,-0.4729021113484094,0.2913831598841231,0.9764444557138029,2.8741740785521492,0.1530322582909531,0,0,0.7044634222984314,-1.2632123690894623,1.693033520375387,-1.8610478840269984,-1.5301397482501429,-0.2147310415851038,0.005883507896214724,0.04677237197756767,-0.0,-1.7421196143508169e-38,-0.0,0.0,1788853796.7749023
2278.264,-0.34781741199356514,-0.4735087773627428,0.28737863822300347,0.9752785534944017,2.870283977952975,0.1619347490663551,0,0,0.7045221924781799,-1.2561842960170289,1.6930154005633753,-1.8610793552794398,-1.5301154295550745,-0.21469670930971319,4.282097230911025e-28,0.08867666870355606,2.8823434267629933e-25,-0.0,-0.0,0.0,1788853796.8749237
2278.364,-0.3486918667672663,-0.4742509407841888,0.2819692152164898,0.9737371162642795,2.865007168422271,0.1739606370509123,0,0,0.7045149803161621,-1.2467485529235383,1.6930416266070765,-1.861110349694723,-1.5301311651812952,-0.21470767656435186,-2.619784147672642e-27,0.09062890708446503,7.449074473697692e-05,-0.0,-0.0,0.0,1788853796.9749184
2278.464,-0.34930301685121745,-0.47489108307968636,0.27762739540575393,0.9722245382101912,2.8608444166076885,0.18353353223383045,0,0,0.7046672701835632,-1.2391503018191834,1.6930154005633753,-1.8611499271788539,-1.5301244894610804,-0.2147467772113245,0.002953905612230301,0.06182101368904114,5.2058237949666954e-42,-0.0,-0.0,0.0,1788853797.0748942
2278.564,-0.34905740953925735,-0.47549458983375786,0.2757069821372784,0.9701431220909542,2.8595063245666292,0.187957189215768,0,0,0.7057451605796814,-1.2358610791018982,1.6930812040912073,-1.8611036739745082,-1.5301397482501429,-0.2147467772113245,0.009969175793230534,0.006461805664002895,0.000544873473700136,-0.0,-0.0,0.0,1788853797.1749299
2278.6639999999998,-0.3487988137729996,-0.4756878861528483,0.27566014881246736,0.9693832198757691,2.8597431207291724,0.18811167226308764,0,0,0.706292986869812,-1.2357927125743409,1.693099323903219,-1.8611070118346156,-1.5301364103900355,-0.2147277037249964,0.0004945959663018584,0.0,0.0012254415778443217,-0.0,-0.0,0.0,1788853797.274998
2278.764,-0.34870850659323555,-0.4756653645403883,0.2754618505271113,0.9692706731219277,2.859533303928619,0.18863733096598784,0,0,0.7063651084899902,-1.2356765431216736,1.6934054533587855,-1.861122270623678,-1.5301364103900355,-0.21468907991518194,0.0050594741478562355,0.0002661673061084002,0.004471840802580118,-0.0,-0.0,0.0,1788853797.3749206
2278.864,-0.347883713700795,-0.47607945853968187,0.2750356408149867,0.9669777418429357,2.859853683947883,0.18993981838646964,0,0,0.7078516483306885,-1.235418216591217,1.6940444151507776,-1.8611141643919886,-1.530163590108053,-0.21472388902773076,0.02794676274061203,0.00527819013223052,0.008611578494310379,-0.0,-0.0,0.0,1788853797.4749308
2278.964,-0.34568519715854523,-0.4772874779324293,0.27411041166590516,0.9608982479029936,2.8609271865297323,0.19279382750751373,0,0,0.711945116519928,-1.234824613933899,1.695390526448385,-1.861098428765768,-1.5301602522479456,-0.21471149126161748,0.04990117996931076,0.0056207203306257725,0.021586451679468155,-0.0,-0.0,0.0,1788853797.5749469
2279.064,-0.3432052244363351,-0.47817680276972013,0.27290947939003346,0.9547732078482297,2.8615014598035087,0.19667781283696437,0,0,0.7159519791603088,-1.2347034972957154,1.697998348866598,-1.8610602817931117,-1.5301669279681605,-0.2147277037249964,0.020845215767621994,0.00020229023357387632,0.017195045948028564,-0.0,-0.0,0.0,1788853797.674917
2279.1639999999998,-0.3428861042999506,-0.4783221313561574,0.27255225644016895,0.9538753693478406,2.8613778542452537,0.19765336059014088,0,0,0.7165082693099976,-1.234356479053833,1.6983612219439905,-1.8610402546324671,-1.530163590108053,-0.21472388902773076,0.00014261472097132355,0.0091970544308424,0.00014422032108996063,-0.0,-0.0,0.0,1788853797.7749581
2279.264,-0.34320641264549423,-0.47860371264812523,0.27032674230343917,0.9532368414535549,2.8591600178174543,0.20259459859338624,0,0,0.7165082693099976,-1.2304609280875702,1.6983421484576624,-1.8610207043089808,-1.530163590108053,-0.2147277037249964,1.2256400623300578e-05,0.07596193999052048,5.541798600461334e-05,7.0819335771221685e-31,-0.0,0.0,1788853797.8749578
2279.364,-0.34405875315832946,-0.479317030442066,0.2643618866720623,0.9516189381652224,2.8531868401512788,0.21565145454937165,0,0,0.7164567708969116,-1.2200370591929932,1.6983159224139612,-1.861079832116598,-1.5301397482501429,-0.21472388902773076,0.0,0.12783107161521912,-0.0,2.5379164071637206e-05,-0.0,0.0,1788853797.9750075
2279.464,-0.3449558038828163,-0.4800518857471732,0.2576727473421402,0.9498141032291798,2.8464340001467154,0.23023764618992856,0,0,0.7163836359977722,-1.208396003847458,1.6983192602740687,-1.8611394367613734,-1.5301278273211878,-0.2147153059588831,-0.0016241471748799086,0.08843792974948883,-0.0,0.0,-0.0,0.0,1788853798.0750124
2279.564,-0.3452646411187817,-0.48030377485637965,0.25526173127118806,0.9491196138725693,2.8440175780892853,0.23547410519508183,0,0,0.7163596749305725,-1.2042060655406495,1.698322598134176,-1.8611709080138148,-1.5301397482501429,-0.21473914781679326,-6.501463940367103e-05,0.011139987967908382,-0.0,-8.406407141592354e-05,-0.0,0.0,1788853798.1750205
2279.6639999999998,-0.34526965380727426,-0.4803331326108723,0.25502622929254115,0.9490170090443385,2.8437501472108586,0.23607878294424284,0,0,0.7163920998573303,-1.2038077873042603,1.698322598134176,-1.861091753045553,-1.5301397482501429,-0.21472388902773076,0.00015870090282987803,0.0040617999620735645,-0.0,-1.183163983453639e-11,-0.0,0.0,1788853798.275374
2279.764,-0.3454032242009659,-0.48043872398396403,0.2539567730508635,0.9487295553054346,2.842663584924034,0.2383956215630019,0,0,0.7163764238357544,-1.2019573611072083,1.698334042225973,-1.8611070118346156,-1.5301397482501429,-0.21472388902773076,4.2844010749831796e-05,0.03473563864827156,-0.0,-0.0,-0.0,0.0,1788853798.375057
2279.864,-0.34568636266886166,-0.48061318437458084,0.2519520682854718,0.9482946062058741,2.8405962966099354,0.24273968643225757,0,0,0.7162816524505615,-1.1984778207591553,1.6983373800860804,-1.8611294231810511,-1.5301550070392054,-0.2147153059588831,-0.00017355817544739693,0.03051886148750782,-0.0,6.0361719962653826e-12,-0.0,0.0,1788853798.4750144
2279.964,-0.34586091090113075,-0.4808157243365821,0.25020047517094446,0.9476387120909927,2.838854510140066,0.24649837766599483,0,0,0.7163404226303101,-1.195433722143509,1.698334042225973,-1.8611537418761195,-1.5301278273211878,-0.2147586981402796,-5.926892481511459e-05,0.0263204462826252,-0.0,0.0,-0.0,0.0,1788853798.575073
2280.064,-0.3460153609484732,-0.48095176123160555,0.24886337595593888,0.9472836559140573,2.837468079169429,0.24942961109626116,0,0,0.7163404226303101,-1.1931021970561524,1.6983102003680628,-1.861122270623678,-1.5301278273211878,-0.2147310415851038,-7.08897497636269e-28,0.029090410098433495,-0.0,0.0,-0.0,0.0,1788853798.6750808
2280.1639999999998,-0.34618018354877805,-0.48108489497065304,0.24739858252495378,0.9469208351643409,2.8359659130305745,0.2526350995539472,0,0,0.716328501701355,-1.190575734978058,1.6983264128314417,-1.8611189327635707,-1.5301502386676233,-0.21469670930971319,0.0,0.01511053554713726,-0.0,0.0,-0.0,0.0,1788853798.775099
2280.264,-0.3461960710735033,-0.48112153760851695,0.2472121030985835,0.9468266470553958,2.8357443832464013,0.2529281486869529,0,0,0.7163439989089966,-1.1902355712703248,1.6983102003680628,-1.861155172387594,-1.5300691763507288,-0.21470767656435186,0.0,0.0001067243138095364,1.7304328571335543e-24,0.0,-0.0,0.0,1788853798.8751001
2280.364,-0.3461991450184314,-0.4811118620119866,0.2471976216374666,0.9468204194021392,2.835728614904324,0.25296343431242857,0,0,0.716328501701355,-1.1902270180037995,1.6983335653888147,-1.8611585102477015,-1.5300729910479944,-0.21472388902773076,0.0,1.0940138963633217e-05,-0.0,0.0,-0.0,0.0,1788853798.975164
2280.464,-0.34621826906255576,-0.48111377759045826,0.24721177364626667,0.946885641921325,2.8357224834803736,0.2529345829643675,1,1,0.7163092494010925,-1.1902200442603608,1.698287312184469,-1.8611427746214808,-1.5300729910479944,-0.2147000471698206,0.0,0.0,-0.0,0.0,-0.0,0.0,1788853799.0751402
2280.564,-0.34620758665959245,-0.4811234112448465,0.24721429129101385,0.9468431983931987,2.83576446802493,0.2529102686001479,1,1,0.7163357138633728,-1.1902235311320801,1.6982911268817347,-1.8611709080138148,-1.5300830046283167,-0.21470767656435186,0.0,0.0,-0.0,0.0,8.062639835770824e-07,0.0,1788853799.175158
2280.6639999999998,-0.34620584358731543,-0.4811191543584675,0.24721082117578502,0.9468570828900084,2.8357519030598723,0.2529266069015385,1,1,0.7163321375846863,-1.1902270180037995,1.698303524647848,-1.8611670933165492,-1.5300830046283167,-0.2147000471698206,0.0,0.0,-7.522702079321153e-12,0.0,0.0,0.0,1788853799.275156
2280.764,-0.3462138319655047,-0.4811106262018623,0.24720495004298018,0.9468777550340121,2.8357351223944245,0.25290038570006657,1,1,0.7163092494010925,-1.1902270180037995,1.698322598134176,-1.8611942730345667,-1.5300677458392542,-0.21470767656435186,0.0,0.0,3.923635700109488e-44,0.0,0.0,0.0,1788853799.3752072
2280.864,-0.3462017131856217,-0.4811225914854109,0.24720396339942435,0.9468326825233125,2.835733492277465,0.25289682917956413,1,1,0.7163357138633728,-1.1902200442603608,1.6983140150653284,-1.8611861668028773,-1.5300505797015589,-0.21471149126161748,0.0,0.0,-0.0,0.0,0.0,0.0,1788853799.4751852
2280.964,-0.34621633710316346,-0.48110920006043045,0.24720046023086747,0.946869279544869,2.835718241017395,0.2529353230234921,1,1,0.7163045406341553,-1.1902165871909638,1.6983140150653284,-1.8611670933165492,-1.5300677458392542,-0.2147148291217249,-5.0209440814796835e-05,0.0,-0.0,0.0,0.0,0.0,1788853799.5751941
2281.064,-0.3462032195875337,-0.48111598210853024,0.24719111639448024,0.9468024714045186,2.8357612199722246,0.2530027187258232,1,1,0.716335654258728,-1.1902045470527192,1.698317829762594,-1.8611585102477015,-1.5301101843463343,-0.2147310415851038,-2.649875750648789e-05,0.0,-0.0,0.0,0.0,0.0,1788853799.675254
2281.1639999999998,-0.3462183512925428,-0.4811227766295818,0.24723973673875344,0.9468796884940796,2.835757807822841,0.2528603442665789,1,1,0.7163200378417969,-1.190245972280838,1.6982563177691858,-1.8611427746214808,-1.5300677458392542,-0.2147000471698206,-2.5223372357846707e-44,0.0,-0.0,0.0,0.0,0.0,1788853799.775203
2281.264,-0.34619907158940744,-0.4811180004881527,0.24721051030386892,0.9468140510966747,2.835742987454244,0.2529289687219345,1,1,0.7163357138633728,-1.1902355712703248,1.6983140150653284,-1.861155172387594,-1.5300677458392542,-0.21472388902773076,0.0,0.0,-0.0,0.0,0.0,0.0,1788853799.8752315
2281.364,-0.34621921667599875,-0.4810981367434719,0.24718472606822903,0.946893339603562,2.8356832373000342,0.2530141161027248,1,1,0.7162888646125793,-1.1902045172503968,1.6983297506915491,-1.8611389599242152,-1.5300796667682093,-0.21470767656435186,0.0,0.0,-0.0,0.0,0.0,0.0,1788853799.9752278
2281.464,-0.346225127579088,-0.48110486334275765,0.24719331691719348,0.9468740958244789,2.835699106933797,0.2529626367387166,1,1,0.7162888646125793,-1.1902010899833222,1.6983068625079554,-1.8611513576903285,-1.5300677458392542,-0.21472388902773076,0.0,0.0,-0.0,0.0,0.0,0.0,1788853800.0752647
2281.564,-0.3462171498455678,-0.48111261765157093,0.24722046259853672,0.9468990523928721,2.835721686131104,0.25291626617476354,1,1,0.7163081169128418,-1.1902355712703248,1.698287312184469,-1.8611389599242152,-1.5300677458392542,-0.21469289461244756,0.0,0.0,-0.0,0.0,0.0,0.0,1788853800.1752322
2281.6639999999998,-0.3462210753909128,-0.48110013159543363,0.24718926023820642,0.9468688354701897,2.835754377344059,0.25300316533198364,1,1,0.7162973284721375,-1.1902080041221161,1.6983297506915491,-1.8611742458739222,-1.530125919972555,-0.21472388902773076,0.0,0.0,-0.0,0.0,0.0,0.0,1788853800.2752798
2281.764,-0.34621989424898225,-0.4811035101518566,0.24720397562333468,0.9468700305413995,2.835702602534175,0.2529512815678266,1,1,0.7162925004959106,-1.1902235311320801,1.6983102003680628,-1.8611394367613734,-1.5300644079791468,-0.21472388902773076,0.0,0.0,-0.0,0.0,0.0,0.0,1788853800.375294
2281.864,-0.34621777805231363,-0.4811230573252833,0.2472248455868683,0.9468366296265426,2.8357638330115953,0.2529083023790957,1,1,0.7163236737251282,-1.1902235311320801,1.6982601324664515,-1.8611389599242152,-1.5300830046283167,-0.21472388902773076,0.0,0.0,-0.0,0.0,0.0,0.0,1788853800.475327
2281.964,-0.34620989841836525,-0.48110399758679284,0.24722465891863116,0.9468437819363167,2.8357411716704273,0.2528936582055784,1,1,0.7163045406341553,-1.1902662974647065,1.698322598134176,-1.861155172387594,-1.5300644079791468,-0.21473580995668584,0.0,0.0,-0.0,0.0,0.0,0.0,1788853800.5753381
2282.064,-0.34622259200978756,-0.4811129675729971,0.2472157887827192,0.9468643167971439,2.83573832858761,0.25285792048753836,1,1,0.7162997126579285,-1.1902286869338532,1.6982982794391077,-1.8611895046629847,-1.5300524870501917,-0.2147277037249964,0.0,0.0,-0.0,0.0,0.0,0.0,1788853800.6753387
2282.1639999999998,-0.34623206875374335,-0.4811268966121005,0.2472829607697237,0.9468851301659954,2.8358316545912374,0.25262846091634616,1,1,0.7163045406341553,-1.1902987223914643,1.6982434431659144,-1.8612386188902796,-1.5300372282611292,-0.2147277037249964,-1.8000410761942476e-07,-0.0002467677986714989,-0.0001957046624738723,-0.0005391082377173007,2.492966029099053e-18,0.0,1788853800.7753475
2282.264,-0.3462439040539125,-0.48116472709663755,0.24735035646487583,0.946866256277002,2.836037562845092,0.25226620136492034,1,1,0.7163416147232056,-1.190343217258789,1.6981776396380823,-1.861425062219137,-1.530043903981344,-0.21473914781679326,0.0003318480448797345,-0.0008296295418404043,-0.0007665381417609751,-0.0017220552545040846,0.0,0.0,1788853800.8753278
2282.364,-0.3462726008501847,-0.48120002108611243,0.24774818524510062,0.9470093284470993,2.8365955401365257,0.25105601995055504,1,1,0.7163524627685547,-1.190858082180359,1.6979826132403772,-1.8616730175414027,-1.5300267378436487,-0.21473914781679326,1.2899834394079787e-25,-0.007209824863821268,-0.0016909941332414746,-0.0007540464866906404,0.00012258491187822074,0.0,1788853800.9753523
2282.464,-0.346338308643718,-0.48127940423782334,0.24807397362734082,0.9471536486427404,2.837011519789827,0.25002981745034814,1,1,0.7163715958595276,-1.1911420089057465,1.697623078023092,-1.8618165455260218,-1.529968563710348,-0.21470767656435186,0.0,-0.00036920703132636845,-0.005183713044971228,-0.0021257922053337097,0.0002197642024839297,0.0,1788853801.0753644
2282.564,-0.34667354570389547,-0.48154414851035526,0.24871159818594202,0.9475290046446823,2.837958906401196,0.24778766378921027,1,1,0.7163249254226685,-1.1912806791118165,1.696357552205221,-1.8621603451170863,-1.5299032370196741,-0.21468907991518194,0.0,-0.0005961965071037412,-0.017665350809693336,-0.0010640796972438693,0.0005036322399973869,0.0,1788853801.1753902
2282.6639999999998,-0.34714607562179645,-0.4819668754652143,0.2496022080741293,0.9478210154724205,2.83927478559752,0.24505144455841174,1,1,0.7163404226303101,-1.1913286012462159,1.6943233648883265,-1.8622666798033656,-1.5299065748797815,-0.21472388902773076,0.0,-0.00027006177697330713,-0.028390731662511826,-0.0017905402928590775,0.00013560235674958676,0.0,1788853801.2753131
2282.764,-0.3480906976698935,-0.48279107329968496,0.2513453989412825,0.9485704332250395,2.8416794397060947,0.23979170991154,1,1,0.7163357138633728,-1.1913729471019288,1.6902578512774866,-1.8623329601683558,-1.5298641363727015,-0.2146857420550745,-0.00010834437125595286,-0.0019487610552459955,-0.057319141924381256,-0.0017840192886069417,0.000257976382272318,0.0,1788853801.37542
2282.864,-0.3497823165369306,-0.48427934161815334,0.2544576576149489,0.9497263661083055,2.8461146554507204,0.23034460363363307,1,1,0.716356098651886,-1.1913729471019288,1.6829374472247522,-1.8625418148436488,-1.5298641363727015,-0.21472388902773076,5.6768803915474564e-05,-0.0002563827147241682,-0.08097875118255615,-0.0003899127768818289,9.340541873825714e-05,0.0,1788853801.4754207
2282.964,-0.35168427577422073,-0.48595203726261343,0.2580361379770496,0.9511190504152819,2.8510152109086,0.2197808556559832,1,1,0.7163800597190857,-1.1913729172996064,1.6745231787311,-1.8625380001463832,-1.5298760573016565,-0.21468907991518194,0.00017106904124375433,1.1210387714598537e-44,-0.08747366070747375,-0.00010235668742097914,8.966160918752895e-20,0.0,1788853801.5754325
2283.064,-0.353842428168703,-0.48783642083900014,0.26209550925706754,0.9525684570175231,2.856492752463383,0.20788257215422223,1,1,0.716388463973999,-1.191273794775345,1.6648829619037073,-1.8624292812743128,-1.5298846403705042,-0.21473580995668584,4.114010152989067e-05,0.000973762827925384,-0.10945671051740646,-1.6110018956582532e-21,0.0,0.0,1788853801.6755064
2283.1639999999998,-0.3562482552184742,-0.48989821111488907,0.26673464764072885,0.9544165265007759,2.862619358871434,0.19428501444989013,1,1,0.7163488864898682,-1.1912582975677033,1.6540935675250452,-1.8624049625792445,-1.5298998991595667,-0.21468907991518194,-3.466123962425627e-05,5.082206189399585e-05,-0.10260450094938278,-0.0,0.0,0.0,1788853801.775465
2283.264,-0.3579245343125178,-0.49138774338277896,0.2700931882714784,0.9555319454532463,2.867073467603646,0.18443552871567617,1,1,0.716388463973999,-1.1912446481040497,1.6463335196124476,-1.8624183140196742,-1.5299084822284144,-0.2147310415851038,0.0,0.0011102056596428156,-0.055659450590610504,-0.0,0.0,0.0,1788853801.8758707
2283.364,-0.35872909340764725,-0.49222969025791913,0.27185463737938,0.9559291796726179,2.869476177798848,0.17931551262535528,1,1,0.7165719866752625,-1.1911934179118653,1.6422150770770472,-1.8624030552306117,-1.5299328009234827,-0.21472055116762334,0.000627746747341007,0.0004454953595995903,-0.03259510174393654,-0.0,-0.00010630923497956246,0.0,1788853801.9754906
2283.464,-0.35911497646013746,-0.4930697466780029,0.2731456120072234,0.9554462928154782,2.8716125403677757,0.17567520278367715,1,1,0.7172313332557678,-1.1910087925246735,1.6389935652362269,-1.862345357934469,-1.5300558249102991,-0.2147429625140589,0.01397149171680212,0.0010972367599606514,-0.029888629913330078,1.403769968972222e-26,-0.0003065306518692523,0.0,1788853802.0754955
2283.564,-0.35946079037516354,-0.4942929065395014,0.274879749662511,0.9544894924805214,2.8744667868391516,0.1706638816471563,1,1,0.7183979153633118,-1.1908067029765625,1.6347482840167444,-1.8623157940306605,-1.5300644079791468,-0.21469289461244756,0.008815066888928413,0.009419208392500877,-0.06422252207994461,0.0003198114281985909,-8.347515540663153e-05,0.0,1788853802.1755006
2283.6639999999998,-0.3608563439038553,-0.4965735407550189,0.2784849868212352,0.953884364277138,2.879926777497972,0.1599266486618569,1,1,0.7197335958480835,-1.1899395448020478,1.6253522078143519,-1.8622766933836878,-1.5300830046283167,-0.21470433870424444,0.018772713840007782,0.010410704649984837,-0.1248931959271431,0.00011729219113476574,-0.00018021582218352705,0.0,1788853802.2755067
2283.764,-0.36333573184546586,-0.49944812171832603,0.28411153005243517,0.9545755865088722,2.8875745652891363,0.14338423396682887,1,1,0.7206122875213623,-1.189193682079651,1.6116040388690394,-1.8622247181334437,-1.5301154295550745,-0.21472388902773076,0.001590913045220077,0.003678880399093032,-0.14189684391021729,9.93470530374907e-05,-7.341372111113742e-05,0.0,1788853802.3755317
2283.864,-0.3658618681940988,-0.502293844104542,0.28918349455914394,0.9552422120957953,2.894477715963088,0.12822682617887426,1,1,0.7213953137397766,-1.1875378352454682,1.597938362752096,-1.8620406589903773,-1.5301669279681605,-0.2147153059588831,0.006568141281604767,0.028851671144366264,-0.12700781226158142,0.0003518526500556618,-0.0001626312587177381,0.0,1788853802.4755259
2283.964,-0.3681514038270565,-0.5045903048165408,0.29198934312771724,0.9558544798664306,2.898686059269748,0.11870272098246729,1,1,0.7217442393302917,-1.184226320391037,1.5871732870685022,-1.861985822717184,-1.5301979223834437,-0.2147000471698206,0.006107657682150602,0.03191426396369934,-0.0776309221982956,0.00015901762526482344,-5.23574162798468e-05,0.0,1788853802.5755608
2284.064,-0.3694627537957877,-0.5068993255053323,0.291974860082978,0.9540719679665914,2.9004565327578815,0.11618724263698735,1,1,0.7231457829475403,-1.1786825221828003,1.5796731154071253,-1.862016340295309,-1.5301483313189905,-0.21472388902773076,0.019590292125940323,0.07012349367141724,-0.07601545006036758,5.517174577107653e-05,-0.0,0.0,1788853802.6755733
2284.1639999999998,-0.3706559452342457,-0.5096108391328952,0.2901164686492505,0.9509901217277267,2.9009414235955675,0.11781981738796395,1,1,0.7251648902893066,-1.1703828138164063,1.5724661985980433,-1.8619924984373988,-1.5301907698260706,-0.21472388902773076,0.022361721843481064,0.10484684258699417,-0.08176372945308685,0.0,-0.0,0.0,1788853802.7755463
2284.264,-0.37290696241648735,-0.5135634805082285,0.28748732035026625,0.9474162005609771,2.9015713703277726,0.11941580738459381,1,1,0.7275137901306152,-1.15777741492305,1.5609906355487269,-1.8620254002013148,-1.530182186757223,-0.21472388902773076,0.019810356199741364,0.1359279751777649,-0.13753074407577515,7.549048343715205e-29,-0.0,0.0,1788853802.8755953
2284.364,-0.3765217634394585,-0.5171413873770758,0.2855868833320444,0.9469136674769655,2.9021498850118563,0.11851687460997812,1,1,0.7279224395751953,-1.1450275641730805,1.5475509802447718,-1.8620406589903773,-1.5301430861102503,-0.21470767656435186,0.00017952907364815474,0.11440148949623108,-0.1371246874332428,0.0,-0.0,0.0,1788853802.9756808
2284.464,-0.3800269768147241,-0.5202440849910454,0.286694658335776,0.9477840752300797,2.9051971277763124,0.11113331106356379,1,1,0.7278876900672913,-1.1368068617633362,1.5336220900165003,-1.8620220623412074,-1.5301483313189905,-0.21469289461244756,-1.7686120656890125e-07,0.05619490146636963,-0.14441895484924316,0.0,-0.0,0.0,1788853803.0756578
2284.564,-0.38291128328181134,-0.5228457584021351,0.2894218461091237,0.9488175376677999,2.9094511652386994,0.10078246090400624,1,1,0.7279152870178223,-1.1320665043643494,1.5209606329547327,-1.8620406589903773,-1.5301364103900355,-0.21472388902773076,0.0001491256698500365,0.040217746049165726,-0.10423837602138519,0.0,-0.0,0.0,1788853803.1756418
2284.6639999999998,-0.38506708044217586,-0.5247720719331798,0.29036609380578565,0.949344405794056,2.9115911095498594,0.0955693662314261,1,1,0.7279152870178223,-1.1272335213473816,1.5121005217181605,-1.8620130024352015,-1.5301411787616175,-0.2147429625140589,4.8554898967267945e-05,0.05533837899565697,-0.06582444906234741,0.0,-0.0,0.0,1788853803.2755983
2284.764,-0.38677777132705987,-0.5262794790572934,0.28929680507221295,0.9494241559871325,2.911614315723741,0.09554173996519617,1,1,0.7278912663459778,-1.1213220816901703,1.5061491171466272,-1.8620130024352015,-1.5301602522479456,-0.21470767656435186,0.0,0.06019240990281105,-0.044579628854990005,0.0,-1.1404859915477535e-39,0.0,1788853803.3756661
2284.864,-0.38763606797602174,-0.5270854531096658,0.2868770230418211,0.9488502523005669,2.909978705289441,0.09971899977483639,1,1,0.7279344797134399,-1.1160852176002045,1.5040987173663538,-1.862009664575094,-1.530163590108053,-0.21473914781679326,-1.6031679479056038e-05,0.04166527837514877,-0.0007797543075866997,0.0,-0.0,0.0,1788853803.4757664
2284.964,-0.38805170687294865,-0.5274500599257093,0.2840730147925611,0.948284479686868,2.9076460758397853,0.10540931729825745,1,1,0.7279224395751953,-1.1116786164096375,1.5040600935565394,-1.862016340295309,-1.5301550070392054,-0.21470433870424444,4.810822429135442e-05,0.04373449459671974,-0.000461985677247867,0.0,-0.0,0.0,1788853803.5757372
2285.064,-0.3883778815237628,-0.5277340191102432,0.28204090544783417,0.9478175709257518,2.905999430692913,0.10946711355266113,1,1,0.727911651134491,-1.1084090036204834,1.5039237181292933,-1.8620373211302699,-1.5301550070392054,-0.21472388902773076,0.0,0.023635491728782654,-0.003186041722074151,0.0,-0.0,0.0,1788853803.6758134
2285.1639999999998,-0.38854428186590506,-0.5279046320000128,0.28180625165023687,0.9477949285390692,2.9058986501603816,0.10974568613829531,1,1,0.7279381155967712,-1.1076385539821167,1.5033462683307093,-1.8620254002013148,-1.530163590108053,-0.21469289461244756,4.836991138290614e-05,0.00023776064335834235,-0.009253967553377151,0.0,1.8318764622183052e-26,0.0,1788853803.775802
2285.264,-0.3889747019016074,-0.528331809730285,0.2827811025705281,0.9479842617455729,2.907091126852276,0.10689631340349744,1,1,0.7279861569404602,-1.107535795574524,1.5010350386248987,-1.861997743646139,-1.530151669179098,-0.2147277037249964,0.0,0.0015623311046510935,-0.039473917335271835,0.0,0.0,0.0,1788853803.8758023
2285.364,-0.3901854288868428,-0.5294039052447024,0.2853756578811366,0.9488421387772525,2.910188926978582,0.09925676805206496,1,1,0.7279753088951111,-1.1072705549052735,1.494925324116842,-1.8620082340636195,-1.5301483313189905,-0.21472055116762334,0.0001410959375789389,0.0028061107732355595,-0.07280283421278,5.761546351124025e-09,0.0,0.0,1788853803.97583
2285.464,-0.39153910787231594,-0.5306198667430772,0.28823565771025783,0.9497281278611529,2.913588928767362,0.09083647923906377,1,1,0.7279825210571289,-1.106840805416443,1.4880054632769983,-1.8619567356505335,-1.5301411787616175,-0.2147277037249964,5.0027196266455576e-05,0.01412112731486559,-0.0706617534160614,0.00036927673500031233,0.0,0.0,1788853804.0758755
2285.564,-0.39336788019564534,-0.5324373806122049,0.2895847701969739,0.9500706818865287,2.9161041179551823,0.08503074934135242,1,1,0.7282018661499023,-1.103019581442215,1.4795954863177698,-1.8618542156615199,-1.5302026907550257,-0.21470767656435186,0.0017627322813495994,0.06067148223519325,-0.10388052463531494,0.00030974845867604017,0.0,0.0,1788853804.1757724
2285.6639999999998,-0.3966127248390903,-0.535918745966884,0.28846216104370803,0.9494313024377962,2.9176270823112493,0.08201125336551773,1,1,0.7288529276847839,-1.0918027323535462,1.466067139302389,-1.8618608913817347,-1.5301602522479456,-0.21469289461244756,0.009229609742760658,0.1512383222579956,-0.1567186564207077,0.00026494203484617174,-5.107080869493075e-05,0.0,1788853804.2758226
2285.764,-0.4005444051470567,-0.5394751008394438,0.2850373296819494,0.9491985541750148,2.9171392338494218,0.08336269466730459,1,1,0.728885293006897,-1.076989160185196,1.4523018042193812,-1.8618904552855433,-1.530151669179098,-0.21469289461244756,-0.0012135717552155256,0.13727475702762604,-0.10682006925344467,-4.533993705990724e-05,-0.0,0.0,1788853804.375867
2285.864,-0.4024085317359023,-0.5411974924922432,0.2816619896383574,0.9485730554840154,2.9154501988068326,0.08772206329266483,1,1,0.7289379835128784,-1.067909614448883,1.446578327809469,-1.8619209728636683,-1.5301364103900355,-0.2147310415851038,0.0009267390705645084,0.05504738911986351,-0.012344582006335258,-3.010428736160975e-05,-0.0,0.0,1788853804.475774
2285.964,-0.40285359168908036,-0.5415844039582659,0.27836335905619475,0.9478969913234394,2.912870764681308,0.09430606038500068,1,1,0.7289296388626099,-1.062910870914795,1.446564022694723,-1.8619123897948207,-1.530189339314596,-0.21472007433046514,9.843478619586676e-05,0.04943766072392464,-3.0383254852495156e-05,-8.511711080063231e-40,-0.0,0.0,1788853804.5757878
2286.064,-0.4031239989288108,-0.5418477029425284,0.276192990002815,0.9473663702717988,2.9111028397091805,0.09855833544887854,1,1,0.7289415597915649,-1.0596214097789307,1.4465492407428187,-1.8618971310057582,-1.5301244894610804,-0.21473914781679326,1.2415943965094211e-31,0.013341251760721207,-4.521373921306804e-05,-0.0,-0.0,0.0,1788853804.6757748
2286.1639999999998,-0.4032176565509045,-0.5418992630350726,0.2756642511700798,0.9473179340689035,2.910696730702218,0.09960251913305655,1,1,0.7289092540740967,-1.0588045877269288,1.4465253988849085,-1.8619090519347132,-1.5301550070392054,-0.2147310415851038,-0.00024651444982737303,0.0038790153339505196,-0.00020915943605359644,-0.0,-0.0,0.0,1788853804.775765
2286.264,-0.4033051081489531,-0.5419453652135626,0.2751166489978236,0.9472611660051982,2.910216198829528,0.1006821745292392,1,1,0.7288696765899658,-1.0579809707454224,1.446528736745016,-1.8618971310057582,-1.5301364103900355,-0.21472388902773076,-9.454528481001034e-05,0.013006354682147503,-0.00011509375326568261,-0.0,-0.0,0.0,1788853804.875801
2286.364,-0.4034798624908332,-0.5420279814711668,0.27410623248354693,0.9471915976308641,2.909389472057408,0.10267688206636941,1,1,0.7287894487380981,-1.0564481777003785,1.4465215841876429,-1.8619090519347132,-1.5301621595965784,-0.21470433870424444,-4.5218745071906596e-05,0.014744590036571026,-0.0,-0.0,-0.0,0.0,1788853804.975819
2286.464,-0.40348727893356273,-0.542060198859066,0.2739440010230818,0.9471326850052753,2.9092666112116072,0.1029848152939163,1,1,0.7288169860839844,-1.0561965864947815,1.4465130011187952,-1.8619138203062953,-1.5301550070392054,-0.21469289461244756,0.0,-0.00012074984260834754,-0.0005053318454883993,-0.0,-0.0,0.0,1788853805.0758445
2286.564,-0.4034727348634563,-0.5420849985835764,0.2739754324913845,0.9470142365814775,2.909336963052362,0.10287877934880944,1,1,0.7288577556610107,-1.0562120837024231,1.4464691321002405,-1.8619281254210414,-1.5301430861102503,-0.21473914781679326,0.0005150724900886416,-9.972789424565347e-25,-0.00010052147990791127,-0.0,-0.0,0.0,1788853805.1758416
2286.6639999999998,-0.4034573995412181,-0.5420961747109292,0.2739920748987224,0.9469711429797975,2.9093601649711713,0.10285190594217143,1,1,0.728885293006897,-1.0562307995608826,1.4464576880084437,-1.861917635003561,-1.5301397482501429,-0.2147429625140589,0.00014820806973148137,0.0,-0.00011689643724821508,-0.0,-0.0,0.0,1788853805.2759333
2286.764,-0.40347088724247365,-0.542081734823764,0.2739759528162497,0.9470395301652583,2.9093220087112193,0.10292985512788093,1,1,0.7288577556610107,-1.0562154811671753,1.446465317402975,-1.861889978448385,-1.5301550070392054,-0.21472055116762334,0.0,0.0,-0.000137057519168593,-0.0,-0.0,0.0,1788853805.3759415
2286.864,-0.40342498394842163,-0.5421272064364395,0.2739624798121995,0.9469216816344914,2.909347459359746,0.10287911386954908,1,1,0.728950023651123,-1.0561881226352234,1.446465317402975,-1.8619405231871546,-1.530121151600973,-0.21470767656435186,0.0028441695030778646,0.0,-8.053811325225979e-05,-3.317249530621069e-10,-0.0,0.0,1788853805.475996
2286.964,-0.4032620805053725,-0.5422540289374911,0.27400792582299266,0.9464609699625102,2.9095314495499074,0.10284187762811123,1,1,0.7292568683624268,-1.0562257927707215,1.4464100042926233,-1.861889978448385,-1.530121151600973,-0.21472388902773076,0.0012603133218362927,6.505115743493661e-05,-0.00042324268724769354,-0.0,0.0,0.0,1788853805.5760071
2287.064,-0.40329279927750294,-0.5422340219533408,0.2739715581504755,0.9465077835921617,2.9095310603861955,0.10292760519674352,1,1,0.7292102575302124,-1.056179479961731,1.4464266935931605,-1.8619123897948207,-1.5301669279681605,-0.21473962465395147,1.3394981079810834e-36,6.428796768886968e-05,3.2476920750923455e-05,-0.0,0.0,0.0,1788853805.6759057
2287.1639999999998,-0.40317673450397035,-0.5423121471887444,0.27397251021221725,0.9462583595430423,2.9095792590997074,0.10292476508565014,1,1,0.7294092178344727,-1.0561949771693726,1.4464462439166468,-1.8619057140746058,-1.5301278273211878,-0.21470767656435186,0.0008666037465445697,0.0,1.1581267244764604e-05,-0.0,0.0,0.0,1788853805.7759137
2287.264,-0.4032585545231563,-0.5422511682401533,0.27394938910995653,0.9464263727061741,2.909505729096472,0.10301006450707113,1,1,0.7292617559432983,-1.0561639827540894,1.4464462439166468,-1.8618775806822718,-1.530151669179098,-0.21473580995668584,-1.7540225302458584e-19,0.0005268194945529103,-0.0,-0.0,0.0,0.0,1788853805.876011
2287.364,-0.4030600050348006,-0.5423942882618699,0.27393391424761726,0.9459246771912719,2.9096880574578097,0.10306134400575055,1,1,0.7296251058578491,-1.0561555188945313,1.446472469960348,-1.8619004688658656,-1.5301669279681605,-0.21472055116762334,0.0018661987269297242,9.295496420236304e-05,-6.806875171605498e-05,-0.0,1.401298464324817e-45,0.0,1788853805.9760368
2287.464,-0.4030918634728138,-0.5423903819932533,0.2739513682550083,0.9459945586178709,2.909683219442243,0.1030265735650605,1,1,0.7295891046524048,-1.0561400216868897,1.446406666432516,-1.8618775806822718,-1.5301702658282679,-0.21471149126161748,-0.00017964579456020147,5.1899747631978244e-05,-3.532133632688783e-05,-0.0,0.0,0.0,1788853806.0759995
2287.564,-0.40305033937355017,-0.5424284597397385,0.2739196994474531,0.9458747381694758,2.909675975363998,0.10303894894464384,1,1,0.729668140411377,-1.0560955566218873,1.4464171568499964,-1.8619042835631312,-1.530133072529928,-0.21470767656435186,0.0002686427324078977,0.0010115441400557756,-0.0,-0.0,0.0,0.0,1788853806.1760147
2287.6639999999998,-0.4030815103006986,-0.5424199154945877,0.2738747489070089,0.9458982891234661,2.909660993219858,0.10316735512635437,1,1,0.7296334505081177,-1.0560150903514405,1.446395222340719,-1.8618880710997523,-1.530175511037008,-0.21472388902773076,-5.592324970075599e-14,0.00638579810038209,-5.0607935619950695e-09,-0.0,0.0,0.0,1788853806.2759764
2287.764,-0.4031163009063066,-0.5425901065525218,0.2728649511471328,0.9454421904211027,2.9089156908931444,0.1052260172260243,1,1,0.7297891974449158,-1.054501251583435,1.446402374898092,-1.8618422947325648,-1.5301788488971155,-0.2147277037249964,0.0012786597944796085,0.026184460148215294,-0.0,2.95571557152911e-34,0.0,0.0,1788853806.3760564
2287.864,-0.40348411842087245,-0.5429375918970488,0.2703504181556206,0.9449236971304924,2.9069561211654453,0.1100241756758074,1,1,0.7298049926757812,-1.0505163234523316,1.4461310545550745,-1.8618766270079554,-1.5301702658282679,-0.2147000471698206,0.00012940769374836236,0.05525646731257439,-0.011307789944112301,0.0,-7.132310489280959e-15,0.0,1788853806.4760551
2287.964,-0.40447853153302826,-0.5438276049867102,0.267756507342109,0.9444548208857256,2.9053673052710383,0.11390231173631007,1,1,0.7297964096069336,-1.0447471302798768,1.4434054533587855,-1.8619352779784144,-1.530151669179098,-0.21472388902773076,6.523861403949228e-33,0.0522824227809906,-0.04232272505760193,0.0,-0.0,0.0,1788853806.5760932
2288.064,-0.40595399380327213,-0.5451555388558349,0.26657743846586657,0.9443931820259412,2.905347012213248,0.1139374666452411,1,1,0.7297942638397217,-1.0393169087222596,1.438000504170553,-1.8619209728636683,-1.5301244894610804,-0.21475011507143194,0.0009155861334875226,0.06183009594678879,-0.07663001865148544,0.0,-0.0,0.0,1788853806.676093
2288.1639999999998,-0.4084437845620119,-0.5473861394927478,0.2663537079454378,0.9448332344354183,2.9069048175428183,0.11018707549800497,1,1,0.7297891974449158,-1.0322564405253907,1.428032700215475,-1.8619090519347132,-1.5301364103900355,-0.21472388902773076,8.20088607724756e-05,0.07265365123748779,-0.11496695876121521,0.0,-0.0,0.0,1788853806.7760215
2288.264,-0.41114210859932365,-0.5497421476925389,0.26721470309298795,0.9456245071099383,2.909531428108507,0.10374999775731016,1,1,0.7297173738479614,-1.0259871643832703,1.416809384022848,-1.8619057140746058,-1.5301550070392054,-0.21472388902773076,-0.0003334247739985585,0.04656345024704933,-0.10087083280086517,0.0,-0.0,0.0,1788853806.8761146
2288.364,-0.4124775153912273,-0.5509978987320807,0.2682919860532772,0.9460399275543286,2.9114538697072594,0.09904962919684765,1,1,0.7297773361206055,-1.0234802526286622,1.410696808491842,-1.8618937931456507,-1.5301364103900355,-0.21472007433046514,0.0005509649636223912,0.0006746282451786101,-0.009355154819786549,0.0,-0.0,0.0,1788853806.9760442
2288.464,-0.41254128532459333,-0.5509573323432471,0.26822926252158347,0.9461731761710316,2.9113525644908838,0.09921005197680975,1,1,0.7296717166900635,-1.0233913224986573,1.410696808491842,-1.8618642292418421,-1.530151669179098,-0.21472388902773076,-0.004936672281473875,0.0005329210544005036,0.00019431371765676886,0.00020036454952787608,-0.0,0.0,1788853807.076069
2288.564,-0.4126786433644928,-0.550840188112424,0.2681576726915201,0.9465249169033744,2.911116005546597,0.09943341089776514,1,1,0.7294056415557861,-1.0233228963664551,1.4107373396502894,-1.8617855511107386,-1.530144993458883,-0.2147277037249964,-0.001225408399477601,0.0020210605580359697,0.0006812879582867026,0.0013859664322808385,-0.0,0.0,1788853807.1760275
2288.6639999999998,-0.4129566779441059,-0.5505858558389021,0.2680508427099786,0.9472903213542564,2.91067335764027,0.09980903274728692,1,1,0.7288506031036377,-1.023259477024414,1.4108522574054163,-1.8616525135436,-1.5301483313189905,-0.21472388902773076,-0.007014497183263302,0.00016563516692258418,0.0007973139872774482,0.0014861972304061055,-0.0,0.0,1788853807.2760901
2288.764,-0.41357547762163577,-0.5501145129133668,0.2676189655643369,0.9487996057464348,2.9096298076224265,0.10090997652846354,1,1,0.7277185916900635,-1.0227390092662354,1.4109814802752894,-1.861405988732809,-1.5301483313189905,-0.21472388902773076,-0.012696395628154278,0.0047515747137367725,0.0021274921018630266,0.0025375012774020433,-0.0,0.0,1788853807.3760898
2288.864,-0.41458737841706456,-0.5494663625014172,0.2665021069474107,0.9510119530739687,2.9078053602178136,0.10321471291844406,1,1,0.7260053753852844,-1.0212301772883912,1.4111717383014124,-1.8612672291197718,-1.530163590108053,-0.21472388902773076,-0.017670365050435066,0.029238499701023102,0.0013006931403651834,0.0006249455618672073,-0.0,0.0,1788853807.4761043
2288.964,-0.4152497210699867,-0.5492777231608534,0.2642328235839373,0.9517790457417744,2.9054970352962095,0.10761580726551828,1,1,0.7251361608505249,-1.0180586141398926,1.4114592711078089,-1.8612834415831507,-1.530121151600973,-0.21470767656435186,-0.0007415724685415626,0.03140835091471672,0.006444246508181095,9.549308015266433e-05,-0.0,0.0,1788853807.5761135
2289.064,-0.4153829048848546,-0.5494745741246938,0.2603491442771001,0.9507145551266362,2.902317234572156,0.11553265530637914,1,1,0.7252199649810791,-1.0129811328700562,1.4124706427203577,-1.8612944088377894,-1.5301244894610804,-0.2147429625140589,0.0008956757374107838,0.06326179951429367,0.0017109457403421402,9.267096902476624e-05,-0.0,0.0,1788853807.676128
2289.1639999999998,-0.4157613931820814,-0.549742031100194,0.257139288424618,0.9501530023034668,2.8997300095397573,0.1216971737406384,1,1,0.7251409292221069,-1.0082439345172425,1.4124944845782679,-1.8613106213011683,-1.5301278273211878,-0.21472388902773076,-0.0004455410235095769,0.0416623055934906,8.872244507074356e-05,4.5741477128682344e-26,0.0,0.0,1788853807.776139
2289.264,-0.41614606004976823,-0.5500555390303763,0.253562322713516,0.9494385773299153,2.896829300797825,0.12853658943769442,1,1,0.7251013517379761,-1.0029510420611878,1.4124906698810022,-1.861307283441061,-1.5300968329059046,-0.21470767656435186,-0.0001170179239124991,0.06308314204216003,0.0003437170817051083,0.0,0.0,0.0,1788853807.876228
2289.364,-0.41647818127374553,-0.5503595409370847,0.25000991010290435,0.9486643443953774,2.893972668750037,0.13532005539028905,1,1,0.7251049280166626,-0.9977367681315918,1.412551228200094,-1.8613344631590785,-1.5300796667682093,-0.21469289461244756,-3.343586649862118e-05,0.029808001592755318,0.0008431499009020627,0.0,3.927601374763527e-40,0.0,1788853807.976241
2289.464,-0.41653294362224913,-0.5504014795850718,0.24943154797685457,0.948501472515796,2.8935112558390608,0.13636409245748202,1,1,0.725092887878418,-0.9969020646861573,1.412590805684225,-1.8613821468748988,-1.5300524870501917,-0.2147277037249964,-9.041008190761475e-37,-0.0010389332892373204,0.00011761866335291415,2.614581489979173e-06,6.87693536747247e-05,0.0,1788853808.0762384
2289.564,-0.4165811025833036,-0.5503460450708575,0.2494221991199331,0.9486439452486503,2.893404166973424,0.1364209336721947,1,1,0.724981427192688,-0.9969174426845093,1.4126270453082483,-1.8613397083678187,-1.530031983052389,-0.2147310415851038,-0.004092496354132891,4.297573832445778e-05,0.0007621381082572043,0.0,9.08726142370142e-05,0.0,1788853808.1762028
2289.6639999999998,-0.41720662928767416,-0.5498567917139566,0.2493889206400631,0.9503340333606531,2.8927503395636798,0.1364152512752494,1,1,0.7238257527351379,-0.996902124290802,1.4126785437213343,-1.8613397083678187,-1.5300200621234339,-0.2147000471698206,-0.01631617546081543,0.0,0.0009487377246841788,0.0,6.852073420304805e-05,0.0,1788853808.2762082
2289.764,-0.41819477137258576,-0.549097808634184,0.24939141705888196,0.9529054521315272,2.8918244807085207,0.1362391386476565,1,1,0.722016453742981,-0.9969226282886048,1.412710968648092,-1.8613745174803675,-1.5300043264972132,-0.2147153059588831,-0.021196309477090836,0.0,0.00037651354796253145,0.0,0.0,0.0,1788853808.3762774
2289.864,-0.4190725549759892,-0.5484051273627764,0.24937658595357137,0.9552083992822394,2.8910088810911976,0.13620133125781997,1,1,0.7203976511955261,-0.996941403751709,1.412773911152975,-1.8613821468748988,-1.5300472418414515,-0.2147277037249964,-0.0026804411318153143,0.0,0.00037295458605512977,0.0,0.0,0.0,1788853808.4762192
2289.964,-0.41892826050580595,-0.5483985843227531,0.24921344726973504,0.9550109351001407,2.890829219411973,0.13664296284146257,1,1,0.7205249071121216,-0.9969345492175599,1.4131305853473108,-1.8613854847350062,-1.5300043264972132,-0.21469623247255498,0.0004080880025867373,0.0,0.012604878284037113,0.0,0.0,0.0,1788853808.5761905
2290.064,-0.41845484209127354,-0.5479725110801681,0.24817959382643523,0.954672173557033,2.8895771541580104,0.13965052059250452,1,1,0.7205177545547485,-0.9969534438899537,1.4154842535602015,-1.861401697198385,-1.5300267378436487,-0.2147000471698206,0.00011036249634344131,-2.4082853997242637e-05,0.03409397602081299,0.0,0.0,0.0,1788853808.6762855
2290.1639999999998,-0.4178129194869628,-0.5475971861055962,0.2470248149447249,0.9539355170003402,2.8882778761823653,0.14301224773647334,1,1,0.7207287549972534,-0.996941403751709,1.4180620352374476,-1.861394544641012,-1.5300286451922815,-0.2147310415851038,0.0025364139582961798,-1.0300958820153028e-05,0.010123450309038162,0.0,5.6202164097759674e-14,0.0,1788853808.7763002
2290.264,-0.4176801744481772,-0.5476488054024643,0.24698960121598235,0.9536649211701861,2.888347139900351,0.14314841258271116,1,1,0.7209192514419556,-0.9969807428172608,1.4182055632220667,-1.8614183864989222,-1.5300505797015589,-0.21472388902773076,4.9955170771306915e-33,0.0001787394139682874,0.00018627065583132207,0.0,0.0,0.0,1788853808.876329
2290.364,-0.41765842167363604,-0.547662743694434,0.2470067282428084,0.9536062598767255,2.8883579135964537,0.1431546271014732,1,1,0.7209550738334656,-0.9970012468150635,1.418189827595846,-1.8613749943175257,-1.530043903981344,-0.2147277037249964,4.91602550027892e-05,-0.0001147370130638592,5.201287058298476e-05,-1.4455630024293572e-32,0.0,0.0,1788853808.9762793
2290.464,-0.41768855733764587,-0.5476162570518804,0.24693273767150356,0.9537519766490665,2.888224094730327,0.14333124146872514,1,1,0.7208738923072815,-0.9969482582858582,1.4182756582843226,-1.8613740406432093,-1.530043903981344,-0.21469289461244756,0.0,0.00016015621076803654,0.000246262236032635,-0.0,0.0,0.0,1788853809.0763283
2290.564,-0.4176594052024108,-0.5476532812922822,0.24690366271522762,0.9535701352111242,2.888251246309194,0.1433547578818115,1,1,0.7209407687187195,-0.9968900245479126,1.4182542006122034,-1.8613816700377406,-1.5300253073321741,-0.2147467772113245,0.00021928227215539664,0.0001468151604058221,0.00019093665468972176,6.572089797683392e-43,0.0,0.0,1788853809.1762962
2290.6639999999998,-0.4174556173946236,-0.5477795798073113,0.24685632341830388,0.9531313697173778,2.8883534763729215,0.1435733078318107,1,1,0.7212837934494019,-0.9968729776195069,1.418326203023092,-1.861337801019186,-1.5300472418414515,-0.2147000471698206,0.005597196985036135,0.0005335152382031083,0.000310873962007463,6.320509419310838e-05,0.0,0.0,1788853809.2763054
2290.764,-0.41718433192456855,-0.5479814573252346,0.24681792821353138,0.9523552020407189,2.8885715248883628,0.1437662600370116,1,1,0.7217754125595093,-0.9968250554851075,1.4183266798602503,-1.8612705669798792,-1.5300591627704065,-0.21473962465395147,0.0035655032843351364,0.00035290862433612347,0.0003100286121480167,0.0003695559862535447,0.0,0.0,1788853809.3763113
2290.864,-0.41709793543940593,-0.5480288157984394,0.24670787639449537,0.9521801632774195,2.8884815887180095,0.1441487205406409,1,1,0.7219143509864807,-0.9967053693583985,1.4183700720416468,-1.861155172387594,-1.5300710836993616,-0.21469623247255498,0.00011367299157427624,0.0006861634901724756,0.0003946296637877822,0.0004706559411715716,0.0,0.0,1788853809.4763134
2290.964,-0.41713819940615016,-0.5479932349586666,0.24664205416310675,0.9522309785682492,2.888381978633548,0.14433202143469323,1,1,0.7218366265296936,-0.9966267508319397,1.4183900992022913,-1.8611108265318812,-1.5300796667682093,-0.21472388902773076,-0.00023258576402440667,0.0032763995695859194,0.0006703365361317992,0.0009953486733138561,0.0,0.0,1788853809.576337
2291.064,-0.41715469357581325,-0.5480464840273508,0.24573833046650181,0.9519262331501153,2.8875702394211866,0.14632340707654728,1,1,0.7218797206878662,-0.9953828615001221,1.418497387562887,-1.8609234295287074,-1.5300863424884241,-0.2147310415851038,-3.687754360726103e-05,0.020825892686843872,0.0009882721351459622,0.0034379034768790007,0.0,0.0,1788853809.6763585
2291.1639999999998,-0.4173395420932586,-0.5481710011842653,0.24344719917666235,0.9514489432234954,2.8854922066149475,0.15107366246532333,1,1,0.7218317985534668,-0.9920777839473267,1.4185670057879847,-1.86059631923818,-1.5300677458392542,-0.2147153059588831,-0.00014915871724952012,0.049862124025821686,0.004206814803183079,0.001695046084932983,0.0,0.0,1788853809.776372
2291.2639999999997,-0.4173965915029771,-0.5481882158693264,0.24229207669246577,0.9511857746833663,2.8842942958635414,0.1538509991097756,1,1,0.7217957973480225,-0.9904870551875611,1.4186580816852015,-1.8601252041258753,-1.5300796667682093,-0.21470767656435186,-0.00018892556545324624,-0.00038410769775509834,0.00016904142103157938,0.0002862743567675352,0.0,0.0,1788853809.876373
2291.364,-0.4174165436811974,-0.5481758802036669,0.24226593000977092,0.9512158156689263,2.8842776831329258,0.15396353674025692,1,1,0.721768319606781,-0.9904442590526124,1.4186447302447718,-1.8600899181761683,-1.530118767415182,-0.21471149126161748,-8.171473746187985e-05,0.0,8.250435348600149e-05,0.00028257601661607623,0.0,0.0,1788853809.9763856
2291.464,-0.41746463555531943,-0.5481308915487373,0.2422976028025427,0.951340800262071,2.8841924140177917,0.15390050098124106,1,1,0.7216638326644897,-0.9904939097217103,1.4186409155475062,-1.8600460491576136,-1.5300677458392542,-0.21472388902773076,-0.009700369089841843,0.0,1.8135689025972632e-15,0.0006724870181642473,0.0,0.0,1788853810.0764003
2291.564,-0.41803558148165093,-0.5476257505161115,0.24219861193168357,0.9528758618276106,2.883271452797781,0.15450729920839296,1,1,0.7205403447151184,-0.9904306691936036,1.4186809698687952,-1.859591623345846,-1.5300405661212366,-0.21471149126161748,-0.007003425154834986,0.0003287929284851998,0.00011369769345037639,0.011658606119453907,-2.718851432154745e-28,0.0,1788853810.1764195
2291.6639999999998,-0.4180777296057356,-0.5475032220297381,0.2421229926110438,0.9530348873348142,2.8828192162434383,0.1553675214605252,1,1,0.7203654646873474,-0.9904067081264039,1.4186933676349085,-1.858957429925436,-1.5300558249102991,-0.21470767656435186,-7.075218189100951e-11,0.00010937772458419204,1.676799932840982e-32,0.0015616434393450618,-0.0,0.0,1788853810.2763836
2291.7639999999997,-0.4180308698536071,-0.5475182307753099,0.2421034148703319,0.9528874190391745,2.882804079894754,0.155592488322213,1,1,0.7204325199127197,-0.9903980654529114,1.4186971823321741,-1.858816762963766,-1.5300863424884241,-0.2147310415851038,0.00012908471398986876,9.591931302566081e-05,-0.0,0.0023926454596221447,-0.0,0.0,1788853810.3764956
2291.864,-0.4178804012602027,-0.5474724303346299,0.2419187211444251,0.9525871410010986,2.882072770826569,0.15730386410540484,1,1,0.7205249071121216,-0.9902834457210083,1.4187057654010218,-1.857596059838766,-1.5300572554217737,-0.21470767656435186,1.1956237150261464e-22,0.0002141404547728598,-0.0,0.008206019178032875,-0.0,0.0,1788853810.4763901
2291.964,-0.4178510341255609,-0.5474610900143078,0.24184350787381853,0.9524794734025919,2.8819071243428644,0.15784635424813104,1,1,0.7205474376678467,-0.9902032178691407,1.4186895529376429,-1.857265134850973,-1.530100170766012,-0.21472388902773076,-7.412336708512157e-05,0.0007620310643687844,-0.0,0.0033083877060562372,-0.0,0.0,1788853810.5764515
2292.064,-0.417794352183146,-0.5474843058626574,0.24179000169396797,0.9523663800170067,2.881851109929108,0.1581384022560996,1,1,0.720632791519165,-0.9901517194560547,1.4187057654010218,-1.8571297130980433,-1.5301278273211878,-0.2147000471698206,0.001771489973179996,0.0005599174182862043,-0.0,0.0011859782971441746,-0.0,0.0,1788853810.6764123
2292.1639999999998,-0.4176528472125016,-0.5475653733367134,0.24174194041074468,0.9519955337892901,2.881858258162537,0.15856280672984613,1,1,0.7208689451217651,-0.9901037973216553,1.4186933676349085,-1.8568817577757777,-1.5301788488971155,-0.2147000471698206,0.0049644820392131805,0.0005902779521420598,-0.0,0.005317789502441883,-0.00027586903888732195,0.0,1788853810.77651
2292.2639999999997,-0.41756812684024514,-0.5475429837215634,0.24165618231030817,0.9517775846739251,2.8815344841456767,0.1594413629013889,1,1,0.720928966999054,-0.9900628489306946,1.4187057654010218,-1.856260438958639,-1.5301907698260706,-0.21472388902773076,1.6581072675184856e-29,0.0006103113992139697,-0.0,0.007061672862619162,-8.888191950973123e-05,0.0,1788853810.876429
2292.364,-0.4175284344163664,-0.547529147089844,0.2415200863424739,0.9516645883700721,2.8812820946313495,0.16013445930815762,1,1,0.720956563949585,-0.9899206918529053,1.4187281767474573,-1.8559042416014613,-1.5302184263812464,-0.21472388902773076,-6.735864912983655e-23,0.0016361642628908157,-0.0,0.0017136423848569393,-8.390458236083863e-17,0.0,1788853810.9765348
2292.464,-0.4174435433097782,-0.5475354571207176,0.24136272758292848,0.9514265145572944,2.8809359209170258,0.16108935425621568,1,1,0.7210488319396973,-0.9897495073131104,1.4187129179583948,-1.855330606500143,-1.5302322546588343,-0.21472388902773076,0.0024455685634166002,0.0024764551781117916,-0.0,0.010495690628886223,-0.0004512482264544815,0.0,1788853811.0764825
2292.564,-0.41740327759175133,-0.547504342074294,0.24126759581356771,0.9513168669892351,2.880622092675279,0.16189415644849528,1,1,0.7210573554039001,-0.9896642726710816,1.4186933676349085,-1.8547841511168421,-1.5302560965167444,-0.2147310415851038,0.0006600152119062841,0.0010896541643887758,-0.0,0.003832692513242364,-0.00035965023562312126,0.0,1788853811.1764994
2292.6639999999998,-0.41735700904368633,-0.547476596780744,0.24114408986274577,0.9512027192386449,2.8802816318723856,0.16280312226697702,1,1,0.7210777401924133,-0.9895410102656861,1.4186738173114222,-1.8542057476439417,-1.530295197163717,-0.21472388902773076,0.000774004845879972,0.0007978567155078053,-0.0,0.0025894814170897007,-0.0004527289711404592,0.0,1788853811.2765493
2292.7639999999997,-0.41723132148670516,-0.5475612967842209,0.2409614586875624,0.9508214953865249,2.880282983690113,0.16346912881834233,1,1,0.7213148474693298,-0.9893064063838501,1.4186971823321741,-1.8540455303587855,-1.5304306189166468,-0.21472388902773076,0.005212917923927307,0.00199712417088449,-0.0,0.0017446993151679635,-0.0014673316618427634,0.0,1788853811.376582
2292.864,-0.416805515772035,-0.547862440663828,0.24082312564397465,0.9497052332076664,2.88111650869506,0.16451687925974567,1,1,0.722170889377594,-0.9891302746585389,1.4187129179583948,-1.8539253673949183,-1.5311372915851038,-0.21469289461244756,0.0135238878428936,0.002391253598034382,-3.6763129173778e-05,0.0008235924178734422,-0.017165128141641617,0.0,1788853811.4765713
2292.964,-0.41573092325407174,-0.5486338200216739,0.24072519797292302,0.9467359736501797,2.884108349202722,0.16678479171576563,1,1,0.7244238257408142,-0.9889902633479615,1.4186971823321741,-1.8538910351195277,-1.5334566275226038,-0.2147467772113245,0.03029499389231205,0.0008251325925812125,-4.983572580385953e-05,0.0001855311420513317,-0.028985466808080673,0.0,1788853811.576542
2293.064,-0.4141646016915148,-0.5497054713770106,0.24062967427431414,0.9424846828908348,2.890729441412525,0.17190205988811408,1,1,0.7280207872390747,-0.9888430398753663,1.4186657110797327,-1.8539687595763148,-1.5393407980548304,-0.2147310415851038,0.03692533075809479,0.0012992502888664603,-0.0,8.107400935841724e-05,-0.09417203068733215,0.0,1788853811.6765654
2293.1639999999998,-0.4136668304042501,-0.5499862212827624,0.2406147073833612,0.9411217320604526,2.8947435907513333,0.175295082851002,1,1,0.7294212579727173,-0.9888273638537903,1.4186580816852015,-1.8539887867369593,-1.5433972517596644,-0.2147000471698206,-0.00421289075165987,0.0001139151572715491,2.1885912585206285e-36,0.0,-0.00023749264073558152,0.0,1788853811.776565
2293.2639999999997,-0.4142360302313658,-0.549542909464788,0.24059321023429903,0.9426175909677967,2.8941379986775955,0.1752807547826316,1,1,0.7283661365509033,-0.9888225358775635,1.4186952749835413,-1.8539663753905238,-1.5433734099017542,-0.2147000471698206,-0.009806858375668526,0.00033642566995695233,-0.0,0.0,3.9590682717971504e-05,0.0,1788853811.876537
2293.364,-0.41453791969757586,-0.5493274835273777,0.24058493189632352,0.9433970904490355,2.8938005318916424,0.17520476863536993,1,1,0.7278218269348145,-0.9887938660434266,1.4186695257769983,-1.8539616070189417,-1.543316666279928,-0.21469289461244756,-0.010225031524896622,0.00024234426382463425,8.950935342875342e-22,0.00012879855057690293,0.0003679241635836661,0.0,1788853811.9765897
2293.464,-0.4157848997421484,-0.5483938309735744,0.24046124536266894,0.9465616622176415,2.892157003191426,0.17506452243128087,1,1,0.725505530834198,-0.9886273902705689,1.4186809698687952,-1.853877683679098,-1.5429452101336878,-0.2147277037249964,-0.03128981217741966,0.002385710831731558,-0.0,0.0010963400127366185,0.006545785814523697,0.0,1788853812.076568
2293.564,-0.4173131355875561,-0.5472143004869942,0.24014360717388156,0.9505843544891711,2.8874023426215083,0.17406780768582658,1,1,0.722268283367157,-0.9882597488215943,1.4186847845660608,-1.8529917202391566,-1.5400450865374964,-0.21471149126161748,-0.030956674367189407,0.0025087331887334585,-0.0,0.02081579715013504,0.053091324865818024,0.0,1788853812.1766047
2293.6639999999998,-0.4184791132683681,-0.546368713930238,0.24003006464782903,0.9537921356065381,2.8803706617991014,0.17008549305455903,1,1,0.7192876935005188,-0.9881639045527955,1.4186657110797327,-1.852110048333639,-1.5339558760272425,-0.21470815340151006,-0.03292841091752052,0.0005101698916405439,-0.0,0.00418581860139966,0.06893220543861389,0.0,1788853812.2766426
2293.7639999999997,-0.4194945883567788,-0.5451884944509826,0.23958016825656683,0.9567122299858913,2.873952661102582,0.17194741957974388,1,1,0.7164736390113831,-0.9879364532283326,1.4186809698687952,-1.8485166035094203,-1.5305164496051233,-0.21470433870424444,-0.02933715656399727,0.001090088626369834,-0.0,0.05518176779150963,0.028175868093967438,0.0,1788853812.3766491
2293.864,-0.4188912086842684,-0.5448197446674117,0.23827499047620584,0.9552872842750767,2.868835670091413,0.1813099437226304,1,1,0.7165237665176392,-0.9868347209743042,1.4186847845660608,-1.8417278728880824,-1.5296486059771937,-0.21472388902773076,0.02230692468583584,0.01943376660346985,-0.0,0.08329236507415771,6.464435136877e-05,0.0,1788853812.4766488
2293.964,-0.41581218132063996,-0.5467610633596873,0.23700885338898225,0.9471373210535442,2.8691746755099294,0.18897999274219435,1,1,0.7218003273010254,-0.9854014676860352,1.4186447302447718,-1.8378879032530726,-1.530295197163717,-0.21469623247255498,0.06939490139484406,0.0018583128694444895,-0.00010104153625434265,0.0003985778894275427,-0.014736988581717014,0.0,1788853812.5766697
2294.064,-0.41331050213131565,-0.5485887670446105,0.2369552083047959,0.9404819053813521,2.8744647030539374,0.19212326394803547,1,1,0.7267820835113525,-0.98532588899646,1.4186375776873987,-1.8379465542235316,-1.533588711415426,-0.2147148291217249,0.032646652311086655,0.0014821154763922095,-9.6621148581999e-13,8.003022958291695e-05,-0.04145940765738487,0.0,1788853812.6766624
2294.1639999999998,-0.41296215721769847,-0.5491513041751059,0.23468211784822987,0.9385295303595808,2.8737899916180374,0.19703870058723755,1,1,0.7278590798377991,-0.9819383782199402,1.418628994618551,-1.8380357227721156,-1.5343478361712855,-0.21471149126161748,-0.0034937039017677307,0.059045132249593735,4.226316168403648e-42,-0.00018310458108317107,-7.661819108761847e-05,0.0,1788853812.7766595
2294.2639999999997,-0.4133377514750409,-0.5494784782357442,0.23040544419356232,0.9376023215725818,2.8702449667239742,0.20486596224401277,1,1,0.7278386354446411,-0.9755091232112427,1.4185307661639612,-1.8382021389403285,-1.5343053976642054,-0.21468097368349248,0.0017645644256845117,0.08027787506580353,-0.0004970921436324716,-0.0012267910642549396,1.3337703718777354e-16,0.0,1788853812.8767397
2294.364,-0.4136716217388947,-0.5495557692708186,0.22779945565733678,0.937273628844197,2.8678281100677814,0.20953064307656086,1,1,0.7275663018226624,-0.9716389936259766,1.4185379187213343,-1.8382822475829066,-1.534135643635885,-0.21473437944521123,-0.005221634637564421,0.0007603944395668805,0.0001412051497027278,-0.0008413810865022242,0.004569773096591234,0.0,1788853812.9766805
2294.464,-0.41377522696337693,-0.5494881677069439,0.22775588153285592,0.937598802026368,2.867633214744845,0.20944790105065486,1,1,0.7273758053779602,-0.9715790313533326,1.4185603300677698,-1.83836092571401,-1.5340450445758265,-0.21468764940370733,-0.00010892990394495428,0.00015516538405790925,4.3029333028243855e-05,-0.00034491386031731963,0.0003025199694093317,0.0,1788853813.0766933
2294.564,-0.4137780952080638,-0.549507615173926,0.22774478219598165,0.9375552617143441,2.867655984328457,0.2094407124976863,1,1,0.7273949384689331,-0.9715311092189332,1.4185131231891077,-1.838369985620016,-1.5340483824359339,-0.2147000471698206,9.255427721654996e-05,6.371274503180757e-05,0.0,-8.75689584063366e-05,9.284589032176882e-05,0.0,1788853813.1767585
2294.6639999999998,-0.41376786029374646,-0.5495149309724724,0.22773696720232328,0.9375028719963054,2.867671207041367,0.2094847932441135,1,1,0.7274153828620911,-0.9715190690806885,1.418509308491842,-1.838353773156637,-1.5340636412249964,-0.2147148291217249,0.00015641553909517825,0.0001364523486699909,-0.0,-4.577452900926557e-18,3.525849217145479e-37,0.0,1788853813.2767456
2294.7639999999997,-0.41375524023364113,-0.5495279169077211,0.22762806137079253,0.9374329758199712,2.867568113057921,0.2096993578039215,1,1,0.7274393439292908,-0.9713718456080933,1.4185293356524866,-1.838341852227682,-1.5340450445758265,-0.21471816698183233,5.755857637268491e-05,0.004276135936379433,-0.0,-0.0,0.0,0.0,1788853813.3767433
2294.864,-0.4136306852305972,-0.5496776587031311,0.22727987522963805,0.9369595368626844,2.8674827512736334,0.2104633740311379,1,1,0.7277390956878662,-0.9708245557597657,1.418474022542135,-1.8383070431151332,-1.53412372270693,-0.2147000471698206,0.006566891446709633,0.009036279283463955,-0.0,-0.0,0.0,0.0,1788853813.47676
2294.964,-0.41359514978096973,-0.5498151895795449,0.22688196554371448,0.9365718891870005,2.8672724956678635,0.21113197207746792,1,1,0.7279224395751953,-0.9701337379268189,1.4183185736285608,-1.8383141956725062,-1.5341017881976526,-0.21472722688783819,9.389901242684573e-05,0.0006283778930082917,-0.0033423372078686953,-0.0,-7.581939280498773e-05,0.0,1788853813.576761
2295.064,-0.41365955948994326,-0.5498073340444464,0.22690999109227628,0.9367199216626014,2.867267113440897,0.21097826534171588,1,1,0.7278470396995544,-0.9701097768596192,1.418222729359762,-1.8383456669249476,-1.5340808073626917,-0.21470815340151006,-0.0011022266699001193,0.00013233697973191738,-0.0005878978408873081,-0.0,-2.983996759455712e-27,0.0,1788853813.6768272
2295.1639999999998,-0.4137449575281023,-0.5497642281746951,0.22678445401957653,0.9368621777664272,2.867076698098575,0.21124024203585068,1,1,0.7277149558067322,-0.969907359485962,1.4181883970843714,-1.838297506371969,-1.5340808073626917,-0.2147148291217249,-0.004023682791739702,0.007052033208310604,-0.0006450487417168915,-7.984585814966056e-30,-0.0,0.0,1788853813.776789
2295.2639999999997,-0.41432599469946235,-0.5506503301111896,0.22716351444590588,0.9365266959109642,2.868365131078994,0.20918211850630866,1,1,0.7281333804130554,-0.9682667416385193,1.4147475401507776,-1.838210245172018,-1.5341771284686487,-0.2147310415851038,0.006762756034731865,0.02749674580991268,-0.07201756536960602,0.0007473236182704568,-0.0014965410809963942,0.0,1788853813.8768044
2295.364,-0.41515922827413915,-0.5535432149367012,0.22765310239963432,0.9337984594073722,2.871937195411795,0.20488745604602532,1,1,0.7305263876914978,-0.9632111948779603,1.4056990782367151,-1.837931295434469,-1.5344231764422815,-0.21469289461244756,0.021470874547958374,0.06973523646593094,-0.09347318112850189,0.007502119522541761,-0.004163940437138081,0.0,1788853813.9768026
2295.464,-0.4152585424099635,-0.5534994294686965,0.22623327002784283,0.9323814442062676,2.8659700022773476,0.21826862581007248,1,1,0.7303972840309143,-0.9599480193904419,1.401827637349264,-1.8268619976439417,-1.5345242659198206,-0.21469670930971319,-0.014581622555851936,0.00021571673278231174,0.00028454753919504583,0.1873280107975006,-0.00022625710698775947,0.0,1788853814.0768528
2295.564,-0.4155008110769616,-0.5524682660513677,0.22573412327491027,0.9333336138035339,2.861752585250619,0.22555657217553954,1,1,0.7290135622024536,-0.9599254292300721,1.4018715063678187,-1.8210026226439417,-1.5344165007220667,-0.2147463003741663,-0.0017002769745886326,5.398161374614574e-05,0.00033950465149246156,8.165247709257528e-05,0.00021590235701296479,0.0,1788853814.1768513
2295.6639999999998,-0.41529355672573726,-0.5526101800920433,0.22573874190065085,0.9328689686083593,2.86194932721762,0.22562057579373437,1,1,0.7293769121170044,-0.959952787762024,1.4019034544574183,-1.8210026226439417,-1.5344403425799769,-0.2147148291217249,0.002163009252399206,0.00013656589726451784,0.00010807177750393748,-1.2864401469414588e-05,5.081497147330083e-05,0.0,1788853814.2768302
2295.7639999999997,-0.4152540037794991,-0.55265830235753,0.22577510173694648,0.9327561133199928,2.8620724590765723,0.22553899558788243,1,1,0.7294726967811584,-0.9599718612483521,1.4018529097186487,-1.8210226498045863,-1.5344675222979944,-0.21471149126161748,0.00023849493300076574,7.698008266743273e-05,8.201355376513675e-05,-1.0872254395156958e-40,5.608837233306513e-41,0.0,1788853814.3768
2295.864,-0.4152408090386288,-0.5526584887306272,0.22575299909889243,0.9327092545985155,2.862066880629282,0.22562134834326156,1,1,0.7294881939888,-0.9599563640407105,1.4018767515765589,-1.8210073910155238,-1.5344832579242151,-0.21472388902773076,8.244188938988373e-05,0.00012108421651646495,0.0001020839117700234,-0.0,0.0,0.0,1788853814.4768314
2295.964,-0.41525973875082656,-0.5526310980461698,0.22575045359211016,0.9328273666790855,2.8619918061726697,0.2255810948014955,1,1,0.7294331789016724,-0.9599790138057251,1.4019230047809046,-1.8210331402220667,-1.5344403425799769,-0.21469289461244756,0.0,1.9311273500438597e-12,0.00022210442693904042,-0.0,0.0,0.0,1788853814.5768223
2296.064,-0.41526563210354045,-0.5526224819478811,0.2257295963490109,0.9328371046265167,2.861991514704319,0.22562910556104868,1,1,0.7294212579727173,-0.959959940319397,1.4019439856158655,-1.8210488758482875,-1.5344632307635706,-0.21469670930971319,-9.423979645362124e-05,0.0,0.0003677482018247247,-0.0,0.0,0.0,1788853814.6768754
2296.1639999999998,-0.41526513681506977,-0.5526236968441746,0.22575347893095676,0.9328693313123957,2.8619416172606096,0.22553251477695502,1,1,0.7294127345085144,-0.9599911135486145,1.4019368330584925,-1.8210417232909144,-1.5343926588641565,-0.21468097368349248,-3.8796367187319225e-18,0.0,9.853905794443563e-05,-0.0,1.7994713275015783e-08,0.0,1788853814.77684
2296.2639999999997,-0.4152487784151959,-0.5526354571025014,0.225771306950783,0.9327870445263934,2.8619988786978863,0.22546995142320347,1,1,0.72944176197052,-0.9600186508945008,1.4019439856158655,-1.8210703335204066,-1.5343926588641565,-0.2147148291217249,0.00019982820958830416,0.0,1.0352872621279592e-31,-1.9169373391154237e-13,9.17766010388732e-05,0.0,1788853814.8769248
2296.364,-0.415235394808988,-0.5526277804281197,0.22573263342711897,0.9327705454212554,2.8619560511169317,0.22554622609436703,1,1,0.729445219039917,-0.9599993985942383,1.402005974446432,-1.8210860691466273,-1.5343840757953089,-0.2147148291217249,7.72753483033739e-05,0.0,-0.0,-0.0,0.00013461672642733902,0.0,1788853814.9768832
2296.464,-0.4152498053400172,-0.5526285688899822,0.22574038768829724,0.9328171654013356,2.8619279096781525,0.22553461724337745,1,1,0.7294296622276306,-0.9599874776652833,1.40196401277651,-1.8210555515685023,-1.5343688170062464,-0.21469670930971319,0.0,0.0,-0.0,-0.0,0.00012186687672510743,0.0,1788853815.0769334
2296.564,-0.4152678650714548,-0.5526180877391564,0.22574484865141564,0.9328210939028868,2.861904717855029,0.22551160559755196,1,1,0.7293972969055176,-0.9599874776652833,1.4019516150103968,-1.821043153802389,-1.5343478361712855,-0.21472388902773076,-0.0001500350481364876,0.0,-0.0,-0.0,0.00021917444246355444,0.0,1788853815.1769335
2296.6639999999998,-0.4152623341035693,-0.5526179010260821,0.22575896574440246,0.9328057744577501,2.86189374549961,0.22545113951651682,1,1,0.7293972969055176,-0.9600150746158143,1.40196401277651,-1.8210517368712367,-1.5343120733844202,-0.21473437944521123,-1.8486392744200067e-18,-3.3491033297363128e-43,-0.0,-0.0,0.00040169848944060504,0.0,1788853815.2769833
2296.7639999999997,-0.4152711333060249,-0.5526329914874687,0.2257819328306965,0.9328705800502708,2.8619132952755937,0.22532883398302142,1,1,0.7294021844863892,-0.9600161474994202,1.4019206205951136,-1.8210941753783167,-1.5342915693866175,-0.21469289461244756,0.0,-0.00015648346743546426,-0.0,-0.0002047984307864681,0.00019330615759827197,0.0,1788853815.3769786
2296.864,-0.41526279230443336,-0.552643162984208,0.22581242634283355,0.932858238922763,2.8619450206904173,0.22512241857606985,1,1,0.7294127345085144,-0.9600641888431092,1.4019439856158655,-1.8211938343443812,-1.5342314879046839,-0.2147000471698206,0.0,-0.00017582847794983536,-0.0,-0.0004956216434948146,0.000301561871310696,0.0,1788853815.4769254
2296.964,-0.415282714066738,-0.5526352743162861,0.22582795803069602,0.9329165584171172,2.8619259254544356,0.22500819270614034,1,1,0.7293782234191895,-0.9600796860507508,1.4019401709186,-1.8212348423399867,-1.5341890493976038,-0.21469670930971319,0.0,-7.143522816477343e-05,-0.0,-0.00020720418251585215,0.00012947781942784786,0.0,1788853815.576927
2297.064,-0.41525322524733405,-0.5526407172758625,0.22580995295036738,0.9328058490167338,2.8619315533973526,0.22506031978996063,1,1,0.7294127345085144,-0.9600833219340821,1.401987377797262,-1.8212348423399867,-1.5341857115374964,-0.21473437944521123,0.0,0.0,-0.0,-0.00011685564095387235,7.0328896981664e-05,0.0,1788853815.676937
2297.1639999999998,-0.4152463857596683,-0.5526444462599039,0.22582115622796228,0.9328296858984667,2.8619299241715415,0.2250158393482038,1,1,0.7294212579727173,-0.9601025742343445,1.401994530354635,-1.8212501011290492,-1.5341699759112757,-0.21471149126161748,0.0,0.0,-0.0,-7.201250991784036e-05,0.0,0.0,1788853815.7769725
2297.2639999999997,-0.4152721212767248,-0.55264154361906,0.22582510136433004,0.9328485200064217,2.8619352253210666,0.22500051113224778,1,1,0.7293937802314758,-0.9600797456553956,1.4019478003131312,-1.8212396107115687,-1.5341771284686487,-0.21472722688783819,0.0,0.0,-0.0,-6.332612114811481e-14,1.6143383288133584e-12,0.0,1788853815.8769088
2297.364,-0.4152636965926151,-0.5526487533051982,0.2258405826788154,0.93282923666861,2.861979617823358,0.22497507021649518,1,1,0.7294127345085144,-0.960098997955658,1.4019439856158655,-1.8212501011290492,-1.5341957251178187,-0.21472722688783819,0.0,0.0,-0.0,-0.0,0.0,0.0,1788853815.976936
2297.464,-0.4152793668405772,-0.5526460190329819,0.22581963427457774,0.9328590876111869,2.8619616859427377,0.22497952436658836,1,1,0.7293937802314758,-0.9600606721690674,1.4019368330584925,-1.8212744198241175,-1.5341923872577112,-0.21472388902773076,0.0,-2.196957757405471e-05,-0.0,-0.0,0.0,0.0,1788853816.0769904
2297.564,-0.41526878228808484,-0.5526390066321162,0.22581653984914535,0.9328609485808032,2.8619280876139426,0.22500046681175656,0,2,0.7293937802314758,-0.9600797456553956,1.4019716421710413,-1.8212620220580042,-1.5341737906085413,-0.21471816698183233,0.0,-3.376407676114468e-06,-0.0,-0.0,0.0,0.0,1788853816.1769967
2297.6639999999998,-0.41525044533583,-0.5526535457750642,0.2258256730764223,0.9328310828516849,2.8619591466048537,0.22497659596004996,0,2,0.7294282913208008,-0.9600917857936402,1.4019716421710413,-1.8212744198241175,-1.5341771284686487,-0.21470815340151006,0.0,0.0,-0.0,-0.0,0.0,0.0,1788853816.2770452
2297.7639999999997,-0.41526036961067214,-0.5526402214722644,0.22587944264136445,0.9328895248692602,2.8620010713387916,0.22488006557119408,0,2,0.7294057011604309,-0.9601707023433228,1.4019716421710413,-1.8212782345213832,-1.5341890493976038,-0.2147000471698206,0.0,-0.0007297461852431297,-1.6255062186167878e-43,-0.0,0.0,0.0,1788853816.3770275
2297.864,-0.41527370132862046,-0.5526280017231262,0.22590212902442935,0.9329034337275796,2.8619757417144798,0.2248949948839006,0,2,0.7293782234191895,-0.9601947230151673,1.4019439856158655,-1.821207185784811,-1.534182373677389,-0.2147148291217249,0.0,-0.00015751447062939405,-0.0,-5.7163958183992895e-18,3.825613650265209e-22,0.0,1788853816.477043
2297.964,-0.4152628953181443,-0.5526291418279236,0.22586192502232422,0.9328522604366847,2.8619888744786066,0.22502747586388494,0,2,0.7293972969055176,-0.9601515096477051,1.4019678274737757,-1.8212019405760707,-1.5342314879046839,-0.21472722688783819,0.0,0.0,-0.0,0.00013371679233387113,0.0,0.0,1788853816.5770216
2298.064,-0.4152637047567958,-0.5526291275180637,0.2258808214929992,0.9329133494429787,2.8619585885565715,0.2249480398396752,0,2,0.7293902635574341,-0.9601779145053406,1.4019678274737757,-1.8212129078307093,-1.5341890493976038,-0.21469289461244756,0.0,0.0,-0.0,7.537585770478472e-05,0.0,0.0,1788853816.6770456
2298.1639999999998,-0.41525341923062903,-0.5526397532344058,0.2258415186955676,0.9328167737371263,2.8619244832940947,0.22502769351905616,0,2,0.7294092178344727,-0.9601203364184876,1.4019644896136683,-1.8211904964842738,-1.5341699759112757,-0.2147310415851038,0.0,8.818557328432136e-37,-0.0,7.637494750481244e-28,0.0,0.0,1788853816.7770522
2298.2639999999997,-0.4152568698792812,-0.5526314808384232,0.22583216280932653,0.9328847832593808,2.861889141326755,0.22507015774889919,0,2,0.7293972969055176,-0.9601156276515503,1.4019764105426233,-1.8211780987181605,-1.5341737906085413,-0.21469289461244756,0.0,0.0,-0.0,0.0,2.802596928649634e-45,0.0,1788853816.877064
2298.364,-0.4152271496954213,-0.5526425602116722,0.22584051357630486,0.9327801757892081,2.8619312213646304,0.2250820592368989,0,2,0.7294402122497559,-0.9601431649974366,1.4019988218890589,-1.8211709461607875,-1.5341838041888636,-0.21472388902773076,0.0,0.0,-0.0,0.0,0.0,0.0,1788853816.9770992
2298.464,-0.4152417671928213,-0.5526482751055405,0.2258396402855749,0.9328119688499257,2.8619180869398644,0.2250222229463473,0,2,0.7294282913208008,-0.9601192039302369,1.4019678274737757,-1.8211943111815394,-1.5341580549823206,-0.2147148291217249,0.0,0.00010259407281409949,-0.0,0.0,0.0,0.0,1788853817.0770848
2298.564,-0.4152470311535035,-0.5526362816695002,0.2258287530657459,0.9328338632983104,2.8619178190173953,0.2250526094892347,0,2,0.7294127345085144,-0.9601192039302369,1.4019954840289515,-1.8212090931334437,-1.5341771284686487,-0.2147148291217249,0.0,0.0,-0.0,0.0,0.0,0.0,1788853817.177095
2298.6639999999998,-0.41526986152406775,-0.5526297103727908,0.2258040449595243,0.9328891978615479,2.8618863931927425,0.22511510485981817,0,2,0.729385256767273,-0.9600678247264405,1.4019692579852503,-1.8211938343443812,-1.5341923872577112,-0.2147000471698206,0.0,7.98190085333772e-05,1.4263774573919363e-05,0.0,0.0,0.0,1788853817.2771175
2298.7639999999997,-0.4152601558812139,-0.5526177875237441,0.22580341614582702,0.9328496597125584,2.8618766022390694,0.2251532785137094,0,2,0.7293817400932312,-0.9600953620723267,1.4020102659808558,-1.821174760858053,-1.5341923872577112,-0.21472722688783819,0.0,0.0,8.82099338923581e-05,0.0,0.0,0.0,1788853817.3771286
2298.864,-0.4152348735677151,-0.5526347544579167,0.22581124623225868,0.9328198211713522,2.8619018434374404,0.22512853116029932,0,2,0.729424774646759,-0.9601108592799683,1.4020193258868616,-1.8211904964842738,-1.5341890493976038,-0.21470815340151006,0.0,0.0,-0.0,0.0,0.0,0.0,1788853817.4771495
2298.964,-0.4152459510167231,-0.5526357138071252,0.2258091151978826,0.9327890794807775,2.861891474219052,0.22512090174793775,0,2,0.7294126749038696,-0.9600917857936402,1.4019916693316858,-1.821174760858053,-1.5341737906085413,-0.21473914781679326,0.0,0.0,-0.0,0.0,0.0,0.0,1788853817.577069
2299.064,-0.415269938268924,-0.552625831551829,0.22583274936011946,0.9328684508187479,2.8618981148288,0.22505075879243644,0,2,0.7293782234191895,-0.9601108592799683,1.4019692579852503,-1.8211871586241664,-1.5341737906085413,-0.21472388902773076,0.0,0.0,-0.0,0.0,0.0,0.0,1788853817.6771307
2299.1639999999998,-0.41524113918477995,-0.5526293950186204,0.22581387281861798,0.9328500106172144,2.8618778813426835,0.22515686912622723,0,2,0.7294127345085144,-0.9601108592799683,1.4020069281207483,-1.821155687371725,-1.5341890493976038,-0.21469670930971319,0.0,6.445972935894159e-44,-0.0,0.0,0.0,0.0,1788853817.7771397
2299.2639999999997,-0.41524455797344856,-0.5526344691984849,0.22580249177597939,0.9327870548937116,2.8618842639259543,0.22513675786643345,0,2,0.7294126749038696,-0.9600868982127686,1.401999298726217,-1.821174760858053,-1.5341737906085413,-0.21473914781679326,0.0,0.0,-0.0,0.0,0.0,0.0,1788853817.8771646
2299.364,-0.4152448866648434,-0.5526291424481856,0.22578653375062874,0.9328758922205688,2.8618654187385797,0.2251763741596652,0,2,0.7294092178344727,-0.960076169376709,1.402022663746969,-1.8211938343443812,-1.5341923872577112,-0.21468097368349248,0.0,0.0,-0.0,0.0,0.0,0.0,1788853817.9771678
2299.464,-0.4152587471048636,-0.5526235660992928,0.22581029578332779,0.9328590927516631,2.8618608937451953,0.22513614405570337,0,2,0.7293867468833923,-0.9600953620723267,1.4019916693316858,-1.8211590252318324,-1.5341737906085413,-0.2147148291217249,0.0,0.0,-0.0,0.0,0.0,0.0,1788853818.0771239
2299.564,-0.4152443353443148,-0.5526342693304639,0.22579805354188082,0.9328345966364828,2.861859255043263,0.22516434094680027,0,2,0.7294126749038696,-0.9600797456553956,1.4019954840289515,-1.8211590252318324,-1.5341737906085413,-0.21470433870424444,0.0,0.0,-0.0,0.0,0.0,0.0,1788853818.177184
2299.6639999999998,-0.4152368493258801,-0.5526417357840945,0.22579723169810217,0.9327879280115245,2.8618891650056386,0.2251337434020896,0,2,0.729428231716156,-0.9600797456553956,1.4020031134234827,-1.8211904964842738,-1.5341737906085413,-0.21472388902773076,0.0,0.0,-0.0,0.0,0.0,0.0,1788853818.2771387
2299.7639999999997,-0.4152371417892232,-0.5526379125750487,0.22579208032817166,0.9327881811250566,2.8619023730666577,0.22518379823710097,0,2,0.729428231716156,-0.960076169376709,1.4020069281207483,-1.8211780987181605,-1.5342043081866663,-0.21472388902773076,0.0,0.0,-0.0,0.0,0.0,0.0,1788853818.3772368
2299.864,-0.4152479028412703,-0.5526241611113893,0.2258143355351651,0.9328650218423873,2.861885652581949,0.22513605091002775,0,2,0.7294008135795593,-0.9601144355586548,1.402015511189596,-1.8211780987181605,-1.5341923872577112,-0.2147000471698206,0.0,0.0,-0.0,0.0,0.0,0.0,1788853818.4772217
2299.964,-0.4152512323326983,-0.5526294975508519,0.22582181556187614,0.9328764567947612,2.8619209328606523,0.22509998445494037,0,2,0.7294057011604309,-0.9601144355586548,1.4020031134234827,-1.821205278436178,-1.534208122883932,-0.21469289461244756,0.0,0.0,-0.0,0.0,0.0,0.0,1788853818.5772398
2300.064,-0.4152412556184956,-0.5526404873490806,0.22581328519590851,0.9328190482863525,2.861918363920887,0.22509500030607288,0,2,0.729424774646759,-0.9600989383510132,1.401999298726217,-1.8212086162962855,-1.5341890493976038,-0.21471149126161748,-7.042683468099907e-33,0.0,-0.0,0.0,0.0,0.0,1788853818.677197
2300.1639999999998,-0.41524490523897356,-0.5526337367071392,0.22580889996511358,0.9328056592076643,2.8618800125447184,0.2250945680330875,0,2,0.7294092178344727,-0.9600989383510132,1.4020069281207483,-1.8211938343443812,-1.5341580549823206,-0.2147310415851038,0.0,0.0,-0.0,0.0,0.0,0.0,1788853818.777245
2300.2639999999997,-0.4152655682504847,-0.5526230625298625,0.2258295340099342,0.9328818824148067,2.861883052137749,0.22511535102751726,0,2,0.7293817400932312,-0.9601107996753235,1.4019692579852503,-1.8211475811400355,-1.5341890493976038,-0.21470815340151006,0.0,0.0,-0.0,0.0,0.0,0.0,1788853818.877262
2300.364,-0.41525220519940353,-0.5526225709001219,0.22580909559254844,0.9328076200644293,2.861897957060958,0.22511932917577848,0,2,0.7293938398361206,-0.9601072830012818,1.4020193258868616,-1.8211938343443812,-1.5341857115374964,-0.2147463003741663,0.0,0.0,-0.0,0.0,0.0,0.0,1788853818.9772646
2300.464,-0.41525889613900263,-0.5526301770573457,0.22580189464458622,0.9328549015675731,2.861867437482002,0.22512827622810616,0,2,0.7293938398361206,-0.960076169376709,1.4019845167743128,-1.8211780987181605,-1.5341737906085413,-0.21471149126161748,0.0,0.0,-0.0,0.0,0.0,0.0,1788853819.0772707
2300.564,-0.4152586574965639,-0.5526137361737089,0.22580612962666163,0.9328935854759058,2.861860837994277,0.22515346040366366,0,2,0.7293782830238342,-0.9601072830012818,1.402022663746969,-1.821174760858053,-1.5341890493976038,-0.2147000471698206,0.0,0.0,-0.0,0.0,0.0,0.0,1788853819.1772468
2300.6639999999998,-0.415244216571901,-0.5526305689654977,0.2258024305502545,0.9328606701416938,2.861871124835063,0.22513355529665857,0,2,0.7294092178344727,-0.9600953620723267,1.402015511189596,-1.8211904964842738,-1.5341771284686487,-0.21469289461244756,0.0,0.0,-0.0,0.0,0.0,0.0,1788853819.2772818
2300.7639999999997,-0.41525051206419533,-0.5526237737174292,0.22578582486105359,0.9328286860384418,2.861868667432457,0.2251792117337635,0,2,0.7293972969055176,-0.9600761097720643,1.402022663746969,-1.8211852512755335,-1.5341890493976038,-0.21472388902773076,0.0,0.0,-0.0,0.0,0.0,0.0,1788853819.3773136
2300.864,-0.41524247225252064,-0.5526305576655439,0.22579925388159977,0.9328447396225419,2.861878165399981,0.22515896304018052,0,2,0.7294126749038696,-0.9600917857936402,1.402015511189596,-1.821181436578268,-1.5341890493976038,-0.2147000471698206,0.0,0.0,-0.0,0.0,0.0,0.0,1788853819.4773555
