controller_time_s,tcp_x,tcp_y,tcp_z,tcp_rx,tcp_ry,tcp_rz,gripper_state,gripper_event_counter,actual_q_0,actual_q_1,actual_q_2,actual_q_3,actual_q_4,actual_q_5,actual_qd_0,actual_qd_1,actual_qd_2,actual_qd_3,actual_qd_4,actual_qd_5,host_receive_time_s
4233.9529999999995,-0.4479339347650145,-0.47796564653286566,0.3397702006375476,1.1350289514369163,2.893883175821004,-0.026728475285231746,0,0,0.6091386675834656,-1.1708225768855591,1.4655287901507776,-1.8609000645079554,-1.5287378470050257,-0.21473962465395147,0.0,0.0,-0.0,0.0,0.0,0.0,1789027627.4531384
4234.053,-0.447923596805535,-0.4779660235709081,0.33956340424738013,1.1349561562070196,2.893607010541364,-0.026071326949112576,0,0,0.609147310256958,-1.1706153613379975,1.4656456152545374,-1.860713621179098,-1.5287311712848108,-0.21472007433046514,0.0002029557217611,0.0034214311745017767,0.0005901023396290839,0.0004312218225095421,0.0,0.0,1789027627.5389204
4234.153,-0.44792952886843396,-0.47796441917880744,0.3395398656010426,1.1350055423478222,2.893569134551302,-0.026020555991486862,0,0,0.6091404557228088,-1.1705865424922486,1.4656570593463343,-1.8607174358763636,-1.5287345091449183,-0.21468907991518194,7.482165528926998e-05,8.238451846409589e-05,0.00011543790606083348,0.0001289170322706923,0.0,0.0,1789027627.639006
4234.253,-0.4479361988208731,-0.47797134830819155,0.3395330102136793,1.134956414170775,2.893590421837368,-0.02601555248027058,0,0,0.609143853187561,-1.1705590945533295,1.465635124837057,-1.860720773736471,-1.5287378470050257,-0.21472007433046514,0.0,1.059603164321743e-05,1.3811966730367897e-16,8.66605276428345e-08,0.0,0.0,1789027627.7389872
4234.353,-0.4479205519593032,-0.47797468737525994,0.33952472917068105,1.1349289441837702,2.8935999446973035,-0.0260032333267494,0,0,0.6091626286506653,-1.1705712240985413,1.465672794972555,-1.860739370385641,-1.528741184865133,-0.21472007433046514,0.0,0.0,-0.0,8.300257115195601e-15,0.0,0.0,1789027627.8391376
4234.4529999999995,-0.4479250243252393,-0.47797737342136765,0.33953154366849936,1.1349254567055804,2.8935936813341616,-0.026039382018409232,0,0,0.6091591715812683,-1.1705676180175324,1.4656537214862269,-1.860739370385641,-1.5287225882159632,-0.21472388902773076,0.0,0.0,-0.0,0.0,0.0,0.0,1789027627.9388795
4234.553,-0.4479353056115555,-0.47795819052532323,0.3395361321760556,1.135004571574276,2.8935813448597174,-0.02602792004112709,0,0,0.6091283559799194,-1.1705865424922486,1.4656694571124476,-1.860739370385641,-1.528741184865133,-0.21470433870424444,0.0,-2.8969186059206965e-31,-0.0,0.0,0.0,0.0,1789027628.03884
4234.653,-0.447923163905315,-0.47797380845122545,0.33953337385273485,1.134926049465539,2.8935784484035665,-0.026015713487656907,0,0,0.6091557741165161,-1.170574740772583,1.4656537214862269,-1.8607117138304652,-1.5287192503558558,-0.21472388902773076,0.0,0.0,-0.0,0.0,0.0,0.0,1789027628.138731
4234.753,-0.4479402747603963,-0.4779656037981734,0.33952867021953836,1.1349418981671713,2.8936017079601033,-0.02604726034424277,0,0,0.6091318130493164,-1.1705627006343384,1.4656570593463343,-1.860758443871969,-1.5287311712848108,-0.2147429625140589,0.0,0.0,-0.0,0.0,0.0,0.0,1789027628.238606
4234.853,-0.4479340673901978,-0.4779558629892049,0.33954890397201776,1.1349871928576156,2.8936045579603373,-0.026030389467076358,0,0,0.6091283559799194,-1.1706021887115021,1.4656603972064417,-1.8607241115965785,-1.5287531057940882,-0.21472007433046514,0.0,0.0,-0.0,0.0,0.0,0.0,1789027628.3385348
4234.9529999999995,-0.4479229282963432,-0.4779747719004189,0.33953279659692326,1.1348971988524907,2.8936356738514326,-0.026011450773740525,0,0,0.6091629862785339,-1.1705747109702607,1.4656603972064417,-1.860739370385641,-1.5287564436541956,-0.2147467772113245,0.0,0.0,-0.0,0.0,0.0,0.0,1789027628.4385629
4235.053,-0.44791526621474037,-0.4779692017272604,0.33956078808738693,1.1349132768065928,2.8936136991851944,-0.026039397193999142,0,0,0.6091593503952026,-1.1706176561168213,1.4656499067889612,-1.8606931171812953,-1.5287345091449183,-0.21473580995668584,0.0,0.0,-0.0,0.0,0.0,0.0,1789027628.5386112
4235.153,-0.44792681274685686,-0.47796661712723826,0.3395618345224909,1.134993692931366,2.8935869622566726,-0.026083854992020438,0,0,0.609143853187561,-1.1706092816642304,1.46564227739443,-1.860720773736471,-1.5287225882159632,-0.21469623247255498,0.0,0.0,4.06031020796624e-30,0.0,0.0,0.0,1789027628.6386108
4235.253,-0.44792181483384846,-0.4779659770792535,0.33951933777229665,1.134945565519904,2.8935534167990324,-0.025967727936109776,0,0,0.6091474890708923,-1.170574740772583,1.4656818548785608,-1.8607050381102503,-1.5287225882159632,-0.2147153059588831,0.0,0.0,8.205317699135216e-30,0.0,0.0,0.0,1789027628.7388744
4235.353,-0.44793513940072405,-0.4779532809572316,0.33952181642868645,1.1350080046964335,2.8935708334472263,-0.0259641027203683,0,0,0.6091246008872986,-1.1705783170512696,1.4656851927386683,-1.8607241115965785,-1.5287564436541956,-0.21470433870424444,0.0,0.0,-0.0,0.0,0.0,0.0,1789027628.838651
4235.4529999999995,-0.44792768710658076,-0.4779682343247574,0.33953046162735884,1.13491121307123,2.893603526653732,-0.026005553195012403,0,0,0.6091474890708923,-1.170574740772583,1.4656623045550745,-1.8607241115965785,-1.5287378470050257,-0.2147467772113245,0.0,0.0,-0.0,0.0,0.0,0.0,1789027628.9385915
4235.553,-0.44794060030406335,-0.47796121089768695,0.3395535745293719,1.1349806662374629,2.893589351753834,-0.026078050689292327,0,0,0.6091246008872986,-1.1705900591662903,1.465635124837057,-1.860727449456686,-1.5287225882159632,-0.21472388902773076,0.0,0.0,-0.0,3.437518932697392e-12,0.0,0.0,1789027629.038494
4235.653,-0.44793034426344,-0.4779520779346682,0.339526280026116,1.1349527970023439,2.893594861559744,-0.025954655142372763,0,0,0.6091281771659851,-1.1705900591662903,1.4656890074359339,-1.8607117138304652,-1.5287616888629358,-0.21473962465395147,0.0,0.0,-0.0,0.0,0.0,0.0,1789027629.1384885
4235.753,-0.4479306029866668,-0.47796882527535256,0.33952554651513617,1.134957590142309,2.8935865436482153,-0.02597395997989087,0,0,0.6091474890708923,-1.1705627006343384,1.4656537214862269,-1.8607117138304652,-1.5287497679339808,-0.2147153059588831,0.0,0.0,-0.0,0.0,0.0,0.0,1789027629.238535
4235.853,-0.4476196658737241,-0.4782197151689886,0.33948795361031453,1.1340234149376713,2.8938762858329565,-0.02580086412998372,0,0,0.6097463369369507,-1.1705854696086426,1.4657543341266077,-1.8606673679747523,-1.5287497679339808,-0.2147467772113245,0.0071846903301775455,8.957093814387918e-05,0.0008324672235175967,0.0007481933571398258,0.0,0.0,1789027629.3384826
4235.9529999999995,-0.4474173275841021,-0.4783675998055008,0.33939786781104453,1.1335090906300238,2.893887737406523,-0.025420150653558498,0,0,0.6101140975952148,-1.1705472332290192,1.4658611456500452,-1.8605171642699183,-1.5287345091449183,-0.21469623247255498,0.0029778399039059877,0.00020688129006884992,0.0012723907129839063,0.0013515695463865995,0.0,0.0,1789027629.4384718
4236.053,-0.44712228717627633,-0.4783538823261489,0.33893959582409333,1.1329879515521168,2.893525196865242,-0.024007389554995165,0,0,0.6103693842887878,-1.1705507797053833,1.466809097920553,-1.86041321376943,-1.5287893454181116,-0.21468907991518194,0.00943547859787941,-5.3794159612152725e-05,0.0006598662002943456,0.00023284804774448276,0.0,0.0,1789027629.5385356
4236.153,-0.4462701152804827,-0.479151209851634,0.3389938478090222,1.1303811369808632,2.8946511246578024,-0.02412691654951594,0,0,0.6121577620506287,-1.1706069272807618,1.4667852560626429,-1.8604847393431605,-1.5288251082049769,-0.21472388902773076,0.01547366101294756,-0.00023665750632062554,4.7512599849142134e-05,2.5668592570582405e-05,-9.68611057032831e-05,0.0,1789027629.6385481
4236.253,-0.44578638518667923,-0.4795928103224449,0.33911988072121646,1.128953665298374,2.8953832952589136,-0.02451816165911922,0,0,0.6131555438041687,-1.170759068136551,1.4667533079730433,-1.860619684258932,-1.5288217703448694,-0.2147467772113245,0.010711104609072208,-0.0021794515196233988,-0.00033933555823750794,-0.0006246803095564246,-5.2872896048938856e-05,0.0,1789027629.738557
4236.353,-0.4449825517279973,-0.48032226355904944,0.3392709582966285,1.1266653850248534,2.896525197425682,-0.02501113957683937,0,0,0.6148122549057007,-1.1709578794291993,1.4667499701129358,-1.8608433208861292,-1.5288403669940394,-0.21472007433046514,0.02725694701075554,-0.003336464986205101,-6.194923480506986e-05,-0.006896034814417362,-0.0,0.0,1789027629.8387117
4236.4529999999995,-0.44225433108123197,-0.4825672904999108,0.34013022920186003,1.1191502144485928,2.9002545281695262,-0.026808170074715826,0,0,0.6201380491256714,-1.172242448931076,1.4667065779315394,-1.8610030613341273,-1.5288422743426722,-0.2147429625140589,0.08929058909416199,-0.022691499441862106,-3.0954211069911253e-06,-0.00014151645882520825,-5.1144333858060484e-14,0.0,1789027629.9384964
4236.553,-0.4357234294363826,-0.48769435831484015,0.3421639571628039,1.101527790059785,2.908639860659379,-0.030586954726562074,0,0,0.6326090693473816,-1.1754706066897889,1.4667647520648401,-1.8609515629210414,-1.5288217703448694,-0.2147310415851038,0.15084967017173767,-0.038943834602832794,-0.0,-9.449274512007833e-05,-0.0,0.0,1789027630.038481
4236.653,-0.42689121742998015,-0.4942098696321735,0.3455219754721186,1.0783832770576027,2.920079435666395,-0.03709198646675938,0,0,0.6490461826324463,-1.1807306569865723,1.466776196156637,-1.8609563312926234,-1.528837029133932,-0.21471149126161748,0.165321484208107,-0.06649614125490189,8.652256656205282e-05,-8.418542142510437e-25,-0.0,0.0,1789027630.1384335
4236.753,-0.41743153548949297,-0.5004156808265899,0.35039916104728536,1.0549508332176334,2.932599118887176,-0.04683754493459907,0,0,0.6658133268356323,-1.188385323887207,1.466792408620016,-1.8609563312926234,-1.5288522879229944,-0.2147000471698206,0.1693195104598999,-0.08522991836071014,5.5484077165601775e-05,-0.0,-0.0,0.0,1789027630.2385426
4236.853,-0.4089343065367724,-0.5051774791784007,0.35629191663665083,1.0353361676793604,2.944361913578361,-0.0589208897685246,0,0,0.6800018548965454,-1.1976205271533509,1.4667695204364222,-1.860985895196432,-1.528912369404928,-0.2147277037249964,0.12357114255428314,-0.0944455936551094,1.5934103430481628e-05,-0.0,-0.0006466501508839428,0.0,1789027630.338506
4236.9529999999995,-0.4017751957600734,-0.5094514749826465,0.35998806140655126,1.0178923254350185,2.9533668710996785,-0.0662792489553089,0,0,0.6923876404762268,-1.203459159736969,1.4667728582965296,-1.860889574090475,-1.529109303151266,-0.21469289461244756,0.1426040381193161,-0.02186444401741028,-0.0,-1.1487942340907967e-37,-0.0010630482574924827,0.0,1789027630.4385326
4237.053,-0.3940908604284879,-0.5153080184293924,0.3602521961934949,0.9958613654863706,2.9607449833529342,-0.06667869131476113,0,0,0.7072475552558899,-1.2038972836783906,1.466809097920553,-1.8609239063658656,-1.5290887991534632,-0.2147000471698206,0.13221649825572968,4.915617319056764e-05,0.0006849290803074837,-0.0,-9.979990136343986e-05,0.0,1789027630.5384574
4237.153,-0.3883189935615601,-0.519667751680807,0.36025831160286254,0.979206749069233,2.9660399848835723,-0.06659914168281217,0,0,0.7183919548988342,-1.2039151948741456,1.4668286482440394,-1.8609634838499964,-1.5290582815753382,-0.2147429625140589,0.09780184924602509,-0.00015699098003096879,9.610571578377858e-05,-0.0,-4.974283733123877e-21,0.0,1789027630.6390538
4237.253,-0.3835900427112186,-0.5231714001876788,0.36028786548475533,0.9657327941584718,2.9703031696193203,-0.06656823944306904,0,0,0.7274669408798218,-1.2039390963367005,1.4668052832232874,-1.8609944782652796,-1.529069725667135,-0.2147153059588831,0.09629056602716446,-0.0003385817399248481,7.936981508144711e-19,-0.0,-0.0,0.0,1789027630.738438
4237.353,-0.3768763638648059,-0.5280070363745062,0.3603080366043646,0.9466870831514755,2.976208804925228,-0.06640259209191333,0,0,0.7402227520942688,-1.2039956015399476,1.4668410460101526,-1.8610111675658167,-1.5291159788714808,-0.2147277037249964,0.14666254818439484,-0.0019703968428075314,-1.1115256711491384e-05,-0.00011850238661281765,-0.0,0.0,1789027630.8384705
4237.4529999999995,-0.36843344729944555,-0.5336626674203359,0.36102254306241055,0.9234946067122577,2.983683415764276,-0.06772107459390275,0,0,0.7558136582374573,-1.2051313680461426,1.466853443776266,-1.8610111675658167,-1.529109303151266,-0.21472055116762334,0.1592094749212265,-0.01817031390964985,0.0006037578568793833,-8.560789137845859e-05,-0.0,0.0,1789027630.9385767
4237.553,-0.3586019074143183,-0.5399255893037734,0.36199060208613176,0.8968558338158872,2.9921230678121624,-0.06948083384653386,0,0,0.7736840844154358,-1.2067197126201172,1.4669259230243128,-1.860972066918844,-1.529133145009176,-0.21471673647035772,0.18694837391376495,-0.014212356880307198,0.0008152018999680877,-1.9859480744344182e-05,-0.00016164332919288427,0.0,1789027631.0384793
4237.653,-0.3483609063572811,-0.5458215708921915,0.3630309604632244,0.869913211038187,3.0002656571864756,-0.07123968267675322,0,0,0.7916775345802307,-1.2090918880752106,1.467888657246725,-1.8609873257079066,-1.529078785573141,-0.21472007433046514,0.1692773848772049,-0.03509928286075592,0.007557692937552929,-0.0,-8.09218836366199e-05,0.0,1789027631.138439
4237.753,-0.339861921229533,-0.549450360371531,0.36685615838333663,0.8498580117595562,3.008375684383385,-0.07914568208110952,0,0,0.805319607257843,-1.215697543030121,1.468609635029928,-1.8609444103636683,-1.5291126410113733,-0.2147467772113245,0.09779777377843857,-0.08854516595602036,0.00269692437723279,-0.0,-0.0,0.0,1789027631.2384462
4237.853,-0.333620357822819,-0.55110365674258,0.37181454418431464,0.8370158676520935,3.0157753591706524,-0.08919094121163366,0,0,0.8144097924232483,-1.2240964335254212,1.4692843596087855,-1.8608433208861292,-1.5297983328448694,-0.21472388902773076,0.11467912793159485,-0.05101816728711128,0.015718411654233932,0.0005562497535720468,-0.02190416119992733,0.0,1789027631.338489
4237.9529999999995,-0.3248086343849143,-0.5550767843178079,0.3705676445597738,0.8147479962857102,3.0217982303433644,-0.08372130956604719,0,0,0.8292462825775146,-1.2253880065730591,1.4735234419452112,-1.8608557186522425,-1.531557861958639,-0.21472388902773076,0.15844479203224182,-0.00016463214706163853,0.09298130124807358,3.8467973354272544e-05,-0.000907381356228143,0.0,1789027631.4384317
4238.053,-0.31635874670543135,-0.5573027471291344,0.364893835481064,0.7950257039819928,3.0216171510652763,-0.06715124950065114,0,0,0.8416203856468201,-1.2255100172809144,1.4854348341571253,-1.8609239063658656,-1.5315893332110804,-0.21472388902773076,0.09092098474502563,-0.00020736572332680225,0.13359543681144714,0.0,-8.860241359798238e-05,0.0,1789027631.538431
4238.153,-0.31081918409561704,-0.5564338503846328,0.3575538133400486,0.7851188113466507,3.0173911168462064,-0.04526351885418079,0,0,0.8473629355430603,-1.2265442174724122,1.5020702520953577,-1.8610230884947718,-1.531776253377096,-0.21472388902773076,0.043742839246988297,-0.017709823325276375,0.20697160065174103,-0.0008732322603464127,-0.006181316915899515,0.0,1789027631.6384814
4238.253,-0.30505051846448267,-0.554761607240085,0.34867116629591516,0.7757615359087818,3.0117056932860184,-0.019937280935232154,0,0,0.8525916934013367,-1.2276439231685181,1.5223591963397425,-1.8621708355345667,-1.5318921248065394,-0.21472388902773076,0.06020372360944748,-0.02299865335226059,0.18943849205970764,-0.03410482034087181,-0.0007417435990646482,0.0,1789027631.7385325
4238.353,-0.2987494077125762,-0.551836443544578,0.34470923083527655,0.768333209003098,3.0111164765927003,-0.011739425831333961,0,0,0.8572350144386292,-1.236813263302185,1.5440405050860804,-1.8689528904356898,-1.5320757071124476,-0.21471149126161748,0.03584450110793114,-0.15781733393669128,0.2367943525314331,-0.09656785428524017,-0.007101528812199831,0.0,1789027631.8384411
4238.4529999999995,-0.2917446323947187,-0.5465557615197486,0.34747476674117617,0.7643044739729544,3.0173253388518084,-0.021726538694772524,0,0,0.8605775833129883,-1.258224294786789,1.5679338614093226,-1.8794905147948207,-1.5337837378131312,-0.21472007433046514,0.029919685795903206,-0.2516269385814667,0.2539331912994385,-0.07677371054887772,-0.026410149410367012,0.0,1789027631.9384377
4238.553,-0.2829247125523001,-0.5406263908368735,0.35034342045771805,0.7570048186184526,3.0245654496564534,-0.01890873588342296,0,0,0.866272509098053,-1.2816179257682343,1.5917227903949183,-1.880653520623678,-1.539318863545553,-0.2147310415851038,0.06786388158798218,-0.21469518542289734,0.24325788021087646,-0.0001355316344415769,-0.07911129295825958,0.0,1789027632.0384376
4238.653,-0.27522990642659884,-0.5341316469558627,0.3518315606064427,0.752439020293934,3.0298552202816236,-0.014012849115319892,0,0,0.8699790835380554,-1.3036651474288483,1.6163952986346644,-1.882270952264303,-1.5443499724017542,-0.2147310415851038,0.011911533772945404,-0.20440541207790375,0.21705202758312225,-0.07634923607110977,-0.0027800279203802347,0.0,1789027632.1384404
4238.753,-0.27141273506837377,-0.5298873873412419,0.3552409937882573,0.7536012110595434,3.0383756999109806,-0.042094772239590184,0,0,0.8702941536903381,-1.3217832458070298,1.6360490957843226,-1.9037720165648402,-1.5443456808673304,-0.21472388902773076,0.006622304208576679,-0.144277885556221,0.1598433256149292,-0.3525208532810211,-8.70012299856171e-05,0.0,1789027632.2384858
4238.853,-0.2709174935423688,-0.5295215464277989,0.35827871928994925,-0.7534904971228635,-3.042945944708989,0.09376689688054776,0,0,0.8705215454101562,-1.3303754788688202,1.6490562597857874,-1.9448839626707972,-1.5443347136126917,-0.21469289461244756,0.0006991784903220832,-0.0318223237991333,0.1267847716808319,-0.37855836749076843,-2.3116364582988535e-18,0.0,1789027632.3384292
4238.9529999999995,-0.26998081099326937,-0.5289164956174479,0.3536140830912085,-0.750617864314234,-3.036989690751231,0.1121017287636871,0,0,0.8710760474205017,-1.3307321232608338,1.6658194700824183,-1.9745050869383753,-1.5443862120257776,-0.21473962465395147,0.006634032353758812,0.0006923375767655671,0.2146160751581192,-0.22069987654685974,-0.00016016486915759742,0.0,1789027632.4384744
4239.053,-0.26655125409087255,-0.5261866119764075,0.3435952997753299,-0.7493894616098543,-3.0414545190994353,0.10090362296243403,0,0,0.8725696206092834,-1.3307596159032364,1.6906769911395472,-1.9912463627257289,-1.5443742910968226,-0.21472388902773076,0.019221452996134758,-8.20370260044001e-05,0.2907131314277649,-0.14566999673843384,-5.762058208347298e-05,0.0,1789027632.5384307
4239.153,-0.2619805275901524,-0.5221634324002007,0.33077348732250167,-0.7487334377990419,-3.048647164958107,0.0815754876881015,0,0,0.8741551637649536,-1.3307631772807618,1.7217934767352503,-2.008446355859274,-1.544318977986471,-0.21473962465395147,0.018255241215229034,-2.999286698468495e-05,0.32615169882774353,-0.28329089283943176,-0.0,0.0,1789027632.6384823
4239.253,-0.2594323781669335,-0.5203362622365022,0.3220795860753862,-0.7440948251919349,-3.0411189995059598,0.10607762714645277,0,0,0.8755033612251282,-1.3306793731502076,1.7509177366839808,-2.0552197895445765,-1.5443266073810022,-0.21473962465395147,0.0021720300428569317,0.00028251027106307447,0.25090861320495605,-0.6192100644111633,-0.0,0.0,1789027632.738583
4239.353,-0.25947146877027727,-0.5204015398938047,0.3186028625265872,-0.7390034389407324,-3.0241599316445984,0.15519513259426057,0,0,0.8754812479019165,-1.3302449894002457,1.7708237806903284,-2.111065527001852,-1.5443299452411097,-0.21472007433046514,0.0,0.004874725826084614,0.14374466240406036,-0.4250044822692871,-0.0,0.0,1789027632.8384893
4239.4529999999995,-0.25861666540485595,-0.5195001034309716,0.3149255231571181,-0.7382762183022649,-3.022668864473221,0.15961969376992738,0,0,0.8756077885627747,-1.3293250662139435,1.7810176054583948,-2.1253892383971156,-1.5443299452411097,-0.2147277037249964,0.0011477062944322824,0.021574638783931732,0.0668107271194458,0.0004120559024158865,-0.0,0.0,1789027632.9384944
4239.553,-0.25844414676024735,-0.5194384808915729,0.3111806318955923,-0.7390513270828865,-3.0262983190056287,0.1497612554037709,0,0,0.8757600784301758,-1.3250973236611863,1.7839515844928187,-2.1253587208189906,-1.5442832151996058,-0.21472055116762334,0.001020280527882278,0.062139421701431274,0.00024481446598656476,7.385736535070464e-05,-0.0,0.0,1789027633.0392978
4239.653,-0.25914875432791395,-0.520297487534282,0.3069296465170832,-0.7400757706438698,-3.029908776041396,0.1393918966611317,0,0,0.8757753372192383,-1.3175488871387024,1.7839253584491175,-2.1253825626769007,-1.5443180243121546,-0.21469289461244756,9.238289931090549e-05,0.08705874532461166,-3.355753869982436e-05,2.5214219160505237e-29,-0.0,0.0,1789027633.1385725
4239.753,-0.259917512889329,-0.5212957949839702,0.30182505588295844,-0.7411259186436326,-3.034345720325324,0.12698796121852507,0,0,0.8758404850959778,-1.3085527879050751,1.7839515844928187,-2.125397344628805,-1.544243637715475,-0.21473580995668584,0.0027301607187837362,0.08259493112564087,-1.359791702952117e-29,0.0,0.0,0.0,1789027633.238658
4239.853,-0.2600277268390141,-0.5224702047262206,0.29713260550179976,-0.7404394235783482,-3.0387328781969165,0.11553048436475703,0,0,0.8770124316215515,-1.3002843123725434,1.783954922352926,-2.1254097423949183,-1.5442670027362269,-0.21473962465395147,0.030666738748550415,0.0857309103012085,-0.0,0.0,5.3341573220677674e-05,0.0,1789027633.3385234
4239.9529999999995,-0.2574939780429586,-0.5252623179557363,0.2909425206932657,-0.731974502236574,-3.046488251989809,0.10046160761769946,0,0,0.8835578560829163,-1.289424554710724,1.7839868704425257,-2.1254178486266078,-1.5442269484149378,-0.21472388902773076,0.08783740550279617,0.12574921548366547,-9.856193958863654e-14,-6.102695531333507e-31,0.0,0.0,1789027633.4385216
4240.053,-0.2540990525925046,-0.528640326854661,0.2837154784246597,-0.720875253968802,-3.055569453748061,0.08288059829795283,0,0,0.8918977975845337,-1.2767180067351838,1.783963982258932,-2.125500818292135,-1.5441907087909144,-0.21473580995668584,0.07594925165176392,0.11627466231584549,-4.000165426987223e-05,-0.000859366322401911,0.00016487132234033197,0.0,1789027633.538638
4240.153,-0.25140754015326994,-0.5313155406402524,0.27761466933678164,0.710489619445003,3.05570537535141,-0.06788394003548506,0,0,0.8984912633895874,-1.2659910482219239,1.783928696309225,-2.1256562672057093,-1.5442031065570276,-0.21471149126161748,0.053452882915735245,0.0998113751411438,-9.664239041740075e-05,-0.000698754854965955,5.4392639867728576e-05,0.0,1789027633.6386757
4240.253,-0.2500910777716112,-0.5332800595501582,0.2713493304495774,0.7036532541832187,3.0527091963274615,-0.05247740224686777,0,0,0.9024040699005127,-1.255011425619461,1.783900562916891,-2.1257840595641078,-1.5441549460040491,-0.21472388902773076,0.03152407333254814,0.1253422349691391,-6.774359644623473e-05,-0.008082848973572254,0.00010256646055495366,0.0,1789027633.7385418
4240.353,-0.2500011928945672,-0.5352201002291531,0.2647117222188475,0.6996818208850027,3.0503699412355947,-0.04162663364853737,0,0,0.9045950174331665,-1.2426240903190156,1.7839186827289026,-2.130552431146139,-1.5441110769854944,-0.21472007433046514,0.005395703017711639,0.11560499668121338,7.225025910884142e-05,-0.10080781579017639,0.0006577306194230914,0.0,1789027633.8385825
4240.4529999999995,-0.2515235254742425,-0.5372180020637567,0.26013975955605306,0.6997851654909242,3.0521001186799768,-0.047785602120554466,0,0,0.9046310186386108,-1.2320384842208405,1.7838767210589808,-2.1454082928099574,-1.5440591017352503,-0.21473914781679326,0.00011518718383740634,0.10072308033704758,-0.0,-0.13824492692947388,0.00014277106674853712,0.0,1789027633.938576
4240.553,-0.2525898141731467,-0.538670970691663,0.25548968413113454,0.6995864810545246,3.0519530238100225,-0.04711956052609512,0,0,0.9047182202339172,-1.2223814886859437,1.7838733831988733,-2.1545964680113734,-1.5440591017352503,-0.21470767656435186,0.00272805942222476,0.09150101989507675,-0.0,-0.04585321992635727,0.00012300116941332817,0.0,1789027634.0386853
4240.653,-0.2529568459096991,-0.5395399362525427,0.24979664502161336,0.6982072596343878,3.0484295413242877,-0.03416333793815754,0,0,0.905133843421936,-1.2124437254718323,1.7839039007769983,-2.155440469781393,-1.5440433661090296,-0.21473580995668584,0.004456778988242149,0.0930180624127388,-1.1500039457845933e-28,-0.0008474057540297508,6.410066998796538e-05,0.0,1789027634.1385298
4240.753,-0.25309879880533787,-0.540087423576336,0.24586820143913896,0.6971029464687264,3.0458101558121218,-0.02457170847489658,0,0,0.9055169820785522,-1.2056918305209656,1.7839186827289026,-2.1554438076415003,-1.5440400282489222,-0.21473580995668584,0.004621349740773439,0.05058819055557251,-0.0,-0.00030110497027635574,2.7481144443566853e-40,0.0,1789027634.2385566
4240.853,-0.25291250844693025,-0.5404841644316836,0.24384244318712106,0.695819248527677,3.0446365953807377,-0.019547417529936363,0,0,0.9061946868896484,-1.2022002202323456,1.7838967482196253,-2.1553923092284144,-1.5440834204303187,-0.2147277037249964,0.014179699122905731,0.029089391231536865,-0.0,-9.741003304952756e-05,0.0,0.0,1789027634.338508
4240.9529999999995,-0.25170579089668316,-0.5412561422276498,0.2422639695808993,0.6918741664177703,3.044339735678551,-0.015615358442867416,0,0,0.9086441993713379,-1.199531154041626,1.7839506308185022,-2.155361314813131,-1.5440800825702112,-0.2147277037249964,0.0346488356590271,0.024912625551223755,-0.0,-1.5414283107572988e-44,0.0,0.0,1789027634.4384744
4241.053,-0.24946956121033567,-0.5426204793491168,0.2400499720215492,0.6847792080979652,3.0443170476329358,-0.010188504487854876,0,0,0.9131171703338623,-1.1957090658000489,1.783933464680807,-2.1553875408568324,-1.544091526662008,-0.21472388902773076,0.0474712997674942,0.058436814695596695,1.8243897070614804e-39,-0.0,0.0,0.0,1789027634.538478
4241.153,-0.24723327752080784,-0.5442478682971499,0.23560368747895705,0.6769472530348186,3.0427922038994817,0.0007450693969153582,0,0,0.9178632497787476,-1.1880879563144227,1.7839482466327112,-2.155365129510397,-1.5441153685199183,-0.2147429625140589,0.04057842120528221,0.09154733270406723,1.1979654768179415e-10,-0.0,8.407790785948902e-43,0.0,1789027634.6385236
4241.253,-0.24678538833055527,-0.5451996080722301,0.22988710974320814,0.6737940555963572,3.039288571432434,0.01459071134956808,0,0,0.9194616079330444,-1.178257630472519,1.7839253584491175,-2.155408044854635,-1.5441468397723597,-0.2147310415851038,0.00034213269827887416,0.09137482196092606,-0.0,-0.0,0.0,0.0,1789027634.7384593
4241.353,-0.2470713329225901,-0.5455730642926395,0.22564699492466095,0.673282552371399,3.036202243379146,0.024861649544446657,0,0,0.9194533824920654,-1.1709951323321839,1.7839253584491175,-2.1553837261595667,-1.5441463629352015,-0.21470433870424444,-0.0003376103122718632,0.057691678404808044,-0.0,-0.0,-0.0,0.0,1789027634.8384507
4241.4529999999995,-0.24726754431017933,-0.5458221953766736,0.22248120876375546,0.6729010342394092,3.0338331982762456,0.03252810767042621,0,0,0.9194341897964478,-1.165604905491211,1.7839606443988245,-2.155344625512594,-1.5441120306598108,-0.21468907991518194,0.0,0.059783946722745895,2.229111870014696e-25,-0.0,-0.0,0.0,1789027634.9384358
4241.553,-0.24756188407180335,-0.5462095760409188,0.21750341145960544,0.672174881314459,3.030187150370793,0.044498681754249675,0,0,0.9194294214248657,-1.157088117008545,1.783963982258932,-2.155344625512594,-1.5441206137286585,-0.2147277037249964,-0.00014234540867619216,0.1035151556134224,-0.0,-0.0,-0.0,0.0,1789027635.038532
4241.653,-0.24784301760145,-0.5465550045234356,0.21207998741088468,0.6715061490001817,3.0261798738714267,0.05760944006077835,0,0,0.919410228729248,-1.1478874248317261,1.7840636412249964,-2.1553241215147914,-1.5441978613482874,-0.2147005240069788,-4.841928239329718e-05,0.06390814483165741,0.003584854770451784,4.203895392974451e-45,-5.7277502165760494e-24,0.0,1789027635.138433
4241.753,-0.2476611313971172,-0.5462959745816395,0.20963495888854222,0.6710830616360399,3.0243074468683995,0.06430988827905099,0,0,0.9194209575653076,-1.1446684163859864,1.78540546098818,-2.15518917659902,-1.5444019476519983,-0.21473962465395147,0.0,-0.000768649042584002,0.029930271208286285,0.0015781742986291647,-0.0018411257769912481,0.0,1789027635.238486
4241.853,-0.24659109745708618,-0.5448304398110505,0.20749038875796788,0.6707163424731167,3.022207972961781,0.0719663036472641,0,0,0.919410228729248,-1.144702897672989,1.7906950155841272,-2.1551085911192835,-1.544718090687887,-0.2147429625140589,-0.0001300283765885979,-3.1460559445620114e-35,0.07596144080162048,0.000599981693085283,-0.001114118262194097,0.0,1789027635.3384707
4241.9529999999995,-0.2453223080838533,-0.5431863726326082,0.20499875961203426,0.6702292920105547,3.0194663956888914,0.08045677529001627,0,0,0.9194294214248657,-1.1446362000754853,1.7967451254474085,-2.1551290951170863,-1.544710938130514,-0.21472007433046514,0.0,0.00028692089836113155,0.040364306420087814,0.0001254476810572669,-0.00013300160935614258,0.0,1789027635.4384267
4242.053,-0.2445664084486471,-0.5420979593089933,0.2034379475383529,0.6700355793382881,3.0176954641802163,0.08593420477763884,0,0,0.9193336963653564,-1.1446346801570435,1.8005879561053675,-2.1550504169859828,-1.5447457472430628,-0.21473580995668584,-0.001487160101532936,0.00010461914644110948,0.05093609169125557,0.00015223966329358518,-9.47133667068556e-05,0.0,1789027635.5384302
4242.153,-0.2432000811500499,-0.5403420726315711,0.2008632022475694,0.6694745452720688,3.014793161978399,0.09480501549540647,0,0,0.9193694591522217,-1.1446241301349183,1.806976620350973,-2.155062337914938,-1.5447381178485315,-0.21472388902773076,3.5631266655400395e-05,8.513617588690181e-10,0.0868903249502182,7.918645133031532e-05,-0.00011931780318263918,0.0,1789027635.6384225
4242.253,-0.24095477890357864,-0.5374180884804146,0.19667507721538252,0.6685712104575573,3.010014611924833,0.10930052461294137,0,0,0.9193934202194214,-1.14462764680896,1.8174832502948206,-2.1551176510252894,-1.5447571913348597,-0.21472388902773076,0.0003183508524671197,0.0,0.09452132135629654,0.0,-7.485661626560614e-05,0.0,1789027635.7384422
4242.353,-0.2398472242460785,-0.535962161997114,0.1946310556263988,0.6681711438583104,3.0075938898225276,0.11640737578077327,0,0,0.9193850755691528,-1.1446362000754853,1.8226531187640589,-2.1551290951170863,-1.5447333494769495,-0.21470767656435186,-3.451691736700013e-05,1.3487584378996655e-17,3.3148542570415884e-05,4.042131740330337e-37,-4.624644575267197e-28,0.0,1789027635.838427
4242.4529999999995,-0.23988360581324522,-0.535989784074631,0.19469012340020678,0.6682220743582962,3.0076792074845673,0.11610124759819385,1,1,0.9193623065948486,-1.1446635288051148,1.8225668112384241,-2.155232091943258,-1.54472524324526,-0.21470767656435186,-2.8269263566471636e-05,-2.6285688363714144e-05,-1.3073133872232874e-23,-0.0001462443615309894,-0.0,0.0,1789027635.9383667
4242.553,-0.2398816331096383,-0.5359849587240041,0.19468402439264243,0.6681686571469926,3.007642400666599,0.11612121942182982,1,1,0.9193539619445801,-1.1446635288051148,1.8225773016559046,-2.1552096805968226,-1.5446909109698694,-0.2147467772113245,-7.202631968539208e-05,-2.1367928638937883e-05,-0.0,-5.571216024691239e-05,-0.0,0.0,1789027636.0385218
4242.653,-0.23991645997577782,-0.5360475706427607,0.19477084748016676,0.6682566611049222,3.007799379763231,0.11558324297625765,1,1,0.9193694591522217,-1.1446840030005951,1.8224390188800257,-2.155435701409811,-1.5446775595294397,-0.21469289461244756,-1.401298464324817e-45,-7.689868128277046e-29,-0.0009388053440488875,-0.0017564442241564393,-8.263151425254014e-21,0.0,1789027636.1384747
4242.753,-0.23990948061996392,-0.536059472396127,0.1947970250579906,0.6681661213458974,3.0077947513908634,0.11545573201114495,1,1,0.9193814992904663,-1.1447149974158783,1.822420899068014,-2.1554485760130824,-1.5446184317218226,-0.21473962465395147,0.0,-8.62567248987034e-05,-0.00010088726412504911,-0.00018837173411156982,-0.0,0.0,1789027636.2385004
4242.853,-0.23991919148906454,-0.5360515801754255,0.19477851764933235,0.6682144177289053,3.0077978490783206,0.11546630704436021,1,1,0.9193623065948486,-1.1446924072555085,1.8224456946002405,-2.1554957828917445,-1.5446341673480433,-0.2147277037249964,0.0,-0.0,-1.6091809959192793e-12,-8.436383359367028e-05,-0.0,0.0,1789027636.343957
4242.9529999999995,-0.2398896291060035,-0.53604383427314,0.1947705296134817,0.6681953669888274,3.007749341632468,0.11552305557499251,1,1,0.9193898439407349,-1.144714967613556,1.822491470967428,-2.155464311639303,-1.54460317293276,-0.21470767656435186,0.0,0.0,-0.0,-4.6219909029705234e-20,0.0,0.0,1789027636.4385397
4243.053,-0.23991180999313935,-0.5360525017570598,0.19477314236771986,0.6681765401841955,3.007745987830651,0.11556048712723058,1,1,0.9193694591522217,-1.1446840030005951,1.8224266211139124,-2.155405183831686,-1.544610325490133,-0.21473962465395147,-8.814564012027404e-07,-7.734275868642726e-07,-0.0,-0.0,0.0,0.0,1789027636.5384588
4243.153,-0.23991278759106272,-0.5360352462719731,0.19477232252281973,0.6682262418496904,3.007755632843347,0.11557890697040381,1,1,0.9193539619445801,-1.1447114509395142,1.8224719206439417,-2.155421396295065,-1.5446341673480433,-0.21472388902773076,0.0,0.0,-0.0,-0.0,0.0,0.0,1789027636.6384635
4243.253,-0.23991602489212266,-0.5360421171047066,0.1947632523203323,0.6682247186746676,3.0077450958932435,0.1155587106239942,1,1,0.9193539619445801,-1.1446840030005951,1.8224604765521448,-2.1554442844786585,-1.5446184317218226,-0.21472388902773076,0.0,0.0,-0.0,-0.0,0.0,0.0,1789027636.7384574
4243.353,-0.23990751178379538,-0.5360429673328541,0.1947747445238584,0.6682165571297056,3.0077751235654415,0.11553267153244795,1,1,0.9193694591522217,-1.1447079640677948,1.8224685827838343,-2.1554557285704554,-1.5446341673480433,-0.21471673647035772,0.0,0.0,-0.0,-0.0,0.0,0.0,1789027636.838421
4243.4529999999995,-0.239889456477369,-0.5360649013908911,0.19482275280395933,0.6681336245836901,3.007813442259248,0.11531365032990983,1,1,0.9194090366363525,-1.144767777328827,1.8224456946002405,-2.1555072269835414,-1.5445836226092737,-0.21473580995668584,0.0,-0.0011434360640123487,-0.0,-0.0,0.0,0.0,1789027636.9385314
4243.553,-0.2399087383512965,-0.536085046725735,0.19500330146324402,0.6682054018981773,3.0080812969823234,0.11446869478047687,1,1,0.9194018840789795,-1.1450333458236237,1.8224523703204554,-2.1558543644347132,-1.5445740858661097,-0.2147277037249964,8.426727436017245e-05,-0.005863949656486511,-0.0,-0.01215405948460102,8.845753681675075e-33,0.0,1789027637.0384786
4243.653,-0.24008711718268325,-0.5363178720338069,0.19560816094755007,0.6684677721254197,3.00967533615252,0.10976765087002344,1,1,0.9194018840789795,-1.1456283193877717,1.8224175612079065,-2.158628126183981,-1.5445902983294886,-0.21473580995668584,5.913348286412656e-05,-0.001984554110094905,-2.7531655799884027e-23,-0.03763311356306076,6.187349208630621e-05,0.0,1789027637.1388364
4243.753,-0.24024879598990942,-0.5365612947994746,0.19582917707243525,0.6686480069698818,3.010919622243649,0.10599419388802825,1,1,0.9194294214248657,-1.14558561265979,1.8224332968341272,-2.16140141109609,-1.544570271168844,-0.2147277037249964,0.0,0.0,-0.0,-0.01648423634469509,2.9987787136551085e-43,0.0,1789027637.238576
4243.853,-0.2402728682120789,-0.5365619206757365,0.1958470667326251,0.6687671967903669,3.0110172739727146,0.10573828692583953,1,1,0.9194018840789795,-1.1456045073321839,1.8224638144122522,-2.1616131267943324,-1.5446012655841272,-0.21468907991518194,0.0,0.0,-0.0,-0.00018924997129943222,0.0,0.0,1789027637.338502
4243.9529999999995,-0.24028397590753836,-0.5366051719402111,0.19590842420180316,0.668724692294747,3.011223116465523,0.10512088697637414,1,1,0.9194294214248657,-1.1456418198398133,1.8224523703204554,-2.1620027027525843,-1.544586483632223,-0.21471149126161748,0.0,-0.0007194789359346032,-0.0,-0.019150467589497566,0.0,0.0,1789027637.4385777
4244.053,-0.24098408738190882,-0.5375220871026897,0.1974600555733219,0.6696442476610022,3.0166304316106993,0.08870438824841606,1,1,0.9194209575653076,-1.1465742749026795,1.822387997304098,-2.1728297672667445,-1.5445902983294886,-0.21472007433046514,0.0,-0.02049400843679905,-0.00025924056535586715,-0.19103270769119263,0.0,0.0,1789027637.5385363
4244.153,-0.24242123059410278,-0.5394401062553092,0.20249047395598552,0.6718052664995144,3.0294838991288873,0.04827423255348665,1,1,0.9194365739822388,-1.1513227981380005,1.822282616292135,-2.1969181499876917,-1.5445659796344202,-0.21472007433046514,4.960695605404908e-06,-0.0641765370965004,-0.00030057295225560665,-0.3010311722755432,0.0,0.0,1789027637.638538
4244.253,-0.24399322282721353,-0.5414983753439808,0.20922345332046627,0.6743162232419155,3.044412872784169,-0.0011700191438285918,1,1,0.9194173812866211,-1.1582423609546204,1.822277847920553,-2.2251011333861292,-1.5445740858661097,-0.21473580995668584,0.0,-0.06222795695066452,-0.00014998424740042537,-0.23023144900798798,0.0,0.0,1789027637.7385557
4244.353,-0.24510149871036743,-0.5429687034538697,0.21377103090764465,0.675970027310124,3.05433370392186,-0.03600044249310273,1,1,0.9194138050079346,-1.1625113946250458,1.8221257368670862,-2.245193143884176,-1.5445264021502894,-0.21472388902773076,0.0,-0.025822527706623077,-0.0032194475643336773,-0.16338296234607697,8.661181494229453e-11,0.0,1789027637.8385103
4244.4529999999995,-0.24604405460383585,-0.5442021661587121,0.21656395301818396,0.6770760003790862,3.0612879875059273,-0.06123993071718371,1,1,0.919398307800293,-1.1643038851073761,1.8217132727252405,-2.2606669865050257,-1.5445192495929163,-0.2147467772113245,7.286752014489049e-44,-0.01966460794210434,-0.0015570876421406865,-0.1582964062690735,6.812251376686618e-05,0.0,1789027637.9385197
4244.553,-0.24685428349786728,-0.545274165832135,0.2196233744646878,-0.6774731946332954,-3.0647650714620687,0.08642263483099981,1,1,0.9193934202194214,-1.1667775970748444,1.8215678373919886,-2.275663515130514,-1.5444954077350062,-0.21472388902773076,0.0,-0.033141493797302246,-0.0020924070850014687,-0.11911456286907196,5.975564054193009e-21,0.0,1789027638.038469
4244.653,-0.24754543561126655,-0.5461617125347967,0.22347610327850936,-0.6754183567906515,-3.0571804547356605,0.11017373549289966,1,1,0.9193694591522217,-1.170720414524414,1.8209670225726526,-2.2879840336241664,-1.5445111433612269,-0.2147467772113245,-0.00013194426719564945,-0.04330317676067352,-0.018275581300258636,-0.16095735132694244,1.3852215353741257e-16,0.0,1789027638.1384995
4244.753,-0.24932967983733098,-0.5482514702587594,0.22958073696504244,-0.6723503207486511,-3.0440776765469852,0.14938018830888936,1,1,0.9191025495529175,-1.1749519270709534,1.8175624052630823,-2.308373113671774,-1.5445416609393519,-0.21472388902773076,-0.0065930974669754505,-0.048117220401763916,-0.05687849223613739,-0.20116806030273438,0.0,0.0,1789027638.2384613
4244.853,-0.2521328176364816,-0.5512669689750926,0.23735039517662174,-0.6698460667120822,-3.0305240380716834,0.18778154461034285,1,1,0.9184165000915527,-1.1787152749351044,1.8083084265338343,-2.323029180566305,-1.544534985219137,-0.21472388902773076,-0.010578286834061146,-0.03306065872311592,-0.10920097678899765,-0.09636546671390533,0.0,0.0,1789027638.3384607
4244.9529999999995,-0.255220396639825,-0.5537658697495809,0.24397999546746296,-0.669997794585504,-3.021534498099088,0.21098548684466298,1,1,0.9168444871902466,-1.1810875695994874,1.7970197836505335,-2.3262506924071253,-1.5445502440081995,-0.21473580995668584,-0.02405361831188202,-0.013338199816644192,-0.117192842066288,-0.00043442705646157265,3.1541952330940954e-27,0.0,1789027638.4384024
4245.053,-0.2597691223810357,-0.5559981247327348,0.2506870410082444,-0.6736327659373966,-3.012460440088124,0.2311958306693427,1,1,0.9130933880805969,-1.1825040739825745,1.7835515181170862,-2.326243063012594,-1.544593636189596,-0.21473962465395147,-0.05694432184100151,-0.02341288886964321,-0.1562744379043579,-0.0005227518267929554,0.0,0.0,1789027638.5385091
4245.153,-0.26692494401840094,-0.5572443125126895,0.2597951805456275,-0.6831175325506658,-2.999132873068661,0.2570393320357679,1,1,0.9049770832061768,-1.1863578122905274,1.768127743397848,-2.326223989526266,-1.5445941130267542,-0.21472007433046514,-0.09978243708610535,-0.0538618341088295,-0.14282920956611633,-0.00022905028890818357,-3.0136625355225988e-05,0.0,1789027638.6384048
4245.253,-0.2745621767712232,-0.5572612822029991,0.26915741517132197,-0.6950000254085968,-2.984772302622477,0.28218027423193104,1,1,0.8951151371002197,-1.1917903584292908,1.7545083204852503,-2.3262182674803675,-1.544642750416891,-0.21472388902773076,-0.09938138723373413,-0.03936154767870903,-0.14623552560806274,-4.8927555326372385e-05,-0.00016653232160024345,0.0,1789027638.7384725
4245.353,-0.2824807219868473,-0.5582854394488378,0.276792881046189,-0.7058644685951609,-2.971693667438972,0.3040154025639453,1,1,0.8860599994659424,-1.1923119884780427,1.7382944265948694,-2.32621492962026,-1.5446379820453089,-0.21470433870424444,-0.08503183722496033,0.00011512636410770938,-0.1624399721622467,-3.0828566215145976e-44,-8.735077426536009e-05,0.0,1789027638.838515
4245.4529999999995,-0.2902395394655328,-0.5591259798107043,0.2840517023410541,-0.7163646827149986,-2.958858666278626,0.3245062142409349,1,1,0.8771671056747437,-1.1923702222159882,1.7224534193622034,-2.326219221154684,-1.544642750416891,-0.2147429625140589,-0.10260471701622009,0.0,-0.163778156042099,-6.334500198684756e-12,-0.0,0.0,1789027638.9384916
4245.553,-0.2998917048528942,-0.5589794743680375,0.291714248025613,-0.7313068007188103,-2.943823110786626,0.3454743269071491,1,1,0.8650581240653992,-1.192402796154358,1.7058547178851526,-2.3262230358519496,-1.544642750416891,-0.21473962465395147,-0.13801699876785278,-0.00019561532826628536,-0.15920212864875793,-0.0,-0.0,0.0,1789027639.038469
4245.653,-0.31085986175369285,-0.5574744959191011,0.2988338249229953,-0.7502923625723311,-2.927827446011791,0.3641098147761388,1,1,0.8501439690589905,-1.1923788350871583,1.690484348927633,-2.326162954370016,-1.5446909109698694,-0.2147277037249964,-0.15050095319747925,-7.257539255078882e-05,-0.1514700949192047,-0.0,-0.00042601191671565175,0.0,1789027639.1386144
4245.753,-0.3217639631876179,-0.5551209529352817,0.3051257979261256,-0.7701487351115722,-2.912180270817895,0.37989647191688175,1,1,0.8346582651138306,-1.1924096804908295,1.677091423665182,-2.326162954370016,-1.544849697743551,-0.21472007433046514,-0.15457342565059662,-1.401298464324817e-45,-0.10498715192079544,-0.0,-0.0017220156732946634,0.0,1789027639.2385132
4245.853,-0.331864995804564,-0.5511572379822297,0.30840312992724206,-0.7917377081753093,-2.8997181709449684,0.3870479425308624,1,1,0.8185985088348389,-1.1923633378795166,1.6700685659991663,-2.326158185998434,-1.5451129118548792,-0.21472388902773076,-0.15836244821548462,0.0,-0.03457977622747421,-0.0,-0.005252717528492212,0.0,1789027639.3384316
4245.9529999999995,-0.34045527306393447,-0.5464994218543724,0.30939890901446365,-0.8125192702407324,-2.890574252676976,0.38806134989712243,1,1,0.803642988204956,-1.192351446752884,1.667945686970846,-2.326170106927389,-1.5453408400165003,-0.2147277037249964,-0.13432461023330688,0.0,-0.02351493015885353,-0.0,-0.0020876568742096424,0.0,1789027639.4384568
4246.053,-0.3478899049762212,-0.5425120005010673,0.3105615136203194,-0.8301618158893287,-2.8822793153445248,0.38977451901601945,1,1,0.7907933592796326,-1.1923360091498871,1.665464226399557,-2.3261667690672816,-1.5454366842852991,-0.21473962465395147,-0.125108540058136,0.0,-0.02807932160794735,-0.0,-0.00040036815335042775,0.0,1789027639.5384595
4246.153,-0.3546210579688305,-0.5389805437489721,0.3119294326757798,-0.8457752782528908,-2.874340694974206,0.3921188081492601,1,1,0.7793000936508179,-1.1923154455474396,1.6625383535968226,-2.32613529781484,-1.5455125013934534,-0.2147277037249964,-0.10485704988241196,0.0,-0.03211970999836922,-0.0,-0.000494282809086144,0.0,1789027639.6384552
4246.253,-0.36023694665369094,-0.5364302037672052,0.31386965368586606,-0.857707109803541,-2.866844517994662,0.3962211191741067,1,1,0.770203173160553,-1.1923033458045502,1.6584332625018519,-2.326146265069479,-1.5455754438983362,-0.21472007433046514,-0.08060423284769058,0.00012171320122433826,-0.05237913504242897,-0.0,-0.0015751083847135305,0.0,1789027639.7385414
4246.353,-0.3650368261952895,-0.535005195862772,0.3168988420243937,-0.8659357211318154,-2.8588963888240255,0.40303507431557367,1,1,0.7633737325668335,-1.192289875154831,1.6520236174212855,-2.326071878472799,-1.5459306875811976,-0.21472388902773076,-0.05209572985768318,0.00015550314856227487,-0.06533318758010864,9.729438170325011e-05,-0.01038852334022522,0.0,1789027639.8385048
4246.4529999999995,-0.36760469981309796,-0.5343942891551995,0.3187231047608502,-0.8696332723726221,-2.8534983374060316,0.406225500782647,1,1,0.7601149082183838,-1.1921238166144867,1.6479671637164515,-2.3260590038695277,-1.5474212805377405,-0.21473962465395147,-0.006919068284332752,0.0032140263356268406,-0.012042349204421043,0.00024953114916570485,-0.002166267018765211,0.0,1789027639.9385092
4246.553,-0.367704361445425,-0.534388682540121,0.318697965105896,-0.8697939870191007,-2.8534938925192423,0.4060599113427337,1,1,0.7600032687187195,-1.1919836562922974,1.647796932850973,-2.3259197674193324,-1.5474403540240687,-0.21475154558290654,-0.00016346054326277226,0.0012991765979677439,-0.00011079778778366745,0.0009519926970824599,-0.00012020573194604367,0.0,1789027640.0384593
4246.653,-0.3677127427484934,-0.5343851744991329,0.3186462216173829,-0.8698403849776521,-2.853514893394886,0.40592834093236396,1,1,0.7599949836730957,-1.1919236940196534,1.6478264967547815,-2.325923582116598,-1.5474713484393519,-0.21473962465395147,-0.0002778507478069514,0.003576855640858412,-8.142476144712418e-05,0.00010286753240507096,-2.3341185755032523e-12,0.0,1789027640.1384678
4246.753,-0.367769009437667,-0.5344605499407088,0.3184696765410481,-0.8698610342733535,-2.8536989445550702,0.40565281826286864,1,1,0.7600154876708984,-1.1915354889682312,1.6476801077472132,-2.325923582116598,-1.5474451223956507,-0.21473962465395147,8.738922770135105e-05,0.000753522093873471,-0.001188773545436561,4.77642571720463e-19,-0.00013294036034494638,0.0,1789027640.238566
4246.853,-0.3680497803457153,-0.5346548598231899,0.31910355620114295,-0.8697147704688083,-2.8527900365350582,0.40731440968418436,1,1,0.7599336504936218,-1.1915165942958375,1.6463339964496058,-2.325951238671774,-1.5474537054644983,-0.21472388902773076,-0.0025543670635670424,0.0001259370765183121,-0.0291941799223423,0.0,-0.0001371532416669652,0.0,1789027640.3384647
4246.9529999999995,-0.3694705018687927,-0.535790641738593,0.3225982104192434,-0.8685099194334756,-2.8479921038679965,0.41625700535499766,1,1,0.759698748588562,-1.1914105874351044,1.6388748327838343,-2.3259078464903773,-1.5475242773639124,-0.21472388902773076,-0.0003463223110884428,0.002492379629984498,-0.11895657330751419,0.0,-0.00041193285142071545,0.0,1789027640.4385495
4247.053,-0.3726539249664152,-0.5388144087917689,0.33103770978444186,-0.8647298064812007,-2.8367105228481684,0.4379263239720583,1,1,0.7597011923789978,-1.1906818610480805,1.6203292051898401,-2.3257557354369105,-1.547577206288473,-0.21475488344301397,-0.0005705623188987374,0.010319938883185387,-0.22059383988380432,0.003669800702482462,-0.0019087641267105937,0.0,1789027640.538475
4247.153,-0.37649741684451443,-0.5419952917236263,0.33941482445606924,-0.8615997291985141,-2.82465962523512,0.45923557020994005,1,1,0.7592276334762573,-1.1883725684932251,1.5999158064471644,-2.325428625146383,-1.5479782263385218,-0.2147467772113245,-0.0035991102922707796,0.04174649715423584,-0.18804042041301727,0.003731635631993413,-0.01763075590133667,0.0,1789027640.6384182
4247.253,-0.3801852688648363,-0.5447097435164766,0.3424850880318706,-0.8601883998857885,-2.8153643533400685,0.4651907853741783,1,1,0.759087324142456,-1.181566135292389,1.5844815413104456,-2.325085302392477,-1.552847687398092,-0.21472007433046514,-0.0023174809757620096,0.08688102662563324,-0.09739848226308823,0.0038073151372373104,-0.0859808400273323,0.0,1789027640.7385175
4247.353,-0.383485231841808,-0.5451677323628121,0.33793341678824945,-0.8635704935289307,-2.810202161776533,0.44859786762728165,1,1,0.757742166519165,-1.1718160969069977,1.5807398001300257,-2.3249651394286097,-1.5635455290423792,-0.2147277037249964,-0.02420058660209179,0.10452680289745331,-0.0006577433086931705,0.00023208743368741125,-0.12238279730081558,0.0,1789027640.8384635
4247.4529999999995,-0.38771084851955234,-0.5442973823913497,0.3303148187106365,-0.870515465129245,-2.8046551895282996,0.42225110444715974,1,1,0.7544964551925659,-1.1600477260402222,1.580611530934469,-2.3250562153258265,-1.57774526277651,-0.21473199525942022,-0.03969570994377136,0.11979798227548599,-0.002259453060105443,8.166302723111585e-05,-0.1382749378681183,0.0,1789027640.938474
4247.553,-0.3916140563651358,-0.5435950595761402,0.3229486416427777,-0.8774161249166734,-2.802727777631485,0.4005777552219881,1,1,0.7510132789611816,-1.1486419600299378,1.58038837114443,-2.3250304661192835,-1.5867918173419397,-0.2147277037249964,-0.02874964289367199,0.10327985137701035,-0.004007682204246521,8.501747847981881e-40,-0.04535889998078346,0.0,1789027641.0384715
4247.653,-0.39347820871869676,-0.5439585839137016,0.317109460464317,-0.8809511538981999,-2.806923436577723,0.3889252056450546,1,1,0.7495965957641602,-1.1396975380233307,1.5802996794330042,-2.325045248071188,-1.5875781218158167,-0.21472388902773076,-0.006151166744530201,0.07591433823108673,-0.0006833070074208081,0.0,-0.0002108798362314701,0.0,1789027641.1384697
4247.753,-0.39465515897158293,-0.5443119480739018,0.31356916825395553,-0.8830064147947815,-2.809770597922331,0.3824355653561834,1,1,0.7487654685974121,-1.1339565974524994,1.579797093068258,-2.32506861309194,-1.5875628630267542,-0.21473580995668584,-0.006939143408089876,0.05077272281050682,-0.014515690505504608,0.0,-8.556818647775799e-05,0.0,1789027641.2384393
4247.853,-0.39623908001332087,-0.5457510884908939,0.31204385860975364,-0.8831984298993533,-2.8103019212375004,0.381303655137384,1,1,0.7487246990203857,-1.1278703671744843,1.5745819250689905,-2.325038095513815,-1.5875819365130823,-0.21473962465395147,3.0485778289811305e-13,0.06235027313232422,-0.10212482511997223,0.0,-0.0,0.0,1789027641.3384702
4247.9529999999995,-0.3995331717967016,-0.5482506989605883,0.31502797471888067,-0.8825265673296995,-2.804746898701443,0.39134597605043453,1,1,0.7480940222740173,-1.1223988992026825,1.5607975164996546,-2.3250094852843226,-1.5875628630267542,-0.21473580995668584,-0.01915532536804676,0.04054119065403938,-0.1423427015542984,0.0,-0.0,0.0,1789027641.4384675
4248.053,-0.40236721483881327,-0.5490041227862978,0.3169188331035276,-0.8844139046717832,-2.8003661496853924,0.3971645357041755,1,1,0.7460365891456604,-1.1193791192821045,1.5526822249041956,-2.32497038463735,-1.5876100699054163,-0.21472007433046514,-0.023813078179955482,0.029751386493444443,-0.02058735489845276,5.3835170813662086e-17,-0.00010502246004762128,0.0,1789027641.5385103
4248.153,-0.40320142080130644,-0.5491396993334239,0.31472565079466414,-0.8859406241623847,-2.8019697016650147,0.3931430045224777,1,1,0.7453422546386719,-1.1158593457988282,1.5523517767535608,-2.3249737224974574,-1.5876548925982874,-0.21472007433046514,-0.00025846040807664394,0.03490760177373886,-7.868906686780974e-05,0.00016404868802055717,-0.0005409792647697031,0.0,1789027641.6384695
4248.253,-0.40374047475542224,-0.5495979757453651,0.31159746378238784,-0.8868392215117042,-2.8048742230577544,0.3874124911703188,1,1,0.7453003525733948,-1.111187444334366,1.5523589293109339,-2.3249851665892542,-1.5876906553851526,-0.21472388902773076,2.9324841307243332e-05,0.05241044610738754,-4.269865166861564e-05,8.136095857480541e-05,-0.0002367156121181324,0.0,1789027641.7384908
4248.353,-0.4044636701018927,-0.550282381675376,0.3070308167256501,-0.8880521334113828,-2.809175099938082,0.3790612754162277,1,1,0.7453147172927856,-1.1043737989715119,1.5523589293109339,-2.3249737224974574,-1.5877025763141077,-0.21472388902773076,0.0,0.08011132478713989,-0.0,0.0,-0.00010896024468820542,0.0,1789027641.8385122
4248.4529999999995,-0.40609123485866566,-0.550853174443527,0.30010874352267913,-0.8912962308300094,-2.8150725847425133,0.3663159819215739,1,1,0.7442848086357117,-1.0940660399249573,1.5523746649371546,-2.3250094852843226,-1.5876873175250452,-0.21473580995668584,-0.028002828359603882,0.1185126006603241,-0.0,0.0,-1.5003795291411697e-15,0.0,1789027641.9384937
4248.553,-0.4091596980182644,-0.5503264685389067,0.2929357129547546,-0.898258572072863,-2.8196757827837455,0.3527002917306595,0,2,0.7406172156333923,-1.0833988350680848,1.5523713270770472,-2.325017114678854,-1.5877097288714808,-0.2147310415851038,-0.03463335707783699,0.09447821974754333,-8.4821922765027795e-19,5.332418687596555e-26,-0.0,0.0,1789027642.0385196
4248.653,-0.4102444792550526,-0.5504463276442494,0.28896350365109674,-0.9006445490147864,-2.8227728791936038,0.34538389118943186,0,2,0.739655613899231,-1.0775012236884614,1.5523861090289515,-2.325085302392477,-1.5876978079425257,-0.21472007433046514,0.0013304523890838027,0.017938734963536263,1.5769828678457998e-05,0.0,-0.0,0.0,1789027642.1384661
4248.753,-0.4102586536609729,-0.5504439571634024,0.28897424827226,-0.9006250435025439,-2.8227390871050955,0.3454603038737066,0,2,0.7396377325057983,-1.077499733572342,1.5523746649371546,-2.325136800805563,-1.5876906553851526,-0.2147429625140589,0.00032385546364821494,-0.0003974632127210498,1.2682004905317453e-36,-0.00021584233036264777,-0.0,0.0,1789027642.2384858
4248.853,-0.41022836992827,-0.5504616098944463,0.2891925076911098,-0.9004667693702565,-2.8224243891831664,0.34619149681251526,0,2,0.7396843433380127,-1.0777496856502076,1.5523465315448206,-2.325432439843649,-1.587670628224508,-0.21473580995668584,0.00011855963384732604,-0.005701820366084576,-0.0,-0.0023673244286328554,-0.0,0.0,1789027642.3384733
4248.9529999999995,-0.4102193586457983,-0.5504546263751535,0.2892016461875502,-0.900497146802051,-2.8223722431071145,0.34622612006454634,0,2,0.7396892309188843,-1.0777822595885773,1.5523861090289515,-2.325479646722311,-1.5876944700824183,-0.21470433870424444,8.84362161741592e-05,-7.718764391029254e-05,6.723887781845406e-05,-0.00013645867875311524,-0.0,0.0,1789027642.4384975
4249.053,-0.4099696027991468,-0.5504839253496716,0.2900986692939748,-0.8997494579515586,-2.8214111305040257,0.34849461912285856,0,2,0.7399722337722778,-1.079031990175583,1.552429501210348,-2.32608761409902,-1.5876978079425257,-0.21472388902773076,0.0022251771297305822,-0.019221752882003784,3.4521643101470545e-05,-0.00023787336249370128,-0.0,0.0,1789027642.5384707
4249.153,-0.40901211182100083,-0.5507322715833187,0.2924078934650615,-0.8973663856250559,-2.81964963978335,0.3536165630962336,0,2,0.7411975264549255,-1.0823377829841156,1.5524371306048792,-2.326778074304098,-1.5876439253436487,-0.21470767656435186,0.01980455592274666,-0.05658745393157005,8.744427608249674e-27,-0.022394312545657158,-0.0,0.0,1789027642.6385353
4249.253,-0.4069888300901549,-0.5506351613226929,0.2999494190963642,-0.892372874983173,-2.812655098773158,0.36969477474003004,0,2,0.7431363463401794,-1.0931592148593445,1.5524337927447718,-2.3288470707335414,-1.5876787344561976,-0.21470433870424444,0.026116162538528442,-0.15608888864517212,3.3931504463655705e-23,-0.006813772022724152,-0.0,0.0,1789027642.738566
4249.353,-0.4021719894698397,-0.5513269101945943,0.3108897170038641,-0.8816702807008396,-2.805474690292992,0.39047716188354337,0,2,0.7487810254096985,-1.10947938383136,1.5524771849261683,-2.3289061985411585,-1.5876906553851526,-0.21472007433046514,0.08360189199447632,-0.1649024337530136,0.00019738927949219942,-0.00017883566033560783,-0.0,0.0,1789027642.8384745
4249.4529999999995,-0.39302513941942985,-0.5548955547121206,0.3216463878474558,-0.8606434832454477,-2.8025520495377334,0.4120345357996027,0,2,0.7620596289634705,-1.1255989235690613,1.5525177160846155,-2.3288752041258753,-1.5876944700824183,-0.21472388902773076,0.17231754958629608,-0.15259169042110443,0.00022080769122112542,-4.78946567454841e-05,-0.0,0.0,1789027642.9385304
4249.553,-0.3807999016574795,-0.5608102029044608,0.3303187184318202,-0.8321755564553079,-2.804627566257062,0.43086899540049817,0,2,0.7812239527702332,-1.1386598211577912,1.5525863806353968,-2.328886171380514,-1.587674919758932,-0.21473580995668584,0.2090556025505066,-0.10587329417467117,0.002174434484913945,-0.0,-0.0,0.0,1789027643.0384758
4249.653,-0.3677450067014166,-0.5676664759459727,0.33617666097610255,-0.8016811869819769,-2.810319150941999,0.44488224106071256,0,2,0.8024600148200989,-1.1475339096835633,1.5526416937457483,-2.3287865124144496,-1.587663475667135,-0.21472007433046514,0.21993418037891388,-0.07050342112779617,0.0009664890239946544,0.0008193047833628953,-0.0,0.0,1789027643.1385126
4249.753,-0.35382444076740743,-0.5756334288574394,0.33873514133992394,-0.7688101083728516,-2.8200701791072253,0.45317311076707767,0,2,0.8259715437889099,-1.151456044321396,1.552704159413473,-2.3286830387511195,-1.5876944700824183,-0.21472007433046514,0.23807936906814575,-0.01279070507735014,0.0017137520480901003,0.00026368116959929466,-0.0,0.0,1789027643.238542
4249.853,-0.3411654656529974,-0.5830760049963452,0.33853373646024865,-0.7389291448736807,-2.831290404088334,0.45603636793715896,0,2,0.8476657271385193,-1.1515519183925171,1.553253475819723,-2.328714510003561,-1.587670628224508,-0.21473962465395147,0.18424953520298004,-9.635766036808491e-05,0.014445578679442406,0.00013496582687366754,-0.0,0.0,1789027643.338531
4249.9529999999995,-0.33242783891784405,-0.5877708314029936,0.3379025151206143,-0.7189537321265405,-2.8392911534831065,0.4566767614791978,0,2,0.8622602820396423,-1.151592807178833,1.5546024481402796,-2.3287297687926234,-1.5876548925982874,-0.21470767656435186,0.10528348386287689,-0.00018626474775373936,0.015895916149020195,6.162324311283864e-20,-0.0,0.0,1789027643.4385042
4250.053,-0.32720711035265515,-0.5896510799146035,0.3358433107429513,-0.7086336333623986,-2.8457590416787055,0.4525343653030404,0,2,0.8701059818267822,-1.1516493123820801,1.5588834921466272,-2.328700204888815,-1.587639633809225,-0.21472388902773076,0.06037748605012894,-0.00043355682282708585,0.07675519585609436,0.0,-0.0,0.0,1789027643.5385013
4250.153,-0.3221808368253525,-0.5888563467422484,0.32926612841424746,-0.703453144620248,-2.8565810042382926,0.43609881382352955,0,2,0.8751713633537292,-1.1521385473063965,1.5730765501605433,-2.328783174554342,-1.5876429716693323,-0.21472388902773076,0.04432018846273422,-0.00904771126806736,0.19785742461681366,0.0,-0.0,0.0,1789027643.6385376
4250.253,-0.31511946280526554,-0.585445569857176,0.31911910135326094,-0.6994533192880716,-2.8723408025884436,0.40877005125595145,0,2,0.8801419734954834,-1.1557838481715699,1.5991218725787562,-2.3291083774962367,-1.5876067320453089,-0.21472007433046514,0.060491789132356644,-0.08589227497577667,0.3359614312648773,-0.0033133761025965214,-1.9080470830004927e-28,0.0,1789027643.7384863
4250.353,-0.30369760459157086,-0.5795795959205389,0.31097845308983135,-0.6908504975606579,-2.887727739009892,0.38458019739767374,0,2,0.8880681395530701,-1.1699063640883942,1.6361106077777308,-2.3322769604124964,-1.5875828901873987,-0.21470767656435186,0.09576737135648727,-0.19778047502040863,0.38904863595962524,-0.08095119893550873,-0.0,0.0,1789027643.8384683
4250.4529999999995,-0.2899952134987116,-0.5731495538560508,0.31132714881786105,-0.6752773637900827,-2.8892196103478556,0.39324385084647684,0,2,0.8985450863838196,-1.1960020822337647,1.6752589384662073,-2.350980897943014,-1.5875709692584437,-0.21472388902773076,0.09358241409063339,-0.3049682676792145,0.38806095719337463,-0.25567618012428284,-0.0,0.0,1789027643.938511
4250.553,-0.27647218413028707,-0.565711564176134,0.3177929326629184,-0.659787408701565,-2.884818439400112,0.4136775938200615,0,2,0.9082392454147339,-1.2302706402591248,1.7109907309161585,-2.3673039875426234,-1.5876100699054163,-0.21472007433046514,0.10954968631267548,-0.33566710352897644,0.3098425269126892,-0.02811961993575096,-0.0,0.0,1789027644.0384588
4250.653,-0.2632324608869468,-0.559362839160986,0.323319411093989,-0.6441869582088205,-2.8879725944107486,0.41880499272224836,0,2,0.9190939664840698,-1.261036531334259,1.738943878804342,-2.367335458795065,-1.5876191298114222,-0.21472055116762334,0.11138471961021423,-0.2708682119846344,0.235288605093956,0.00015119243471417576,-0.0,0.0,1789027644.138482
4250.753,-0.2510912431877162,-0.5547003057634892,0.32785914696996843,-0.6276077880496399,-2.8913087055663755,0.42405164363484776,0,2,0.9306118488311768,-1.2862490874579926,1.761205021535055,-2.3672639332213343,-1.5876548925982874,-0.21472388902773076,0.11383407562971115,-0.2289164513349533,0.20843148231506348,0.0007534767501056194,6.173760083252409e-20,0.0,1789027644.2384796
4250.853,-0.2406678787363931,-0.5514461079955162,0.3312313713100829,-0.6118467224957814,-2.894688936479556,0.42857554528664743,0,2,0.9415599703788757,-1.305679516201355,1.7782662550555628,-2.367241521874899,-1.5876348654376429,-0.21473580995668584,0.09993729740381241,-0.1850198209285736,0.1669437140226364,3.6499302950687706e-05,0.0,0.0,1789027644.3385127
4250.9529999999995,-0.2309865186784629,-0.5477135203053817,0.33165623486401646,-0.5983899643390803,-2.9005318015377703,0.4261333408223237,0,2,0.9512901902198792,-1.3220572036555787,1.7974684874164026,-2.367185255090231,-1.5876272360431116,-0.21472007433046514,0.08668462932109833,-0.13541549444198608,0.19804728031158447,0.0005155894905328751,0.0,0.0,1789027644.438469
4251.053,-0.22349624756308337,-0.542730738472292,0.32731274821385764,-0.5916146708566461,-2.909685224405231,0.41158240564406734,0,2,0.9569003582000732,-1.333671198492386,1.820761505757467,-2.3671614132323207,-1.5876191298114222,-0.21473580995668584,0.031023766845464706,-0.09265193343162537,0.2743958830833435,0.00016302028961945325,0.0,0.0,1789027644.5385194
4251.153,-0.21759110275814936,-0.5355177660841061,0.3178043981277377,-0.5921505718157667,-2.922735764963101,0.3827561436431703,0,2,0.9580989480018616,-1.342232034807541,1.851373020802633,-2.3671680889525355,-1.5876343886004847,-0.21473580995668584,0.0002166812919313088,-0.08634898066520691,0.34102264046669006,0.00011001931125065312,0.0,0.0,1789027644.6384833
4251.253,-0.21151910161803572,-0.5268738224727445,0.30921157978481917,-0.5942804228367329,-2.934457041850248,0.3551051778395833,0,2,0.9580881595611572,-1.3543493163636704,1.884491268788473,-2.3672367535033167,-1.5875919500934046,-0.21472388902773076,1.3891741218685638e-05,-0.17150501906871796,0.3313430845737457,-5.189399598748423e-05,0.0,0.0,1789027644.7384999
4251.353,-0.20486476519557315,-0.5174241260752851,0.3073708427739616,-0.5951184946435512,-2.9390562247622434,0.34412555320468646,0,2,0.9581144452095032,-1.3767482352307816,1.9151085058795374,-2.367164751092428,-1.5875828901873987,-0.21472388902773076,6.096375363995321e-05,-0.27559903264045715,0.2943366467952728,5.074537330074236e-05,0.0,0.0,1789027644.8385532
4251.4529999999995,-0.1991303346953918,-0.5092853982939728,0.31129018582778034,-0.594758027771486,-2.9369620021653375,0.3493936510523604,0,2,0.958146870136261,-1.403211073284485,1.9373968283282679,-2.366913457910055,-1.5875638167010706,-0.21473962465395147,0.00030510476790368557,-0.25085291266441345,0.1751769781112671,0.0015991941327229142,0.0,0.0,1789027644.9386113
4251.553,-0.19507152187083343,-0.5034615751625311,0.3160875731910795,-0.5943426381003176,-2.933571998831892,0.3575119830090983,0,2,0.9581119418144226,-1.4247954797795792,1.9512727896319788,-2.3653108082213343,-1.587588135396139,-0.21470767656435186,2.9644943424500525e-05,-0.17702455818653107,0.0988408625125885,0.04453430697321892,0.0,0.0,1789027645.0386128
4251.653,-0.1923280858173992,-0.4995602655456614,0.3191966773159588,-0.5942444711160448,-2.933011872867209,0.3588029174635261,0,2,0.958134651184082,-1.4392108482173462,1.959405247365133,-2.360011716882223,-1.5876262823687952,-0.21473580995668584,-1.4576910871255677e-05,-0.12683869898319244,0.08310798555612564,0.06518735736608505,0.0,0.0,1789027645.1386847
4251.753,-0.18946457834038177,-0.49550872822556447,0.3192139528648256,-0.5949508318293925,-2.9369178680177646,0.34950309330346435,0,2,0.9581658840179443,-1.4501880419305344,1.969538990651266,-2.352142950097555,-1.5875991026507776,-0.21473580995668584,0.0,-0.08747918903827667,0.1203332170844078,0.07987000048160553,0.0,0.0,1789027645.2386405
4251.853,-0.1867402099123972,-0.49158291070998683,0.3157731134040354,-0.5962943056493509,-2.943841070167131,0.3325795893228349,0,2,0.9581119418144226,-1.4563649159720917,1.9821937719928187,-2.3459111652769984,-1.5875900427447718,-0.21473580995668584,0.0,-0.03282769396901131,0.11296779662370682,0.04239184409379959,0.0,0.0,1789027645.3385322
4251.9529999999995,-0.18516132810950153,-0.4893748212263306,0.31225579511215634,-0.5971413346082534,-2.9488168486878292,0.3203374328096402,0,2,0.9581503868103027,-1.4577653271010895,1.9909027258502405,-2.344046731988424,-1.5875781218158167,-0.21472007433046514,0.0,-0.005897420458495617,0.0766756609082222,0.0004345978959463537,0.0,0.0,1789027645.438473
4252.053,-0.18378034687498246,-0.4873593031045051,0.3088408085794911,-0.5979396424032841,-2.952864254750909,0.3101523633458567,0,2,0.958088219165802,-1.458652102654316,1.9993298689471644,-2.343987127343649,-1.587579075490133,-0.21472388902773076,0.0,-0.0209885872900486,0.09804233908653259,0.00024853780632838607,0.0,0.0,1789027645.5385156
4252.153,-0.1816034456967388,-0.4842984081529106,0.30478660157008974,-0.5987435167692536,-2.9578596230075926,0.2975286165840494,0,2,0.9581274390220642,-1.461463288669922,2.011266533528463,-2.343714853326315,-1.587595287953512,-0.21473580995668584,0.0,-0.02518700435757637,0.13767701387405396,0.010014012455940247,0.0,0.0,1789027645.6384957
4252.253,-0.17938345164439187,-0.48134095593983983,0.2996749641981693,-0.5994501307140758,-2.9640759483100174,0.2818548624383702,0,2,0.9583505988121033,-1.4624939796379586,2.0236132780658167,-2.3433758221068324,-1.5875862280475062,-0.2147586981402796,0.0008305588853545487,-0.0014264549827203155,0.13097362220287323,0.001245491555891931,0.0,0.0,1789027645.7385309
4252.353,-0.17663860240657908,-0.4775811488294844,0.29249082472358234,-0.6007090614377231,-2.972435860429292,0.26018613487084596,0,2,0.9585066437721252,-1.462487058048584,2.03961688676943,-2.3433438740172328,-1.5875676313983362,-0.21472388902773076,0.0005831799353472888,-6.887813651701435e-05,0.15565182268619537,0.00016327523917425424,0.0,0.0,1789027645.838871
4252.4529999999995,-0.1744499436152011,-0.47453707033853654,0.28693225077440865,-0.6016916468843309,-2.9788215093862336,0.24316457912105052,0,2,0.9585855007171631,-1.4625693646124382,2.052216355000631,-2.343332906762594,-1.5875862280475062,-0.21472388902773076,0.004904379136860371,-0.0018681380897760391,0.10394834727048874,7.583582919323817e-05,0.0,0.0,1789027645.9387372
4252.553,-0.17232721837436857,-0.4732191720820874,0.28416693506435253,-0.5992314224812526,-2.982666380841138,0.2348185497701721,0,2,0.9606027603149414,-1.4629133504680176,2.0588892141925257,-2.343443056146139,-1.5876262823687952,-0.21473580995668584,0.04850565642118454,-0.013996257446706295,0.024043291807174683,0.0,2.2045227440758022e-41,0.0,1789027646.0385149
4252.653,-0.1676400723118337,-0.47440768508875875,0.2855433968291198,-0.5852788478837322,-2.984689863784434,0.23932098328368298,0,2,0.9699207544326782,-1.4660397705486794,2.059211079274313,-2.3434230289854945,-1.5876272360431116,-0.21470767656435186,0.1523333191871643,-0.04137923941016197,-7.198861316752134e-30,0.0,0.0,0.0,1789027646.1385462
4252.753,-0.15711608728882562,-0.47716280510275655,0.2888018374370976,-0.5534020151829058,-2.988944324905756,0.2501004979838103,0,2,0.9910863637924194,-1.4727134344032784,2.0591705481158655,-2.343412061730856,-1.5876272360431116,-0.21473962465395147,0.25562572479248047,-0.07904879003763199,-0.00117364595644176,1.3525361282518134e-05,-5.2651936130132526e-05,0.0,1789027646.2387257
4252.853,-0.14389154247917163,-0.4801179311657071,0.29317263612050243,-0.5138129443922452,-2.993534577423607,0.26445655071282087,0,2,1.0173969268798828,-1.4817974802902718,2.0592339674579065,-2.343372484246725,-1.5876620451556605,-0.21472007433046514,0.2564530372619629,-0.11752500385046005,-8.493380443397314e-10,3.054442862496278e-36,-0.0,0.0,1789027646.3385472
4252.9529999999995,-0.1332279416235185,-0.48131537600220287,0.29989015259513463,-0.48303607727596826,-2.993411480294245,0.2852327716446583,0,2,1.0375820398330688,-1.4957129892757912,2.0592473188983362,-2.3433643780150355,-1.587653938923971,-0.21468907991518194,0.14890776574611664,-0.15894295275211334,0.001176720834337175,0.0,-0.0,0.0,1789027646.4385755
4253.053,-0.1286201350669064,-0.4806015987719279,0.30667419906737836,-0.4710343829446787,-2.98893094756269,0.3054772507196522,0,2,1.0450921058654785,-1.5097804118743916,2.059251133595602,-2.3434907398619593,-1.5875709692584437,-0.21469289461244756,0.02390669845044613,-0.10274219512939453,0.0001120619272114709,-0.000209108431590721,0.00016665189468767494,0.0,1789027646.538596
4253.153,-0.1284676209603431,-0.48024142800485203,0.3080111581322217,-0.47096160414281335,-2.9875087457368354,0.30927936569115694,0,2,1.0449960231781006,-1.512560562496521,2.0592435042010706,-2.3434792957701625,-1.5875862280475062,-0.21472388902773076,-0.005109853111207485,0.002732361201196909,0.0002497964887879789,-5.9360019804444164e-05,7.17508519301191e-05,0.0,1789027646.6385252
4253.253,-0.1282425470224015,-0.48030082545051644,0.3080567518116526,-0.4702398404980112,-2.9875950557242814,0.3095631621468521,0,2,1.0454599857330322,-1.5126274240067978,2.059239689503805,-2.3435780010619105,-1.5875676313983362,-0.21473962465395147,0.004239839967340231,-4.416545561980456e-05,1.4393098622603378e-37,-0.00028522362117655575,0.0,0.0,1789027646.7385533
4253.353,-0.12799205023844376,-0.48033683417292283,0.30808329856997985,-0.46948240681962083,-2.987656505009499,0.3094090417938812,0,2,1.0459834337234497,-1.5127233874848862,2.059239689503805,-2.343412061730856,-1.5877307097064417,-0.21473580995668584,1.4966486947700106e-18,-0.00025667555746622384,0.0003083405317738652,0.000565301685128361,-0.0032676556147634983,0.0,1789027646.8385108
4253.4529999999995,-0.12807334758554034,-0.48014445402465983,0.30815549716287394,-0.4697479993553461,-2.9869370631347127,0.3079825936449479,0,2,1.0458590984344482,-1.5131397035769005,2.0592873732196253,-2.3425075016417445,-1.588799778615133,-0.21473199525942022,-0.000273805926553905,-0.006092106457799673,0.0002758114133030176,0.030130485072731972,-0.02635837346315384,0.0,1789027646.938687
4253.553,-0.1279411422575703,-0.4783849907996688,0.3061555290760229,-0.47120687117158216,-2.989437091064768,0.2777858126294397,0,2,1.0458159446716309,-1.513814629321434,2.059470001851217,-2.3235041103758753,-1.5962098280536097,-0.21472007433046514,-0.0002903523272834718,-0.009242107160389423,0.004861788358539343,0.3753040134906769,-0.10918709635734558,0.0,1789027647.0385146
4253.653,-0.126363370642262,-0.4731183817197494,0.2991028826049901,-0.47454639641915314,-3.007744588265519,0.18343343908235396,0,2,1.0456912517547607,-1.5147295866957684,2.0600245634662073,-2.2605864010252894,-1.6081526915179651,-0.2147429625140589,-0.0005437905201688409,-0.00612810580059886,0.002608543261885643,0.8006681203842163,-0.11230652034282684,0.0,1789027647.138668
4253.753,-0.12408081381921761,-0.467980110600837,0.29212310923249935,-0.47717999229249564,-3.030551576866564,0.0904979588368466,0,2,1.0454444885253906,-1.5148320731571694,2.0599611441241663,-2.1964737377562464,-1.6127870718585413,-0.2147310415851038,-0.006479314528405666,-0.00010766422929009423,-0.0002087204484269023,0.3973206579685211,-0.0002974056696984917,0.0,1789027647.2387066
4253.853,-0.12408856481853599,-0.4669231449590767,0.29084339186569846,-0.4793483399211681,-3.0351388797391725,0.07316486396082547,0,2,1.0442938804626465,-1.5147241999259968,2.059781853352682,-2.18424191097402,-1.6127479712115687,-0.21472007433046514,-0.020675215870141983,0.0008162744925357401,-0.0013309012865647674,-0.0005220544408075511,-6.602051871595904e-05,0.0,1789027647.338583
4253.9529999999995,-0.12556505531371645,-0.4665566372534821,0.29065832671284264,-0.48416329672968567,-3.034522852282583,0.07233144239817023,0,2,1.0411549806594849,-1.5143747639707108,2.059805695210592,-2.1841336689391078,-1.6127203146563929,-0.21468907991518194,-0.05039534717798233,0.0028964499942958355,-6.742686673533171e-05,-1.358121768145918e-37,-6.449144915098004e-38,0.0,1789027647.4385867
4254.053,-0.12953807655510421,-0.4656856385367923,0.2897646027750842,-0.4967043976898024,-3.033096496857805,0.06901809437597535,0,2,1.0328717231750488,-1.512514316742756,2.0598366896258753,-2.184013982812399,-1.6127479712115687,-0.21472055116762334,-0.11996530741453171,0.03448142483830452,9.378122013952139e-24,0.0005431589088402689,-0.0,0.0,1789027647.5385246
4254.153,-0.1363842511999567,-0.464400033415363,0.2872748268692348,-0.5180143343229278,-3.0314483490898416,0.06063513813522435,0,2,1.0188894271850586,-1.5071801853230973,2.059817139302389,-2.183930059472555,-1.6127360502826136,-0.21472388902773076,-0.13955703377723694,0.07407012581825256,-0.0,0.0006365724257193506,-0.0,0.0,1789027647.6385827
4254.253,-0.14169520625874593,-0.4641556973667277,0.28226903051424623,-0.5334130556206053,-3.0329563364787417,0.045011836508830026,0,2,1.0089597702026367,-1.4964129638722916,2.059758965169088,-2.183974405328268,-1.6127241293536585,-0.21470433870424444,-0.05457967519760132,0.13679787516593933,-0.0,0.0001053430387401022,-0.0,0.0,1789027647.738701
4254.353,-0.14341071157718943,-0.4656544563191273,0.2741066761630253,-0.5360877570028344,-3.0394476312173984,0.020293986521298574,0,2,1.0075452327728271,-1.4790352147868653,2.0597851912127894,-2.1840325794615687,-1.6126764456378382,-0.21472388902773076,0.00039254160947166383,0.20197747647762299,-1.7058448065654375e-05,2.7705063697107776e-25,0.0002520057314541191,0.0,1789027647.8385167
4254.4529999999995,-0.14456940918992198,-0.46751007267437317,0.26466713652527424,-0.5367416192481694,-3.047089804562525,-0.008050144778011095,0,2,1.007538080215454,-1.4589080524495621,2.0597146193133753,-2.1842295132079066,-1.6126163641559046,-0.21469623247255498,2.2344955141306855e-05,0.1944887489080429,-0.0003653538296930492,-0.0033718941267579794,0.00024280804791487753,0.0,1789027647.938528
4254.553,-0.14541800064140067,-0.46888853118192825,0.257761011206333,-0.5370854771809123,-3.052201936177339,-0.027424661381227795,0,2,1.0075464248657227,-1.4439840626767655,2.0596540609942835,-2.185557027856344,-1.612537686024801,-0.21471149126161748,9.737112850416452e-05,0.09919755160808563,-0.0015168284298852086,-0.029608367010951042,0.0005503975553438067,0.0,1789027648.0385268
4254.653,-0.14609136169448247,-0.46999357564001465,0.2557216484011112,-0.5369846152019783,-3.0526086193501247,-0.02892117822921777,0,2,1.0075812339782715,-1.4379504483989258,2.0586283842669886,-2.1895224056639613,-1.6125314871417444,-0.21473962465395147,8.427464490523562e-05,0.026903336867690086,-0.021958908066153526,-0.054568465799093246,0.00015312667528633028,0.0,1789027648.138512
4254.753,-0.1470490001673775,-0.47151739880296456,0.2569125994745446,-0.5367151587322977,-3.0498699010321824,-0.018187507418431375,0,2,1.007582426071167,-1.4363498550704499,2.055352512990133,-2.195317407647604,-1.612511936818258,-0.2147467772113245,0.00023707826039753854,0.010640474036335945,-0.04579358920454979,-0.04249880462884903,6.790601037209854e-05,0.0,1789027648.238531
4254.853,-0.1480428319613537,-0.47311208349019723,0.25897296995764063,-0.5364943186198253,-3.047462572286148,-0.008914061339986247,0,2,1.007604956626892,-1.4358265113881608,2.0503323713885706,-2.1972862682738246,-1.6124966780291956,-0.2147310415851038,7.828241359675303e-05,0.004263090435415506,-0.054584063589572906,-0.0003492441901471466,0.0,0.0,1789027648.3385878
4254.9529999999995,-0.14879960734775483,-0.4744025744994166,0.26063477855347933,-0.5362651455840451,-3.0459730372107336,-0.00326523264291005,0,2,1.0077130794525146,-1.4353238356164475,2.0458086172686976,-2.197214742700094,-1.6125081221209925,-0.21468907991518194,0.0019941902719438076,0.0109534477815032,-0.03991886228322983,-5.724107541027479e-05,0.0,0.0,1789027648.438595
4255.053,-0.149453158855883,-0.475493077538816,0.2608074230427296,-0.5360388546950411,-3.0457007001097693,-0.002256791557540135,0,2,1.0077812671661377,-1.4328579616597672,2.042586628590719,-2.1971785030760707,-1.6125391165362757,-0.2147467772113245,0.00029334152350202203,0.03956565260887146,-0.01791083626449108,-5.230172540293296e-21,0.0,0.0,1789027648.5385954
4255.153,-0.15001859604273485,-0.47644837898489595,0.25809686255727726,-0.5361439458643869,-3.0477430830170964,-0.010072629740070591,0,2,1.0078461170196533,-1.4260090303472062,2.0411770979510706,-2.1971665821471156,-1.612558666859762,-0.21471149126161748,0.0009162856149487197,0.09662599861621857,-0.017193138599395752,-0.0,0.0,0.0,1789027648.6386623
4255.253,-0.15148941715124897,-0.4788463519629467,0.25394995662780306,-0.5362828448817955,-3.050687426393946,-0.021330104852636273,0,2,1.0079095363616943,-1.4131525468877335,2.036236588154928,-2.1972295246519984,-1.6125429312335413,-0.21469289461244756,0.0013623397098854184,0.1666671484708786,-0.09394372999668121,-0.0,0.0,0.0,1789027648.7385848
4255.353,-0.15450537290624525,-0.48363419180617423,0.25043600669411337,-0.5363376950219625,-3.0526427397461244,-0.02902434874333137,0,2,1.0079131126403809,-1.3954100769809266,2.0239151159869593,-2.1973067722716273,-1.6125462690936487,-0.21472388902773076,3.110210755608023e-08,0.15720835328102112,-0.1241624504327774,-0.0006001977017149329,0.0,0.0,1789027648.838571
4255.4529999999995,-0.1565427493386897,-0.4869873299667954,0.24846059894815653,-0.5361863156098291,-3.0536271568862228,-0.03278098266225,0,2,1.0080413818359375,-1.3839152169278641,2.0150416533099573,-2.197315832177633,-1.6125357786761683,-0.21472388902773076,0.0030590230599045753,0.07237564772367477,-0.054601188749074936,-0.0001777187135303393,0.0,0.0,1789027648.9385333
4255.553,-0.15687813602837775,-0.48835897978155285,0.246332498448541,-0.5348935336312088,-3.0552437223571025,-0.03836862913254598,0,2,1.008945107460022,-1.3773601663163682,2.012322727833883,-2.1972624264159144,-1.6125629583941858,-0.21472388902773076,0.008729231543838978,0.05642290785908699,-0.001729189301840961,-5.5979297030717134e-05,0.0,0.0,1789027649.0385783
4255.653,-0.15695379145132113,-0.4887670429480023,0.24367616272870204,-0.5345335759836373,-3.0572479084608766,-0.04611513141647414,0,2,1.0092520713806152,-1.3720451456359406,2.012348000203268,-2.197226186791891,-1.6125791708575647,-0.21473962465395147,0.0001911720319185406,0.05222714692354202,5.227698784437962e-05,-2.1880602897169143e-39,0.0,0.0,1789027649.1385493
4255.753,-0.15712419845001588,-0.48901841092383536,0.24155870228646142,-0.5346979413099558,-3.0587629389706392,-0.05231217133684988,0,2,1.009229063987732,-1.367868260746338,2.012437168751852,-2.1971990070738734,-1.6125872770892542,-0.21472388902773076,1.2921791494591162e-05,0.03580509498715401,0.00019646174041554332,0.00011674890265567228,0.0,0.0,1789027649.238587
4255.853,-0.15718083362842736,-0.4891055107297056,0.24077929216013538,-0.53475264954455,-3.0593407290309407,-0.05458902403183001,0,2,1.009220838546753,-1.366342620258667,2.012482468281881,-2.1971851787962855,-1.6125686804400843,-0.21472388902773076,0.0,0.001379184890538454,0.00021230857237242162,0.00020150403724983335,0.0,0.0,1789027649.3386447
4255.9529999999995,-0.15714031875934542,-0.489057367809162,0.24063150292743601,-0.5347183528340804,-3.0595074737834587,-0.05546005782979128,0,2,1.0092484951019287,-1.366198943262436,2.0125892798053187,-2.1968518696227015,-1.612619702016012,-0.21472388902773076,0.0,0.0034850777592509985,0.0026498218066990376,0.003506597364321351,0.0,0.0,1789027649.4385753
4256.053,-0.15708767468313492,-0.48902685459989587,0.24027259995863803,-0.5346211339259782,-3.059820471399743,-0.05680710877511456,0,2,1.0093119144439697,-1.3656772685102005,2.012782398854391,-2.196646352807516,-1.6126545111285608,-0.21473580995668584,0.000782545714173466,0.0042363423854112625,0.002270015189424157,0.001529090921394527,-9.33761039050296e-05,0.0,1789027649.538599
4256.153,-0.1567069562801144,-0.4889006774400467,0.23991314208523667,-0.5338940407830906,-3.060652400474626,-0.059615382905890496,0,2,1.0098227262496948,-1.365506188278534,2.0131009260760706,-2.1951762638487757,-1.6126402060138147,-0.21473962465395147,0.00926012359559536,0.00044397605233825743,0.004721416626125574,0.04365381971001625,-9.43835693760775e-05,0.0,1789027649.6386538
4256.253,-0.1555885314578459,-0.48801338712660064,0.23866766414495247,-0.5327105580815671,-3.06419038219478,-0.07324213912041162,0,2,1.0107827186584473,-1.36552186430011,2.0141728560077112,-2.1867877445616664,-1.612624470387594,-0.21473962465395147,0.011625180952250957,8.252875704783946e-05,0.014233270660042763,0.13028094172477722,-5.279121614876203e-05,0.0,1789027649.7385085
4256.353,-0.1535796988884611,-0.48603050813547866,0.23611777324626515,-0.5312650482418769,-3.0713968967215464,-0.10291888617733203,0,2,1.012113094329834,-1.3655220133117218,2.0160821119891565,-2.1682378254332484,-1.6126402060138147,-0.21472388902773076,0.014235085807740688,5.550327558667689e-12,0.030886320397257805,0.21440090239048004,-0.0,0.0,1789027649.8385384
4256.4529999999995,-0.15134727885973315,-0.48332126279864873,0.23268281081226433,-0.5303600131227814,-3.0783484261051917,-0.1332261373105587,0,2,1.0130517482757568,-1.365556613808014,2.020921055470602,-2.15224613765859,-1.612631622944967,-0.21470767656435186,0.010207636281847954,0.0,0.05885150656104088,0.02507495880126953,-0.0,0.0,1789027649.9385567
4256.553,-0.15061368427008692,-0.482598636203674,0.23156261672351966,-0.5295878203427598,-3.079306622847845,-0.13714523824316516,0,2,1.0135431289672852,-1.365509809260704,2.023672405873434,-2.1523643932738246,-1.6126473585711878,-0.2147467772113245,0.00044351708493195474,0.00012517633149400353,0.0015107088256627321,-0.0005250400281511247,-0.0,0.0,1789027650.0385447
4256.653,-0.15049702192782766,-0.4824457003378529,0.23132760745215708,-0.5296113078547449,-3.079514775004597,-0.13799168649966703,0,2,1.0135741233825684,-1.3654773992351075,2.0242131392108362,-2.1523477039732875,-1.612619702016012,-0.21471149126161748,6.407186447177082e-05,0.00046223888057284057,0.013607440516352654,-0.00010450209811097011,-0.0,0.0,1789027650.138478
4256.753,-0.15038583516401177,-0.4823004161283773,0.23022727134180493,-0.5295790515571661,-3.0802778552270866,-0.1415714150238715,0,2,1.0136111974716187,-1.3638954919627686,2.025013271962301,-2.1522890530028285,-1.6126354376422327,-0.21472007433046514,0.001483893021941185,0.03868518024682999,0.0005038981325924397,-1.9712002783338833e-21,-0.0,0.0,1789027650.2385051
4256.853,-0.15031222674057151,-0.4827488748041307,0.22712738621653134,-0.5286956969356509,-3.082388905760479,-0.15085813381922364,0,2,1.0142179727554321,-1.3575545114329834,2.0250065962420862,-2.152280469933981,-1.6126354376422327,-0.2147467772113245,0.009234912693500519,0.09164193272590637,0.00027888486511074007,-0.0,-0.0,0.0,1789027650.338484
4256.9529999999995,-0.14983348330795454,-0.48363159185387145,0.2213804870759623,-0.5262092711590013,-3.0863272710821144,-0.1679842844986923,0,2,1.0159834623336792,-1.3458211880973359,2.025022331868307,-2.152343889276022,-1.612607781087057,-0.21469289461244756,0.01744930073618889,0.11990013718605042,1.755480383280883e-07,-0.0,-0.0,0.0,1789027650.4385452
4257.053,-0.14987032912133608,-0.4841271583143068,0.2169060280922398,-0.5255234593472838,-3.0891508116847004,-0.18145880396558248,0,2,1.016444444656372,-1.336723492746689,2.0250495115863245,-2.1523128948607386,-1.6126111189471644,-0.2147467772113245,0.00018427961913403124,0.06209579482674599,-0.0,-3.892707172781229e-05,-0.0,0.0,1789027650.5385497
4257.153,-0.14975314904498568,-0.4844051688167,0.21485783001018433,-0.5248543550308108,-3.090491562486611,-0.18755838816028503,0,2,1.0169340372085571,-1.3325198304704209,2.025015179310934,-2.152328153649801,-1.6125720183001917,-0.21472388902773076,0.013926771469414234,0.03575751185417175,2.578572093625553e-05,-1.5243925913233092e-12,-0.0,0.0,1789027650.638554
4257.253,-0.14825840896102957,-0.4850103827075856,0.21338488814771855,-0.5198469096671633,-3.09200671812163,-0.19199302581624084,0,2,1.020172357559204,-1.3295389872840424,2.0250380674945276,-2.1523195705809535,-1.6125791708575647,-0.21472388902773076,0.05941753461956978,0.027364185079932213,-4.73080535812187e-06,-0.0,-0.0,0.0,1789027650.7385745
4257.353,-0.14456884229276937,-0.48619176069322984,0.21226616662693,0.507875248583518,3.09403855655686,0.19538786273669634,0,2,1.0278429985046387,-1.3273492914489289,2.025144879017965,-2.1522957287230433,-1.6125877539264124,-0.2147429625140589,0.07754737883806229,0.004965026397258043,0.0003410578647162765,-0.0,-0.0,0.0,1789027650.8385582
4257.4529999999995,-0.14246899412556613,-0.48681406060153753,0.21215768800711346,-0.5012085081343579,-3.095071520282016,-0.19576400363677154,0,2,1.0321598052978516,-1.3271421057036896,2.0251506010638636,-2.1522447071471156,-1.6125767866717737,-0.21472388902773076,0.020945440977811813,0.010440920479595661,0.00016165207489393651,7.619468669872731e-05,0.0,0.0,1789027650.9385598
4257.553,-0.14230975596208076,-0.48698794065631545,0.21073311034257142,0.5002042230522077,3.0941214035133098,0.19999901098491124,0,2,1.032623529434204,-1.3242677015117188,2.025177780781881,-2.152215620080465,-1.612607781087057,-0.21472388902773076,0.00012242715456523,0.05410110205411911,0.00025166216073557734,0.00013013320858590305,0.0,0.0,1789027651.038559
4257.653,-0.14237399327906483,-0.4871026129982402,0.2066833902170965,0.499269818309328,3.0903408167508166,0.2119913667602436,0,2,1.032623529434204,-1.3165058952621003,2.0257914702044886,-2.152213235894674,-1.612607781087057,-0.2147277037249964,1.1627056665020064e-05,0.0960894450545311,0.006912735290825367,9.060466982191429e-05,0.0,0.0,1789027651.138555
4257.753,-0.14223805404009654,-0.4868950271587273,0.20187045268006928,0.49810238542423857,3.085709716653639,0.22646201712882527,0,2,1.0326356887817383,-1.307972715502121,2.0274251143084925,-2.1522447071471156,-1.612607781087057,-0.21473962465395147,0.0,0.06967556476593018,0.02982010692358017,4.3407341582569494e-16,0.0,0.0,1789027651.2385921
4257.853,-0.14154201225051388,-0.48577877026612976,0.19799935294760637,0.49713265599838163,3.0816268965752167,0.2389745376912694,0,2,1.0326789617538452,-1.303159312610962,2.0314181486712855,-2.152259965936178,-1.6126006285296839,-0.21468907991518194,0.00017880246741697192,0.02403845265507698,0.044689714908599854,0.0,0.0,0.0,1789027651.3386734
4257.9529999999995,-0.14030664045011157,-0.4837172810176177,0.19533851731955337,0.4963057473876434,3.078376625812978,0.24883025626105007,0,2,1.0326836109161377,-1.3026588720134278,2.037848774586813,-2.1522532902159632,-1.612607781087057,-0.21472007433046514,0.00037577238981612027,0.0001304551842622459,0.06477352976799011,0.0,0.0,0.0,1789027651.4385529
4258.053,-0.13960626526946865,-0.48253492238944257,0.19398731352473203,0.495903639590499,3.0766805931995624,0.2539655446959293,0,2,1.0326753854751587,-1.3026745182326813,2.041487518941061,-2.1522633037962855,-1.6126278082477015,-0.2147277037249964,6.415152512904648e-35,1.3807222785544582e-05,0.0037512502167373896,0.0,0.0,0.0,1789027651.5385888
4258.153,-0.13963092187898385,-0.4825297426853739,0.1939723916812186,0.4959562634830647,3.07667585572068,0.25397513214359435,0,2,1.0326285362243652,-1.3026433748057862,2.041495148335592,-2.152299543420309,-1.6126387755023401,-0.21473962465395147,0.0,0.0,3.81147583539132e-05,2.4831703831874064e-38,0.0,0.0,1789027651.6385581
4258.253,-0.13959743760274765,-0.4825143514260888,0.19389669660401546,0.49589838294273497,3.0765648140773925,0.2542622946504125,1,3,1.0326666831970215,-1.302542732363083,2.0415552298175257,-2.152248045007223,-1.6126158873187464,-0.21472388902773076,-1.377642864688857e-38,0.0007802461041137576,0.0002800996007863432,0.0,0.0,0.0,1789027651.73859
4258.353,-0.13963475020952837,-0.48252293271962726,0.19391738820689,0.49595524476457903,3.0766182854315796,0.25416534019528375,1,3,1.0326162576675415,-1.3025463384440918,2.0415127913104456,-2.1522838077940882,-1.6126473585711878,-0.2147429625140589,0.0,0.00012756630894728005,1.1521133029377763e-22,0.0,0.0,0.0,1789027651.8385906
4258.4529999999995,-0.13962696935753224,-0.48252174934907294,0.19388584745766477,0.4959684129002048,3.07653444942232,0.25426750034548207,1,3,1.032619833946228,-1.302492545252182,2.0415199438678187,-2.1522532902159632,-1.6126039663897913,-0.21472388902773076,0.0,2.5701426337886013e-34,-0.0,0.0,0.0,0.0,1789027651.938556
4258.553,-0.1396215918204321,-0.48252746486891435,0.19390164245643438,0.4959446734748702,3.076582762998161,0.2542068766772809,1,3,1.0326393842697144,-1.3025153440288086,2.0415123144732874,-2.1522747478880824,-1.6126235167132776,-0.21472388902773076,0.0,0.0,-0.0,0.0,0.0,0.0,1789027652.038514
4258.653,-0.1396263530859677,-0.4825432551983865,0.19392732602091303,0.4959483103926465,3.0766044422814067,0.254070243675344,1,3,1.0326429605484009,-1.3025355500033875,2.041476074849264,-2.152304311791891,-1.6126006285296839,-0.21472388902773076,0.0,0.0,-0.0,0.0,0.0,0.0,1789027652.1384954
4258.753,-0.13962086840252708,-0.48254638102675107,0.19395728821558644,0.4959224283988251,3.0766857910958043,0.253963368935499,1,3,1.032663106918335,-1.3025906842998047,2.041476074849264,-2.1523405514159144,-1.6126354376422327,-0.2147277037249964,0.0,-0.00014573965745512396,-6.260313966777176e-05,-0.00013285718159750104,0.0,0.0,1789027652.2387013
4258.853,-0.13962091921196165,-0.4825541711618252,0.19396350368354065,0.49590762794335963,3.0766721033932694,0.2538797008782461,1,3,1.032663106918335,-1.3025919657996674,2.0414674917804163,-2.1523715458311976,-1.6125958601581019,-0.21473962465395147,2.2187909053172916e-05,-0.00011853296746267006,-0.0,-9.394767403136939e-05,0.0,0.0,1789027652.3385293
4258.9529999999995,-0.13965908535049046,-0.4825668605981545,0.19400963495360926,0.4960056662074222,3.0767213146707335,0.25367871334062414,1,3,1.0326091051101685,-1.3026386064342041,2.0414136091815394,-2.152412076989645,-1.6125958601581019,-0.21473962465395147,0.0,-0.00017693944391794503,-9.947264334186912e-05,-0.00017958790704142302,0.0,0.0,1789027652.4384887
4259.053,-0.13965983676211824,-0.48258899387419857,0.19409840876138595,0.4960280716213774,3.0769239869043212,0.2531827414961257,1,3,1.0326367616653442,-1.3027786773494263,2.0414064566241663,-2.1526276073851527,-1.6126235167132776,-0.21472388902773076,0.0,-0.003508425084874034,-2.233314580360815e-13,-0.00064564443891868,0.0,0.0,1789027652.538605
4259.153,-0.13963861079907008,-0.4825977390360657,0.19422449186519747,0.4960180473648048,3.0771147745339587,0.25251802199258644,1,3,1.0326753854751587,-1.3030336958220978,2.041454617177145,-2.1528717480101527,-1.6125839392291468,-0.21472388902773076,9.01981059956927e-34,-0.0015059792203828692,-0.00013388086517807096,-0.0006152367568574846,0.0,0.0,1789027652.6386113
4259.253,-0.13967057986733694,-0.4826179894018563,0.19427554211884882,0.4961124987386444,3.0771678001078397,0.25231638153906777,1,3,1.0326403379440308,-1.3030778926661988,2.0413807074176233,-2.152895589868063,-1.6125839392291468,-0.21470767656435186,0.0,-0.0004175218637101352,-7.786433707224205e-05,-0.0002473925123922527,0.0,0.0,1789027652.738551
4259.353,-0.13965190006292283,-0.4826175930871974,0.19430217019834323,0.4959886093123621,3.0772345523280746,0.25221528740616617,1,3,1.0326753854751587,-1.3031414610198517,2.0413993040667933,-2.1529270611205042,-1.6125958601581019,-0.2147586981402796,0.0,-0.0018705936381593347,-0.0,-9.48499291553162e-05,0.0,0.0,1789027652.838567
4259.4529999999995,-0.13963381964687832,-0.48262340945361976,0.1943312843419338,0.4959971420582514,3.077284814684099,0.25210849754782527,1,3,1.0327149629592896,-1.3031975787929078,2.0413997809039515,-2.1529509029784144,-1.612603012715475,-0.21472007433046514,0.0001707926858216524,-0.003812077222391963,-0.0,-0.0007945387624204159,0.0,0.0,1789027652.9384773
4259.553,-0.1398963053181358,-0.4830865174558659,0.19539403869839997,0.49667933690386945,3.0801811079485377,0.24329550754948506,1,3,1.0327317714691162,-1.3044976753047486,2.0413244406329554,-2.157769819299215,-1.6125767866717737,-0.21469289461244756,0.0006461283774115145,-0.031718660145998,-0.00038151125772856176,-0.12798573076725006,0.0,0.0,1789027653.0384908
4259.653,-0.14097570527143471,-0.48492299267207745,0.2002118738157927,0.49952384448356896,3.0927301879404494,0.204503843245075,1,3,1.0327545404434204,-1.310711846952774,2.0413406530963343,-2.1787711582579554,-1.6125958601581019,-0.21469623247255498,9.802670683711767e-05,-0.09263357520103455,-8.446682477369905e-05,-0.2424178570508957,0.0,0.0,1789027653.1385632
4259.753,-0.14204155713350972,-0.48670429041244545,0.20696634152135243,-0.4997360800793907,-3.0877849180744392,-0.15760560721678082,1,3,1.0327436923980713,-1.3204047244838257,2.0412243048297327,-2.2009040317931117,-1.612607781087057,-0.21472007433046514,0.00024358337395824492,-0.08019781857728958,-0.0010123109677806497,-0.18273620307445526,0.0,0.0,1789027653.2385495
4259.853,-0.1424582297728128,-0.48740417409043896,0.2102803487316362,-0.49948367191828746,-3.0836320235056407,-0.13737885854313908,1,3,1.0327472686767578,-1.3253064912608643,2.0408924261676233,-2.2094365559019984,-1.612626854573385,-0.21473580995668584,4.020097549073398e-05,-0.024504469707608223,-0.008097678422927856,-0.02513386867940426,0.0,0.0,1789027653.3385327
4259.9529999999995,-0.14255186757580823,-0.4875349565412783,0.21094493386338098,-0.49952774730105076,-3.082925481856805,-0.13383392590097315,1,3,1.032711386680603,-1.3262757819942017,2.040701691304342,-2.2106768093504847,-1.6125839392291468,-0.21472388902773076,-0.000182223942829296,-0.004413546994328499,-0.0013196300715208054,-0.038218386471271515,0.0,0.0,1789027653.438618
4260.053,-0.1432765057863143,-0.48869554747369304,0.21220495205842727,-0.4993734429569973,-3.0793335911382664,-0.11694183824650416,1,3,1.0326476097106934,-1.3263356250575562,2.0401395002948206,-2.2215830288329066,-1.6125839392291468,-0.21473580995668584,-0.0008190548396669328,-0.0009742220863699913,-0.009141311049461365,-0.21870683133602142,0.0,0.0,1789027653.5385382
4260.153,-0.14580062805506305,-0.49273135587068434,0.2170686975611373,-0.49872479476160897,-3.0646741755735314,-0.05238701612254829,1,3,1.0324163436889648,-1.327132598762848,2.0391152540790003,-2.2640840015807093,-1.6125839392291468,-0.21470767656435186,-0.002970793517306447,-0.017110763117671013,-0.004411038476973772,-0.6250622272491455,0.0,0.0,1789027653.6385043
4260.253,-0.14926353800503933,-0.49819010343137077,0.22514801701811915,-0.4971884599357484,-3.0391431733171137,0.047193712752970594,1,3,1.0320243835449219,-1.3296932441047211,2.0390079657184046,-2.3306828937926234,-1.612619702016012,-0.21473580995668584,-0.005932365544140339,-0.021972164511680603,-2.2238606628834847e-42,-0.6019003391265869,0.0,0.0,1789027653.738562
4260.353,-0.15161759052686472,-0.5015855308238815,0.23014960849879526,-0.4964904914813652,-3.0209430661227055,0.11044589678826262,1,3,1.0314453840255737,-1.3302127879909058,2.038912598286764,-2.374678751031393,-1.6126554648028772,-0.21468907991518194,-0.01194803323596716,-1.821388348482958e-27,-0.00431003887206316,-0.24988426268100739,-6.672980668368209e-34,0.0,1789027653.8386424
4260.4529999999995,-0.15347854632080177,-0.5027998370940672,0.2322962748610437,-0.49884082302870736,-3.0155514560989163,0.12638763397056127,1,3,1.0295398235321045,-1.3302725118449708,2.035983387623922,-2.383110662499899,-1.612695042287008,-0.21473199525942022,-0.03553728759288788,-0.002041865373030305,-0.05779842287302017,-0.000611695519182831,-0.00011359716154402122,0.0,1789027653.9385633
4260.553,-0.1574301722445392,-0.5042709774505677,0.2356641187833447,-0.5062462738244878,-3.010554012348935,0.13753196336186158,1,3,1.0244148969650269,-1.3305908304503937,2.028175179158346,-2.3831550083556117,-1.6126673857318323,-0.2147153059588831,-0.0620964951813221,-0.008430580608546734,-0.0789053812623024,-0.00042112477240152657,-6.039047730155289e-05,0.0,1789027654.0385427
4260.653,-0.16204333447205144,-0.5049419548271538,0.238554570820118,-0.516365623497416,-3.0054595644739233,0.14669305715667805,1,3,1.0174444913864136,-1.331154541378357,2.021876637135641,-2.383184095422262,-1.6126635710345667,-0.21473962465395147,-0.0808156281709671,-0.010282211937010288,-0.03404776006937027,-0.0004029245174024254,-0.0,0.0,1789027654.1385934
4260.753,-0.16677005097525058,-0.5039756850674347,0.24011747765540997,-0.5293486646798489,-3.0012113753170677,0.1508193400365456,1,3,1.0086756944656372,-1.3325807613185425,2.0198753515826624,-2.383176942864889,-1.6127074400531214,-0.21472007433046514,-0.09083264321088791,-0.016306579113006592,-0.018773050978779793,-0.0001636725792195648,-2.2906827476520952e-11,0.0,1789027654.2384994
4260.853,-0.17211848714062136,-0.5031237711046382,0.24237908563829574,-0.543488249820945,-2.9955876508340835,0.1581640214105254,1,3,0.9990404844284058,-1.3343877804330369,2.016959015523092,-2.3842293224730433,-1.6126912275897425,-0.21469289461244756,-0.09871800243854523,-0.019739894196391106,-0.031235208734869957,-0.02121058478951454,-8.18658372736536e-05,0.0,1789027654.3384793
4260.9529999999995,-0.1771788077934687,-0.5024254669903667,0.2441211211663736,-0.5564788722575099,-2.9901507669276324,0.1651561029249505,1,3,0.9900969862937927,-1.3350985807231446,2.0142272154437464,-2.3863254986205042,-1.6127107779132288,-0.21471149126161748,-0.0746355652809143,-0.00020158212282694876,-0.013698034919798374,-0.0046478272415697575,-3.2529142645911968e-22,0.0,1789027654.4385464
4261.053,-0.1800197000230692,-0.5016317237915816,0.24440794662917859,-0.5644993684370124,-2.9878236893457966,0.16626728297746934,1,3,0.9846735000610352,-1.3351273101619263,2.013736073170797,-2.3869177303709925,-1.612734619771139,-0.21469289461244756,-0.03738725185394287,-0.0010796699207276106,-0.015145575627684593,-0.029011815786361694,-0.0,0.0,1789027654.5385406
4261.153,-0.1830542415043784,-0.5020703849245947,0.246998087434929,-0.5701941753573496,-2.980168400818378,0.18400472461170128,1,3,0.9802753925323486,-1.3361551624587555,2.0114930311786097,-2.3967977962889613,-1.6127870718585413,-0.2147310415851038,-0.05790300294756889,-0.028421083465218544,-0.0187660064548254,-0.13836096227169037,-0.0006790007464587688,0.0,1789027654.6385353
4261.253,-0.1874881314535053,-0.5015062120480203,0.250548343733908,-0.5805249278159872,-2.969870549920361,0.20492770281803938,1,3,0.9726129174232483,-1.339524896149971,2.01025897661318,-2.407988210717672,-1.612910572682516,-0.21473962465395147,-0.08979742228984833,-0.029761167243123055,-0.011276263743638992,-0.08302941918373108,-0.0007400327594950795,0.0,1789027654.7385664
4261.353,-0.1928016045001939,-0.4998299311733225,0.25269427780683074,-0.5951749051898075,-2.962924382630002,0.2131521146104468,1,3,0.9623790979385376,-1.3421791356853028,2.009291950856344,-2.4110762081541957,-1.6129425207721155,-0.21472388902773076,-0.11527492105960846,-0.015476840548217297,-0.006515622138977051,-0.00034974602749571204,-0.0005360125796869397,0.0,1789027654.8386436
4261.4529999999995,-0.19901148186507991,-0.49747844808180197,0.2529277133421928,-0.6132475356882331,-2.958149767733475,0.21271950177904383,1,3,0.9500278830528259,-1.3423704665950318,2.00897723833193,-2.411079546014303,-1.61296254793276,-0.21473580995668584,-0.12979400157928467,2.757348738668952e-05,-0.005234305746853352,-9.971877443604171e-05,-0.00016628304729238153,0.0,1789027654.9385617
4261.553,-0.20640797533311786,-0.49533159381856845,0.25405962702648055,-0.6333749108809013,-2.9512039110905914,0.21589101581850914,1,3,0.9361287355422974,-1.3424136203578492,2.006613079701559,-2.411995073358053,-1.61304217973818,-0.21472007433046514,-0.14342787861824036,-0.00016880396287888288,-0.04059522971510887,-0.039497800171375275,-0.0010771430097520351,0.0,1789027655.0386865
4261.653,-0.21496760060247447,-0.4948768585500756,0.25819603236209365,-0.6518458404397143,-2.9369992930614206,0.237820048711081,1,3,0.9224990606307983,-1.342425526385643,1.9997981230365198,-2.4225079021849574,-1.6131251494037073,-0.21472388902773076,-0.1264219880104065,-4.969228393747471e-05,-0.0866098627448082,-0.15765072405338287,-0.0006757994997315109,0.0,1789027655.138584
4261.753,-0.22279132712231162,-0.4957621297558375,0.2639336550118408,-0.6654668351835733,-2.9204566310450057,0.2673462458217178,1,3,0.911729633808136,-1.3424219352057953,1.9901283423053187,-2.435911794702047,-1.6132095495807093,-0.21470433870424444,-0.08376353979110718,-1.0438129720569123e-05,-0.0994972288608551,-0.08214933425188065,-0.0009388738544657826,0.0,1789027655.2386868
4261.853,-0.22774030975863135,-0.4971322754553184,0.26866356138009434,-0.6725687673818226,-2.9111994154006076,0.2833656496167605,1,3,0.9059682488441467,-1.3423704665950318,1.979816738759176,-2.4383093319334925,-1.6132734457599085,-0.21473819414247686,-0.03537128120660782,0.0,-0.1026192307472229,-0.00015967250510584563,-0.0005793010932393372,0.0,1789027655.3385234
4261.9529999999995,-0.23123820072630544,-0.499726576169957,0.2742847003577573,-0.6744760950608774,-2.9032447507628545,0.29998201937772045,1,3,0.9038252830505371,-1.3423704665950318,1.9669564406024378,-2.438298364678854,-1.6132853666888636,-0.21472388902773076,-0.014935800805687904,0.0,-0.14571450650691986,-1.2653534213313833e-05,-0.00015181090566329658,0.0,1789027655.4386172
4262.053,-0.23493364162380265,-0.5026265761885378,0.2807000960218916,-0.6760442977782722,-2.8942696302144792,0.318695552756781,1,3,0.9017826914787292,-1.3424697530320664,1.952545468007223,-2.4383136234679164,-1.613316837941305,-0.21470433870424444,-0.03953385353088379,-0.0015899804420769215,-0.12820975482463837,-1.4171331369716875e-41,-0.00012149226677138358,0.0,1789027655.5385773
4262.153,-0.24064472182936686,-0.5030988451941677,0.28524264208606603,-0.6858052927357273,-2.8847177734982035,0.33047848481131065,1,3,0.8941990733146667,-1.3425463897040864,1.9424293676959437,-2.438284536401266,-1.61395770708193,-0.2147277037249964,-0.10631025582551956,-0.0008482356206513941,-0.06622187793254852,-1.0964585783730595e-24,-0.03554956987500191,0.0,1789027655.63852
4262.253,-0.24866334400391127,-0.5000306663025695,0.28694272996804177,-0.7037579985317024,-2.86731686763598,0.32510958796649336,1,3,0.8812857866287231,-1.3425656420043488,1.9387787024127405,-2.4382692776122035,-1.625383202229635,-0.21472388902773076,-0.138546422123909,-0.00012540204625111073,-0.016536079347133636,-0.0,-0.23026522994041443,0.0,1789027655.73855
4262.353,-0.25959615117504586,-0.4933984319389618,0.2877469071636101,-0.7252611164368163,-2.824407054211091,0.2932181806617979,1,3,0.86573326587677,-1.3430238676122208,1.9382761160479944,-2.4382931194701136,-1.6674383322345179,-0.21472388902773076,-0.1756531298160553,-0.008275888860225677,-0.00012116485595470294,-0.0,-0.6384236812591553,0.0,1789027655.8385174
4262.4529999999995,-0.27483421908272826,-0.48275820989326085,0.289554492957327,-0.7514386719402117,-2.750056699231301,0.23623095447333267,1,3,0.8455864191055298,-1.3443964582732697,1.938235108052389,-2.438456197778219,-1.7436850706683558,-0.21472388902773076,-0.21583421528339386,-0.02323126047849655,-0.0008910605101846159,-0.002114073373377323,-0.8066467642784119,0.0,1789027655.9385247
4262.553,-0.28962953207598635,-0.4716448050614619,0.29238858480985297,-0.776649844001653,-2.67652669606158,0.18308835847264443,1,3,0.8248476386070251,-1.34657438219104,1.938197437916891,-2.439505716363424,-1.8172057310687464,-0.21473962465395147,-0.1825997233390808,-0.005573433358222246,-0.00019254529615864158,-0.0006723658298142254,-0.6350904703140259,0.0,1789027656.0386364
4262.653,-0.29921283023197504,-0.4651403100154649,0.294957944990517,-0.7912212153269483,-2.6280929185190787,0.15090703067242756,1,3,0.8121978044509888,-1.346583904033043,1.9355929533587855,-2.440758844415182,-1.8648446241961878,-0.21469289461244756,-0.0858379378914833,2.0404431779752485e-05,-0.06471116840839386,-0.05999378114938736,-0.2541426718235016,0.0,1789027656.1385188
4262.753,-0.30549581012618987,-0.4658201891302193,0.30209889473594237,-0.8010510452618951,-2.607082133133532,0.17771194908871316,1,3,0.8053984045982361,-1.3465445053628464,1.9239285627948206,-2.455318113366598,-1.8687575499164026,-0.21470767656435186,-0.06307251006364822,0.0,-0.1682552993297577,-0.1690286099910736,6.321968976408243e-05,0.0,1789027656.238567
4262.853,-0.3133996959948981,-0.46854814437784964,0.31362981278098495,-0.8110382827566066,-2.5869570283111316,0.21074026689641664,1,3,0.7985444664955139,-1.3464798641255875,1.9001615683185022,-2.4610988102354945,-1.8688367048846644,-0.21472388902773076,-0.08807603269815445,0.00029697350692003965,-0.2762164771556854,-3.7897013515357297e-19,-0.0002248094679089263,0.0,1789027656.338732
4262.9529999999995,-0.32241767456880094,-0.46971564628957346,0.324077879108596,-0.8245420590021447,-2.5689696314821475,0.23394706987392286,1,3,0.788516640663147,-1.3458646100810547,1.8767097632037562,-2.4606200657286585,-1.869021240864889,-0.2147277037249964,-0.09582603722810745,0.01887771673500538,-0.1941850185394287,0.003665486816316843,-0.00283141084946692,0.0,1789027656.4385455
4263.053,-0.3286962940401843,-0.47091571669296944,0.3289233005898796,-0.8328351940964762,-2.559119661959996,0.24472443100131344,1,3,0.7821828722953796,-1.3414825362018128,1.860981289540426,-2.4603167972960414,-1.8693049589740198,-0.2147277037249964,-0.03396758809685707,0.07397118955850601,-0.11306273937225342,0.001653739484027028,-0.0008665781933814287,0.0,1789027656.538501
4263.153,-0.33160374744238363,-0.4728502754496539,0.3266650724158878,-0.8342728821780073,-2.560185930586305,0.24109889164707085,1,3,0.7809882164001465,-1.331819699411728,1.8541062513934534,-2.46032776455068,-1.8693278471576136,-0.2147000471698206,-0.005701473914086819,0.1137145385146141,-0.0415436215698719,0.00018254290625918657,-0.00013973869499750435,0.0,1789027656.6385782
4263.253,-0.33406616854153204,-0.47491099831441996,0.3219520840978508,-0.8346015977504713,-2.5644128392314247,0.2323221955574206,1,3,0.7805005311965942,-1.3196772795966645,1.8493807951556605,-2.4603640041747035,-1.8692968527423304,-0.21473962465395147,-0.0023273436818271875,0.13803410530090332,-0.063849538564682,8.049739699345082e-05,-7.31286474038429e-18,0.0,1789027656.738698
4263.353,-0.3381233112734156,-0.47742894671105424,0.31755961877942385,-0.8367721437948927,-2.567121134772079,0.22471594413211948,1,3,0.7786361575126648,-1.3050901752761384,1.8408268133746546,-2.4603787861266078,-1.8692811171161097,-0.21472007433046514,-0.04129555821418762,0.1262246072292328,-0.09480063617229462,0.0,-0.0,0.0,1789027656.8385582
4263.4529999999995,-0.34345858846413474,-0.4787822181506052,0.31597445197532686,-0.8427871645130376,-2.5653052334807445,0.22233159627892377,1,3,0.7738322019577026,-1.2942230266383667,1.8306854406939905,-2.4603167972960414,-1.8692815939532679,-0.21472388902773076,-0.049388621002435684,0.10185777395963669,-0.10769053548574448,0.0,-1.6578338701833673e-10,0.0,1789027656.9385052
4263.553,-0.3490918788502588,-0.48047102047865947,0.314634646570708,-0.8486608048228197,-2.5629669852355175,0.22094149433408677,1,3,0.7691713571548462,-1.2826602321914216,1.8190553824054163,-2.460315843621725,-1.8693559805499476,-0.21470767656435186,-0.043234966695308685,0.13617749512195587,-0.12189710140228271,0.00022536162578035146,-0.0002140957221854478,0.0,1789027657.0385196
4263.653,-0.35609355570656076,-0.4808158151730823,0.3110847597083596,-0.8584252393971401,-2.561640940218797,0.21387821877103652,1,3,0.7613174915313721,-1.2690948706916352,1.8095229307757776,-2.460320135156149,-1.869317356740133,-0.21472388902773076,-0.09918282926082611,0.11714395135641098,-0.04485037177801132,7.300898869289085e-05,-7.603325502714142e-05,0.0,1789027657.1385376
4263.753,-0.3619090010519519,-0.47836171565867125,0.3065563634310626,-0.8706244613379011,-2.561337652539208,0.20228411479879946,1,3,0.7515246272087097,-1.260539249782898,1.8083990255938929,-2.460343977014059,-1.8693206946002405,-0.21472007433046514,-0.07340935617685318,0.05680565908551216,2.6193471541682605e-27,1.1210387714598537e-44,-4.965781368027854e-41,0.0,1789027657.238566
4263.853,-0.36453277550361535,-0.47684414767592526,0.30492658456283034,-0.8767591626147048,-2.560611046883989,0.1976065393008938,1,3,0.7466192841529846,-1.257800654774048,1.8084233442889612,-2.46035160640859,-1.8693135420428675,-0.21472388902773076,-0.028119618073105812,0.0034871266689151525,-0.0,0.0,-1.2129112111009595e-16,0.0,1789027657.338574
4263.9529999999995,-0.36573042313089105,-0.4759306101107877,0.3048355311477038,-0.8798550872968335,-2.5594032187506084,0.19647764410902316,1,3,0.7441374659538269,-1.2576723855784913,1.8084481398211878,-2.4602843723692835,-1.8694799582110804,-0.2147467772113245,-0.03001691773533821,0.00014983252913225442,-0.0,0.0,-0.004367303568869829,0.0,1789027657.4385724
4264.053,-0.3669110910147443,-0.47519228260631274,0.3042152348875895,-0.8826104870747643,-2.5584787954497186,0.19414903044475698,1,3,0.7419613599777222,-1.2565950912288208,1.8084481398211878,-2.460287710229391,-1.8700674215899866,-0.21470767656435186,-0.009333123452961445,0.022100990638136864,-0.0,0.00011810269643319771,-0.0036317023914307356,0.0,1789027657.5385942
4264.153,-0.3673649417217819,-0.47536272703662946,0.30241325179580286,-0.8828764647606715,-2.5601186979288446,0.19043944101213794,1,3,0.7416638135910034,-1.2535646122745057,1.8084705511676233,-2.460287710229391,-1.8701356093036097,-0.2147429625140589,-0.005188785959035158,0.03227495402097702,0.0002190458180848509,5.1077815442113206e-05,-0.00019762817828450352,0.0,1789027657.6385763
4264.253,-0.36802893346851057,-0.47534365274124984,0.30064132265442817,-0.883804901597135,-2.5615321544487992,0.18665951362023364,1,3,0.7408833503723145,-1.2506105464747925,1.8085106054889124,-2.4602519474425257,-1.8701542059527796,-0.21473962465395147,-0.005897627677768469,0.029953673481941223,0.00013202425907365978,2.3397503175291363e-20,-0.0001765110791893676,0.0,1789027657.7385936
4264.353,-0.3685112802207698,-0.47574157310938053,0.29797963302112074,-0.8837965551139452,-2.564214263013799,0.1814088077542001,1,3,0.7408199310302734,-1.246112660770752,1.8084920088397425,-2.4602281055846156,-1.8701193968402308,-0.21473580995668584,-7.020215707598254e-05,0.055955998599529266,-3.0865259759593755e-05,0.00033311560400761664,-0.00011202451423741877,0.0,1789027657.838593
4264.4529999999995,-0.3692912695908212,-0.47619623449009635,0.2941918997580639,-0.8840802261765778,-2.5678353292764906,0.17382187703266339,1,3,0.7404960989952087,-1.2397330564311524,1.8084920088397425,-2.460212369958395,-1.8701399008380335,-0.21472388902773076,-0.0059686326421797276,0.07123544067144394,-0.0,0.00010873519204324111,-0.00015544325287919492,0.0,1789027657.9385374
4264.553,-0.3700973260479725,-0.4764978056112083,0.29078317189798697,-0.8846524214382055,-2.5709094738082947,0.16696840402872282,1,3,0.7399565577507019,-1.2339950066855927,1.8085063139544886,-2.4602676830687464,-1.870176140462057,-0.21470767656435186,-0.00677450280636549,0.042673129588365555,-0.0,2.418958448238508e-35,-0.00028442233451642096,0.0,1789027658.0385294
4264.653,-0.37081087218422043,-0.47648974045225295,0.2887855243100238,-0.8856115836127141,-2.5724675647137345,0.16275924311153409,1,3,0.7391411662101746,-1.2306112211993714,1.8084705511676233,-2.4602519474425257,-1.8702142874347132,-0.21470433870424444,-0.006861688103526831,0.037991058081388474,-5.843669441674137e-07,0.0,-0.00011931538756471127,0.0,1789027658.138541
4264.753,-0.3713464045916802,-0.47688259152311996,0.2856658066523309,-0.8855817006791273,-2.5754917622705733,0.15656978668773266,1,3,0.7390201687812805,-1.2253785294345398,1.8084867636310022,-2.460276266137594,-1.8702262083636683,-0.2147467772113245,-0.0002094001101795584,0.06991994380950928,-1.717194390948862e-05,0.0,-0.00010499908967176452,0.0,1789027658.2385545
4264.853,-0.3720351265287836,-0.4774897702128633,0.28113355543838514,-0.8854601024887848,-2.5799583292613426,0.14766116757599287,1,3,0.7389807105064392,-1.2177851659110566,1.808495823537008,-2.4602800808348597,-1.8701799551593226,-0.2147310415851038,-0.0004177895316388458,0.07139798253774643,-0.0,0.0,-5.402225790286419e-28,0.0,1789027658.3385415
4264.9529999999995,-0.37255161312364554,-0.47798007068756637,0.27745934067040745,-0.8852708509476367,-2.5835803659926246,0.14047040637135647,0,4,0.7389925718307495,-1.211640165453293,1.8085139433490198,-2.4603120289244593,-1.8701360861407679,-0.21473962465395147,-3.3154621633002535e-05,0.043979186564683914,-0.0,6.147191429718118e-20,-0.0,0.0,1789027658.4385366
4265.053,-0.37261551020855893,-0.47804284118735485,0.2770250458243414,-0.8852611736342753,-2.5839644330878166,0.13969206969876546,0,4,0.7389974594116211,-1.2108969253352662,1.8085139433490198,-2.460391183892721,-1.8701360861407679,-0.2147277037249964,0.0,-0.0013452153652906418,1.7684386619779191e-41,0.0,-0.0,0.0,1789027658.5385764
4265.153,-0.3725908729966892,-0.4780710220653065,0.27700854688563037,-0.885170892489896,-2.583977610969967,0.13962706923193685,0,4,0.7390682101249695,-1.210857318048813,1.808495823537008,-2.4603716335692347,-1.8701871077166956,-0.21472388902773076,0.0001271421497222036,0.0,-0.0,0.0,-0.0,0.0,1789027658.6384664
4265.253,-0.37259780077374616,-0.47805489175033794,0.2770045073075591,-0.8852028976629871,-2.5840042125871667,0.13964337420045178,0,4,0.7390334606170654,-1.2108729642680665,1.808526341115133,-2.460384031335348,-1.870143238698141,-0.21473580995668584,1.2886034710390959e-05,-2.2787859052186832e-05,-0.0,0.0,-0.0,0.0,1789027658.7385004
4265.353,-0.37260487059984376,-0.4780509873778387,0.27701170437427663,-0.8852196048706649,-2.5840066964925446,0.1396650076639568,0,4,0.7390177845954895,-1.210881308918335,1.80851918855776,-2.4603802166380824,-1.8701251188861292,-0.21473962465395147,0.0,-0.00010477517207618803,-0.0,-3.6749544965124436e-29,-0.0,0.0,1789027658.8384736
4265.4529999999995,-0.3725926639208198,-0.47806944112543276,0.2770456248363335,-0.885211942636853,-2.5839186143855155,0.13979356860806222,0,4,0.7390598058700562,-1.2109054189971467,1.80849534669985,-2.4604441128172816,-1.8701594511615198,-0.21470433870424444,0.0,-0.00010497671610210091,-0.0,-7.563686813227832e-05,-0.0,0.0,1789027658.9385524
4265.553,-0.372651583091933,-0.4779941858912411,0.27713553095043064,-0.8852127360367648,-2.5834006543358923,0.13959466336686613,0,4,0.7389770746231079,-1.211024985914566,1.8084991613971155,-2.4604956112303675,-1.8706415335284632,-0.214762036000387,-0.0009856015676632524,-0.0005464147543534636,-0.0,-0.00013814616249874234,-0.025302236899733543,0.0,1789027659.0384588
4265.653,-0.37297773759131136,-0.4775921491803414,0.27726618231637096,-0.8851726627271809,-2.5796840112289328,0.1363902328457766,0,4,0.7387959361076355,-1.2110560995391388,1.8085301558123987,-2.460508485833639,-1.8749411741839808,-0.21473580995668584,-0.00010263400326948613,-0.00019589715520851314,-0.0,-0.0002532987855374813,-0.026104213669896126,0.0,1789027659.138531
4265.753,-0.37296841676048986,-0.477594263202181,0.27724838263847434,-0.8851013979076513,-2.579524205072143,0.13616480705670583,0,4,0.7388486862182617,-1.2110200387290497,1.808535401021139,-2.460498949090475,-1.875190560017721,-0.21472388902773076,0.0010934163583442569,5.2374198276083916e-05,0.00014484638813883066,-2.5567673219484277e-05,-0.00017700521857477725,0.0,1789027659.23851
4265.853,-0.3729531497226916,-0.4775866735657467,0.27721656704180075,-0.885067139942411,-2.5795909369285632,0.1360390697835844,0,4,0.7388571500778198,-1.2110119324973603,1.8085830847369593,-2.460452219048971,-1.8751943747149866,-0.21473962465395147,0.00015199945482891053,6.525414937641472e-05,0.00022604866535402834,-2.779895893527572e-41,-4.0247567085316405e-05,0.0,1789027659.338486
4265.9529999999995,-0.37291186667469967,-0.4776237935669913,0.2772310821279772,-0.8849519742298139,-2.579628047830953,0.13609879762704855,0,4,0.7389482855796814,-1.211023674612381,1.808563534413473,-2.4604441128172816,-1.875185791646139,-0.21473962465395147,0.0006717037758789957,0.0,9.269228030461818e-05,-0.0,-0.0,0.0,1789027659.4384832
4266.053,-0.3728930998681031,-0.47763056304898244,0.2772128222936068,-0.8849255697168952,-2.5796838324817677,0.13608155573687086,0,4,0.7389734983444214,-1.2110154789737244,1.8085907141314905,-2.460440774957174,-1.8751586119281214,-0.21473580995668584,0.00032992224441841245,0.0,0.00011161465954501182,-0.0,-0.0,0.0,1789027659.5385413
4266.153,-0.37288047690058856,-0.4776273673279022,0.27718075387166075,-0.8849091690435796,-2.579734215203163,0.13602220561466896,0,4,0.7389817833900452,-1.2109962862781067,1.8086379210101526,-2.460447927514547,-1.875146214162008,-0.21473962465395147,0.0001938191126100719,1.6991017425166012e-25,0.0004019139742013067,4.835947271938241e-30,-0.0,0.0,1789027659.6385722
4266.253,-0.3728536088775674,-0.4776456002021934,0.2771635114535985,-0.884846883093364,-2.579802513363487,0.13596463389727054,0,4,0.7390334606170654,-1.2109807294658204,1.8086422125445765,-2.460400720635885,-1.8751385847674769,-0.21473580995668584,0.0005833333707414567,0.0,0.00015764517593197525,0.0,-0.0,0.0,1789027659.7385743
4266.353,-0.3725640164174171,-0.477854474583866,0.2771756599343637,-0.8841454681851127,-2.580050251065087,0.13621200197773234,0,4,0.7396160960197449,-1.2110237044147034,1.808685604725973,-2.460452219048971,-1.8751233259784144,-0.21470433870424444,0.007868969812989235,2.1745289816087403e-27,7.002869824646041e-05,0.0,-0.0,0.0,1789027659.8384972
4266.4529999999995,-0.3719804820477076,-0.47831603640135445,0.27718967345277934,-0.8825831854398727,-2.580556108582091,0.1366559004183864,0,4,0.7408498525619507,-1.2110249263099213,1.8086813131915491,-2.4605380497374476,-1.8751509825335901,-0.21469289461244756,0.02177377976477146,-0.00034869019873440266,-0.0,1.156442072693573e-37,-0.0,0.0,1789027659.9385183
4266.553,-0.370411102155432,-0.4795334522807261,0.2771967108504307,-0.878377852506379,-2.5821170251534094,0.137606740543291,0,4,0.7441266775131226,-1.2110332411578675,1.808674160634176,-2.4605308971800746,-1.8751423994647425,-0.21470433870424444,0.04248705133795738,6.407529872376472e-05,-2.3121839445704922e-38,-9.482460882281885e-05,-0.0,0.0,1789027660.0385013
4266.653,-0.3677016636872372,-0.48160474895400945,0.2772863146975212,-0.8711420839283524,-2.584646009461931,0.13948987763264342,0,4,0.7497530579566956,-1.2111602586558838,1.808674160634176,-2.460642477075094,-1.8751423994647425,-0.21473580995668584,0.06809660792350769,-0.0002984409802593291,-0.0,-0.002237226814031601,-0.0,0.0,1789027660.138524
4266.753,-0.36384187217974717,-0.48448690895622276,0.2776688038339524,-0.8610232622619811,-2.587910132127786,0.1427543267144439,0,4,0.7576894164085388,-1.2117143732360383,1.8086121718036097,-2.4608427486815394,-1.8751114050494593,-0.21472007433046514,0.0879904106259346,-0.009460161440074444,-0.0,-0.0003382120921742171,-2.3133398299752533e-21,0.0,1789027660.2385318
4266.853,-0.3591909285071513,-0.4877594833453101,0.2789176071678529,-0.8491219643990414,-2.5905272061074838,0.14895788200799864,0,4,0.7670337557792664,-1.2135851246169587,1.8086312452899378,-2.4619766674437464,-1.8751233259784144,-0.21473962465395147,0.09439361095428467,-0.03350362926721573,-0.0,-0.011148903518915176,-0.0,0.0,1789027660.338504
4266.9529999999995,-0.3547990443531988,-0.49023494368985937,0.2818824781991188,-0.8389522300736505,-2.5913312536541144,0.15731466228681892,0,4,0.7751423120498657,-1.2185752552798768,1.808707062398092,-2.462139745751852,-1.8751304785357874,-0.21472388902773076,0.07441993802785873,-0.06656084209680557,0.00030683164368383586,-0.00020536872034426779,-0.0,0.0,1789027660.4384968
4267.053,-0.35041013691047374,-0.49206956543040936,0.28711753734770673,-0.8298904826328609,-2.5896844051978904,0.169865407245072,0,4,0.7825111150741577,-1.227390633230545,1.8087456862079065,-2.462128301660055,-1.8751114050494593,-0.21472388902773076,0.06922921538352966,-0.10288361459970474,0.0002757953479886055,-7.508921407861635e-05,-0.0,0.0,1789027660.538547
4267.153,-0.34628658809082896,-0.49298689406198454,0.29405516503186735,-0.822714088450031,-2.585740997136686,0.18527266384390217,0,4,0.7885238528251648,-1.2393908661654969,1.8091777006732386,-2.462095876733297,-1.8751547972308558,-0.21472055116762334,0.045345377177000046,-0.1370812952518463,0.012327345088124275,-2.7829787501490867e-42,-0.0,0.0,1789027660.6384814
4267.253,-0.34241980209872724,-0.4927218832121711,0.30291563866568855,-0.8178149986635199,-2.579168969532009,0.20389320452146525,0,4,0.7928698062896729,-1.2552441519549866,1.8103492895709437,-2.46209253887319,-1.875202480946676,-0.21472388902773076,0.037159863859415054,-0.17023366689682007,0.011876897886395454,-0.0,-5.873399498773177e-23,0.0,1789027660.7385306
4267.353,-0.33835188136656946,-0.49196461109263073,0.3126509444118266,-0.8133432524780394,-2.5715244463560087,0.2240547396234173,0,4,0.7969234585762024,-1.2729652983001252,1.8118961493121546,-2.462031980554098,-1.8752902189837855,-0.21473580995668584,0.042902398854494095,-0.19345372915267944,0.025207335129380226,-3.696376538186996e-12,-0.002194830682128668,0.0,1789027660.8384976
4267.4529999999995,-0.333027118114099,-0.49057217636108325,0.3214482306919609,-0.8077322029366313,-2.5653253505802187,0.24174989046082893,0,4,0.801842212677002,-1.2919548016837616,1.8169315497027796,-2.4620119533934535,-1.8755739370929163,-0.21472388902773076,0.05738307535648346,-0.17926251888275146,0.06441710889339447,0.0002124323509633541,-0.002709905616939068,0.0,1789027660.9385054
4267.553,-0.3261948593171773,-0.4894249109633392,0.32768045236494026,-0.7990230925742535,-2.562752607662761,0.2540909064563742,0,4,0.8090710639953613,-1.3092099291137238,1.8250802198993128,-2.461916585961813,-1.8762486616717737,-0.21472007433046514,0.08799614012241364,-0.16159190237522125,0.0922214686870575,0.0013221233384683728,-0.019353674724698067,0.0,1789027661.0386062
4267.653,-0.3178013844288903,-0.48871612047494534,0.33128427301005725,-0.7860392326098428,-2.561376230486107,0.258790731553143,0,4,0.8195746541023254,-1.324122132068016,1.8359954992877405,-2.4619041881956996,-1.8808062712298792,-0.2147310415851038,0.12122854590415955,-0.1402560919523239,0.14894095063209534,0.00012387284368742257,-0.07193268090486526,0.0,1789027661.1385033
4267.753,-0.3061759510649728,-0.4870000271829624,0.3287069117386269,-0.7678408045216418,-2.5668069013978903,0.24774389531946492,0,4,0.8337483406066895,-1.337341384296753,1.8580167929278772,-2.4618965588011683,-1.8880599180804651,-0.21472007433046514,0.16158407926559448,-0.12260383367538452,0.279138445854187,7.39744064048864e-05,-0.03981713205575943,0.0,1789027661.238536
4267.853,-0.29136647535964755,-0.4848887820176462,0.31924228396111237,-0.7444229706487469,-2.5866697284021893,0.22598743826986442,0,4,0.8510554432868958,-1.347035066490509,1.8901165167437952,-2.4618612728514613,-1.8888066450702112,-0.21473962465395147,0.18560253083705902,-0.0824250876903534,0.34094515442848206,2.0090772522962652e-05,-0.00015984722995199263,0.0,1789027661.3384936
4267.9529999999995,-0.2775956440938385,-0.48226787903922497,0.3098744767055578,-0.722615235212427,-2.605562076113568,0.20471496298819244,0,4,0.8668377995491028,-1.3556128156236191,1.9209540526019495,-2.462335248986715,-1.8887785116778772,-0.21472007433046514,0.11630258709192276,-0.10661768168210983,0.2523302435874939,-0.003409297438338399,-3.2226216717390344e-05,0.0,1789027661.4385061
4268.053,-0.2685058669510307,-0.4785775777204154,0.3087523161970185,-0.7114126194157611,-2.6115443240030864,0.20176707873301608,0,4,0.8752663731575012,-1.370880441074707,1.941953484212057,-2.4635168514647425,-1.8887746969806116,-0.21472388902773076,0.06707203388214111,-0.18863923847675323,0.17291289567947388,-0.0007018204778432846,-0.0,0.0,1789027661.538524
4268.153,-0.2614642861019677,-0.4758905159845513,0.3128834405730043,-0.7029932392050284,-2.611157735539172,0.21087847596350326,0,4,0.8821889162063599,-1.3887372326901932,1.9538939634906214,-2.463429113427633,-1.8887866179095667,-0.21473962465395147,0.07179877161979675,-0.15318918228149414,0.0626305341720581,0.00025982281658798456,-0.0,0.0,1789027661.6385527
4268.253,-0.25682548925202736,-0.4751740012316327,0.31837333700178627,-0.696299216815223,-2.608156934131972,0.22442727749425687,0,4,0.8880982398986816,-1.4019153726151963,1.9571846167193812,-2.4632822475829066,-1.8888104597674769,-0.21468907991518194,0.036621786653995514,-0.11336200684309006,0.02753104828298092,0.0016963275847956538,-1.5988815477946163e-42,0.0,1789027661.7385416
4268.353,-0.253858142681884,-0.47404676976022436,0.31997661253720183,-0.6925760795718026,-2.6081347923839506,0.22801708234046875,0,4,0.8911208510398865,-1.4092267167619248,1.9620736281024378,-2.4630948505797328,-1.8888385931598108,-0.21472007433046514,0.03036387637257576,-0.03531872108578682,0.08987059444189072,0.00024790444876998663,-7.792764517944306e-05,0.0,1789027661.8385477
4268.4529999999995,-0.24997292350870198,-0.4708026354699121,0.3122478196864698,-0.6886529698512585,-2.618258419777889,0.20793010729442266,0,4,0.8929886221885681,-1.4098301839879532,1.9796298185931605,-2.4629742107787074,-1.8888228575335901,-0.21473962465395147,0.00786829087883234,0.0005596208502538502,0.25129634141921997,0.0006602146895602345,-7.097196066752076e-05,0.0,1789027661.938558
4268.553,-0.24496257422487075,-0.4653094709256546,0.3003619630260612,-0.685168370736044,-2.632708305300235,0.17625146036225575,0,4,0.8938637375831604,-1.4099570524743577,2.006131951008932,-2.463093420068258,-1.8888266722308558,-0.21470433870424444,0.0015154288848862052,-0.003740237094461918,0.269486665725708,3.361045178247784e-20,-0.0,0.0,1789027662.03852
4268.653,-0.2400698485754479,-0.45921680812156435,0.2897791398933816,-0.6828618873084155,-2.6453853383741484,0.14672662544376613,0,4,0.8938469886779785,-1.4120422464660187,2.0323599020587366,-2.463133474389547,-1.8888347784625452,-0.2147277037249964,-7.446364179486409e-05,-0.046309348195791245,0.2656072974205017,-0.0002588987408671528,-0.0,0.0,1789027662.1384962
4268.753,-0.23470288666496586,-0.4525640643962373,0.28206089296660325,-0.6810013858944898,-2.6550661414776284,0.12371944097409025,0,4,0.8938673734664917,-1.419171781545021,2.058169666920797,-2.4631058178343714,-1.8888266722308558,-0.2147277037249964,-1.5501273834960146e-14,-0.08946019411087036,0.24442410469055176,-4.018353865831159e-05,-0.0,0.0,1789027662.238594
4268.853,-0.22934835858740596,-0.4459338522695705,0.27687995129857873,-0.6796170915117962,-2.6619952290927285,0.10701042554667599,0,4,0.8938985466957092,-1.4296940875104447,2.082127873097555,-2.462994237939352,-1.8888104597674769,-0.21472388902773076,0.0,-0.10754428803920746,0.21086059510707855,0.00048743109800852835,-0.0,0.0,1789027662.3385272
4268.9529999999995,-0.22488699193450548,-0.4403785372750197,0.27434539478257924,-0.6788800593091318,-2.6657728043361595,0.097805421032191,0,4,0.8938866257667542,-1.441167340879776,2.1010244528399866,-2.4629746876158656,-1.8887947241412562,-0.21473580995668584,7.442049770487943e-14,-0.12119205296039581,0.15604393184185028,0.00010246060264762491,-0.0,0.0,1789027662.4388127
4269.053,-0.2218032427028785,-0.436479543037871,0.2754611679897399,-0.679149003436213,-2.665224068033187,0.09911576659138198,0,4,0.8938076496124268,-1.4537424606135865,2.1125410238849085,-2.462978025475973,-1.8887937704669397,-0.21472388902773076,-0.00018560884927865118,-0.14327466487884521,0.07650168240070343,6.50538561787603e-16,-1.901970924489228e-30,0.0,1789027662.5386848
4269.153,-0.21950483381511682,-0.43363683457459046,0.2795052279245178,-0.6799226446827223,-2.661467255394139,0.10861857303713288,0,4,0.8938242793083191,-1.4681067553213616,2.1189945379840296,-2.4626995525755824,-1.8887270132647913,-0.21475488344301397,-9.357601566989567e-15,-0.1288822889328003,0.05158790200948715,0.002349334303289652,0.00017214275430887938,0.0,1789027662.6385052
4269.253,-0.21817368752640054,-0.43197191389278916,0.28306629450782095,-0.6807023731547376,-2.657927345007232,0.11735831341056734,0,4,0.8938124179840088,-1.4783710998347779,2.1219423452960413,-2.4624277553954066,-1.8886907736407679,-0.2147467772113245,0.0,-0.06777214258909225,0.0093678068369627,0.004019784741103649,0.000527156691532582,0.0,1789027662.7385373
4269.353,-0.2178091727318069,-0.43152713304841883,0.28419700629554967,-0.6809163587571455,-2.6573986379772165,0.118842612199868,0,4,0.8938112854957581,-1.4814618539861222,2.122246567402975,-2.4607869587340296,-1.8886068503009241,-0.21468907991518194,0.0,-0.004202589392662048,0.005094842053949833,0.025493355467915535,0.0006026448681950569,0.0,1789027662.8385675
4269.4529999999995,-0.21728254012344989,-0.430887517841034,0.28286669848711066,-0.680112456011531,-2.661264682656074,0.10967511075042477,0,4,0.8938183784484863,-1.481461876337864,2.123629871998922,-2.454723974267477,-1.8885162512408655,-0.21473580995668584,-0.0013732864754274487,-9.022780432133004e-05,0.024400705471634865,0.1308811604976654,0.0004770311643369496,0.0,1789027662.9387324
4269.553,-0.21572146416517332,-0.4289241788609764,0.27881719153997137,-0.6774934024711894,-2.6744541653973424,0.0768759533711041,0,4,0.8937991857528687,-1.4814342868379136,2.1265018622027796,-2.4312011204161585,-1.888463322316305,-0.21471149126161748,-8.511842315783724e-05,8.837008505571594e-41,0.03342437371611595,0.3570709526538849,0.00045221965410746634,0.0,1789027663.038709
4269.653,-0.21264089891949453,-0.42506262848194226,0.27129300631003683,-0.6713985684003628,-2.70151885391735,0.006143750791829702,0,4,0.893783688545227,-1.4814188119820138,2.129653278981344,-2.3779522381224574,-1.8883517424212855,-0.21472388902773076,-3.756761523358721e-24,0.0,0.024902349337935448,0.6522169709205627,0.000795929750893265,0.0,1789027663.1385262
4269.753,-0.20911206066029914,-0.4206300707809648,0.2635896669092161,-0.6634057618317372,-2.7318761785481542,-0.07989346454102803,0,4,0.8937631845474243,-1.4814342868379136,2.1303098837481897,-2.310948988000387,-1.8882477919207972,-0.21472388902773076,-0.0005216339486651123,8.111730470642829e-24,-0.00026980528491549194,0.5651431083679199,0.0003528555389493704,0.0,1789027663.2387052
4269.853,-0.20666876008583668,-0.4176156379212164,0.2588045392314092,-0.657820532143698,-2.7510020317337407,-0.13701510675898695,0,4,0.893730878829956,-1.4813312080553551,2.1303227583514612,-2.266512533227438,-1.8877456823932093,-0.21472007433046514,-0.00023033333127386868,0.0018591978587210178,6.422203296096995e-05,0.33086198568344116,0.016815263777971268,0.0,1789027663.3385067
4269.9529999999995,-0.20519170385781318,-0.41685491088797694,0.2567064010858514,-0.6569314503878532,-2.764670048800917,-0.1554386163859673,0,4,0.8937129378318787,-1.4810904276422043,2.130275074635641,-2.2492782078185023,-1.880470101033346,-0.21472388902773076,4.081571023561992e-05,0.009645934216678143,-0.0,0.0018349078018218279,0.1493387371301651,0.0,1789027663.438598
4270.053,-0.20394257084265016,-0.41791177790730694,0.25603532714567667,-0.6601198972662071,-2.7802639377681695,-0.14603393108755452,0,4,0.8937667608261108,-1.480735720401146,2.130289379750387,-2.249320169488424,-1.8635242621051233,-0.21472388902773076,1.3893376900331322e-11,0.0034699251409620047,-0.00013942985970061272,6.797662080367984e-37,0.14963817596435547,0.0,1789027663.5386038
4270.153,-0.2022081019990325,-0.4195222228677429,0.25466956171765903,-0.6648229330036607,-2.8033762111216753,-0.13350089669239754,0,4,0.8937476873397827,-1.4792302560857316,2.1302550474749964,-2.2492886982359828,-1.8387659231769007,-0.21470767656435186,0.0,0.022174343466758728,-3.118547101621516e-05,0.0,0.3372936546802521,0.0,1789027663.638505
4270.253,-0.19991403719071024,-0.42181710633137254,0.25209787605975464,-0.6710205031733038,-2.8352526619845575,-0.11867148603407086,0,4,0.8937428593635559,-1.475455255513527,2.1302855650531214,-2.2492734394469203,-1.8053153196917933,-0.21470433870424444,0.0,0.05524682626128197,-0.0,0.0,0.3299606144428253,0.0,1789027663.7386057
4270.353,-0.19948158479985964,-0.42300378534814453,0.24863419696337963,-0.6728592261079624,-2.848594688853507,-0.12111891955309215,0,4,0.8936362862586975,-1.4683747303536911,2.1302273909198206,-2.249249120751852,-1.7937057654010218,-0.2147429625140589,-0.002371486509218812,0.0894969180226326,-0.0,0.0,-0.000615259981714189,0.0,1789027663.838493
4270.4529999999995,-0.20036186041104168,-0.4234037072091721,0.24439623381171172,-0.6735452583009133,-2.8519908036654735,-0.13374651504884216,0,4,0.8926821947097778,-1.4591061112335701,2.1302788893329065,-2.2492529354491175,-1.7937539259540003,-0.21470433870424444,-0.013327233493328094,0.09637314081192017,-0.0,0.0,-0.00045676997979171574,0.0,1789027663.9386044
4270.553,-0.20123298894958588,-0.4238776350146037,0.23962484334441092,-0.6739223710857594,-2.8558511616663114,-0.14794588375539666,0,4,0.8918476700782776,-1.448648491208889,2.1302855650531214,-2.249233385125631,-1.7938006559955042,-0.21468907991518194,-0.00100218434818089,0.11168796569108963,-0.0,0.0,-8.145132596837357e-05,0.0,1789027664.0385034
4270.653,-0.20176675044942705,-0.42453712747031247,0.23448859538179057,-0.6730006263956848,-2.8602707494309563,-0.16301016540240013,0,4,0.8918283581733704,-1.4373812538436432,2.130263630543844,-2.2492529354491175,-1.793769661580221,-0.21472007433046514,-9.768125892151147e-05,0.11973746120929718,-0.0,0.0,-1.3149922539380174e-22,0.0,1789027664.138609
4270.753,-0.2022805681405751,-0.4252011891096288,0.22883707285783011,-0.6719834763519568,-2.8650596115620894,-0.1796052952950258,0,4,0.8918440341949463,-1.4250527632287522,2.1302860418902796,-2.2492529354491175,-1.7937186400042933,-0.21470433870424444,-5.1185218984093904e-20,0.11980623006820679,-0.0,0.0,-0.0,0.0,1789027664.2385395
4270.853,-0.2028829866883909,-0.42578231474447414,0.2229405112195179,-0.6711704244794927,-2.8698061681964093,-0.19704612434057678,0,4,0.8916176557540894,-1.4121999603560944,2.130300823842184,-2.2492529354491175,-1.7937729994403284,-0.21472388902773076,-0.00439685070887208,0.13537710905075073,-0.0,0.0,-0.0,0.0,1789027664.338639
4270.9529999999995,-0.20346071094325882,-0.4263066537211675,0.21722720023291928,-0.6705101778912389,-2.874338554866202,-0.213892834022569,0,4,0.8913410902023315,-1.399701641207077,2.13023549715151,-2.249261518517965,-1.7937539259540003,-0.21470767656435186,-0.0035476726479828358,0.11164360493421555,-0.0,0.0,-0.0,0.0,1789027664.4387133
4271.053,-0.20393552371769588,-0.42657262872517804,0.2130782262086294,-0.6703121687928572,-2.877520590713976,-0.2262281184408404,0,4,0.8908933997154236,-1.3907107424787064,2.130270783101217,-2.2492457828917445,-1.7937539259540003,-0.21473580995668584,-0.0026174539234489202,0.07075554132461548,-0.0,0.0,-0.0,0.0,1789027664.538645
4271.153,-0.20413083844366656,-0.42676075792076423,0.2103396475936531,-0.6698559297432586,-2.879630493599401,-0.23438988015263515,0,4,0.890821635723114,-1.3848178845695038,2.1303370634662073,-2.2492205105223597,-1.7937849203692835,-0.2147429625140589,-0.0016574353212490678,0.045287784188985825,0.0007140332018025219,9.721899934395095e-13,-0.0,0.0,1789027664.6385787
4271.253,-0.20427400084270958,-0.4269344628930988,0.20810509949675898,-0.6694342923749123,-2.8813860542460734,-0.2410389433659787,0,4,0.8908095955848694,-1.3799667072347184,2.130326573048727,-2.249169012109274,-1.793769661580221,-0.21473962465395147,-9.685431723482907e-05,0.06088593974709511,7.019578333711252e-05,0.0001170034593087621,-0.0,0.0,1789027664.7386909
4271.353,-0.20440439297165525,-0.4271342422322421,0.2055655180810469,-0.668899090105384,-2.8833793124937865,-0.24852684981124198,0,4,0.8908490538597107,-1.3744570177844544,2.130326573048727,-2.249159952203268,-1.7937305609332483,-0.21472388902773076,7.826075716366176e-07,0.04895787686109543,2.938755823026851e-15,9.12834657356143e-05,-0.0,0.0,1789027664.8386748
4271.4529999999995,-0.20454594708620402,-0.42730308903248837,0.20292033924488284,-0.6683159591884706,-2.8853942877529506,-0.2564751000133687,0,4,0.8908429741859436,-1.3687501561692734,2.1303494612323206,-2.24907984356069,-1.7937658468829554,-0.21475154558290654,9.181939094560221e-05,0.06588871031999588,4.021807762910612e-05,0.00021627671958412975,-0.0,0.0,1789027664.9386952
4271.553,-0.2047333041764013,-0.4275587210690781,0.1993009893093965,-0.6676102789752916,-2.888138647806366,-0.267115126266138,0,4,0.8908586502075195,-1.3608691704324265,2.13031512895693,-2.2491122684874476,-1.7937186400042933,-0.21472007433046514,9.393347863806412e-05,0.08285341411828995,-0.0,6.355057121254504e-05,-0.0,0.0,1789027665.0386367
4271.653,-0.20491082600249658,-0.42777501204185486,0.19566539771619096,-0.6668089448768807,-2.8907944980892313,-0.27793056825631446,0,4,0.8908586502075195,-1.352974997167923,2.130298916493551,-2.24910893062734,-1.7937729994403284,-0.21473962465395147,0.0,0.07583551108837128,-0.0,7.013779073638574e-41,-0.0,0.0,1789027665.1385717
4271.753,-0.20505220808704472,-0.42794775951521963,0.1921194585425921,-0.6660980021597098,-2.8933888452460876,-0.2884406372015323,0,4,0.8908466100692749,-1.3453283917954941,2.130345646535055,-2.2491280041136683,-1.7937620321856897,-0.2147277037249964,0.0,0.06944126635789871,-0.0,0.0,-0.0,0.0,1789027665.2385604
4271.853,-0.20513652416789865,-0.4280847497097356,0.18974828255587206,-0.6655447641819291,-2.89511230897421,-0.295447218206349,0,4,0.8908848762512207,-1.340157837872841,2.1303022543536585,-2.249141832391256,-1.7937539259540003,-0.21472388902773076,0.0,0.026232268661260605,-0.0,8.083678413879202e-15,-0.0,0.0,1789027665.3385298
4271.9529999999995,-0.20514657561973934,-0.42809362570785825,0.18950241144000898,-0.6654845724636713,-2.8952945237732415,-0.29614533935573895,1,5,0.8908777236938477,-1.3396303218654175,2.13031512895693,-2.249172349969381,-1.7937453428851526,-0.21473962465395147,0.0,2.9338861736472817e-36,-4.6261198463868383e-23,0.0,-0.0,0.0,1789027665.4385674
4272.053,-0.20515998448172199,-0.42809349719928,0.1895082192682689,-0.6655505408060449,-2.8952797361267635,-0.2961472773371615,1,5,0.8908550143241882,-1.33963035166774,2.130293671284811,-2.2491494617857875,-1.7937453428851526,-0.21471673647035772,0.0,-3.022103919647634e-05,-0.0,0.0,-0.0,0.0,1789027665.5385957
4272.153,-0.2051569857120238,-0.42810861762857094,0.18954489747845626,-0.6655395773557901,-2.895270371425434,-0.29594647431778826,1,5,0.8908741474151611,-1.3396853667548676,2.130275074635641,-2.2492081127562464,-1.7937143484698694,-0.21472007433046514,0.0,-0.00010080412175739184,-1.3681115127942124e-39,-0.00011201958841411397,-0.0,0.0,1789027665.6386015
4272.253,-0.20515977317599768,-0.42810525071468536,0.18954393312062756,-0.6655851926398223,-2.895265054790274,-0.2959092700922009,1,5,0.890862226486206,-1.3396889579347153,2.130289379750387,-2.2492405376830042,-1.7937019507037562,-0.21470433870424444,0.0,-0.00012096492719138041,-7.707737677264959e-05,-0.00010674813529476523,-0.0,0.0,1789027665.738573
4272.353,-0.20516817528817724,-0.42811626825214816,0.18957067102219136,-0.6655889866176289,-2.8952452934085984,-0.2958038478442803,1,5,0.890862226486206,-1.33971759796653,2.1302550474749964,-2.2492529354491175,-1.7936976591693323,-0.21470767656435186,0.0,-0.00020617280097212642,-0.0,-9.224288805853575e-05,-0.0,0.0,1789027665.8385386
4272.4529999999995,-0.20515327061219418,-0.42812875688751384,0.1895775504955739,-0.6655529775109588,-2.895331688717412,-0.29572666250182816,1,5,0.8908861875534058,-1.339729518895485,2.1302459875689905,-2.2492529354491175,-1.7936113516436976,-0.2147277037249964,0.0,-8.478418021695688e-05,-1.8827940595489423e-10,-9.015148292589193e-38,0.00029908496071584523,0.0,1789027665.9385934
4272.553,-0.20516479094377407,-0.4281306972512987,0.18958072315605326,-0.6655812429337921,-2.895346657799799,-0.29566939044875584,1,5,0.890863299369812,-1.3397259277156373,2.130237881337301,-2.2492815456786097,-1.7935822645770472,-0.21473962465395147,0.00012256931222509593,-0.00019314933160785586,-0.00021387259766925126,-0.0002243866038043052,0.0005416363128460944,0.0,1789027666.0385532
4272.653,-0.2051458748701668,-0.4281579625967525,0.18959429434544722,-0.6655131415587016,-2.895325769974591,-0.29555063635833656,1,5,0.8909330368041992,-1.3397223514369507,2.130209747944967,-2.2493368587889613,-1.7935860792743128,-0.21472007433046514,8.621643792139366e-05,-7.671230559935793e-05,-8.768075349507853e-05,-0.00029050480225123465,0.00013089874119032174,0.0,1789027666.1385863
4272.753,-0.20520846677139123,-0.42823935172809624,0.1898159494632803,-0.6656114906143159,-2.8949745589320277,-0.2940012440597396,1,5,0.8909341096878052,-1.339999945168831,2.1301401297198694,-2.250110765496725,-1.7935670057879847,-0.2147277037249964,7.192866905825213e-05,-0.008690159767866135,-0.0014122765278443694,-0.029872681945562363,8.991073627839796e-06,0.0,1789027666.2387178
4272.853,-0.20559076945297516,-0.4289686998454387,0.19124495365007715,-0.6659842473421032,-2.8918610098270086,-0.28098874949431013,1,5,0.8912837505340576,-1.3414849799922486,2.130026642476217,-2.257975240746969,-1.7935970465289515,-0.21471149126161748,0.009461998008191586,-0.00947711430490017,-0.0002608089707791805,-0.12110230326652527,0.0,0.0,1789027666.338588
4272.9529999999995,-0.2070482419649245,-0.43085323175747336,0.19442448255122385,-0.6681166630383758,-2.883239328783152,-0.2462887626029027,1,5,0.8913567662239075,-1.343776674275734,2.1299412886248987,-2.2809392414488734,-1.7935074011432093,-0.2147310415851038,0.00017394262249581516,-0.045332323759794235,-0.0012857391266152263,-0.3703627586364746,2.102068356180098e-05,0.0,1789027666.4386396
4273.053,-0.2102117322396517,-0.43472942960308736,0.20297198564074323,-0.6730872927715316,-2.8611569999048636,-0.16536173937899293,1,5,0.891269326210022,-1.3514938813498993,2.1300180594073694,-2.333061834374899,-1.7935264746295374,-0.21473580995668584,-0.00024975035921670496,-0.08317750692367554,0.0003362558491062373,-0.5124290585517883,0.0,0.0,1789027666.5385802
4273.153,-0.2120827688988738,-0.43710525877496054,0.2089873813247966,-0.6758860714798943,-2.845579997739673,-0.11262776219872854,1,5,0.8913208246231079,-1.3570723992637177,2.1300180594073694,-2.366833349267477,-1.7935107390033167,-0.2147310415851038,-5.174132411411847e-07,-0.016899876296520233,1.7405992104716212e-29,-0.11290911585092545,0.0,0.0,1789027666.6385703
4273.253,-0.21211918722388443,-0.43715371322658836,0.20910059328381125,-0.675910864675797,-2.845181117096,-0.11157245339949806,1,5,0.8913399577140808,-1.3571561437896271,2.1300304571734827,-2.3675838909544886,-1.7935851255999964,-0.21472388902773076,0.0,0.0002315911988262087,0.00015373599308077246,0.00032075479975901544,0.0,0.0,1789027666.738595
4273.353,-0.21213329992916924,-0.43714659605111306,0.20907997823419913,-0.675972181916147,-2.8451826695576465,-0.11165919948458196,1,5,0.8913089632987976,-1.3571165365031739,2.1300304571734827,-2.367563863793844,-1.7935932318316858,-0.21470767656435186,0.0,4.0784329030429944e-05,6.343659333651885e-05,0.00026941028772853315,0.0,0.0,1789027666.8385744
4273.4529999999995,-0.2121253080505604,-0.43713112064949255,0.20905402807977808,-0.6759581397993891,-2.845250616891064,-0.11179262348567873,1,5,0.8912968635559082,-1.357104779486992,2.130066696797506,-2.367505212823385,-1.793570343648092,-0.2147277037249964,0.0,0.0,0.0006976135191507638,0.00010829200618900359,0.0,0.0,1789027666.9385989
4273.553,-0.21214472965640394,-0.43716120391971003,0.20913502940729206,-0.6759913947057038,-2.8451058905720314,-0.11140052526527006,1,5,0.8913089036941528,-1.357184724216797,2.1299942175494593,-2.3676516018309535,-1.7935898939715784,-0.21470433870424444,4.577447483984795e-37,-0.0008794961613602936,-0.0014279036549851298,-0.0017592641524970531,0.0,0.0,1789027667.0385187
4273.653,-0.2124875762144284,-0.43757071618541304,0.21050953319792481,-0.6764601183679606,-2.842309684205446,-0.10237240125426021,1,5,0.8912896513938904,-1.3587153267911454,2.1296022574054163,-2.3725177250304164,-1.793605152760641,-0.21472388902773076,0.0,-0.035160936415195465,-0.0014550398336723447,-0.1199880838394165,0.0,0.0,1789027667.13856
4273.753,-0.21366541387486693,-0.4390289698478478,0.21612385485318755,-0.6784465867930778,-2.8297633817131307,-0.06270056229329166,1,5,0.8912729620933533,-1.3653148871711274,2.12941819826235,-2.395637651483053,-1.7935941855060022,-0.21473580995668584,0.0,-0.09103980660438538,-0.003538790624588728,-0.29147079586982727,0.0,0.0,1789027667.2385685
4273.853,-0.21487465781410528,-0.4404974404345693,0.2240038102022934,-0.6807279599926137,-2.8133126945515468,-0.013717337563232214,1,5,0.891246497631073,-1.3755733531764527,2.1291115919696253,-2.422356267968649,-1.7937215010272425,-0.21473962465395147,0.0,-0.09831266105175018,-0.00029558304231613874,-0.16135422885417938,-0.0007476992323063314,0.0,1789027667.3386593
4273.9529999999995,-0.21484004287645853,-0.4404862001265924,0.22877915287306366,-0.6814396054728433,-2.8070849738641614,0.004173508887835567,1,5,0.891304075717926,-1.384206400518753,2.1287830511676233,-2.427098413506979,-1.7937825361834925,-0.2147467772113245,0.0,-0.07469338923692703,-0.000883133674506098,-0.00030510377837345004,-0.0007264895830303431,0.0,1789027667.4386125
4274.053,-0.214523780875095,-0.4400042007551682,0.23292964745124928,-0.6821038484368273,-2.802861102382943,0.015486165593564237,1,5,0.8912297487258911,-1.39286823690448,2.128786865864889,-2.4272104702391566,-1.7939656416522425,-0.21470433870424444,-2.8243241302694224e-32,-0.11077086627483368,-0.00011026315041817725,-0.002237623557448387,-0.0027759033255279064,0.0,1789027667.5385683
4274.153,-0.21393612082315666,-0.4391198584301888,0.23980744684859234,-0.6830165110490162,-2.795773540783742,0.03388047833393,1,5,0.891122043132782,-1.4072952431491395,2.12879449525942,-2.427166601220602,-1.7943905035602015,-0.21472007433046514,-0.0039430903270840645,-0.17668236792087555,-0.0,-0.000123479389003478,-0.010023343376815319,0.0,1789027667.638598
4274.253,-0.21384546415077146,-0.43737177759015006,0.24906644155974078,-0.685954726235569,-2.783503350051478,0.05677172646754223,1,5,0.8895617723464966,-1.4266346257976075,2.12879449525942,-2.42718567470693,-1.7972715536700647,-0.21472388902773076,-0.03327169641852379,-0.21488763391971588,-1.262209116248414e-05,-2.504277227667348e-17,-0.0380561389029026,0.0,1789027667.7385902
4274.353,-0.2157681793556082,-0.4339048431145127,0.2599620617447392,-0.6944172659935408,-2.762260981281237,0.07849589571974014,1,5,0.8837039470672607,-1.449208715265133,2.1287978331195276,-2.427149911920065,-1.806542698537008,-0.21472007433046514,-0.0903666689991951,-0.2294911891222,-0.0001008567851386033,-0.0,-0.17625287175178528,0.0,1789027667.8385975
4274.4529999999995,-0.2222973156484374,-0.4271619182657266,0.2707837182568813,-0.7088632009063899,-2.713985035477591,0.07752222404647095,1,5,0.871680736541748,-1.4700865235975762,2.1287253538714808,-2.4271308384337367,-1.8444960753070276,-0.21473962465395147,-0.14941774308681488,-0.18918752670288086,-0.0015021782601252198,-0.0,-0.6281678676605225,0.0,1789027667.9385529
4274.553,-0.23420297399566234,-0.4163873958237347,0.2807757963194212,-0.727500616232063,-2.628227033541148,0.04056662755542497,1,5,0.8536984920501709,-1.4860040557435532,2.1285865942584437,-2.427197595635885,-1.924922291432516,-0.21472007433046514,-0.20722220838069916,-0.12642841041088104,-0.0035709498915821314,-0.0,-0.8955804705619812,0.0,1789027668.0385377
4274.653,-0.24741701175327502,-0.40533161157794356,0.28843700286516194,-0.7474843941441013,-2.541443557326714,-0.007097196329592724,1,5,0.8332823514938354,-1.49448765188966,2.127542797719137,-2.4277802906432093,-2.0086215178119105,-0.21473962465395147,-0.18655987083911896,-0.058869048953056335,-0.025141198188066483,-0.021693116053938866,-0.7410719394683838,0.0,1789027668.1385844
4274.753,-0.2587845550306201,-0.3985977659236116,0.29606848346577264,-0.7638863107169646,-2.473234865491716,-0.03456291021468217,1,5,0.8173784613609314,-1.4972056907466431,2.12053090730776,-2.432643075982565,-2.07050067583193,-0.2147310415851038,-0.12354572862386703,-0.000982909114100039,-0.13220544159412384,-0.08988312631845474,-0.5214837193489075,0.0,1789027668.2385938
4274.853,-0.26961847613193957,-0.39754503606746605,0.3085323403988795,-0.7785794807171051,-2.412627001889186,-0.028518476011235437,1,5,0.8073753118515015,-1.4971696895411988,2.1006725470172327,-2.4459220371642054,-2.1155017058001917,-0.2147000471698206,-0.0889139249920845,-4.864747461397201e-05,-0.26012465357780457,-0.147402822971344,-0.3818981945514679,0.0,1789027668.3385158
4274.9529999999995,-0.281066882990076,-0.39947891815246617,0.32453204217698034,-0.7972312867626724,-2.3685136396707014,-0.004093455776573793,1,5,0.7970155477523804,-1.4971253287843247,2.0691612402545374,-2.4525138340392054,-2.138315502797262,-0.21472388902773076,-0.12404181063175201,0.0019217432709410787,-0.34264829754829407,-1.006581428451836e-12,-0.09007333219051361,0.0,1789027668.4387205
4275.053,-0.2927673585230498,-0.4013306508708087,0.3395594175922208,-0.8206886173206696,-2.343882845068962,0.025687351973744655,1,5,0.7828693985939026,-1.4969300788692017,2.0360143820392054,-2.4522744617857875,-2.1397016684161585,-0.21472007433046514,-0.14369024336338043,0.00482720835134387,-0.3192653954029083,0.00126652792096138,-2.5710878617246635e-05,0.0,1789027668.53858
4275.153,-0.3032196947922774,-0.40243974659752624,0.35256413622051486,-0.8416339134371614,-2.3228007417247762,0.05102894934207802,1,5,0.7696636915206909,-1.4959676575711747,2.006768528615133,-2.4519101581969203,-2.1396663824664515,-0.21472007433046514,-0.1157279834151268,0.019582580775022507,-0.25620174407958984,0.0015234274324029684,-3.176244717906229e-05,0.0,1789027668.638558
4275.253,-0.31102472807878545,-0.40368413229657735,0.36129097990030123,-0.8555947205544194,-2.308194098605336,0.06780327691453707,1,5,0.7606686353683472,-1.492558018570282,1.9844382444964808,-2.4517628155150355,-2.1396711508380335,-0.21470433870424444,-0.06668317317962646,0.05201159790158272,-0.1718136966228485,0.0013227598974481225,-0.0,0.0,1789027668.738709
4275.353,-0.31580041800220754,-0.4046578228151226,0.36313238151501354,-0.862159673790444,-2.3034513316801175,0.07018377221284841,1,5,0.7555805444717407,-1.4860626024058838,1.9735072294818323,-2.4515749416747035,-2.1397293249713343,-0.21473962465395147,-0.045777492225170135,0.08051890134811401,-0.046535614877939224,0.0009918396826833487,-0.0,0.0,1789027668.838566
4275.4529999999995,-0.3190373731259482,-0.40504106441340154,0.35804522498742203,-0.8646716915040877,-2.307534068282684,0.057481745337697794,1,5,0.7517629265785217,-1.4752871853164216,1.9726184050189417,-2.4513803921141566,-2.139716927205221,-0.21472007433046514,-0.02533179149031639,0.1521822065114975,-5.734187288908288e-05,0.0011455428320914507,-0.0,0.0,1789027668.9386492
4275.553,-0.322760815036492,-0.4067059727319179,0.348232024173165,-0.8640375365028302,-2.3173658247327524,0.03532554063323181,1,5,0.7491493225097656,-1.456106187110283,1.9726131598102015,-2.451388498345846,-2.139639202748434,-0.21473580995668584,-0.02870984748005867,0.21766477823257446,-3.4912260161945596e-05,8.773209265200421e-05,-9.089585003241027e-18,0.0,1789027669.038641
4275.653,-0.32692970733506016,-0.4086114665766557,0.3364471027832163,-0.8628989309137879,-2.3289911284753733,0.008964854515361477,1,5,0.7463361620903015,-1.4331830453923722,1.972558323537008,-2.4514485798277796,-2.139618698750631,-0.21473580995668584,-0.026703139767050743,0.2293825000524521,-0.0008107381872832775,9.039686159969378e-18,-0.0,0.0,1789027669.138673
4275.753,-0.3310333083942252,-0.40997703895899434,0.32515041963525443,-0.8626581178304338,-2.3395731072472006,-0.01654476464694303,1,5,0.7428951859474182,-1.4113883090070267,1.9725177923785608,-2.4514876804747523,-2.139618698750631,-0.21472388902773076,-0.04242947697639465,0.20691555738449097,-0.0005665928474627435,2.2425334280346556e-19,-0.0,0.0,1789027669.2386901
4275.853,-0.33532462952284364,-0.4102289749367699,0.3154623223926129,-0.8650623042447948,-2.3475349663086478,-0.03932976631655923,1,5,0.7376989722251892,-1.3928243827870865,1.9724858442889612,-2.451484342614645,-2.1396382490741175,-0.21472007433046514,-0.05919700860977173,0.16717325150966644,-0.00037157844053581357,0.0,-0.0,0.0,1789027669.3387346
4275.9529999999995,-0.3395582835532838,-0.4096315832677153,0.3078192651057164,-0.8695020148144538,-2.3528115004167045,-0.05806973700146883,1,5,0.7314379811286926,-1.378086657529213,1.9722746054278772,-2.4515186748900355,-2.139634434376852,-0.2147429625140589,-0.06885306537151337,0.13294482231140137,-0.0028355198446661234,0.0,-0.0,0.0,1789027669.4385536
4276.053,-0.3438433238684325,-0.4082329438545808,0.3015993718982585,-0.8758883066734682,-2.3561261740286144,-0.07427471894658824,1,5,0.724036455154419,-1.3662574899247666,1.9722216765033167,-2.45147242168569,-2.1396153608905237,-0.2147310415851038,-0.07960972934961319,0.10659769177436829,-0.00036912201903760433,0.0,-0.0,0.0,1789027669.5385945
4276.153,-0.3476987382564994,-0.4064203127121411,0.2971878765220096,-0.8829717875158166,-2.3575047940778093,-0.08663880900776208,1,5,0.7166461944580078,-1.3579410773566742,1.9722579161273401,-2.451463361779684,-2.13965350786318,-0.21472007433046514,-0.06172468140721321,0.05897928401827812,-1.9002598472846578e-21,0.0,-0.0,0.0,1789027669.63866
4276.253,-0.3489527740006687,-0.4059811096916417,0.29517360163007517,-0.8848263319466781,-2.3587513439845886,-0.09170166332793912,1,5,0.7144426107406616,-1.3541944038918992,1.9723113218890589,-2.451458593408102,-2.139527146016256,-0.2147310415851038,0.0023600654676556587,0.014435922726988792,0.0005150254582986236,0.0,0.002825518138706684,0.0,1789027669.7386565
4276.353,-0.3489575859959574,-0.4060100428740195,0.29497796292788003,-0.8847632333522207,-2.359061336527425,-0.09202279986785036,1,5,0.7144581079483032,-1.353890450005867,1.9723747412311,-2.4514552555479945,-2.1394036451922815,-0.21472007433046514,0.00010977005149470642,2.7020290872314945e-05,9.824842709349468e-05,0.0,0.0007477645995095372,0.0,1789027669.8386936
4276.4529999999995,-0.34894788075083555,-0.40600627778067105,0.2949832802103268,-0.8847772758341702,-2.3590576423543057,-0.09198747911595272,1,5,0.71446293592453,-1.3539180320552369,1.97239858308901,-2.451470037499899,-2.1393922011004847,-0.21470767656435186,2.0252420654287562e-05,0.0,0.00017752035637386143,0.0,0.00019751604122575372,0.0,1789027669.938606
4276.553,-0.3489453323758407,-0.4059971171797984,0.29494307606536385,-0.8847496304700505,-2.3591453395646913,-0.09208357033884651,1,5,0.7144472599029541,-1.3538868588260193,1.9724443594561976,-2.4514552555479945,-2.1393559614764612,-0.21473580995668584,0.0,0.0,7.834003190509975e-05,0.0,0.00011478988017188385,0.0,1789027670.0385885
4276.653,-0.34893881310104335,-0.4060041301765456,0.29494545285688384,-0.8847651293314917,-2.359154914490347,-0.09206128920188161,1,5,0.71446293592453,-1.353890450005867,1.9724372068988245,-2.451439519921774,-2.1393407026873987,-0.21470767656435186,0.0,0.0,3.5674642493571662e-12,0.0,7.814982382114977e-05,0.0,1789027670.138584
4276.753,-0.3489346316623278,-0.4060122142633381,0.2949490749253686,-0.8847251504006217,-2.3591573168181927,-0.09207276453092147,1,5,0.7144820690155029,-1.3538868588260193,1.9724224249469202,-2.4514247379698695,-2.1393559614764612,-0.21472007433046514,0.0,0.0,-0.0,0.0,4.5754387161349905e-18,0.0,1789027670.2385297
4276.853,-0.34893410043967166,-0.4060067674108033,0.2949571028781186,-0.884734721928768,-2.3591652054640426,-0.09207987778479403,1,5,0.7144737243652344,-1.353909732108452,1.9724224249469202,-2.4513937435545863,-2.139347855244772,-0.21472007433046514,0.0,0.0,-0.0,0.0,0.0,0.0,1789027670.338534
4276.9529999999995,-0.3489408460386328,-0.4060198184749447,0.2949682381009308,-0.8847383165292235,-2.3591460900547685,-0.09200023959920339,1,5,0.7144820690155029,-1.3538940709880372,1.9723880926715296,-2.4514361820616664,-2.1393359343158167,-0.21472007433046514,0.0,0.0,-0.0,0.0,2.261191253973098e-40,0.0,1789027670.438581
4277.053,-0.34894579899850786,-0.40599883973221973,0.294945989060754,-0.8847706979760218,-2.3591306541223975,-0.09208918145346631,0,6,0.7144508957862854,-1.3538868588260193,1.972433869038717,-2.4514361820616664,-2.1393669287311,-0.21471149126161748,0.0,0.0,-0.0,0.0,0.0,0.0,1789027670.5385818
4277.153,-0.34893168561654214,-0.4060313420651747,0.2949958667392979,-0.8847483294729807,-2.3591357753078266,-0.09188193581908849,0,6,0.7145049571990967,-1.3539288651994248,1.9723685423480433,-2.4514552555479945,-2.1393049399005335,-0.21470433870424444,0.0,0.0,-0.0,0.0,2.195268614002445e-30,0.0,1789027670.63857
4277.253,-0.3489367480818397,-0.4060145802071963,0.29495829166316934,-0.8847126874141577,-2.3591617197428945,-0.09200446201026757,0,6,0.7144784927368164,-1.3538940709880372,1.9724190870868128,-2.451470037499899,-2.1393287817584437,-0.2147467772113245,0.0,0.0,-0.0,0.0,6.358303653541952e-05,0.0,1789027670.738602
4277.353,-0.34892142224887546,-0.4060164637355448,0.2949528189578642,-0.8846830432034667,-2.3591895429327567,-0.09205456324198728,0,6,0.7145013213157654,-1.3539061111262818,1.972433869038717,-2.451421400109762,-2.1393359343158167,-0.21473962465395147,0.0,0.0,-0.0,0.0,7.016161281027927e-41,0.0,1789027670.8385823
4277.4529999999995,-0.34893394723832144,-0.4060105524111955,0.29495120856912416,-0.8847167114179476,-2.3591632353799263,-0.09204899863418461,0,6,0.7144784927368164,-1.3538940709880372,1.9724305311786097,-2.4514461956419886,-2.1393430868731897,-0.21473580995668584,0.0,0.0,-0.0,0.0,0.0,0.0,1789027670.9385364
4277.553,-0.34893326165720384,-0.40601631907244573,0.2949540063943864,-0.8847187827474099,-2.3591907059614083,-0.09201534073806225,0,6,0.7144820690155029,-1.3538940709880372,1.9724190870868128,-2.451442857781881,-2.139308277760641,-0.21473580995668584,0.0,0.0,3.661111986730248e-05,0.0,0.0,0.0,1789027671.038567
4277.653,-0.3489378208251003,-0.40600594399615375,0.29493551931785533,-0.8847442928447419,-2.3591686062914823,-0.09207564368389999,0,6,0.7144665718078613,-1.3538749378970643,1.9724443594561976,-2.451451917687887,-2.1393397490130823,-0.21472007433046514,0.0,0.0,1.2494370821514167e-05,0.0,0.0,0.0,1789027671.1385489
4277.753,-0.3489450658324463,-0.4060047008446058,0.2949521498617639,-0.8847729254118204,-2.3591738800751196,-0.09202905199455856,0,6,0.7144508957862854,-1.3538940709880372,1.9724224249469202,-2.451439519921774,-2.139308277760641,-0.21472007433046514,0.0,0.0,-0.0,0.0,0.0,0.0,1789027671.2385914
4277.853,-0.3489274836197195,-0.406012092620119,0.2949573615678726,-0.884751505356075,-2.3591485679558772,-0.09197781750548578,0,6,0.7144856452941895,-1.353909732108452,1.972442928944723,-2.451482435266012,-2.1393240133868616,-0.21470767656435186,0.0,0.0,-0.0,0.0,0.0,0.0,1789027671.3385334
4277.9529999999995,-0.3489346952894184,-0.40601582610494386,0.29495398209396356,-0.8847271903564922,-2.359170299962415,-0.09201643923151887,0,6,0.7144820690155029,-1.353890450005867,1.9724190870868128,-2.451451917687887,-2.1393240133868616,-0.2147277037249964,0.0,0.0,-0.0,0.0,1.0948247108899523e-06,0.0,1789027671.4385812
4278.053,-0.34894073421025157,-0.4059974592452563,0.29496235113833935,-0.8847726651045514,-2.359163952452217,-0.09203225181185333,0,6,0.7144473195075989,-1.3539252442172547,1.972433869038717,-2.4514247379698695,-2.1393168608294886,-0.21472388902773076,0.0,0.0,-0.0,0.0,0.0,0.0,1789027671.5385456
4278.153,-0.3489250494766031,-0.4060153726164667,0.29496024277245336,-0.8846918359388795,-2.3591558636723526,-0.09202828217093878,0,6,0.7144977450370789,-1.353909747009613,1.9724305311786097,-2.4514485798277796,-2.1393516699420374,-0.21473962465395147,0.0,0.0,-0.0,0.0,0.0,0.0,1789027671.638466
4278.253,-0.3489214917192183,-0.4060064587502259,0.2949439285917814,-0.8847405343573761,-2.359174117783804,-0.09204006061472512,0,6,0.7144856452941895,-1.353909732108452,1.9724658171283167,-2.451451917687887,-2.1393278280841272,-0.21470767656435186,0.0,0.0,-0.0,0.0,0.0,0.0,1789027671.7385485
4278.353,-0.3489359283842498,-0.4060182270203799,0.2949428530032172,-0.8847287902348581,-2.359191069937993,-0.0920320194933726,0,6,0.7144820690155029,-1.3538713616183777,1.9724190870868128,-2.4514485798277796,-2.1393120924579065,-0.21472388902773076,0.0,0.0,-0.0,0.0,0.0,0.0,1789027671.8386488
4278.4529999999995,-0.3489400780280166,-0.40602395612875397,0.29494659227778286,-0.8847323836156726,-2.359194204656138,-0.09198927645298229,0,6,0.7144820690155029,-1.3538628977588196,1.9724038282977503,-2.451470037499899,-2.1392930189715784,-0.2147277037249964,0.0,0.0,-0.0,0.0,0.0,0.0,1789027671.93853
4278.553,-0.3489272216019591,-0.4060216534725841,0.29495757381689264,-0.8847027869257729,-2.359185360230499,-0.09199364941118683,0,6,0.7144977450370789,-1.3538976621678849,1.9724190870868128,-2.4514552555479945,-2.1393120924579065,-0.21473580995668584,0.0,0.0,-0.0,0.0,0.0,0.0,1789027672.0385408
4278.653,-0.34894266295259563,-0.4059995767210744,0.29494994220303294,-0.8847867717852936,-2.359135452370557,-0.09202452006431652,0,6,0.7144508957862854,-1.3538976472667237,1.9724443594561976,-2.4514738521971644,-2.1393359343158167,-0.21470767656435186,0.0,0.0,-0.0,0.0,0.0,0.0,1789027672.1385932
4278.753,-0.34892215740771665,-0.40600534839460145,0.2949383945199722,-0.8847209372071183,-2.3591747280583393,-0.09207213473250714,0,6,0.7144856452941895,-1.353901283150055,1.9724691549884241,-2.4514485798277796,-2.1393430868731897,-0.21472007433046514,0.0,0.0,-0.0,0.0,0.0,0.0,1789027672.2385619
4278.853,-0.3489276511003011,-0.4060114329202686,0.29495329109546314,-0.8847288061977507,-2.3591963044605113,-0.09203353558415442,0,6,0.7144820690155029,-1.353909732108452,1.972433869038717,-2.451421400109762,-2.139308277760641,-0.21472388902773076,0.0,0.0,-0.0,0.0,0.0,0.0,1789027672.33854
4278.9529999999995,-0.34893277866985073,-0.40601747260201276,0.29494894251635123,-0.8846984544842356,-2.3591763143442237,-0.0920519623648515,0,6,0.7144892811775208,-1.353882150059082,1.9724190870868128,-2.451439519921774,-2.1393397490130823,-0.21473962465395147,0.0,0.0,-0.0,0.0,0.0,0.0,1789027672.438557
4279.053,-0.34892143222350264,-0.40601909922701185,0.2949522108752318,-0.884709976374722,-2.359188525332666,-0.09200220552914046,0,6,0.7145012617111206,-1.353902519946434,1.9724372068988245,-2.4514552555479945,-2.1393120924579065,-0.21472388902773076,0.0,0.0,-0.0,0.0,0.0,0.0,1789027672.5385506
4279.153,-0.34892266057153454,-0.40601891525529693,0.2949345979609204,-0.8847032709335155,-2.3591915749129813,-0.09203769592838776,0,6,0.7145013213157654,-1.3538749378970643,1.9724496046649378,-2.451470514337057,-2.1393240133868616,-0.21472388902773076,0.0,0.0,-0.0,0.0,0.0,0.0,1789027672.6385856
4279.253,-0.3489349446982425,-0.406003060688519,0.2949387538828681,-0.8847844321246799,-2.359168057194902,-0.09204587242943786,0,6,0.71446293592453,-1.3538904649070282,1.9724534193622034,-2.451451917687887,-2.139320198689596,-0.21469289461244756,0.0,0.0,-0.0,0.0,0.0,0.0,1789027672.738597
