controller_time_s,tcp_x,tcp_y,tcp_z,tcp_rx,tcp_ry,tcp_rz,gripper_state,gripper_event_counter,actual_q_0,actual_q_1,actual_q_2,actual_q_3,actual_q_4,actual_q_5,actual_qd_0,actual_qd_1,actual_qd_2,actual_qd_3,actual_qd_4,actual_qd_5,host_receive_time_s
2738.3179999999998,-0.4479602232821843,-0.4779580816009996,0.3397875601657414,1.1351050848130149,2.8939008022368955,-0.026790232483373748,0,0,0.6091078519821167,-1.170814113026001,1.4654853979693812,-1.860922475854391,-1.5287531057940882,-0.2147277037249964,0.0,0.0,-0.0,-0.0,0.0,0.0,1788854256.9280102
2738.4179999999997,-0.4479690026516995,-0.47798215584538456,0.33962582248991247,1.1350099231414414,2.8937570054880357,-0.02643146777015673,0,0,0.6091282963752747,-1.1706036192229767,1.465536896382467,-1.8608981571593226,-1.5287378470050257,-0.21473580995668584,0.00012960023013874888,0.0007353477412834764,-0.0,0.0001899506023619324,0.0,0.0,1788854257.015498
2738.518,-0.44795057229002283,-0.4779850200532544,0.33966555764445905,1.1350098183709245,2.8937731223169587,-0.02648749943472871,0,0,0.6091473698616028,-1.1706618231586,1.4655254522906702,-1.8608676395811976,-1.5287306944476526,-0.21472007433046514,1.4706061847391538e-05,5.9831021644640714e-05,-0.0,7.425862713716924e-05,0.0,0.0,1788854257.1155748
2738.618,-0.447969280858647,-0.4779796237327926,0.3396436637886096,1.135049658450505,2.893738860129199,-0.026425684914259392,0,0,0.6091248393058777,-1.1706191164306183,1.465510670338766,-1.860852380792135,-1.5287378470050257,-0.21471149126161748,4.0637655465419695e-44,2.7673644581227563e-05,-0.0,2.1232994425710907e-31,0.0,0.0,1788854257.2154973
2738.718,-0.4479584088893324,-0.47798819613780036,0.33965148552723107,1.1349845227928614,2.893791051593915,-0.02645080801082157,0,0,0.6091473698616028,-1.1706309777549286,1.4655140081988733,-1.860870977441305,-1.5287497679339808,-0.21473962465395147,0.0,0.0,-0.0,0.0,0.0,0.0,1788854257.3154228
2738.8179999999998,-0.44796641296955253,-0.47798392716300747,0.33964512460969054,1.135029270669848,2.89376951867883,-0.026432363201380905,0,0,0.6091352701187134,-1.1706191164306183,1.465510670338766,-1.8608676395811976,-1.5287531057940882,-0.21472007433046514,0.0,0.0,-0.0,0.0,0.0,0.0,1788854257.415607
2738.9179999999997,-0.44797382335546193,-0.4779859175175399,0.33965508505360853,1.135026919044595,2.8937682605643675,-0.02648064031547842,0,0,0.6091282963752747,-1.1706156593612214,1.4654858748065394,-1.860870977441305,-1.5287345091449183,-0.2147277037249964,0.0,0.0,-0.0,0.0,0.0,0.0,1788854257.5154986
2739.018,-0.44796271175257324,-0.47797684952928243,0.3396614912278587,1.1350386349637756,2.893763779413207,-0.026451074720372936,0,0,0.6091282963752747,-1.1706499618342896,1.4655140081988733,-1.8608490429320277,-1.5287449995623987,-0.21472007433046514,0.0,0.0,-0.0,4.335486474159768e-26,0.0,0.0,1788854257.615516
2739.118,-0.4479709675984654,-0.4779687252361619,0.33964268204315506,1.1350943847214237,2.8937224565241197,-0.02642830603246317,0,0,0.6091094017028809,-1.170634464626648,1.4655359427081507,-1.8608643017210902,-1.5287378470050257,-0.21469623247255498,0.0,0.0,-0.0,0.0,0.0,0.0,1788854257.7154243
2739.218,-0.4479594155329337,-0.4779739689504427,0.33964746477545354,1.1350306010057332,2.8937577944453174,-0.026417263562736125,0,0,0.6091282963752747,-1.1706465047648926,1.4655402342425745,-1.8608557186522425,-1.5287497679339808,-0.21472388902773076,0.0,0.0,-0.0,0.0,0.0,0.0,1788854257.815173
2739.3179999999998,-0.4479628503500805,-0.4779818174924122,0.3396685186418777,1.1350250899918628,2.8937752597674504,-0.02645107388268503,0,0,0.6091352701187134,-1.1706465047648926,1.4654911200152796,-1.8608328304686488,-1.5287497679339808,-0.21472388902773076,0.0,0.0,-0.0,0.0,0.0,0.0,1788854257.915268
2739.4179999999997,-0.44796282043328395,-0.47799087426440423,0.33965289438855917,1.1350125454999727,2.893778491294504,-0.026437609598347657,0,0,0.6091473698616028,-1.1706191164306183,1.4654911200152796,-1.860852380792135,-1.5287531057940882,-0.21472007433046514,0.0,0.0,-0.0,0.0,0.0,0.0,1788854258.0151734
2739.518,-0.447966174293169,-0.4779774551794341,0.3396369583599045,1.1350207990386543,2.893748438803661,-0.026421988535124362,0,0,0.6091248393058777,-1.170622543697693,1.4655326048480433,-1.8608676395811976,-1.5287378470050257,-0.2147310415851038,0.0,0.0,-0.0,0.0,0.0,0.0,1788854258.1151342
2739.618,-0.4479694281152644,-0.4779716978215034,0.3396467686952296,1.1350255148717345,2.893761659084747,-0.026421510403440523,0,0,0.6091164350509644,-1.170634464626648,1.4655254522906702,-1.8608557186522425,-1.5287497679339808,-0.21473962465395147,0.0,0.0,-0.0,0.0,0.0,0.0,1788854258.2151256
2739.718,-0.4479539962032782,-0.4779944378646873,0.339653942858437,1.1349974542442354,2.8937926913193897,-0.026465492147983192,0,0,0.6091592907905579,-1.170631007557251,1.465510670338766,-1.8608795605101527,-1.5287497679339808,-0.21472007433046514,0.0,0.0,-0.0,0.0,0.0,0.0,1788854258.315141
2739.8179999999998,-0.44796752650131705,-0.4779760920474189,0.3396640877302243,1.1350724481923813,2.8937560443326937,-0.02649321389321624,0,0,0.6091213822364807,-1.1706499618342896,1.4655140081988733,-1.8608747921385707,-1.5287345091449183,-0.21470433870424444,0.0,0.0,-0.0,0.0,0.0,0.0,1788854258.4152923
2739.9179999999997,-0.4479632071793341,-0.4779783266874016,0.3396476832934695,1.1350261157378452,2.893760175267488,-0.026394032483105498,0,0,0.6091318130493164,-1.170631007557251,1.4655140081988733,-1.8608328304686488,-1.5287583510028284,-0.21472388902773076,0.0,0.0,-0.0,0.0,0.0,0.0,1788854258.5152085
2740.018,-0.44797035423852627,-0.4779797688244623,0.33966176665763587,1.135046992608775,2.8937868061985355,-0.026452148174385768,0,0,0.6091282963752747,-1.170634464626648,1.465494457875387,-1.86085905651235,-1.5287650267230433,-0.21472007433046514,0.0,0.0,-0.0,0.0,0.0,0.0,1788854258.6151776
2740.118,-0.44798147894213824,-0.47796900667367725,0.33964009106915527,1.1350607105880666,2.893733468135092,-0.02641404248058633,0,0,0.609100878238678,-1.1706139308265229,1.465510670338766,-1.860849996606344,-1.528741184865133,-0.2147277037249964,0.0,0.00016862430493347347,-0.0,2.3123457824742873e-30,0.0,0.0,1788854258.7151067
2740.218,-0.4479710199317625,-0.47797368724359307,0.3396053967457123,1.1350048363312766,2.8936992864436037,-0.026285522066685916,0,0,0.6091164350509644,-1.1705830854228516,1.4655326048480433,-1.8608046970763148,-1.5287426153766077,-0.21473962465395147,0.0,0.00010299606947228312,-0.0,7.658048707526177e-05,0.0,0.0,1788854258.815169
2740.3179999999998,-0.44780451941929006,-0.47818107616001765,0.3394702164684672,1.134389481510497,2.893829583577179,-0.02593794071950046,0,0,0.6095356345176697,-1.1703642171672364,1.4655140081988733,-1.8607684574522914,-1.5287769476519983,-0.21472388902773076,0.01672440394759178,0.00639746431261301,-0.0,0.0003961610491387546,-1.611640487730881e-09,0.0,1788854258.915137
2740.4179999999997,-0.44586339364557664,-0.4801097915064333,0.33917400098895856,1.128229413992036,2.896042847556377,-0.025200921325915757,0,0,0.6137527227401733,-1.1698887211135407,1.4655049482928675,-1.8608151874937953,-1.5288732687579554,-0.21472388902773076,0.08430792391300201,0.0030910486821085215,-0.0,0.00010266483877785504,-0.0016928274417296052,0.0,1788854259.0150986
2740.518,-0.4397459266832341,-0.4859419795642233,0.3385622443805064,1.1092460271062936,2.902788397288303,-0.023564017238708122,0,0,0.6267135739326477,-1.1689308744720002,1.46550161043276,-1.860826154748434,-1.5289538542376917,-0.21473962465395147,0.15514400601387024,0.006258105393499136,-0.0,2.0351428111492522e-29,-0.0001440845080651343,0.0,1788854259.115095
2740.618,-0.43288274516608233,-0.4920917110479749,0.33855637610615075,1.088807543265004,2.9104315471968625,-0.023158155214939427,0,0,0.6407856941223145,-1.1688794952682038,1.4654415289508265,-1.8608128033080042,-1.528984848652975,-0.21471149126161748,0.12150084972381592,8.386976696783677e-05,-0.0005404399707913399,0.0,-5.14399325766135e-05,0.0,1788854259.2151024
2740.718,-0.4266522861187626,-0.4975446270625053,0.3385121050102126,1.0703075085560334,2.9171500354518107,-0.022778084942624427,0,0,0.6534260511398315,-1.168770120745041,1.4653900305377405,-1.8608266315855921,-1.5289691130267542,-0.21473962465395147,0.12328984588384628,0.0002467404992785305,-0.0002899499668274075,0.0,-0.0,0.0,1788854259.3151152
2740.8179999999998,-0.4210978496760528,-0.5022530806880688,0.3385057073553502,1.0540556866261177,2.922934951797686,-0.022487778630061947,0,0,0.6645298600196838,-1.1687666934779664,1.4653976599322718,-1.860819479028219,-1.5289328734027308,-0.21473962465395147,0.09173410385847092,0.0002394271141383797,-0.00010491885768715292,0.0,-0.0,0.0,1788854259.4150681
2740.9179999999997,-0.4168813752982019,-0.5057925083556525,0.3384640473621406,1.0417575466107643,2.9272913812222314,-0.02216430936052804,0,0,0.6729440689086914,-1.168667421942093,1.4653523604022425,-1.860826154748434,-1.5289762655841272,-0.21472388902773076,0.08077090978622437,0.0007150769233703613,-0.00041245640022680163,0.0,-0.0,0.0,1788854259.5150783
2741.018,-0.4133178599320865,-0.5087534832877103,0.33857709309593426,1.0313836244800274,2.9310240864666497,-0.022316772367170237,0,0,0.6800200343132019,-1.1687050026706238,1.4651702086078089,-1.8608504734435023,-1.5289538542376917,-0.21473962465395147,0.06783867627382278,0.000588023744057864,-0.0003289080341346562,0.0,-0.0,0.0,1788854259.6150453
2741.118,-0.41015551649178156,-0.5113615332061394,0.3386418624899731,1.0222015428212958,2.934278272279631,-0.0223474977609467,0,0,0.6862872838973999,-1.1686742764762421,1.4649933020221155,-1.8608557186522425,-1.5289571920977991,-0.21473962465395147,0.06205873191356659,-5.173893441678956e-05,-0.006796698085963726,1.6990933855213865e-24,-0.0,0.0,1788854259.7150757
2741.218,-0.40769711793725455,-0.5133663380215472,0.3387018395779223,1.0151137004197126,2.9367753526539007,-0.022386156846167522,0,0,0.6911373734474182,-1.1686589282802125,1.4648454825030726,-1.860852380792135,-1.5289610067950647,-0.21472388902773076,0.036190859973430634,-3.1826763006392866e-05,-0.00020668742945417762,0.0,-0.0,0.0,1788854259.8150332
2741.3179999999998,-0.40657333866443485,-0.5146069527813822,0.3393813155446621,1.011488300698134,2.938786456528979,-0.024324935297011185,0,0,0.6937394142150879,-1.168730692272522,1.4635346571551722,-1.8609620533385218,-1.5289328734027308,-0.21472007433046514,0.01720115728676319,-0.00014027216820977628,-0.02546737715601921,-0.0002579980355221778,-0.0,0.0,1788854259.9150243
2741.4179999999997,-0.40649257324478155,-0.5165618996149284,0.34274570506807395,1.0089372779374264,2.9434340820074087,-0.0337117621409653,0,0,0.6961537003517151,-1.1687067312053223,1.4564316908465784,-1.8609668217101039,-1.528926197682516,-0.21468907991518194,0.0404357872903347,8.586068724980578e-05,-0.1334054321050644,-9.776045044418424e-05,-0.0,0.0,1788854260.0150096
2741.518,-0.40641641318377053,-0.5218947558541265,0.35251161393803637,1.0020838935563459,2.9564151342255904,-0.06080127859884764,0,0,0.7025545835494995,-1.1686229270747681,1.435887638722555,-1.8608399830260218,-1.5289810339557093,-0.21473962465395147,0.08631183207035065,0.0007280848803929985,-0.2707938253879547,5.481512926053256e-05,-0.0,0.0,1788854260.1150165
2741.618,-0.4063717486023211,-0.528663057099247,0.3655361811175642,0.9936259476497338,2.972731168272881,-0.09701319464219882,0,0,0.7105137705802917,-1.168178067808487,1.4082768599139612,-1.8605252705016078,-1.5290325323687952,-0.21470767656435186,0.07504529505968094,0.016105134040117264,-0.2501664459705353,0.0010843153577297926,-3.3530076493093475e-09,0.0,1788854260.2150571
2741.718,-0.4044941827908124,-0.5348991176897644,0.37075440804220927,-0.9812691355170761,-2.982020307884019,0.11332744095742893,0,0,0.7195852398872375,-1.1639445585063477,1.3918350378619593,-1.8603531322874964,-1.529109303151266,-0.21473580995668584,0.09908036142587662,0.07441161572933197,-0.08000243455171585,0.00036598838050849736,-0.00018203431682195514,0.0,1788854260.3150702
2741.8179999999998,-0.40131826664336884,-0.5401363578678553,0.365398951695852,0.9667853465804759,2.9831881256572017,-0.10291180184128952,0,0,0.7287311553955078,-1.154351757173874,1.3898780981646937,-1.860375543633932,-1.5290730635272425,-0.21472388902773076,0.07689854502677917,0.11608941853046417,1.2115163039450039e-10,0.00032795273000374436,-5.648588194162585e-05,0.0,1788854260.4150424
2741.9179999999997,-0.400263030525799,-0.5440276027872596,0.35686380170980647,0.9570954835851321,2.979828202347968,-0.08514615581925557,0,0,0.7341691255569458,-1.1414473515800019,1.3898943106280726,-1.8603302441039027,-1.5290511290179651,-0.21473962465395147,0.035087041556835175,0.1396569013595581,-0.0,9.477949788561091e-05,-0.0,0.0,1788854260.5150714
2742.018,-0.4012025955036718,-0.5465400939696519,0.3477730402004194,0.9527359187787112,2.9744982463220184,-0.06655450601762081,0,0,0.7360190749168396,-1.1276734334281464,1.3898304144488733,-1.8604370556273402,-1.5290616194354456,-0.21473962465395147,0.001180832041427493,0.12230121344327927,-0.0007223162101581693,7.170499468804126e-34,-0.0,0.0,1788854260.6150832
2742.118,-0.4022675979047098,-0.5475788599239144,0.34235406643048827,0.9516576985852722,2.9708031789093567,-0.05548605759191453,0,0,0.7360959649085999,-1.1195006233504792,1.3897979895221155,-1.860448499719137,-1.5290730635272425,-0.21473962465395147,0.0016376711428165436,0.03385882452130318,-0.0001865237718448043,0.0,-0.0,0.0,1788854260.7150738
2742.218,-0.402028460067572,-0.5479708195590067,0.34165827166581597,0.9504980646194722,2.9706220875976737,-0.05400887457437147,0,0,0.7367724180221558,-1.1184718173793335,1.3898127714740198,-1.86041321376943,-1.5290730635272425,-0.21475488344301397,0.01101044099777937,0.00013631182082463056,-4.856607483816333e-05,-1.0522569027671125e-05,-0.0,0.0,1788854260.8150165
2742.3179999999998,-0.40192102741547253,-0.5480958266448225,0.34141001502772045,0.9501049901990198,2.97051601197326,-0.05339993741813781,0,0,0.7370191216468811,-1.1181532901576539,1.3898738066302698,-1.8603459797301234,-1.529069725667135,-0.21473580995668584,9.866261825663969e-05,0.012184275314211845,0.00019840922323055565,-0.0,-0.0,0.0,1788854260.9150393
2742.4179999999997,-0.4019806593778548,-0.5487140848846206,0.33937754014251353,0.9488261721770834,2.9694133389498183,-0.04926093594914522,0,0,0.737646222114563,-1.1150991481593628,1.3898738066302698,-1.8603722057738246,-1.5290902296649378,-0.21472722688783819,0.017115436494350433,0.05186396837234497,6.191482680151239e-05,0.00011526986781973392,-4.545865662746501e-27,0.0,1788854261.0150187
2742.518,-0.4015837800942336,-0.5502882492575087,0.33538117973961645,0.9449287383040085,2.967623670487195,-0.04111630087182366,0,0,0.7397872805595398,-1.1090861123851319,1.3898456732379358,-1.8603888950743617,-1.5290973822223108,-0.21472388902773076,0.023474615067243576,0.058485325425863266,-0.0,1.9454162673154807e-12,-0.0,0.0,1788854261.1150022
2742.618,-0.4009889525142464,-0.5518379089508885,0.33181435358658606,0.9408793836117755,2.9662009131560536,-0.03382677490291723,0,0,0.7420979142189026,-1.1037281912616272,1.3898184935199183,-1.8603888950743617,-1.529116455708639,-0.21470815340151006,0.024946484714746475,0.04670533165335655,-0.0,0.0,-0.0,0.0,1788854261.2150507
2742.718,-0.40038134118670077,-0.5532798383267149,0.3285915053136861,0.9370014970871638,2.9649310549098082,-0.02732808803639779,0,0,0.744288444519043,-1.0988712471774598,1.3897669951068323,-1.860406061212057,-1.529069725667135,-0.2147310415851038,0.020635316148400307,0.044338904321193695,-0.00023707303625997156,0.0,-0.0,0.0,1788854261.31498
2742.8179999999998,-0.4003947799804942,-0.5540995110213429,0.3258416381840442,0.9352580399830716,2.9634308898986523,-0.021786355289471256,0,0,0.7451757192611694,-1.094747619037964,1.3897512594806116,-1.8604518375792445,-1.5291007200824183,-0.21469289461244756,0.0011209126096218824,0.021284108981490135,-0.0002967434993479401,1.3732596949420304e-27,-0.0,0.0,1788854261.41495
2742.9179999999997,-0.40049876436379594,-0.5542363588282141,0.32555143664968933,0.9351270589192403,2.9632718150468413,-0.02135330346273626,0,0,0.7452152371406555,-1.0940919381431122,1.3894384543048304,-1.860457559625143,-1.529069725667135,-0.21470815340151006,0.00011495409853523597,7.668345455955969e-22,-0.013413856737315655,0.0,-0.0,0.0,1788854261.5149522
2743.018,-0.40119763357371785,-0.5548757834909352,0.32759822540365346,0.9355927200858345,2.9653666258704066,-0.02717863995078457,0,0,0.7452117204666138,-1.0940369826606293,1.3850539366351526,-1.86045565227651,-1.5291007200824183,-0.2147463003741663,7.583302794955671e-05,0.00029935126076452434,-0.08400817960500717,0.0,-0.0,0.0,1788854261.6150446
2743.118,-0.4029917169472936,-0.5567446836276095,0.333145428821262,0.9366299825289695,2.9709946155755147,-0.04308266924843374,0,0,0.7454395294189453,-1.0936570924571534,1.3728793303119105,-1.8604098759093226,-1.529109303151266,-0.21473914781679326,0.003822414204478264,0.0031596915796399117,-0.1282319277524948,-1.230302480986073e-14,-0.0,0.0,1788854261.7149637
2743.218,-0.4043670333601304,-0.5582968291306717,0.338065315956402,0.9373424288682694,2.9758753935456768,-0.057035501220902916,0,0,0.745739221572876,-1.0936523538878937,1.3626058737384241,-1.8604008160033167,-1.5290940443622034,-0.2147429625140589,0.00032747595105320215,0.0001272087247343734,-0.0652284324169159,-0.0,-0.0,0.0,1788854261.8148985
2743.3179999999998,-0.4046162581352621,-0.5585695517827654,0.3388302393700492,0.937515081902199,2.9766360896575788,-0.05921606035006078,0,0,0.7457871437072754,-1.0935326379588624,1.360837761555807,-1.8603650532164515,-1.5291126410113733,-0.21470433870424444,0.0015415102243423462,0.0071850549429655075,-4.175565845798701e-05,-0.0,-0.0,0.0,1788854261.9149437
2743.4179999999997,-0.4046786385537371,-0.558855046959867,0.3377746478663949,0.9369147033276413,2.9760353371070565,-0.057106403126404165,0,0,0.7460304498672485,-1.091975824241974,1.36084491411318,-1.8603736362852992,-1.5290940443622034,-0.21473914781679326,0.003820223966613412,0.02483566291630268,-5.50789722076611e-38,-0.0,-0.0,0.0,1788854262.014902
2743.518,-0.40500978494389206,-0.5592562249191008,0.33571274526978767,0.9364351257128292,2.9746843955332527,-0.05296965665614283,0,0,0.746131420135498,-1.0889331263354798,1.3608539740191858,-1.860392232934469,-1.5290973822223108,-0.21472388902773076,0.00013701249554287642,0.043387796729803085,-0.0,-0.0,-0.0,0.0,1788854262.1149256
2743.618,-0.40586089585358115,-0.5600577333726275,0.3310881153070211,0.9356225722068954,2.971544175475101,-0.04369179102180012,0,0,0.746141791343689,-1.082095281486847,1.3608344236956995,-1.860392232934469,-1.5291007200824183,-0.21472388902773076,3.259247387177311e-05,0.08434264361858368,-0.0,-0.0,-0.0,0.0,1788854262.2148328
2743.718,-0.4069802570489824,-0.5610761734015565,0.32489592284400104,0.9345558135830686,2.967240137134861,-0.031373971183986764,0,0,0.7461074590682983,-1.0729719561389466,1.3608306089984339,-1.8604008160033167,-1.5290420691119593,-0.21473914781679326,-0.00019544923270586878,0.09642148017883301,-0.0,-0.0,-0.0,0.0,1788854262.314912
2743.8179999999998,-0.40819317617789785,-0.5622230956504027,0.3177305552178736,0.9332791139207082,2.962320081406852,-0.01715393784924734,0,0,0.7461297512054443,-1.062441424732544,1.3608344236956995,-1.8604403934874476,-1.5290687719928187,-0.2147310415851038,-6.162195495562628e-05,0.11318701505661011,-0.0,6.1922334330378666e-37,-0.0,0.0,1788854262.4149148
2743.9179999999997,-0.4090906493927534,-0.563061139064166,0.31217388387903755,0.9322962269434818,2.9584148580870617,-0.006154624853247857,0,0,0.7461298108100891,-1.054318980579712,1.3608687559710901,-1.8604370556273402,-1.5290563742267054,-0.21472055116762334,-2.1878970395668592e-35,0.05209292098879814,-0.0,0.0,-0.0,0.0,1788854262.514887
2744.018,-0.4094427706305859,-0.5633514129600673,0.3101186113657894,0.9319776301643967,2.9569492369003467,-0.0021378958563852057,0,0,0.7460869550704956,-1.051304356460907,1.3608654181109827,-1.86045565227651,-1.5290406386004847,-0.21472722688783819,-2.40269182540942e-05,0.005590646527707577,-3.366673860788603e-33,0.0,-0.0,0.0,1788854262.6147814
2744.118,-0.40942500400995396,-0.5633667681126495,0.31006216552888133,0.9319395924768686,2.9569018196563137,-0.0019452181385276543,0,0,0.7461228370666504,-1.0512360495379944,1.3608740011798304,-1.8603974781432093,-1.5290525595294397,-0.21470815340151006,0.0,0.0038985616993159056,-0.0,-4.2232096499746376e-19,-0.0,0.0,1788854262.7148125
2744.218,-0.4096963064667516,-0.5636304062363282,0.3083237070713933,0.9315803685270042,2.955714017095086,0.001505845094504454,0,0,0.7461383938789368,-1.0486731690219422,1.3608430067645472,-1.860380312005514,-1.5290802160846155,-0.21472722688783819,0.00033553768298588693,0.052475251257419586,-0.0,-0.0,-0.0,0.0,1788854262.8147736
2744.3179999999998,-0.41046121051703055,-0.5644007998101045,0.3030412138928558,0.9305396131199039,2.951968662524999,0.011831076340265697,0,0,0.7461932301521301,-1.040978567009308,1.3608902136432093,-1.86041321376943,-1.5290373007403772,-0.21472055116762334,0.00031794561073184013,0.10025238990783691,-0.0,-0.0,-0.0,0.0,1788854262.9147751
2744.4179999999997,-0.4116430317335324,-0.5654600768978875,0.29516100018236513,0.9291354575066691,2.946331422755501,0.027135276492453654,0,0,0.7461433410644531,-1.0294599694064637,1.3608701864825647,-1.8604680500426234,-1.5290101210223597,-0.21473914781679326,0.00010312658559996635,0.11662103980779648,-0.0,-0.0,-0.0,0.0,1788854263.0151021
2744.518,-0.41259562324188276,-0.5663498005661174,0.2882081818866079,0.9278115827558994,2.9413299137499522,0.04062471449101178,0,0,0.7461433410644531,-1.019341842537262,1.3608811537372034,-1.860488077203268,-1.5290048758136194,-0.2147582213031214,1.3752622862739372e-06,0.07777062058448792,-0.0,-0.0,-0.0,0.0,1788854263.1148307
2744.618,-0.41282274010688136,-0.5666483734055351,0.2861404360811418,0.9273325462448663,2.939848150570719,0.04464670263464446,0,0,0.7462342977523804,-1.0163152378848572,1.3608463446246546,-1.8604608974852503,-1.5289982000934046,-0.21472722688783819,0.0013404664350673556,0.0004471394349820912,-0.0,-0.0,-0.0,0.0,1788854263.2149034
2744.718,-0.4120856955413715,-0.567189021563433,0.28606452205968735,0.9254085627433576,2.9404390646148295,0.04490803100274766,0,0,0.7475447058677673,-1.0162228506854554,1.3608701864825647,-1.860448499719137,-1.5290373007403772,-0.21472388902773076,0.029741991311311722,0.006455942988395691,-0.0,-0.0,-0.0,0.0,1788854263.3150144
2744.8179999999998,-0.41025668846731517,-0.5685459398563869,0.2858128675974932,0.9205603896487689,2.9417903285626132,0.04560495885414899,0,0,0.7508005499839783,-1.0158907932094117,1.360913101826803,-1.86041321376943,-1.5290411154376429,-0.21473914781679326,0.03163515776395798,0.0037372431252151728,-0.0,-0.0,-0.0,0.0,1788854263.4150717
2744.9179999999997,-0.4092544785108668,-0.569443245481771,0.28509081371405354,0.9175652572447001,2.942172711016464,0.0470797209239095,0,0,0.7527446150779724,-1.0148048561862488,1.360854450856344,-1.860389848748678,-1.5290220419513147,-0.2147429625140589,0.004207178950309753,0.017415709793567657,4.37774213959597e-35,-8.000577487955688e-37,-0.0,0.0,1788854263.515035
2745.018,-0.4095294506295271,-0.5697181887800891,0.28282271334741055,0.9171560507841364,2.9405292077332046,0.05146145707263521,0,0,0.7527600526809692,-1.0115299385837098,1.360889736806051,-1.86041321376943,-1.5290215651141565,-0.21472055116762334,9.700738883111626e-05,0.042143747210502625,-0.0,-0.0,-0.0,0.0,1788854263.6150732
2745.118,-0.4100050193740787,-0.5701753899847475,0.2789938607708022,0.9163995745273453,2.9377885335093747,0.0588683861450851,0,0,0.7527719736099243,-1.0059620899013062,1.360877815877096,-1.8604213200011195,-1.5290525595294397,-0.2147429625140589,3.9815456487346523e-10,0.07607600837945938,-0.0,-0.0,-0.0,0.0,1788854263.7151358
2745.218,-0.4106203859745781,-0.5708219015321893,0.2735170993890252,0.9152800204100991,2.9337818577337895,0.06937451760017972,0,0,0.7528338432312012,-0.9980250757983704,1.3608902136432093,-1.860441347161764,-1.5290167967425745,-0.21473914781679326,0.0002629173395689577,0.06879792362451553,-0.0,-0.0,-0.0,0.0,1788854263.8151925
2745.3179999999998,-0.41116505505548345,-0.5713340740351796,0.268785344040558,0.914416619957628,2.930309503736081,0.07840721950702752,0,0,0.7528303861618042,-0.9911672037890931,1.3608935515033167,-1.8604885540404261,-1.5290215651141565,-0.21472388902773076,0.00010901258065132424,0.05830847844481468,-0.0,-0.0,-0.0,0.0,1788854263.9152439
2745.4179999999997,-0.4114401120975424,-0.5715996324137892,0.2662471672589867,0.9139785388602621,2.928395088220131,0.08328624174335945,0,0,0.7528337836265564,-0.9874946636012574,1.3608902136432093,-1.8604642353453578,-1.5290101210223597,-0.21468621889223272,8.399928748570694e-22,0.011676162481307983,-0.0,-0.0,-0.0,0.0,1788854264.0152552
2745.518,-0.4114606384536902,-0.5716239541068957,0.2660691326079016,0.9139593746365219,2.928265650830464,0.08357680754584479,0,0,0.7528371810913086,-0.9872298997691651,1.3608863989459437,-1.8604990444579066,-1.5289982000934046,-0.21467382112611944,0.0,3.59364278128609e-36,-0.0,-0.0,-0.0,0.0,1788854264.1152477
2745.618,-0.41147047102831147,-0.5716148945594675,0.26594653203719854,0.9139196785729968,2.9281562555116922,0.08394116329788338,0,0,0.7528217434883118,-0.9870825570872803,1.3609145323382776,-1.86041321376943,-1.5290253798114222,-0.21469670930971319,0.0,0.000822779955342412,0.00017737006419338286,-0.0,-0.0,0.0,1788854264.2152643
2745.718,-0.4115284336664603,-0.5716731070424398,0.2653661741510549,0.9137571814829397,2.927733336250841,0.08506669795762734,0,0,0.752825140953064,-0.9862492841533204,1.3609216848956507,-1.8604008160033167,-1.5290253798114222,-0.21472722688783819,5.318243012046723e-31,0.019780121743679047,0.00012538018927443773,-0.0,-0.0,0.0,1788854264.3153753
2745.8179999999998,-0.4117990688557262,-0.5719380029619224,0.2627320261230329,0.9132419671266223,2.9257900384404034,0.09013640506984337,0,0,0.7528371810913086,-0.9824494880488892,1.360934082661764,-1.8603888950743617,-1.5290492216693323,-0.21472388902773076,0.0,0.053164467215538025,1.4502650191872135e-09,-0.0,-0.0,0.0,1788854264.415386
2745.9179999999997,-0.4123706127364169,-0.5724809707062495,0.2571534485753747,0.9122204691261864,2.921626406763652,0.10069173993984236,0,0,0.7528371810913086,-0.9743847411921998,1.360941235219137,-1.8604518375792445,-1.5290444532977503,-0.21468955675234014,0.0,0.10173337161540985,-2.497079999354785e-22,-0.0,-0.0,0.0,1788854264.5155249
2746.018,-0.4130443783619653,-0.5730901890019492,0.2502734313394785,0.9108704622641657,2.9164185241972995,0.11371010369207461,0,0,0.7528011798858643,-0.9644541901401062,1.360941235219137,-1.860457559625143,-1.5290167967425745,-0.21472722688783819,0.0,0.09541118890047073,-0.0,0.0,-0.0,0.0,1788854264.6155012
2746.118,-0.4134229023345306,-0.5734499153551676,0.24611583264173012,0.9100334160596565,2.913289043059661,0.1215193476779762,0,0,0.7528011798858643,-0.9584427636912842,1.3609216848956507,-1.8604918919005335,-1.5290167967425745,-0.2147429625140589,0.0,0.02161826565861702,-4.315065220616056e-37,0.0,-0.0,0.0,1788854264.7154932
2746.218,-0.41343039977938995,-0.5734984873493142,0.24579368707937446,0.9099235296325798,2.913051577169762,0.1221421333466124,0,0,0.752843976020813,-0.9579637807658692,1.360894505177633,-1.8604690037169398,-1.529013458882467,-0.2147310415851038,0.0,1.3771800774632229e-36,-0.0,0.0,-0.0,0.0,1788854264.815582
2746.3179999999998,-0.41343170267908586,-0.5734921182984234,0.24572344248751168,0.9098966131519705,2.9130003637019235,0.12229923079513778,0,0,0.7528371810913086,-0.9578883212855835,1.360934082661764,-1.8604680500426234,-1.5290220419513147,-0.2147463003741663,0.0,0.00021802684932481498,-0.0,0.0,-0.0,0.0,1788854264.9156377
2746.4179999999997,-0.41345932811505903,-0.5734742575194133,0.2457134363835684,0.9100354918983518,2.912954795604165,0.12236863864571818,0,0,0.7527943849563599,-0.9578679364970704,1.360917870198385,-1.8604332409300746,-1.5290444532977503,-0.21469289461244756,0.0,0.0001648125034989789,-0.0,0.0,-0.0,0.0,1788854265.0157235
2746.518,-0.4134264061319193,-0.5734920285092392,0.24570009387288627,0.9098857270584937,2.9129679502357635,0.12238258982195967,0,0,0.7528423070907593,-0.9578632277301331,1.360941235219137,-1.8604370556273402,-1.5290220419513147,-0.2147429625140589,0.0,8.233131666202098e-05,-0.0,0.0,-0.0,0.0,1788854265.1158035
2746.618,-0.41281350137480755,-0.5739440927759988,0.2456818778171115,0.908356661728611,2.9134912692975012,0.1224738749274878,0,0,0.7539229989051819,-0.9578249019435425,1.3609254995929163,-1.8604523144164027,-1.5290301481830042,-0.21472055116762334,0.026712795719504356,0.00011384031677152961,-0.0,0.0,-0.0,0.0,1788854265.215776
2746.718,-0.4111368305524943,-0.5752463337803683,0.24499968549101983,0.9038632961346456,2.9144666999471296,0.12401385647890241,0,0,0.7569496631622314,-0.9568345111659546,1.3609092871295374,-1.8604284725584925,-1.5290616194354456,-0.21471149126161748,0.02769162878394127,0.022123010829091072,-0.0,-0.0,-0.0,0.0,1788854265.3158147
2746.8179999999998,-0.4103546215305401,-0.5761027649966572,0.24292947997951617,0.9010190482240072,2.9137052686568587,0.12801983847035772,0,0,0.7586162090301514,-0.9538420599750062,1.360894028340475,-1.8604279957213343,-1.5290492216693323,-0.2147310415851038,0.003812729613855481,0.03517583757638931,-0.0,-0.0,-0.0,0.0,1788854265.4158282
2746.9179999999997,-0.41065970840108296,-0.5763701323497932,0.2393552827147697,0.9003708362502586,2.910971220681296,0.13473133007458482,0,0,0.7585888504981995,-0.9487013977817078,1.3609092871295374,-1.86045565227651,-1.5290492216693323,-0.21472388902773076,7.429768447764218e-05,0.05618715658783913,-2.7714600946637802e-05,-0.0,-0.0,0.0,1788854265.5158942
2747.018,-0.41096988650783534,-0.5766794314424123,0.2353430319978062,0.8995835257634276,2.9079090251778306,0.14226556954022626,0,0,0.7586007118225098,-0.9429093164256592,1.360882584248678,-1.8604608974852503,-1.5290563742267054,-0.21471149126161748,9.180935133628021e-20,0.06007875129580498,-3.273798938607797e-05,-0.0,-0.0,0.0,1788854265.615879
2747.118,-0.41130442956131275,-0.5769769908046616,0.2310199321255905,0.8987831393107548,2.904523248831762,0.15032461360684912,0,0,0.7585681676864624,-0.9366807502559205,1.3608668486224573,-1.8604651890196742,-1.5290101210223597,-0.2147000471698206,2.8276770916644073e-25,0.051735226064920425,-0.0,-0.0,-0.0,0.0,1788854265.715956
2747.218,-0.4115916137328077,-0.5770000672819611,0.2290072432603208,0.8987247594096537,2.902839508138235,0.154060445137199,0,0,0.7583044767379761,-0.9338005942157288,1.3608902136432093,-1.8604775867857875,-1.529001537953512,-0.21472388902773076,-0.003681072499603033,0.0007855410221964121,-0.0,-0.0,-0.0,0.0,1788854265.8159382
2747.3179999999998,-0.411802714644166,-0.5768533188617587,0.229039440095558,0.8992853087944388,2.9027175503699794,0.15392315709698465,0,0,0.7579448223114014,-0.9338402313045044,1.3608902136432093,-1.8605324230589808,-1.5290167967425745,-0.21470433870424444,-0.0017733550630509853,0.0005900227697566152,-2.7692774892784655e-05,-0.00019228477322030813,-0.0,0.0,1788854265.9159741
2747.4179999999997,-0.4118658944765981,-0.5768143820297785,0.22905104707994395,0.8993861977302516,2.902656013366844,0.1538704072720408,1,1,0.7578368186950684,-0.933843807583191,1.3608668486224573,-1.86051668743276,-1.5289824644671839,-0.21473914781679326,-0.0001470700663048774,5.188891736906953e-05,-5.047840333119273e-15,-8.23373266030103e-05,-0.0,0.0,1788854266.0164003
2747.518,-0.41184225430525995,-0.5768205607721827,0.22902923967654654,0.8993992298167712,2.902639289677635,0.1539983449582805,1,1,0.7578710913658142,-0.9338281911662598,1.3608830610858362,-1.8604737720885218,-1.529013458882467,-0.21469289461244756,-4.833770799450576e-05,8.756324462702143e-27,-0.0,-0.0,-0.0,0.0,1788854266.1161091
2747.618,-0.4118524357692489,-0.5768126432746749,0.22902428606032643,0.8993838982395299,2.902627526813578,0.15395104346876803,1,1,0.757848858833313,-0.9338281911662598,1.360901180897848,-1.8605085812010707,-1.5289862791644495,-0.21472388902773076,0.0,7.797773619626032e-30,8.328257066433958e-18,-0.0,-0.0,0.0,1788854266.2161887
2747.718,-0.41186710865110254,-0.5768043388558936,0.22902920838398103,0.8993985054458412,2.9026367535528284,0.15396506982810615,1,1,0.7578283548355103,-0.9338281911662598,1.3608868757831019,-1.86049284557485,-1.5290048758136194,-0.21473580995668584,-6.092611851360669e-15,0.0,-0.0,-0.0,-0.0,0.0,1788854266.3161685
2747.8179999999998,-0.4118519896221773,-0.5768105863862613,0.22901303516823446,0.899381832845037,2.9026221341205676,0.1539970502923017,1,1,0.757848858833313,-0.9338162702373047,1.3609054724322718,-1.8604966602721156,-1.5289982000934046,-0.21472388902773076,0.0,0.0,-0.0,-0.0,-0.0,0.0,1788854266.4161925
2747.9179999999997,-0.41185382423882066,-0.5768007744835812,0.22900034391637014,0.899393864796953,2.902594876799803,0.1540472746492601,1,1,0.7578368186950684,-0.9338126939586182,1.3609254995929163,-1.8604809246458949,-1.5289982000934046,-0.21472388902773076,0.0,0.0,-0.0,-0.0,-0.0,0.0,1788854266.5162232
2748.018,-0.411855022575674,-0.5768030591792134,0.22901328707187638,0.8993869405153667,2.902612245155709,0.15405498767956788,1,1,0.7578402161598206,-0.9338198465159913,1.3609021345721644,-1.8604537449278773,-1.529013458882467,-0.21472722688783819,0.0,0.0,-0.0,-0.0,-0.0,0.0,1788854266.6163912
2748.118,-0.4118705101411057,-0.5767833148693201,0.22898885429389537,0.8994147954227214,2.9025881457780986,0.1541133686886513,1,1,0.7578060030937195,-0.9338042300990601,1.360934082661764,-1.8604608974852503,-1.5290253798114222,-0.21473914781679326,0.0,5.16669824719429e-05,6.252630555536598e-05,-0.0,-0.0,0.0,1788854266.7163913
2748.218,-0.41184758054462034,-0.5767866158027386,0.228967272314065,0.8993905803511731,2.902568350276177,0.15420562001017987,1,1,0.7578333616256714,-0.9337958854487916,1.3609650770770472,-1.8604370556273402,-1.5290339628802698,-0.21472388902773076,0.0,0.0,6.207684921655243e-10,-0.0,-0.0,0.0,1788854266.8163655
2748.3179999999998,-0.41184516163584284,-0.5767980515088121,0.22897790200040963,0.8994184338370085,2.9025704336063254,0.15417974722820338,1,1,0.7578471302986145,-0.933792309170105,1.360934082661764,-1.8604299030699671,-1.5290301481830042,-0.21469289461244756,0.0,0.0,-0.0,-0.0,-0.0,0.0,1788854266.9164104
2748.4179999999997,-0.4118953659973526,-0.5767669328622749,0.22897791227547798,0.8994819051290518,2.9026181459354152,0.1541685117885912,1,1,0.7577733993530273,-0.9337874215892334,1.360934082661764,-1.8604723415770472,-1.5290887991534632,-0.2147310415851038,-0.00017535858205519617,0.0,-0.0,-0.0,-0.0,0.0,1788854267.0164242
2748.518,-0.411898327218854,-0.5767739526341128,0.22897285957285451,0.899488929963192,2.9025945436972176,0.15413445628916705,1,1,0.7577733993530273,-0.9337683481029053,1.360917870198385,-1.860483308831686,-1.5290582815753382,-0.21472388902773076,-8.379320934182033e-05,5.672172483173199e-05,-0.0,-0.0,-0.0,0.0,1788854267.1164641
2748.618,-0.4118857548705579,-0.5767713029306616,0.22895522244192879,0.8994721687454589,2.9025802944677457,0.1541598496508781,1,1,0.7577820420265198,-0.9337683481029053,1.3609617392169397,-1.8605038128294886,-1.5290511290179651,-0.21472388902773076,0.0,9.003152808872983e-05,8.53444093174005e-10,6.919363971121504e-16,-0.0,0.0,1788854267.21649
2748.718,-0.41189158274531235,-0.5767552071538673,0.22892752708942204,0.8994834301114246,2.902561095193334,0.15432669683599445,1,1,0.757766604423523,-0.9337443870357056,1.360974136983053,-1.8604408703246058,-1.5291007200824183,-0.21472722688783819,0.0,7.306301267817616e-05,7.268132321769372e-05,0.0,-0.0,0.0,1788854267.3166583
2748.8179999999998,-0.4118628827438258,-0.5767814400057548,0.22891568659046152,0.8994531654417551,2.90252480697346,0.15432858563193347,1,1,0.7578162550926208,-0.9337203067592164,1.3609612623797815,-1.8604299030699671,-1.5290582815753382,-0.21469289461244756,0.0,0.00011909443128388375,4.4472773879533634e-05,0.0,-0.0,0.0,1788854267.416736
2748.9179999999997,-0.41185806495854205,-0.5767748265239052,0.22890850736236049,0.8994234678325459,2.90252570366659,0.1543839120330067,1,1,0.7578162550926208,-0.9337251943400879,1.360981289540426,-1.8604103527464808,-1.5290730635272425,-0.21471149126161748,0.0,6.035023761796765e-05,3.289809319539927e-05,0.0,-0.0,0.0,1788854267.5167415
2749.018,-0.41187258861995624,-0.5767673409176448,0.22892201382595245,0.8994384523177467,2.9025461235840098,0.15432087638726302,1,1,0.7577940821647644,-0.9337408703616639,1.360981289540426,-1.8604408703246058,-1.5290730635272425,-0.21472722688783819,0.0,0.0,-0.0,0.0,-0.0,0.0,1788854267.6167922
2749.118,-0.4118527617656761,-0.5767922435342583,0.22892750709449433,0.8993964857245065,2.9025501609821043,0.1542664021083743,1,1,0.7578352093696594,-0.933732346897461,1.3609579245196741,-1.8604523144164027,-1.5290420691119593,-0.2147148291217249,0.0,-4.085911626963672e-19,-0.0,0.0,-0.0,0.0,1788854267.7168183
2749.218,-0.4118613977250036,-0.5767758215130243,0.2289313527255581,0.8994511305082955,2.9025686764439262,0.1543139478850121,1,1,0.7578162550926208,-0.9337515395930787,1.3609774748431605,-1.8604442081847132,-1.5290887991534632,-0.2147000471698206,0.0,0.0,-0.0,0.0,-0.0,0.0,1788854267.8167775
2749.3179999999998,-0.4118476130426757,-0.576783558982904,0.22890195173240763,0.8993776764583379,2.902538218336545,0.15437977496290295,1,1,0.7578352093696594,-0.9337167304805298,1.36098558107485,-1.860424657861227,-1.529069725667135,-0.21472388902773076,0.0,0.0,-0.0,0.0,-0.0,0.0,1788854267.9167938
2749.4179999999997,-0.41186572852253,-0.5767854374034727,0.22892131890563944,0.8994097636080312,2.902571160686882,0.15429036280138247,1,1,0.7578197121620178,-0.9337203067592164,1.3609541098224085,-1.8604594669737757,-1.5290730635272425,-0.21472388902773076,0.0,0.0,-0.0,0.0,-0.0,0.0,1788854268.0168211
2749.518,-0.41186797801034036,-0.5767723954450816,0.2289220308473453,0.8994325841934185,2.902545743849156,0.1543380961392178,1,2,0.7578043937683105,-0.9337359231761475,1.3609703222857874,-1.860424657861227,-1.52907640138735,-0.21472055116762334,0.0,0.0,-0.0,0.0,-0.0,0.0,1788854268.1168578
2749.618,-0.41188267211898955,-0.5767641231636651,0.22891084795804978,0.8994707319363703,2.902524402399945,0.15437187964501328,1,2,0.7577820420265198,-0.9337167304805298,1.3609631697284144,-1.86041321376943,-1.5290821234332483,-0.2147148291217249,0.0,0.0,-0.0,0.0,-0.0,0.0,1788854268.217002
2749.718,-0.4118612995485843,-0.5767586966628976,0.2288880414382653,0.8993930190992606,2.902507211026998,0.15446084159759702,1,2,0.7577975392341614,-0.9337203067592164,1.361016575490133,-1.8603936634459437,-1.5290821234332483,-0.2147463003741663,0.0,9.746810246724635e-05,6.747581210220233e-05,3.737172539205257e-19,-0.00021573853155132383,0.0,1788854268.3169355
2749.8179999999998,-0.41187569011061476,-0.5767664972621951,0.22889697237910048,0.8994276375076614,2.90253328367128,0.1544318248589113,1,2,0.7577940821647644,-0.9337012332728882,1.36096698442568,-1.8603974781432093,-1.5291007200824183,-0.2147310415851038,0.0,4.633139542420395e-05,-0.0,0.0,-3.0985382181825116e-05,0.0,1788854268.4169881
2749.9179999999997,-0.41186296088125796,-0.5767658845053135,0.22889239104754722,0.8994734808855438,2.9025190038255175,0.15441035213848506,1,2,0.7578043937683105,-0.9337167304805298,1.36100942293276,-1.8604370556273402,-1.5290892759906214,-0.21468955675234014,0.0,0.0,-0.0,0.0,-3.616936186753281e-26,0.0,1788854268.5170221
2750.018,-0.41188655414105707,-0.5767669154776995,0.2289001972981707,0.8994947449237186,2.902530445868072,0.15436280636068878,1,2,0.7577820420265198,-0.9336976569942017,1.3609631697284144,-1.8604442081847132,-1.5290887991534632,-0.2147000471698206,0.0,0.0,-0.0,0.0,-0.0,0.0,1788854268.6170676
2750.118,-0.41187396683721367,-0.5767636840004917,0.22891308118124043,0.8994953686229733,2.9025267444940814,0.15433019182013769,1,2,0.757788896560669,-0.9337359231761475,1.3609965483294886,-1.86045565227651,-1.5290730635272425,-0.21469289461244756,0.0,0.0,-0.0,0.0,-0.0,0.0,1788854268.717188
2750.218,-0.4118935511990227,-0.5767652305899699,0.22895712345539454,0.899539353642645,2.9025887500776233,0.15420212576033077,1,2,0.7577733993530273,-0.9337683481029053,1.3609541098224085,-1.860488077203268,-1.5290887991534632,-0.21468955675234014,-5.372252523505999e-21,-6.096037395764142e-05,-0.0,0.0,-0.0,0.0,1788854268.8172143
2750.3179999999998,-0.4118987987911833,-0.5767700756743682,0.22908092957658477,0.8995251688821304,2.9027002477881068,0.15379421666515491,1,2,0.7577649354934692,-0.9339229029468079,1.3609378973590296,-1.8605925045409144,-1.5290301481830042,-0.21472722688783819,-0.0006392860668711364,-0.0023073807824403048,2.563554468294935e-38,-0.0012136732693761587,-0.0,0.0,1788854268.9172304
2750.4179999999997,-0.4118111413547558,-0.576705837747608,0.23215386945653427,0.9002956642504287,2.905701803084089,0.14639987680037228,1,2,0.7577802538871765,-0.9381135267070313,1.3608463446246546,-1.861960073510641,-1.5289810339557093,-0.21470815340151006,-8.461392280878499e-05,-0.09027999639511108,-0.00016767974011600018,-0.01343627367168665,-0.0,0.0,1788854269.0172334
2750.518,-0.4110829850568498,-0.5760277296204686,0.24163117117108845,0.9021478673907849,2.9130921206909455,0.12832242441192424,1,2,0.7578043937683105,-0.9517404598048707,1.360882584248678,-1.8622080288329066,-1.5289862791644495,-0.2147148291217249,-4.621498590405433e-38,-0.13002783060073853,0.00021402194397524,-1.1574091511590279e-11,-0.0,0.0,1788854269.1173387
2750.618,-0.4105465819895055,-0.5755329164658185,0.24767653511949,0.9033127939401708,2.9176771724859885,0.1170086531487387,1,2,0.7578299641609192,-0.9604688447764893,1.3609016577350062,-1.8621460400023402,-1.5290167967425745,-0.21469670930971319,0.00024156073050107807,-0.0555294044315815,4.010583506897092e-05,8.346291724592447e-05,-0.0,0.0,1788854269.2173905
2750.718,-0.4103856517478412,-0.5753889209471763,0.24945683373955055,0.9036299835782676,2.919048494721685,0.11358033417568941,1,2,0.7578402161598206,-0.9630291026881714,1.3609016577350062,-1.862192293206686,-1.5290120283709925,-0.21470815340151006,1.3112819033267442e-05,-0.0008094572694972157,-0.0,4.984835536592113e-21,-0.0,0.0,1788854269.317423
2750.8179999999998,-0.41038825714461014,-0.5754018057758162,0.24943807526258016,0.9036130350987999,2.9190558521678773,0.11353314448320774,1,2,0.757848858833313,-0.9629894655993958,1.360894028340475,-1.862251421014303,-1.52899676958193,-0.21471149126161748,0.0,-3.242604646447627e-42,-0.0,0.0,-0.0,0.0,1788854269.4174898
2750.9179999999997,-0.4101583188961818,-0.5755018201402521,0.2510821214253828,0.9035786764075507,2.9210082122780108,0.10901943428887272,1,2,0.7581809759140015,-0.9651892346194764,1.3608725706683558,-1.863472124139303,-1.528984848652975,-0.21471149126161748,0.00425837654620409,-0.08311925083398819,-0.00025348414783366024,-0.04324473813176155,-0.0,0.0,1788854269.5174308
2751.018,-0.40942665439547066,-0.5747436314182021,0.26013993129770835,0.9055455124548578,2.928307309034731,0.090261142870755,1,2,0.7581194043159485,-0.9781016272357483,1.360894028340475,-1.864786287347311,-1.5289586226092737,-0.2147000471698206,-0.00033494061790406704,-0.13319998979568481,7.863932842155918e-05,-0.00016380961460527033,0.0,0.0,1788854269.617538
2751.118,-0.4083716661559179,-0.5738838498186408,0.2692135647547885,0.9069889502548905,2.9350991150731756,0.07299285409044369,1,2,0.7582839727401733,-0.9912066024592896,1.3608668486224573,-1.864723344842428,-1.5290048758136194,-0.2147148291217249,0.004682936705648899,-0.11099842935800552,5.114557338089097e-36,3.524522253428586e-05,0.0,0.0,1788854269.7175336
2751.218,-0.40747126024134206,-0.5733576440459571,0.2752998231071368,0.9075888744311473,2.93969369532095,0.06126327587914888,1,2,0.7586315274238586,-1.0000283283046265,1.3608863989459437,-1.864741941491598,-1.5289776960956019,-0.21472388902773076,0.0036528073251247406,-0.06349529325962067,-0.0,7.100056973285973e-05,0.0,0.0,1788854269.8175263
2751.3179999999998,-0.40642129442173563,-0.5735340335320257,0.2781786088820142,0.9062841101983877,2.9423939399915535,0.0557417440654597,1,2,0.7598699927330017,-1.0041967791369935,1.3608863989459437,-1.8647695980467738,-1.528989617024557,-0.21473914781679326,0.024262363091111183,-0.03068162500858307,-0.0,5.421569788330048e-32,0.0,0.0,1788854269.9176624
2751.4179999999997,-0.40430852563246356,-0.5748746088124561,0.27897914112367966,0.9012940651331751,2.9446134494311775,0.05431236272261084,1,2,0.7633897662162781,-1.0053428572467347,1.3608701864825647,-1.8647967777647914,-1.5289738813983362,-0.21472055116762334,0.04869893193244934,-0.0004787839134223759,-8.926311660247227e-16,3.898947484315407e-11,0.0,0.0,1788854270.0176654
2751.518,-0.4002839297781379,-0.5776819750887863,0.27897719792237397,0.8910247531000912,2.947862279022758,0.05462416368379322,1,2,0.7703705430030823,-1.005347566013672,1.3608863989459437,-1.8648210964598597,-1.5289691130267542,-0.21473437944521123,0.08141351491212845,-0.00012349183089099824,-0.0,0.0,0.0,0.0,1788854270.1179
2751.618,-0.39589638217522793,-0.5806991320894233,0.2789795963149461,0.8799244751672026,2.9513289555358027,0.055013106766215306,1,2,0.7779486179351807,-1.0053439897349854,1.3608701864825647,-1.864793439904684,-1.5289776960956019,-0.21470815340151006,0.07277291268110275,-2.3918193619465455e-05,-0.0,-1.0059313944792176e-21,0.0,0.0,1788854270.217742
2751.718,-0.39168498223494286,-0.5835359769521679,0.27898070595715657,0.8693177680556099,2.954591206182238,0.05536613540998158,1,2,0.7851702570915222,-1.0053666395,1.3609016577350062,-1.864793439904684,-1.5289738813983362,-0.21469289461244756,0.06687790900468826,0.0,-0.0,-0.0,0.0,0.0,1788854270.3178608
2751.8179999999998,-0.38830164747279394,-0.5857939999668481,0.27897614215748007,0.8607801243938789,2.9571977010945134,0.055650932695161845,1,2,0.7909592986106873,-1.0053596061519166,1.3609016577350062,-1.8647967777647914,-1.5289810339557093,-0.2147000471698206,0.04500148445367813,0.0,-0.0,-0.0,0.0,0.0,1788854270.4177923
2751.9179999999997,-0.3866283505759573,-0.5869009287771872,0.2789579982647496,0.8565317515699188,2.9584502337946055,0.055834367196398664,1,2,0.7938127517700195,-1.0053357642940064,1.3609016577350062,-1.8647781811156214,-1.5289705435382288,-0.21472388902773076,0.012122961692512035,-5.925695222686045e-05,-0.0,-0.0,0.0,0.0,1788854270.5178611
2752.018,-0.3864810369813032,-0.5870078041518685,0.2789796389240028,0.8561530105577122,2.9585888684565997,0.05576916445453835,1,2,0.7940730452537537,-1.0053439897349854,1.3608701864825647,-1.864793439904684,-1.5289657751666468,-0.21472388902773076,2.779949162696609e-16,0.0,-0.0,-0.0,0.0,0.0,1788854270.617913
2752.118,-0.38648859841342914,-0.5869794114755743,0.27910327459675893,0.8562261257357486,2.95868337681133,0.055476128409884126,1,2,0.7940369844436646,-1.005527214413025,1.3608863989459437,-1.8648444614806117,-1.5289691130267542,-0.21472722688783819,0.0,-0.005543865729123354,-0.0,-0.00020816981850657612,0.0,0.0,1788854270.7179623
2752.218,-0.38641095573570544,-0.5868799844145416,0.2798405928993786,0.8563817533003945,2.9591921412169087,0.05402356969866463,1,2,0.7940164804458618,-1.0066049855998536,1.3609016577350062,-1.864856859246725,-1.5289643446551722,-0.21472388902773076,-0.00016423215856775641,-0.011340162716805935,-0.0,-0.00012272063759155571,0.0,0.0,1788854270.8179944
2752.3179999999998,-0.38633359800270606,-0.5868860093087962,0.28010850506042945,0.8563456252956883,2.9593968148880645,0.05347545829114986,1,2,0.7941004037857056,-1.0069797200015564,1.360882584248678,-1.864864011804098,-1.5289467016803187,-0.21469289461244756,0.0005180117441341281,-0.00014015661145094782,-0.0,-1.4456602478364763e-17,0.0,0.0,1788854270.9181252
2752.4179999999997,-0.38621830554647457,-0.5869544778874585,0.2801061272004595,0.8560446007296217,2.959490806365683,0.053569851488566585,1,2,0.7942938208580017,-1.0069832366755982,1.360882584248678,-1.8648139439024867,-1.5289776960956019,-0.21470433870424444,0.00664440356194973,2.6080586394527927e-05,-0.0,-0.0,0.0,0.0,1788854271.0181286
2752.518,-0.3853107022026803,-0.5875513680737016,0.2800138320341109,0.8537067716624707,2.9600969310914556,0.05384132800527248,1,2,0.7958377599716187,-1.0068803590587159,1.360926930104391,-1.8648039303221644,-1.5289624373065394,-0.2147310415851038,0.0162065289914608,0.00028345242026261985,0.00020623923046514392,-2.802596928649634e-44,0.0,0.0,1788854271.1181343
2752.618,-0.3845919410227033,-0.5880313669721372,0.27991288310384993,0.8518980778507041,2.9605492603960424,0.054220153534756545,1,2,0.7970738410949707,-1.0067415994456788,1.3609197775470179,-1.8647133312621058,-1.528989617024557,-0.21470815340151006,0.012848534621298313,0.004515227861702442,9.555921860737726e-05,0.0004699176352005452,0.0,0.0,1788854271.2181847
2752.718,-0.383786794116753,-0.5885493450462115,0.27982332821724626,0.8498471126733209,2.9610808742506225,0.05453199321422335,1,2,0.7984362244606018,-1.006652907734253,1.360974136983053,-1.864678522149557,-1.529001537953512,-0.21472388902773076,0.014314389787614346,0.00013224758731666952,9.137068991549313e-05,0.00011375087342457846,0.0,0.0,1788854271.3181982
2752.8179999999998,-0.3828452392727535,-0.5891746094939407,0.27981693579102584,0.8474647044509159,2.9618171132724576,0.054600936203987635,1,2,0.8000503778457642,-1.0066254299930115,1.360950771962301,-1.8646980724730433,-1.5290206114398401,-0.21472722688783819,0.01785023882985115,6.42653540126048e-05,1.597375151945467e-39,2.6260172317203697e-22,0.0,0.0,1788854271.4182906
2752.9179999999997,-0.3820038124821905,-0.5897176517634041,0.2797894995331126,0.8453666764377273,2.9623933656824786,0.0547128384634497,1,2,0.8014711737632751,-1.0066014689258118,1.3609746138202112,-1.8646980724730433,-1.528994385396139,-0.21472055116762334,0.015618274919688702,0.00013706406753044575,-0.0,0.0,0.0,0.0,1788854271.5182815
2753.018,-0.38114813761387895,-0.5902700567082295,0.27961396278410533,0.8431825298960844,2.9628682621592426,0.05528292410486304,1,2,0.8029226660728455,-1.0063979190639039,1.3610294500934046,-1.8645931682982386,-1.5290101210223597,-0.21472388902773076,0.01972704753279686,0.0047068302519619465,0.0002393465838395059,0.0007656410452909768,0.0,0.0,1788854271.618322
2753.118,-0.3798730608780497,-0.5911485861309201,0.27903631209540175,0.8397795208759904,2.963340756934457,0.05673661200847255,1,2,0.80513596534729,-1.0056433242610474,1.3611210028277796,-1.8644310436644496,-1.528994385396139,-0.21473914781679326,0.020284246653318405,0.013304928317666054,0.0019827678333967924,0.0005410307203419507,0.0,0.0,1788854271.7183726
2753.218,-0.37950854599867867,-0.5915318350384905,0.2780290739625506,0.8384978022470104,2.962962299684023,0.05890207707166723,1,2,0.8059079051017761,-1.0042593044093628,1.3612220923053187,-1.864366193810934,-1.5290411154376429,-0.21472722688783819,0.0007701648864895105,0.016235779970884323,0.0004120239755138755,0.000899999518878758,0.0,0.0,1788854271.818395
2753.3179999999998,-0.37959221729291626,-0.591630256596885,0.2771933699822165,0.8383260291919282,2.9623774290243983,0.060635478733009264,1,2,0.8059216141700745,-1.0030569595149537,1.3612220923053187,-1.864298006097311,-1.529064957295553,-0.21473914781679326,0.00010614638449624181,0.012467953376471996,0.00012012082152068615,0.000583737448323518,0.0,0.0,1788854271.9184575
2753.4179999999997,-0.3792723509275507,-0.592160787563116,0.27526662033129157,0.8367233102446936,2.9613088888318138,0.06473393080168674,1,2,0.8067879676818848,-1.0003158015063782,1.36125356355776,-1.8640715084471644,-1.52907640138735,-0.21473914781679326,0.023956116288900375,0.05014622583985329,0.0002587166673038155,0.0023579830303788185,1.768360170751812e-14,0.0,1788854272.0184338
2753.518,-0.37773560489022934,-0.5937203174586908,0.27103329374125107,0.8313866066839758,2.959531449918109,0.0734793910060148,1,2,0.8099477291107178,-0.9945486944964905,1.3617847601519983,-1.8639799557127894,-1.5290339628802698,-0.21472055116762334,0.03042122721672058,0.06271284073591232,0.007043118588626385,0.00026453047757968307,0.0,0.0,1788854272.1186023
2753.618,-0.37744603363276147,-0.5942020576956929,0.26908765157843045,0.8299421387144543,2.958468882145157,0.07733439578066947,1,2,0.8107281923294067,-0.9918329876712342,1.3619454542743128,-1.864019056359762,-1.5290215651141565,-0.21470815340151006,-0.0021385287400335073,9.145107071617531e-08,0.0003513513947837055,8.54150639497675e-05,0.0,0.0,1788854272.21849
2753.718,-0.37733654645979864,-0.5942045440960578,0.2689067760418855,0.8296870323243593,2.9583487293543436,0.07796322172491367,1,2,0.8108514547348022,-0.9917323154262085,1.3621638456927698,-1.863896986047262,-1.5290616194354456,-0.2147310415851038,0.00040368418558500707,0.0011719375615939498,0.006521972827613354,0.0009631707798689604,0.0,0.0,1788854272.3185449
2753.8179999999998,-0.37700091631425947,-0.5939929808608824,0.26822164248725433,0.8293241193650109,2.957660139625548,0.0800503415184919,1,2,0.8109952211380005,-0.9917048972896119,1.363605801259176,-1.8638273678221644,-1.5290730635272425,-0.21472388902773076,0.0002710997359827161,0.00034692211193032563,0.037738241255283356,0.0014437490608543158,0.0,0.0,1788854272.4186392
2753.9179999999997,-0.37567188946060287,-0.5925762908385542,0.2647451971094026,0.8285706179167591,2.9538487737250874,0.09030269352597764,1,2,0.8109799027442932,-0.9917563957026978,1.3713024298297327,-1.863835950891012,-1.5290616194354456,-0.21469289461244756,9.459460125071928e-05,0.0,0.12031038105487823,0.00017649676010478288,0.0,0.0,1788854272.5186787
2754.018,-0.3732396661279475,-0.5900263315903538,0.2585453202996682,0.8270492319452155,2.9469851518698267,0.1085898231645688,1,2,0.8109936118125916,-0.9917803567698975,1.3850067297564905,-1.8638478718199671,-1.5290373007403772,-0.21469670930971319,-1.27222324408649e-06,-5.729023541789502e-05,0.14143478870391846,3.517080403980799e-05,0.0,0.0,1788854272.61865
2754.118,-0.3709070756985581,-0.5875119929885722,0.25265574989524997,0.8256182167148901,2.9403485163527954,0.1259673245655358,1,2,0.8109403848648071,-0.9917803567698975,1.3981002012835901,-1.8639074764647425,-1.5290373007403772,-0.21473580995668584,-5.97593498241622e-05,0.0,0.09187014400959015,4.352867574354122e-18,0.0,0.0,1788854272.718677
2754.218,-0.3706062232971471,-0.5870537774064604,0.2520799835185858,0.8256956526983031,2.939608110234385,0.12770112577601417,1,2,0.8107984066009521,-0.9922509354403992,1.4001529852496546,-1.8641797504820765,-1.5290373007403772,-0.21472388902773076,-0.0011815647594630718,-0.009684116579592228,-0.00042263336945325136,-0.0011824335670098662,0.0,0.0,1788854272.8188188
2754.3179999999998,-0.3706080322780099,-0.5870466843836585,0.25202956440995494,0.825701094312072,2.9395337067327163,0.12785336580399323,1,2,0.8107880353927612,-0.9921957415393372,1.4001730124102991,-1.8641354046263636,-1.5290287176715296,-0.21472055116762334,-4.966080450685695e-05,0.0005012252950109541,-4.1492487071081996e-05,-5.057243106421083e-05,0.0,0.0,1788854272.9188485
2754.4179999999997,-0.3706026045996242,-0.5870600960924895,0.2520832278229353,0.825667621153312,2.9396030407202143,0.12773340004242234,1,2,0.8108086585998535,-0.9922425907901307,1.4001243750201624,-1.8641354046263636,-1.5290373007403772,-0.2147310415851038,-7.796605395527564e-15,4.449428524821997e-05,-0.0008200317970477045,5.530250035690187e-09,0.0,0.0,1788854273.018832
2754.518,-0.37059588441157076,-0.5871106971987674,0.2521649885185812,0.8256121925719972,2.939712906634448,0.12751373978108033,1,2,0.8108669519424438,-0.9922593396953125,1.399966065083639,-1.8641287289061488,-1.5290373007403772,-0.21472388902773076,0.0003391484497115016,-2.536658012833011e-36,-0.0008083733846433461,0.0,0.0,0.0,1788854273.1188471
2754.618,-0.3706450505809834,-0.5871195673838928,0.25218991516303096,0.8256871605816868,2.9397521941877596,0.12737028861971303,1,2,0.8108240365982056,-0.9922245901874085,1.3998659292804163,-1.8641711674132289,-1.5290411154376429,-0.21472388902773076,5.464091373141855e-05,0.0,-0.0018794650677591562,0.0,0.0,0.0,1788854273.218932
2754.718,-0.3706456355772232,-0.5871405517728006,0.2522284657718362,0.8256332403679582,2.9397690065070377,0.12726367092137222,1,2,0.8108395338058472,-0.9922318023494263,1.3997858206378382,-1.8641439876952113,-1.529006306325094,-0.2147463003741663,3.719797130611841e-36,1.4255549407422797e-40,-0.0005406382842920721,0.0,0.0,0.0,1788854273.3189487
2754.8179999999998,-0.37064322664668087,-0.5871431688142186,0.2522057726696108,0.8255983324374938,2.9397834702266685,0.1273165553029555,1,2,0.8108479976654053,-0.992202953701355,1.3997944037066858,-1.8641540012755335,-1.5290287176715296,-0.2147615591632288,0.0,0.00025290981284342706,-3.768982787732966e-05,0.0,0.0,0.0,1788854273.4189477
2754.9179999999997,-0.3706707318155642,-0.5871281362339709,0.251979794405632,0.8256195946854075,2.939562090661581,0.12794606615957008,1,2,0.8108087182044983,-0.9919108313373108,1.3998296896563929,-1.8640276394286097,-1.5290654341327112,-0.21475488344301397,0.0,0.0020183748565614223,0.00017794223094824702,0.0005021029501222074,0.0,0.0,1788854273.5190227
2755.018,-0.3706556327212245,-0.5871439469944584,0.25193595247141826,0.8256111813639408,2.939492388785803,0.12804054627852715,1,2,0.810836136341095,-0.9918450874141236,1.3998225370990198,-1.8640004597105921,-1.5290339628802698,-0.21472388902773076,0.0,0.00015503545000683516,5.791223271561006e-26,0.00013115628098603338,0.0,0.0,1788854273.6190534
2755.118,-0.3706588130327488,-0.5871173893085531,0.2519195584206,0.8256857816014406,2.939446621469533,0.12822603391294365,1,2,0.8108121752738953,-0.9918558758548279,1.3998573462115687,-1.8639093838133753,-1.52907640138735,-0.21469289461244756,0.0,0.00018426880706101656,-0.0,0.0008481364930048585,0.0,0.0,1788854273.7191153
2755.218,-0.3706600976425944,-0.5871544658816696,0.2516698323374691,0.8255506607646131,2.939274926836675,0.12870875110994875,1,2,0.8108463883399963,-0.991489366894104,1.3998573462115687,-1.8639074764647425,-1.5290654341327112,-0.21472055116762334,0.0,0.004992648959159851,-0.0,0.00017029083392117172,0.0,0.0,1788854273.8191783
2755.3179999999998,-0.37070942786575634,-0.5871843218910068,0.25122275405688643,0.8255449248021584,2.9388907810139555,0.12963281109448146,1,2,0.8108224868774414,-0.9908390206149598,1.3998573462115687,-1.8638597927489222,-1.5290582815753382,-0.21469289461244756,-1.2498583279452191e-09,0.011370503343641758,-0.0,9.809419861994684e-05,0.0,0.0,1788854273.919191
2755.4179999999997,-0.3708158601234086,-0.5873047961036227,0.24996508735298112,0.8252739087849775,2.937927280482577,0.13209794179144949,1,2,0.8108258843421936,-0.9889913362315674,1.3998501936541956,-1.8638326130309046,-1.5290339628802698,-0.21472388902773076,0.0,0.03211531043052673,-0.0,0.00031402971944771707,0.0,0.0,1788854274.0193052
2755.518,-0.3711224669778979,-0.587585842703781,0.24665020778359187,0.824740811164015,2.9354163003164015,0.13855769759748823,1,2,0.8107795715332031,-0.9841428560069581,1.399876896535055,-1.8638445339598597,-1.5290339628802698,-0.2147463003741663,-1.457952849432448e-26,0.0669405534863472,-0.0,0.00010301292786607519,0.0,0.0,1788854274.119327
2755.618,-0.37158818588484444,-0.588055271764854,0.24125487715127575,0.823900975473038,2.931325580965719,0.14899999971309388,1,2,0.8107522130012512,-0.976204590206482,1.3998420874225062,-1.8638788662352503,-1.5290373007403772,-0.2147148291217249,-7.456661156590716e-12,0.09879498183727264,-0.0,3.5851886999002363e-19,0.0,0.0,1788854274.2193751
2755.718,-0.372202570814323,-0.588075658005417,0.2383592151053157,0.8242966438849594,2.928875022629361,0.15447911786619395,1,2,0.8101171255111694,-0.9719180029681702,1.3997858206378382,-1.863936563531393,-1.5290411154376429,-0.21473580995668584,-0.012532186694443226,-0.006682232022285461,-0.0021297030616551638,-0.000672748894430697,0.0,0.0,1788854274.3193529
2755.8179999999998,-0.37229105991045136,-0.5880160645176666,0.23846326527399625,0.8245741399342149,2.9288831878081907,0.1542126306704456,1,2,0.8099613189697266,-0.9720580142787476,1.399773422871725,-1.8639708958067835,-1.5290287176715296,-0.2147148291217249,-2.3742924895486794e-05,0.00014237604045774788,-0.0,-6.549632962560281e-05,0.0,0.0,1788854274.4194484
2755.9179999999997,-0.3722922360535357,-0.5880075699655652,0.23844539264634967,0.8245878992878156,2.9288329014364636,0.15427799913508064,1,2,0.8099492788314819,-0.9720460933497925,1.3997896353351038,-1.8639403782286585,-1.529013458882467,-0.21471149126161748,0.0,0.0,-0.0,-2.602400629484225e-22,0.0,0.0,1788854274.519479
2756.018,-0.37228604771846224,-0.5880118916066073,0.23841548785904293,0.8245672512469084,2.9288026756791252,0.15438982844946772,1,2,0.8099613785743713,-0.9720028203776856,1.3997820059405726,-1.863896986047262,-1.5290215651141565,-0.21470815340151006,0.0,9.337077790405601e-05,-0.0,-0.0,0.0,0.0,1788854274.619523
2756.118,-0.3722681608884772,-0.5880213349104245,0.2384196340344567,0.8245547815425169,2.9288361333583386,0.15437270108454038,1,2,0.8099921941757202,-0.9720137280276795,1.3997944037066858,-1.8639232120909632,-1.5290373007403772,-0.21468955675234014,0.0,0.00010897235915763304,6.610158015973866e-05,-4.206137470517371e-41,0.0,0.0,1788854274.7196016
2756.218,-0.3722760079002358,-0.5880080250585046,0.23841338255507633,0.8245329603114534,2.928826351108558,0.1544552679414888,1,2,0.8099732398986816,-0.9720137280276795,1.3997986952411097,-1.863873144189352,-1.5290563742267054,-0.21472055116762334,0.0,3.0894367228029296e-05,8.796885958872736e-05,-0.0,0.0,0.0,1788854274.8196425
2756.3179999999998,-0.37227774414541526,-0.5879997413896422,0.2383714989470355,0.8245346155928823,2.9287659017170498,0.15449476533718406,1,2,0.8099579215049744,-0.9719789189151307,1.3998459021197718,-1.863904138604635,-1.5290215651141565,-0.21472722688783819,0.0,2.1608205676149073e-12,0.00010976030898746103,-0.0,0.0,0.0,1788854274.9195573
2756.4179999999997,-0.37226897456509606,-0.5880039677029707,0.23839003594000244,0.8245302744599592,2.928779943419097,0.15443522771069257,1,2,0.8099698424339294,-0.9720065158656617,1.3998497168170374,-1.8639198742308558,-1.5290101210223597,-0.21472055116762334,0.0,0.0,9.943393524736166e-05,-0.0,0.0,0.0,1788854275.0196357
2756.518,-0.37222399574605747,-0.5880376833646115,0.2384464246954241,0.8243978908273282,2.928921921394911,0.15427609502680859,1,2,0.8100556135177612,-0.9720736903003235,1.3998373190509241,-1.8639799557127894,-1.5290373007403772,-0.21473914781679326,0.0005172508535906672,0.0,4.428662213291695e-15,4.540207024412407e-43,0.0,0.0,1788854275.119593
2756.618,-0.3722449752839157,-0.58806012105928,0.23880548900432907,0.8245698918569855,2.9293450370134844,0.15308357166489242,1,2,0.8100521564483643,-0.9725047510913392,1.3997657934771937,-1.8643657169737757,-1.5290101210223597,-0.21469289461244756,0.00010092826414620504,-0.01102928351610899,-0.00023976714874152094,-0.0006241005612537265,0.0,0.0,1788854275.219753
2756.718,-0.3721935744707695,-0.5879718717321855,0.23997869508998287,0.8247669788017729,2.9302923607727505,0.1506487586599578,1,2,0.8100177049636841,-0.974181131725647,1.399721924458639,-1.8644753895201625,-1.529001537953512,-0.21473914781679326,7.976740208318386e-29,-0.016971344128251076,-0.00018939805158879608,-0.0020292846020311117,0.0,0.0,1788854275.3197806
2756.8179999999998,-0.37213159021811704,-0.5879109060678887,0.24078593964147316,0.8249306992308321,2.9309289369596554,0.14898416965520964,1,2,0.810021162033081,-0.975363091831543,1.3997371832477015,-1.8645597896971644,-1.528989617024557,-0.21472388902773076,0.0,-0.006889108568429947,-8.802071533864364e-05,-0.0019280939595773816,0.0,0.0,1788854275.4198143
2756.9179999999997,-0.3721457825948715,-0.5879135379313526,0.2408237613385022,0.8249605110964957,2.930982026089498,0.14884577841088706,1,2,0.8100093007087708,-0.975395218735077,1.399710480366842,-1.8646069965758265,-1.5289934317218226,-0.21472388902773076,0.0,-6.036695413058624e-05,-1.0867166392316458e-24,-0.0002003634872380644,0.0,0.0,1788854275.5198762
2757.018,-0.37214782761565823,-0.5879213684990438,0.2408492587987119,0.8249651971346331,2.9310499695291394,0.14863498916148626,1,2,0.810012698173523,-0.9754276436618348,1.3997295538531702,-1.8647438488402308,-1.5289776960956019,-0.21472722688783819,0.0,-0.0002612865064293146,-0.0,-0.00115837506018579,0.0,0.0,1788854275.6199014
2757.118,-0.3721824911183705,-0.5879481887035193,0.2410159101130109,0.8251058041493057,2.931340204001832,0.14780626167132577,1,2,0.8100006580352783,-0.9755988282016297,1.3996980826007288,-1.865159650842184,-1.5289624373065394,-0.21468955675234014,0.0,-0.003309381427243352,-4.430255261447932e-38,-0.0043625193648040295,0.0,0.0,1788854275.7199638
2757.218,-0.3722418311954636,-0.5880001187789656,0.2412395315634376,0.8251693543523864,2.931864752632567,0.14650594555504767,1,2,0.8099903464317322,-0.9758060735515137,1.3996546904193323,-1.865889688531393,-1.5289657751666468,-0.2147310415851038,0.0,-0.001574006862938404,-0.00021676099277101457,-0.0067545222118496895,0.0,0.0,1788854275.8199775
2757.3179999999998,-0.37225014479389235,-0.5880611154001552,0.24133210415340034,0.8251639176329766,2.9321614113169248,0.14578814992598235,1,2,0.8100418448448181,-0.9758587044528504,1.399614159260885,-1.8663374386229457,-1.5289586226092737,-0.21472388902773076,0.0,-0.0005029879393987358,-0.0009017856791615486,-0.003554488066583872,0.0,0.0,1788854275.9200506
2757.4179999999997,-0.37250466936446563,-0.5883606633791805,0.24196998138988451,0.8253403601202122,2.933224120212349,0.14317814148778393,1,2,0.810076117515564,-0.975934163933136,1.3984358946429651,-1.86706604580068,-1.5289776960956019,-0.21472388902773076,0.0,-0.0007284840103238821,-0.030000563710927963,-0.008907186798751354,0.0,0.0,1788854276.019973
2757.518,-0.37367309829993056,-0.5895441483009751,0.24467883525252979,0.8261239777984402,2.936458096536783,0.1348586359121371,1,2,0.8100298047065735,-0.9759534758380433,1.3924310843097132,-1.8673154316344203,-1.5289862791644495,-0.21472388902773076,0.0,-4.921558502246626e-05,-0.09216531366109848,-0.0003768094757106155,0.0,0.0,1788854276.1200075
2757.618,-0.3758039768308457,-0.5917851706353923,0.249847727226588,0.8274636452546635,2.9423845683698993,0.11953486484927804,1,2,0.8100298047065735,-0.9759450119784852,1.3808682600604456,-1.8672949276366175,-1.5290101210223597,-0.2147000471698206,0.0,-1.5418783075583322e-33,-0.12792882323265076,-0.00014050042955204844,0.0,0.0,1788854276.2200184
2757.718,-0.3776767717113266,-0.5937575173491563,0.25448643816233996,0.8285585762573642,2.9475905614608857,0.10582964501295407,1,2,0.8100280165672302,-0.9759055537036438,1.3704999128924769,-1.867227693597311,-1.529001537953512,-0.2147310415851038,0.0,0.0002244839706690982,-0.05127381905913353,-2.0474490156630054e-05,0.0,0.0,1788854276.3200471
2757.8179999999998,-0.37781777392991445,-0.5939078991274159,0.2547205975474458,0.8286758989241164,2.9478705413227613,0.10512596462098278,1,2,0.8100332021713257,-0.9757498663714905,1.3697293440448206,-1.8671547375121058,-1.5290253798114222,-0.21468955675234014,0.0,0.0027036394458264112,0.0004937913618050516,0.0005011799512431026,0.0,0.0,1788854276.4200993
2757.9179999999997,-0.3778098083810896,-0.5939103758880612,0.2547247825364315,0.8286168064992154,2.947868718184723,0.10508767816570984,1,2,0.8100401163101196,-0.9757617276958008,1.3697407881366175,-1.867166658441061,-1.5289982000934046,-0.21472055116762334,2.3722357086509993e-14,-3.7433190300362185e-05,9.134801075560972e-05,0.00010068222036352381,0.0,0.0,1788854276.5201163
2758.018,-0.3777668737675084,-0.593888636107732,0.254618535578023,0.8285122020180519,2.947743799238936,0.10548352877808591,1,2,0.8100640177726746,-0.9757102292827149,1.369875733052389,-1.867058893243307,-1.529001537953512,-0.2147463003741663,0.0,0.00019429504754953086,0.0013400210300460458,0.0010571127058938146,0.0,0.0,1788854276.6201706
2758.118,-0.377740905487935,-0.5938792056352705,0.25416786275945885,0.8284174881387182,2.947299070896992,0.10665867874734165,1,2,0.8100811243057251,-0.9752038282207032,1.3700621763812464,-1.8668729267516078,-1.5289982000934046,-0.21472722688783819,0.0,0.0040459767915308475,0.0022716065868735313,0.0006772729684598744,0.0,0.0,1788854276.720216
2758.218,-0.37771449429432824,-0.5938239769141931,0.2539963621684827,0.8284014172718115,2.9471164621858703,0.10712025234047867,1,2,0.8100537657737732,-0.9751271170428772,1.3703225294696253,-1.8668629131712855,-1.5289982000934046,-0.21473914781679326,0.0,0.0005365526303648949,0.003223404521122575,0.0003010121872648597,0.0,0.0,1788854276.8202379
2758.3179999999998,-0.3776559694235889,-0.5937756767455841,0.2538053606851973,0.828358460123557,2.9468980798061515,0.10774587757198399,1,2,0.8100692629814148,-0.9750396770289917,1.3705914656268519,-1.8667613468565882,-1.529013458882467,-0.21472055116762334,1.1756081117144517e-18,0.0020611428190022707,0.0022295413073152304,0.000277775019640103,0.0,0.0,1788854276.920288
2758.4179999999997,-0.377573458611173,-0.5937307882803563,0.253325653867349,0.8281837974029658,2.9464861739398365,0.10892229500469165,1,2,0.810111939907074,-0.9746409219554444,1.3710382620440882,-1.8667322597899378,-1.5290206114398401,-0.2147310415851038,7.90770718595013e-05,0.003716433420777321,0.006187261547893286,0.0003667119308374822,0.0,0.0,1788854277.0204012
2758.518,-0.37757373551724344,-0.5937184018233963,0.2528216284091435,0.828164524856172,2.946050231800015,0.1100512130561512,1,2,0.8101000785827637,-0.9740623992732544,1.3712628523456019,-1.8666964970030726,-1.5290287176715296,-0.21469289461244756,2.233577163299546e-35,0.007612257264554501,0.000422426441218704,0.00025838412693701684,0.0,0.0,1788854277.1204314
2758.618,-0.3775837204317497,-0.5937468704975107,0.252424212269202,0.8279967539592895,2.9457578011825922,0.11084746931273051,1,2,0.810115396976471,-0.9735308450511475,1.3713286558734339,-1.866687913934225,-1.529013458882467,-0.2147429625140589,0.0,0.0011122357100248337,0.0006701598176732659,0.00030773613252677023,0.0,0.0,1788854277.2204769
2758.718,-0.3775731605756424,-0.593746637014073,0.2523801837917839,0.8279931574665215,2.9456880298847357,0.11098217688300813,1,2,0.8101240396499634,-0.9734864991954346,1.371350113545553,-1.8666454754271449,-1.5289982000934046,-0.21472722688783819,0.0,0.00016446206427644938,0.00019447848899289966,0.00017532621859572828,0.0,0.0,1788854277.3204083
2758.8179999999998,-0.37744344654945255,-0.5936106903500112,0.25203027082317314,0.8279053096968954,2.945313408158988,0.11202956439080879,1,2,0.8101274371147156,-0.9734517496875306,1.3720687071429651,-1.8666249714293421,-1.5290167967425745,-0.21472722688783819,0.0,3.193637894582935e-05,0.020813139155507088,0.0002689031243789941,0.0,0.0,1788854277.4205017
2758.9179999999997,-0.37660661877792495,-0.5927362210883099,0.2499856953797716,0.8274183268586766,2.942988345251027,0.11807985799757288,1,2,0.8101325035095215,-0.9734829229167481,1.3766616026507776,-1.8666440449156703,-1.529001537953512,-0.21470815340151006,3.1364756534099886e-17,1.1511762750160415e-05,0.0669640451669693,0.00011155675019836053,0.0,0.0,1788854277.5205941
2759.018,-0.37527816667678654,-0.5913422157269539,0.24675768259860065,0.8266267151651479,2.9392965374147035,0.12764478062019982,1,2,0.8101359605789185,-0.9735104602626343,1.3839033285724085,-1.8666678867735804,-1.5289862791644495,-0.21469289461244756,7.985719275893643e-05,-1.0163814928576542e-10,0.056235723197460175,2.2986225303611718e-05,0.0,0.0,1788854277.6205666
2759.118,-0.37501755269586834,-0.5910009776575726,0.2461550629909503,0.8265230083439108,2.9385967933261656,0.12940517155632641,1,2,0.81006920337677,-0.973678247337677,1.385533634816305,-1.8668014011778773,-1.5289862791644495,-0.21472722688783819,-0.0007071606232784688,-0.005155322607606649,-0.001812111004255712,-0.00044266696204431355,0.0,0.0,1788854277.7206182
2759.218,-0.37500972303858926,-0.591008775686915,0.24612789280266517,0.8264939920310156,2.9386213931130287,0.1295292992460135,1,2,0.8100932240486145,-0.9736349743655701,1.38552171388735,-1.8667718372740687,-1.5290411154376429,-0.21472388902773076,4.5175027480581775e-05,0.000756752910092473,-5.843579856446013e-05,-3.66624299203977e-05,0.0,0.0,1788854277.820645
2759.3179999999998,-0.3749958816651376,-0.5910158362698765,0.2459246598980779,0.8264667046096069,2.938394236005241,0.13002071581690613,1,2,0.8101102709770203,-0.9733835619739075,1.3855746428119105,-1.8666917286314906,-1.5290101210223597,-0.21469289461244756,0.00016065123782027513,0.0035449089482426643,0.0002057463862001896,0.0006256960914470255,0.0,0.0,1788854277.9206913
2759.4179999999997,-0.37456132959601685,-0.591457934657113,0.24440287673322314,0.8247971370868846,2.937593528408089,0.13333418589389184,1,2,0.8110141754150391,-0.9712183040431519,1.3856056372271937,-1.8664542637267054,-1.5290339628802698,-0.2147429625140589,0.01024709828197956,0.05789817497134209,0.00012191636051284149,0.000594574841670692,0.0,0.0,1788854278.0207207
2759.518,-0.3746341361736528,-0.5921721630476727,0.23879866607664146,0.8229809168272104,2.933663014693103,0.14415113408790659,1,2,0.8116422891616821,-0.963044599895813,1.385583225880758,-1.8664843044676722,-1.5290101210223597,-0.21470815340151006,0.0005297865136526525,0.10187572240829468,4.6006651245988905e-05,0.00010803894838318229,0.0,0.0,1788854278.1207924
2759.618,-0.3747659685966398,-0.5921999390283296,0.2379741715866044,0.8230024627269932,2.933026381326868,0.14574066848286585,1,2,0.8115344047546387,-0.9618352812579651,1.385568920766012,-1.8664928875365199,-1.5290411154376429,-0.21470815340151006,-0.00030149929807521403,-0.016850875690579414,-0.00013992632739245892,2.1926351782650962e-16,0.0,0.0,1788854278.2208474
2759.718,-0.37476496025507555,-0.5921960586023206,0.23792318244426658,0.8229895477764242,2.932966620013192,0.14588098668397573,1,2,0.8115310072898865,-0.9617765110782166,1.3855865637408655,-1.8664609394469203,-1.5290373007403772,-0.21471149126161748,-0.00010283815208822489,0.0014673232799395919,0.00014933427155483514,0.00017538818065077066,0.0,0.0,1788854278.3208997
2759.8179999999998,-0.3748192227150591,-0.592158744043175,0.23792910943469908,0.823094461364518,2.9329370782902893,0.14583453384229675,1,2,0.8114351630210876,-0.9617920082858582,1.385601822529928,-1.8664843044676722,-1.5290287176715296,-0.21473580995668584,-0.003821499180048704,5.9098507337873585e-12,9.787840826902539e-05,0.00013395427959039807,0.0,0.0,1788854278.4208453
2759.9179999999997,-0.3752697533675793,-0.5918623736301003,0.23794343215416552,0.824260345166536,2.9325556177480356,0.14575895693652097,1,2,0.8106597661972046,-0.9618280690959473,1.3856232802020472,-1.8664723835387171,-1.5290048758136194,-0.21470815340151006,-0.009035979397594929,-6.967661465751007e-05,-0.0,1.5763420990296793e-20,0.0,0.0,1788854278.5208762
2760.018,-0.37544398332242584,-0.5917387121423293,0.2379397039279614,0.8246892105674307,2.932385636624304,0.14574029290796556,1,2,0.8103482723236084,-0.9618471425822754,1.3856614271747034,-1.8664723835387171,-1.5289776960956019,-0.21472055116762334,-0.00024188670795410872,-4.054742385051213e-05,8.098353282548487e-05,0.0,0.0,0.0,1788854278.620901
2760.118,-0.37570591915002055,-0.5915796687662065,0.2379473204270269,0.8253191628031502,2.9322002260701026,0.14568933945821433,1,2,0.8099132776260376,-0.9618435663035889,1.3856380621539515,-1.8664690456786097,-1.5289810339557093,-0.21472388902773076,-0.011215712875127792,0.0,0.00018982375331688672,0.0,0.0,0.0,1788854278.720961
2760.218,-0.3758445196925639,-0.5914812814706093,0.2379635358517663,0.8257291021299703,2.932042058750453,0.14558307985215468,1,2,0.8096601366996765,-0.9618867796710511,1.385674301777975,-1.8664967022337855,-1.5289223829852503,-0.21469289461244756,-0.0015558035811409354,0.0,9.76851733867079e-05,0.0,0.0,0.0,1788854278.8209984
2760.3179999999998,-0.3759471338619725,-0.5914137972729996,0.23797786895598666,0.8259795116943535,2.9319697398408384,0.1455083514288732,1,2,0.8094820976257324,-0.9619116944125672,1.3856852690326136,-1.8665200672545375,-1.5289066473590296,-0.2147000471698206,-0.0016608150908723474,-0.00041246390901505947,-0.0,4.1013094071069844e-13,2.1201167622288806e-32,0.0,1788854278.9210355
2760.4179999999997,-0.3761467482392945,-0.5912968716895641,0.23799294371959834,0.8264115288681461,2.9318725660064286,0.14546118949561773,1,2,0.809158444404602,-0.9619116944125672,1.3856504599200647,-1.86651672939443,-1.528933350239889,-0.2147310415851038,-0.004499675706028938,-0.00011459342204034328,-0.0,0.0,0.0,0.0,1788854279.021049
2760.518,-0.37671202380871555,-0.5909322271768513,0.23795964978483664,0.8277877653931405,2.9314073767199207,0.14549197329864239,1,2,0.8081986308097839,-0.9618759912303467,1.3856661955462855,-1.8664967022337855,-1.5289414564715784,-0.21473914781679326,-0.0073285652324557304,-5.174344703791703e-15,-0.0,0.0,0.0,0.0,1788854279.1211727
2760.618,-0.37657669595525317,-0.5910143943082246,0.23790367476164986,0.8275022423934073,2.931456498212899,0.14569702191594802,1,2,0.8084275722503662,-0.9618076843074341,1.3856776396380823,-1.8664523563780726,-1.5289695898639124,-0.2147000471698206,0.007477696985006332,0.0011376878246665,3.6504857470198715e-10,0.0004287848132662475,0.0,0.0,1788854279.2211065
2760.718,-0.3762025776242112,-0.5912447691128473,0.23784068114647827,0.8265316083058397,2.9316712098217272,0.14605081302297182,1,2,0.8090577125549316,-0.9617250126651307,1.385662857686178,-1.8663064442076625,-1.5290048758136194,-0.21472388902773076,0.00478255283087492,0.0004811424878425896,-0.0,0.0007424287614412606,0.0,0.0,1788854279.321231
2760.8179999999998,-0.3755344775856191,-0.5916540077298073,0.23780347025959847,0.8249168065923772,2.9321544080321624,0.1463386747049467,1,2,0.8101794123649597,-0.9616950911334534,1.3856857458697718,-1.8662334881224574,-1.5290563742267054,-0.21470815340151006,0.02055998519062996,0.00038225617026910186,-0.0,0.0008739522309042513,4.4794140459347915e-20,0.0,1788854279.4213002
2760.9179999999997,-0.3747321676848166,-0.5921293906522569,0.23770459364125873,0.8229108879803847,2.93279785730081,0.147104353681099,1,2,0.8115377426147461,-0.9615921539119263,1.3856990973102015,-1.8659864864745082,-1.529304329548971,-0.21472388902773076,0.005227274261415005,0.001165510737337172,-0.0,0.004783643875271082,-0.0033740000799298286,0.0,1788854279.5212262
2761.018,-0.37442465628270605,-0.5921352985834241,0.23750075592005754,0.8222354541860002,2.932246320569122,0.14937176247417275,1,2,0.8118905425071716,-0.9614842695048829,1.3856990973102015,-1.8644868336119593,-1.5294526259051722,-0.2147277037249964,0.005171764176338911,0.0005211989628151059,-0.0,0.01212992798537016,-0.0010273741791024804,0.0,1788854279.621348
2761.118,-0.37439989369053966,-0.5921427489050695,0.23758015739865973,0.8221994745268895,2.932262123995009,0.1492374736257651,1,2,0.8119179010391235,-0.9615921539119263,1.3856776396380823,-1.8644353351988734,-1.5294087568866175,-0.2147277037249964,4.4054831960238516e-05,-0.0002961907593999058,-0.0,0.00017334864242002368,-0.00012204885570099577,0.0,1788854279.7214253
2761.218,-0.37446789082415194,-0.5921135735887483,0.2378514694551434,0.8224243626046103,2.9324839228907877,0.14839790136064346,1,2,0.8118101358413696,-0.9619310063174744,1.3856337706195276,-1.8646532497801722,-1.5293610731707972,-0.21472388902773076,-0.0005418326472863555,-0.00887505803257227,-0.00022132036974653602,-0.0010498437331989408,-6.036015003790807e-12,0.0,1788854279.8213775
2761.3179999999998,-0.37441132816108613,-0.5920134015957097,0.23961622538817925,0.8228340895372582,2.933929695954498,0.1443799912261235,1,2,0.8117586970329285,-0.9643967312625428,1.3855622450457972,-1.8650928936400355,-1.5292733351336878,-0.21472388902773076,-0.0007863226346671581,-0.053874239325523376,-0.0001413775171386078,-0.003700817469507456,0.0001848214742494747,0.0,1788854279.9214516
2761.4179999999997,-0.3740292441885383,-0.5915097134840626,0.24494634558039088,0.82390591026843,2.9378769268936593,0.1341664725433084,1,2,0.8116695880889893,-0.9721994561007996,1.3856213728534144,-1.8650533161559046,-1.5293081442462366,-0.2147000471698206,-0.0003019346622750163,-0.08386749774217606,-2.732176290010102e-05,-0.0001117312494898215,9.86446175375022e-05,0.0,1788854280.021497
2761.518,-0.3736396788393006,-0.5909979666242242,0.25025866810591424,0.8248810953921341,2.941772299426332,0.1238700446189949,1,2,0.8115721940994263,-0.9799276751330872,1.385594669972555,-1.8650127849974574,-1.5292890707599085,-0.21473914781679326,-0.001245635561645031,-0.0537920743227005,-0.0,-4.148769815106451e-13,1.9398219366252536e-32,0.0,1788854280.1215293
2761.618,-0.3736775960837071,-0.5907593681358639,0.25142323633624786,0.8255264551055228,2.9424318607581226,0.121769007839337,1,2,0.8112947940826416,-0.9816819590381165,1.385655705128805,-1.8648854694762171,-1.5292928854571741,-0.2147000471698206,-0.0037811363581568003,0.0025664072018116713,0.00041182615677826107,0.0007235872326418757,0.0,0.0,1788854280.2215686
2761.718,-0.37380002492556513,-0.590653735696587,0.2513426634148095,0.8258223826714522,2.942180079987295,0.12213387839909315,1,2,0.811058759689331,-0.9816138309291382,1.385695759450094,-1.8647057018675746,-1.5292890707599085,-0.21471149126161748,-0.0005206349305808544,2.1881129214307293e-05,5.7803634263109416e-05,0.0001446056121494621,0.0,0.0,1788854280.321562
2761.8179999999998,-0.3737976605080592,-0.5906459207583881,0.2513555731396294,0.8258300157943118,2.942190623861487,0.12213691530697093,1,2,0.8110551834106445,-0.9816438120654603,1.3857105414019983,-1.864694734612936,-1.5293009916888636,-0.21471149126161748,-6.159414624562487e-05,4.600285592459841e-06,4.436915696715005e-05,8.875624189386144e-05,0.0,0.0,1788854280.4216263
2761.9179999999997,-0.3737821204153416,-0.5906596577554152,0.2512341665528658,0.8257332230021937,2.9420987399321215,0.12247916592802834,1,2,0.8110876083374023,-0.9814821046641846,1.3857186476336878,-1.864617486993307,-1.5293167273150843,-0.2147277037249964,1.710701880498118e-26,0.002118475968018174,0.00047940295189619064,0.0006376141682267189,0.0,0.0,1788854280.5216405
2762.018,-0.37373762086506995,-0.590642214666265,0.2509636158255766,0.8256232309324302,2.9417921332406682,0.12334920923663277,1,2,0.8111187815666199,-0.9812103670886536,1.3858607451068323,-1.8643866978087367,-1.5293281714068812,-0.21472388902773076,1.5268208244378911e-06,0.002548884367570281,0.0011269034584984183,0.000835962244309485,0.0,0.0,1788854280.6217263
2762.118,-0.3737524018654022,-0.5906104030905828,0.25081336389711567,0.8256537652029802,2.9415988260610546,0.12381149030665965,1,2,0.8110719323158264,-0.981055812244751,1.3859365622149866,-1.8642708263792933,-1.5293334166156214,-0.21472388902773076,0.0,0.0013437187299132347,0.0007094522006809711,0.002083469880744815,0.0,0.0,1788854280.721784
2762.218,-0.37361640407133484,-0.590462040908461,0.25038254687889405,0.8254819410872003,2.9406804243303863,0.12627823068891914,1,2,0.8110719323158264,-0.9807995122722168,1.3862584272967737,-1.8630153141417445,-1.5293644110309046,-0.21470815340151006,0.0,0.002237154170870781,0.006617250852286816,0.02070377767086029,0.0,0.0,1788854280.8218179
2762.3179999999998,-0.37312003097146956,-0.5899875268539686,0.2494275174170542,0.8248476613143103,2.938310194368601,0.13242777684748655,1,2,0.8111187815666199,-0.9806474608233948,1.3875277678119105,-1.8598000011839808,-1.529337231312887,-0.2147463003741663,0.0,0.00028922560159116983,0.019254310056567192,0.03695284575223923,0.0,0.0,1788854280.9218724
2762.4179999999997,-0.3723968502559783,-0.5891761454507295,0.2478476003676113,0.8243476549773536,2.9353724948671465,0.13997142583165378,1,2,0.8110755085945129,-0.9806308311275025,1.3905161062823694,-1.8571411571898402,-1.5293644110309046,-0.21470433870424444,0.0,0.00044838045141659677,0.043143365532159805,0.004403586965054274,0.0,0.0,1788854281.0219088
2762.518,-0.37181806696279085,-0.5885693569546876,0.2463039551836682,0.8239443995396714,2.933617490371647,0.14439185910101182,1,2,0.8110755085945129,-0.9804486197284241,1.3936989943133753,-1.857157369653219,-1.529337231312887,-0.2147148291217249,0.0,0.002904739696532488,0.0015062005259096622,0.00014873812324367464,0.0,0.0,1788854281.1218982
2762.618,-0.3718575056605114,-0.5885722713408723,0.24637119254055231,0.8240168475624992,2.9336922801110616,0.14404906231538225,1,2,0.8110312223434448,-0.9805000585368653,1.3936541716205042,-1.8572961292662562,-1.5293009916888636,-0.21472388902773076,-0.00121261493768543,-8.135770622175187e-05,-0.0005091116181574762,2.5690750269937643e-24,0.0,0.0,1788854281.2219193
2762.718,-0.37194326733408534,-0.5885684722690261,0.24647940815703412,0.8242385463767602,2.9337615213353154,0.14360755543652354,1,2,0.8109305500984192,-0.9805600208095093,1.393526856099264,-1.8574158153929652,-1.529261891041891,-0.21469289461244756,-0.00434328056871891,5.167433118913323e-05,-0.00032242340967059135,-0.0004808006342500448,0.0,0.0,1788854281.3219523
2762.8179999999998,-0.37226161484786696,-0.5883851260252849,0.24649898569943718,0.824990143357164,2.9335930153806293,0.14341712144628022,1,2,0.8104081153869629,-0.9805635970881958,1.3935063521014612,-1.8575083218016566,-1.5292652289019983,-0.21470767656435186,-0.004883819725364447,0.0,-0.00024624555953778327,-0.0005073564825579524,0.0,0.0,1788854281.4220204
2762.9179999999997,-0.3724550322959731,-0.5882767685147144,0.24654356573851335,0.82548871167723,2.933503502927203,0.1432317785213731,1,2,0.8100930452346802,-0.980599657898285,1.3934715429889124,-1.8575593433775843,-1.529261891041891,-0.21468955675234014,-0.0003057866415474564,-0.00016899124602787197,-0.00015289000293705612,-0.00023311894619837403,0.0,0.0,1788854281.5220263
2763.018,-0.37245936084617565,-0.588259058278215,0.24648341954702346,0.8254713821703699,2.9334425098620582,0.1434963776674531,1,2,0.8100762963294983,-0.9805396956256409,1.3934958616839808,-1.857464452783102,-1.5293009916888636,-0.21470767656435186,-2.8678037779172882e-05,0.00021745511912740767,2.3815247914171778e-05,-5.1285894642205676e-08,0.0,0.0,1788854281.6220646
2763.118,-0.3724805628054704,-0.5883040018403388,0.2458883168438551,0.8253449092773318,2.932948743791672,0.14481218772045445,1,2,0.810100257396698,-0.9796990317157288,1.393519703541891,-1.8573457203307093,-1.5293129126178187,-0.21469289461244756,1.667574906605296e-05,0.016874385997653008,0.00012985654757358134,0.00037805945612490177,0.0,0.0,1788854281.722069
2763.218,-0.37267907226155145,-0.5884853334533119,0.2436380075874119,0.8249364334015716,2.931237469968064,0.14923981402633268,1,2,0.810072660446167,-0.9764107626727601,1.393519703541891,-1.8573008976378382,-1.5293319861041468,-0.2147310415851038,3.847209913220882e-36,0.05079786852002144,2.135396789526567e-05,0.00018552409892436117,0.0,0.0,1788854281.8221169
2763.3179999999998,-0.3729839840867411,-0.5887970298497867,0.2399219363999276,0.8243168386196587,2.928381966576696,0.15633620941212836,1,2,0.8100523352622986,-0.9709730309299012,1.3935301939593714,-1.8573605022826136,-1.529285732899801,-0.2147310415851038,-0.00020459041115827858,0.04791097715497017,-0.0,3.226764411223826e-09,0.0,0.0,1788854281.922098
2763.4179999999997,-0.37337039234610425,-0.5887326097593215,0.23855706195472098,0.8247802581065262,2.9271799255252566,0.15891127429482071,1,2,0.8095824718475342,-0.9689769309810181,1.3935406843768519,-1.8574172459044398,-1.5293281714068812,-0.21472388902773076,-0.011064714752137661,-0.00033965776674449444,-0.0,-0.0006235690671019256,0.0,0.0,1788854282.0222166
2763.518,-0.37437583661806056,-0.588115352662822,0.23859386338573596,0.8272182077679437,2.926418615100324,0.15863240081204827,1,2,0.8078893423080444,-0.9689887923053284,1.3934791723834437,-1.8574325046935023,-1.529285732899801,-0.21473914781679326,-0.02403762936592102,-9.96048329398036e-05,-7.028469553915784e-05,-0.00012855351087637246,0.0,0.0,1788854282.1222534
2763.618,-0.3754584903056009,-0.5874168803780905,0.2385680641633059,0.8299559693242547,2.925519285434595,0.1585741295798423,1,2,0.8060393929481506,-0.96896846712146,1.3935030142413538,-1.8574167690672816,-1.529285732899801,-0.21469670930971319,-0.007774116937071085,-1.401298464324817e-45,-0.0,-1.3272521073304233e-06,0.0,0.0,1788854282.2222805
2763.718,-0.3753810047368529,-0.5874635345196308,0.23852932929660428,0.8296947850319085,2.9255573183038903,0.1587086357438643,1,2,0.8061700463294983,-0.9689206641963501,1.3935096899615687,-1.8573810062804164,-1.529297176991598,-0.21473914781679326,0.0019409721717238426,0.0001452107826480642,-0.0,-6.039266119473871e-28,1.0631979346338391e-24,0.0,1788854282.3223138
2763.8179999999998,-0.3751378349599997,-0.5876216277194889,0.23848439638739422,0.8291483175404597,2.9257523345560523,0.15885234298068862,1,2,0.8065942525863647,-0.9688607019237061,1.393522087727682,-1.857401510278219,-1.529349152241842,-0.21469289461244756,0.0012974414275959134,0.0005692878039553761,-0.0,-0.0,0.0,0.0,1788854282.422222
2763.9179999999997,-0.3749792109857322,-0.5877419597368461,0.23848621830869804,0.8286831494088789,2.925899331234309,0.15881163928694994,1,2,0.8068806529045105,-0.9688331049731751,1.3934791723834437,-1.8574205837645472,-1.529330078755514,-0.2147277037249964,0.007377618458122015,0.00020794013107661158,-0.0,-0.0,0.0,0.0,1788854282.5223374
2764.018,-0.37462269420897304,-0.5879751609233445,0.2384849216803275,0.8278052093597683,2.92619659172368,0.15886196305428835,1,2,0.8074953556060791,-0.9688212436488648,1.3934643904315394,-1.8574243984618128,-1.5293458143817347,-0.21472055116762334,0.0014018682995811105,7.826030923752114e-05,-0.0,-0.0,0.0,0.0,1788854282.6223667
2764.118,-0.37454202570460104,-0.5880369855271693,0.23850837384325457,0.8275728417029935,2.926328942746309,0.15881754459811664,1,2,0.8076475262641907,-0.9688331049731751,1.3934324423419397,-1.8574396572508753,-1.5293763319598597,-0.21473580995668584,0.007781597785651684,0.0,-0.0003762906417250633,-0.0,0.0,0.0,1788854282.7223923
2764.218,-0.37392435776286054,-0.5884265782811038,0.23847448914179814,0.8261109054981388,2.926741441448009,0.15904239587834545,1,2,0.8086947202682495,-0.9687889379313965,1.393428150807516,-1.8573743305602015,-1.5293801466571253,-0.21468955675234014,0.012068890035152435,0.0007077244808897376,-0.00011731357517419383,-0.0,0.0,0.0,1788854282.8224564
2764.3179999999998,-0.3734632090309491,-0.588736866730902,0.23839495072125702,0.8248648406339202,2.9270960922183966,0.159215444654256,1,2,0.8094974756240845,-0.9686642450145264,1.3934224287616175,-1.8574124775328578,-1.5293920675860804,-0.21473914781679326,0.003163921879604459,0.0010654880898073316,-0.00027072420925833285,-0.0,-9.44433689375546e-16,0.0,1788854282.9224606
2764.4179999999997,-0.3734508545109786,-0.5887653711101476,0.2383420352933046,0.824821137018924,2.927067506655422,0.15928270603118216,1,2,0.8095371127128601,-0.9685649436763306,1.393390957509176,-1.8574243984618128,-1.5293777624713343,-0.21472388902773076,3.320050018373877e-05,0.0007157803629525006,-0.0002273808786412701,-0.0,-0.0,0.0,1788854283.022496
2764.518,-0.3734730293282728,-0.5887674828285636,0.23833624970098105,0.8248864949273823,2.9270638912157034,0.15928920769271665,1,2,0.8095178008079529,-0.9685289424708863,1.3933475653277796,-1.8574205837645472,-1.5293920675860804,-0.2147000471698206,4.8148615234200715e-42,0.0002012672193814069,-0.00011180058936588466,-0.0,-0.0,0.0,1788854283.1225336
2764.618,-0.37344826020412203,-0.5887874643015352,0.23835716244524258,0.8247948345344587,2.9270834360422806,0.15917623897819505,1,2,0.8095574378967285,-0.9685530823520203,1.3933442274676722,-1.857453008691305,-1.5293458143817347,-0.21472388902773076,0.0,1.1447294127719942e-05,-5.98340920987539e-05,-6.137687273742699e-43,-0.0,0.0,1788854283.2226164
2764.718,-0.3735781193324038,-0.5886893377240234,0.23831719337738566,0.8250912855377942,2.9269359269516877,0.15930704599187653,1,2,0.8093225359916687,-0.9685253661921998,1.393383804951803,-1.8574124775328578,-1.5293563047992151,-0.2147463003741663,-0.004406582098454237,0.0,-0.0,-0.0,-5.184137039936673e-16,0.0,1788854283.3226256
2764.8179999999998,-0.3743754723967074,-0.5882278063304996,0.23796194597485393,0.8269430894731488,2.9260136641074883,0.15990598424045277,1,2,0.8080080151557922,-0.9680034679225464,1.3933733145343226,-1.8573767147459925,-1.5293238798724573,-0.21473580995668584,-0.02195030078291893,0.012103935703635216,-0.0,-0.0,-0.0,0.0,1788854283.4227326
2764.9179999999997,-0.37562022033648496,-0.5878021566464334,0.23499509305907668,0.8289625148085654,2.922879077300865,0.16548624598230066,1,2,0.806253969669342,-0.9636733096889039,1.3933804670916956,-1.8573605022826136,-1.529285732899801,-0.2147277037249964,-0.003770450595766306,0.07427365332841873,-0.0,-7.93888684711419e-05,-0.0,0.0,1788854283.5227687
2765.018,-0.37590673930522134,-0.5885717567331707,0.22703719031292643,0.8268996584385921,2.9169435004310293,0.1807066760645052,1,2,0.8067163825035095,-0.9520108860782166,1.393329922352926,-1.8574229679503382,-1.5292652289019983,-0.21470767656435186,0.0031411987729370594,0.08786843717098236,-0.006211554631590843,-0.00011884493142133579,-0.0,0.0,1788854283.6227012
2765.118,-0.37635272446974766,-0.5889964704762035,0.226079421177655,0.8268721268803353,2.9166624637148324,0.18141132168446886,1,2,0.8066744208335876,-0.9496293824962159,1.3918631712542933,-1.8578082523741664,-1.5292804876910608,-0.21471864381899053,-7.121614157223032e-15,-0.0014889189042150974,-0.017259828746318817,-0.00041519341175444424,0.00010928043775493279,0.0,1788854283.7227497
2765.218,-0.3763642839770601,-0.5890277481450932,0.22603989359506427,0.8268755211731138,2.916633088421049,0.1814869243786183,1,2,0.8066936731338501,-0.9495084446719666,1.3917563597308558,-1.857767721215719,-1.5292804876910608,-0.21469289461244756,-1.8156502846977673e-05,4.644306361816129e-19,0.00011188482312718406,0.00014837615890428424,1.2880993082738492e-15,0.0,1788854283.8228343
2765.3179999999998,-0.37633696998276767,-0.5890438086408694,0.2259971349977109,0.8267401449862343,2.9166312631627784,0.18163853607089303,1,2,0.8067415952682495,-0.9494498533061524,1.3917530218707483,-1.8577200374998988,-1.5293009916888636,-0.2147310415851038,0.0007259304402396083,0.0,2.0943816707585938e-05,8.333269943250343e-05,0.0,0.0,1788854283.9228225
2765.4179999999997,-0.37620623332014624,-0.5891165960064622,0.22587892095736384,0.8264471494298168,2.9166106916995322,0.1820202151267313,1,2,0.8069573640823364,-0.9493060869029541,1.3917816321002405,-1.857636114160055,-1.5293334166156214,-0.2147000471698206,0.0003996941086370498,0.004512096289545298,4.08029131315768e-11,0.0006114148418419063,0.0,0.0,1788854284.0229266
2765.518,-0.3761974490855136,-0.5890790848621822,0.22567566741285522,0.8263888347263163,2.916334797756704,0.18277031539100175,1,2,0.8069332838058472,-0.9490869802287598,1.3918517271624964,-1.8573690853514613,-1.5293644110309046,-0.21472055116762334,7.085284596541896e-05,0.00300195743329823,0.0001294846588280052,0.00034268252784386277,0.0,0.0,1788854284.1229503
2765.618,-0.3762224972907156,-0.5890739740609029,0.2256191499448985,0.826459917107327,2.916279755399326,0.18292737407492926,1,2,0.8069056868553162,-0.9489910763553162,1.3918235937701624,-1.857333322564596,-1.5293920675860804,-0.21469289461244756,1.2051166793193427e-43,0.0025626507122069597,6.627127004321665e-05,0.00011780288332374766,0.0,0.0,1788854284.2230382
2765.718,-0.37582569332721566,-0.5893343757185354,0.22533603987323036,0.8253877052541555,2.9163553686899952,0.18360193547580902,1,2,0.8075864315032959,-0.9486114543727417,1.3918665091144007,-1.8572851620116175,-1.5293944517718714,-0.2147148291217249,0.01339853834360838,0.002296608407050371,-0.0,0.0002072659699479118,-0.00035476908669807017,0.0,1788854284.3230295
2765.8179999999998,-0.3756302179569993,-0.5894471962220925,0.2253154265549102,0.8249200101695634,2.916533098882978,0.18368234160514657,1,2,0.8079122304916382,-0.9486078184894104,1.391914192830221,-1.8573199711241664,-1.529435936604635,-0.2147148291217249,2.870401694110569e-10,0.00014211518282536417,0.001080455956980586,8.496718510286883e-05,-8.918296953197569e-05,0.0,1788854284.423054
2765.9179999999997,-0.37564697762736515,-0.5894411655268479,0.22536861440852768,0.8249724415493241,2.9165559704904456,0.18349159512296545,1,2,0.8078833818435669,-0.9486749929240723,1.3919075171100062,-1.8573690853514613,-1.529400650654928,-0.2147148291217249,-0.00016985963156912476,8.533497020835057e-05,0.0001897408947115764,4.5850485752708015e-42,-7.005191437386618e-17,0.0,1788854284.5231214
2766.018,-0.37567865765357933,-0.5894433985086264,0.22544401874903847,0.8250134886635659,2.9166272927877,0.18322153220467435,1,2,0.8078486919403076,-0.9487420481494446,1.391853157673971,-1.8574358425536097,-1.5293763319598597,-0.21473437944521123,-3.663220923044719e-05,-5.288886313792318e-05,7.11729153408669e-05,-1.271923650847384e-07,-0.0,0.0,1788854284.6231034
2766.218,-0.37568282757439686,-0.5894356156258312,0.22545181166361788,0.8250561458092929,2.916631845641253,0.18312003651634598,1,2,0.807833194732666,-0.9487707179835816,1.3918951193438929,-1.8575130901732386,-1.5293539206134241,-0.21472388902773076,0.0,-8.3242091932334e-05,-0.0,-0.00012749763845931739,-0.0,0.0,1788854284.8699205
2766.3179999999998,-0.3756567944406825,-0.589478147380407,0.22547724926036528,0.8249537748606933,2.916736302021637,0.18301310593033257,1,2,0.8079062104225159,-0.9487635058215638,1.3918336073504847,-1.8575555286803187,-1.5293729940997522,-0.2147310415851038,0.0,0.0,-0.0,-3.397131725840015e-15,-0.0,0.0,1788854284.9231284
2766.4179999999997,-0.37566465630979723,-0.5894681580655998,0.22547905354650283,0.8250358340545156,2.916668880531364,0.1830325985559924,1,2,0.8078833818435669,-0.9487707179835816,1.3918336073504847,-1.857516428033346,-1.529341999684469,-0.21469289461244756,0.0,0.0,-0.0,-7.024008552428146e-41,-0.0,0.0,1788854285.0232105
2766.518,-0.37565875394141995,-0.589464630461139,0.22544257218273936,0.8250160713462564,2.9166676810129433,0.18313468158736962,1,2,0.8078905344009399,-0.9487359684756775,1.3918631712542933,-1.857521196404928,-1.5293729940997522,-0.21469670930971319,0.0,0.0,-0.0,-0.0,-0.0,0.0,1788854285.1232646
2766.618,-0.3756611617001551,-0.5894639516695597,0.22546637718884174,0.825028792356271,2.9166656684937546,0.18305427066964697,1,2,0.8078833818435669,-0.9487671417048951,1.3918598333941858,-1.8575316868224085,-1.5293458143817347,-0.21469670930971319,0.0,0.0,-0.0,-0.0,-0.0,0.0,1788854285.2232788
2766.718,-0.37566324706246956,-0.5894679502373931,0.22548816234576094,0.8250279059114997,2.9166894959937535,0.18303369574670986,1,2,0.8078869581222534,-0.948782817726471,1.3918302694903772,-1.857509275475973,-1.5293577353106897,-0.21469670930971319,0.0,0.0,-0.0,-0.0,-0.0,0.0,1788854285.3233054
2766.8179999999998,-0.37566260822361947,-0.5894640917997821,0.22544385497177705,0.825018929021761,2.9166816501622983,0.1831189058357025,1,2,0.8078869581222534,-0.9487359684756775,1.3918631712542933,-1.8575369320311488,-1.5293801466571253,-0.2147000471698206,0.0,0.0,-0.0,-0.0,-0.0,0.0,1788854285.423358
2766.9179999999997,-0.37566353550263276,-0.589466450140731,0.22546020398699423,0.8250331084133607,2.916658573844525,0.18306868696874565,1,2,0.8078833818435669,-0.9487516444972535,1.391848389302389,-1.8575250111021937,-1.5293458143817347,-0.21469289461244756,0.0,-8.209756388165984e-14,-0.0,-0.0,-0.0,0.0,1788854285.5233858
2767.018,-0.3756667948541077,-0.5894494846785858,0.22546611707941272,0.8250586291598476,2.916676281125812,0.18310269582629085,1,2,0.8078678846359253,-0.948782817726471,1.3918827215777796,-1.857521196404928,-1.5293801466571253,-0.21469289461244756,0.0,0.0,-0.0,-0.0,-0.0,0.0,1788854285.6234446
2767.118,-0.3756957966296758,-0.5894494751794098,0.22548356016631915,0.8250983590769088,2.916686752615664,0.18303396353945453,1,2,0.8078367114067078,-0.9487742942622681,1.3918302694903772,-1.8575250111021937,-1.5293763319598597,-0.2147000471698206,0.0,0.0,-0.0,-0.0,-0.0,0.0,1788854285.7234719
2767.218,-0.3756524989666762,-0.589467138623953,0.22547843512055474,0.8250064393665246,2.916704173660622,0.1830446685366263,1,2,0.807898998260498,-0.9487863344005127,1.3918631712542933,-1.8575369320311488,-1.5293682257281702,-0.2147000471698206,0.0,0.0,-0.0,-0.0,-0.0,0.0,1788854285.8235087
2767.3179999999998,-0.3756639078547028,-0.5894618707118151,0.22547720926919587,0.8249859654313374,2.9167242947112464,0.1830345537955639,1,2,0.8078833818435669,-0.9487827581218262,1.3918631712542933,-1.8575521908202113,-1.5293801466571253,-0.2147310415851038,0.0,0.0,-0.0,-0.0,-0.0,0.0,1788854285.9235246
2767.4179999999997,-0.37566539285863326,-0.5894639821361288,0.2254738834032532,0.8249947567063004,2.9167125379389276,0.18304696113505828,1,2,0.8078833818435669,-0.9487720292857666,1.3918517271624964,-1.8575402698912562,-1.5293763319598597,-0.21472388902773076,0.0,0.0,-0.0,-0.0,-0.0,0.0,1788854286.0235639
2767.518,-0.37567087176953357,-0.5894556124024946,0.2254640068265522,0.8250464797210298,2.9167010565832423,0.18308576641191315,1,2,0.8078714609146118,-0.9487671417048951,1.3918665091144007,-1.8575402698912562,-1.5293920675860804,-0.2147000471698206,0.0,0.0,-0.0,-0.0,-0.0,0.0,1788854286.123589
2767.618,-0.3756612281913584,-0.5894512402681911,0.22546292572416674,0.8249964204877743,2.9166885308951045,0.18309980433192358,0,3,0.8078750371932983,-0.9487827581218262,1.3918913046466272,-1.8575283489623011,-1.5293768087970179,-0.2147277037249964,0.0,0.0,-0.0,-0.0,-0.0,0.0,1788854286.2236674
2767.718,-0.37566503105662546,-0.5894688893598394,0.2254720337485907,0.8250350441497042,2.9166985527715137,0.1830274506850475,0,3,0.8078869581222534,-0.9487635654262085,1.3918450514422815,-1.8575521908202113,-1.5293644110309046,-0.21469289461244756,0.0,0.0,-0.0,-0.0,-0.0,0.0,1788854286.323664
2767.8179999999998,-0.37567082194356893,-0.5894554781672382,0.22554003255870467,0.8250591916744358,2.916755439617191,0.18295200171320986,0,3,0.8078714609146118,-0.9488618534854432,1.391836945210592,-1.8575178585448207,-1.5293920675860804,-0.2147000471698206,0.0,-0.00031785303144715726,-0.0,-0.0,-0.0,0.0,1788854286.4237955
2767.9179999999997,-0.37570632130460513,-0.5894386142666684,0.22554846193141037,0.8251048452023894,2.916753080119919,0.18292016340731185,0,3,0.8078175187110901,-0.9488631051829834,1.391820255910055,-1.857521196404928,-1.5293954054461878,-0.21472388902773076,0.0,-0.00019063582294620574,-3.612866930780001e-05,-0.0,-0.0,0.0,1788854286.523844
2768.018,-0.37565504206971223,-0.5894650743193882,0.22553244606126613,0.8250482644208044,2.916731454551853,0.18298032611788906,0,3,0.8078954815864563,-0.9488510650447388,1.3918336073504847,-1.857497354547018,-1.5293763319598597,-0.21468049684633428,-3.4135092530362954e-09,-7.17803995939903e-05,-4.762305006531849e-23,-4.036692421299781e-12,-0.0,0.0,1788854286.6239104
2768.118,-0.37566212063885196,-0.5894608677007632,0.22551399477124837,0.8249741069174555,2.916717327099701,0.18296923409360452,0,3,0.8078798055648804,-0.9488306802562256,1.391848389302389,-1.8575202427306117,-1.529349152241842,-0.2147429625140589,0.0,0.0,-0.0,-0.0,-0.0,0.0,1788854286.723886
2768.218,-0.3756648990914022,-0.5894577240728613,0.2254906929340184,0.8249889567651483,2.9166378143977734,0.18303110903333294,0,3,0.8078678846359253,-0.9487995666316529,1.3918450514422815,-1.8574773273863734,-1.529309097920553,-0.21473580995668584,0.0,0.0,-0.0,-0.0,-9.965343163102763e-28,0.0,1788854286.823915
2768.3179999999998,-0.37565531907539507,-0.5894618453653935,0.2254913568166506,0.8249873466413118,2.916658423269866,0.18301425853610448,0,3,0.8078833818435669,-0.9488067191890259,1.3918598333941858,-1.857504507104391,-1.5293176809894007,-0.21472388902773076,0.0,0.0,-0.0,-0.0,-0.0,0.0,1788854286.9240105
2768.4179999999997,-0.37566142827405036,-0.589453739184344,0.2254431796484652,0.8249953038578136,2.916651993727381,0.18314213074454397,0,3,0.8078750371932983,-0.9487516444972535,1.3918846289264124,-1.857511659661764,-1.5293610731707972,-0.21472388902773076,0.0,6.714954361086711e-05,6.332839119641345e-14,-0.0,-0.0,0.0,1788854287.0240014
2768.518,-0.3756801832908722,-0.5894407363363217,0.22546025113120588,0.8250826165754706,2.9166377272212096,0.18315030326131645,0,3,0.8078439235687256,-0.9487707179835816,1.3918688933001917,-1.8574773273863734,-1.5293729940997522,-0.21469623247255498,0.0,3.515351636451669e-05,1.3046406820649281e-05,-0.0,-0.0,0.0,1788854287.124031
2768.618,-0.3756524768387839,-0.5894531270495875,0.22542957040048334,0.8249915414328516,2.916628682088647,0.1831928242531635,0,3,0.8078833818435669,-0.9487431806376954,1.3918994108783167,-1.857495447198385,-1.5293577353106897,-0.2147148291217249,0.0,0.0,-0.0,-0.0,-0.0,0.0,1788854287.2240462
2768.718,-0.37565281497604824,-0.5894508053132799,0.22541373667733328,0.8250453827385006,2.916610631728493,0.18325900855306665,0,3,0.8078833818435669,-0.9487241071513672,1.3919027487384241,-1.8574806652464808,-1.5293763319598597,-0.21467668214906865,0.0,0.0,-0.0,-0.0,-0.0,0.0,1788854287.3240876
2768.8179999999998,-0.37565667508449585,-0.589461875452742,0.22544503593630127,0.8249720326158548,2.9166595233549413,0.18318689397508173,0,3,0.8078905344009399,-0.9487396043590088,1.391853157673971,-1.8574682674803675,-1.5293768087970179,-0.21472388902773076,0.0,0.0,-0.0,-0.0,-0.0,0.0,1788854287.4241006
2768.9179999999997,-0.375678644459358,-0.5894345564270985,0.22542528185650548,0.8250628636730414,2.916606911311678,0.18325075376380925,0,3,0.8078403472900391,-0.9487360280803223,1.3918913046466272,-1.8574611149229945,-1.5293801466571253,-0.21470767656435186,0.0,0.0,-0.0,-0.0,-0.0,0.0,1788854287.524092
2769.018,-0.3756621349670839,-0.5894473436817983,0.22545340577779516,0.8249984233573393,2.916641780483538,0.18316123544786736,0,3,0.8078678846359253,-0.9487707179835816,1.3918846289264124,-1.8574773273863734,-1.5293610731707972,-0.2147277037249964,0.0,0.0,-0.0,-0.0,-0.0,0.0,1788854287.6241803
2769.118,-0.3756812228320509,-0.5894513826676213,0.2254621640730217,0.8249999356480439,2.9166751431038684,0.18308518650121575,0,3,0.8078522682189941,-0.9487587970546265,1.391853157673971,-1.8575154743590296,-1.5293644110309046,-0.2147467772113245,0.0,0.0,-0.0,-0.0,-0.0,0.0,1788854287.7242055
2769.218,-0.3756767375401246,-0.5894311782016769,0.22544834484866538,0.8250241323152465,2.916621916771386,0.18319157915171239,0,4,0.8078367710113525,-0.9487742942622681,1.3918994108783167,-1.85746492962026,-1.5293648878680628,-0.21473914781679326,0.0,0.0,-0.0,-0.0,-0.0,0.0,1788854287.8241682
2769.3179999999998,-0.37568800512630024,-0.5894454166360982,0.22544461917958425,0.8250463381047879,2.916643878108986,0.1831531367675225,0,4,0.8078403472900391,-0.9487360876849671,1.391853157673971,-1.8574921093382777,-1.5293729940997522,-0.21472388902773076,0.0,0.0,-0.0,-0.0,-0.0,0.0,1788854287.9241734
2769.4179999999997,-0.37567017847448475,-0.5894384439638419,0.22542734173093987,0.825024168394699,2.916593996797808,0.18321831754621046,0,4,0.8078486919403076,-0.9487431806376954,1.3918994108783167,-1.8574682674803675,-1.529349152241842,-0.21472388902773076,0.0,0.0,-0.0,-0.0,-0.0,0.0,1788854288.02427
2769.518,-0.3756732639142847,-0.589460884695446,0.22544923088034302,0.8249698709761607,2.916676448904158,0.18312973265785373,0,4,0.8078714609146118,-0.9487325114062806,1.3918383757220667,-1.8574992618956507,-1.5293729940997522,-0.2147467772113245,0.0,0.0,-0.0,-0.0,-0.0,0.0,1788854288.124285
2769.618,-0.37565346558739937,-0.5894458330099525,0.22540963345742432,0.8250152846949896,2.9165713182641944,0.18324199339418845,0,4,0.8078714609146118,-0.9487277430346985,1.3919175306903284,-1.8574773273863734,-1.5293334166156214,-0.21470433870424444,0.0,0.0,-0.0,-0.0,-0.0,0.0,1788854288.2243342
2769.718,-0.37565383021011123,-0.5894528856650063,0.2254283224306874,0.8249764986863406,2.9166274702597024,0.18323515651440195,0,4,0.8078833818435669,-0.9487360876849671,1.3918846289264124,-1.8574615917601527,-1.5293691794024866,-0.21472388902773076,0.0,0.0,-0.0,-0.0,-0.0,0.0,1788854288.324299
2769.8179999999998,-0.37566538035425506,-0.5894369610921911,0.22542988146495319,0.8250197554616752,2.916599032600018,0.18321030655189985,0,4,0.8078522682189941,-0.94875522077594,1.391914192830221,-1.8574773273863734,-1.529349152241842,-0.21472388902773076,0.0,0.0,-0.0,-0.0,-0.0,0.0,1788854288.4243464
2769.9179999999997,-0.37568338118315203,-0.5894382465519559,0.22544411985032334,0.8250691599483765,2.9166323727461094,0.18314283501131184,0,4,0.8078367710113525,-0.94875522077594,1.3918879667865198,-1.8575111828246058,-1.5293644110309046,-0.21471149126161748,0.0,0.0,-0.0,-0.0,-0.0,0.0,1788854288.5243938
2770.018,-0.3756644121603355,-0.5894467563683102,0.22542702751874252,0.8250391963660988,2.916606708687889,0.18321018550036533,0,4,0.8078643083572388,-0.9487360876849671,1.3918913046466272,-1.8574806652464808,-1.5293572584735315,-0.2147000471698206,0.0,0.0,-0.0,-0.0,-0.0,0.0,1788854288.624391
2770.118,-0.375687227530875,-0.589444590673425,0.22545259828021202,0.8250193419150219,2.9166553664060055,0.18314012081656245,0,4,0.8078403472900391,-0.9487481278232117,1.391853157673971,-1.8574887714781703,-1.5293729940997522,-0.2147429625140589,0.0,0.0,-0.0,-0.0,-0.0,0.0,1788854288.7244608
2770.218,-0.37565622639845525,-0.5894487350430423,0.22545290719763716,0.8249824364203571,2.9166418163597787,0.183163148104258,0,4,0.8078750371932983,-0.9487742346576233,1.3918913046466272,-1.8574773273863734,-1.5293577353106897,-0.2147310415851038,0.0,0.0,-0.0,-0.0,-0.0,0.0,1788854288.8244684
2770.3179999999998,-0.3756596342213799,-0.589463704653387,0.22544980230271222,0.8250028713399365,2.9166553697329096,0.18313557092560862,0,4,0.8078869581222534,-0.9487431806376954,1.391853157673971,-1.857495447198385,-1.5293610731707972,-0.21470767656435186,0.0,0.0,-0.0,-0.0,-0.0,0.0,1788854288.9245625
2770.4179999999997,-0.3756751089036788,-0.5894481808257764,0.22545823448947178,0.8250422428167687,2.9166101637185324,0.1831530238913755,0,4,0.8078522682189941,-0.9487587970546265,1.3918498198138636,-1.8574496708311976,-1.529341999684469,-0.21471149126161748,0.0,0.0,-0.0,-0.0,-0.0,0.0,1788854289.0245569
2770.518,-0.3756623226347353,-0.5894457070869066,0.22545847841997363,0.8250287023258878,2.9166361307996205,0.1831242332400641,0,4,0.8078643083572388,-0.9487827581218262,1.3918960730182093,-1.8574987850584925,-1.529349152241842,-0.21471149126161748,0.0,0.0,-0.0,-0.0,-0.0,0.0,1788854289.1246374
2770.618,-0.37566445475783583,-0.5894480697156927,0.22544178639860377,0.8250090581323406,2.9166406532597495,0.18319155134870485,0,4,0.8078678846359253,-0.9487517041018982,1.391881291066305,-1.8574773273863734,-1.5293729940997522,-0.21472007433046514,0.0,0.0,-0.0,-0.0,-0.0,0.0,1788854289.2247424
2770.718,-0.3756685056738551,-0.5894473560543732,0.22544191487141957,0.8250041044989799,2.9166286370586145,0.18315234983142095,0,4,0.8078594207763672,-0.9487517041018982,1.3918846289264124,-1.857495447198385,-1.529349152241842,-0.2147310415851038,0.0,0.0,-0.0,-0.0,-0.0,0.0,1788854289.3247416
2770.8179999999998,-0.3756709401958526,-0.589440601313104,0.22542732705936988,0.8250221113273238,2.9166149711819482,0.1832142951513261,0,4,0.8078522682189941,-0.9487396043590088,1.3918960730182093,-1.8574806652464808,-1.5293644110309046,-0.21472388902773076,0.0,0.0,-0.0,-0.0,-0.0,0.0,1788854289.424781
2770.9179999999997,-0.3756727420533871,-0.5894429865003636,0.22542873107155317,0.8250709430678238,2.916617692161102,0.18317364114516493,0,4,0.8078522682189941,-0.9487396043590088,1.3918994108783167,-1.8575149975218714,-1.5293610731707972,-0.21469289461244756,0.0,0.0,-0.0,-0.0,-0.0,0.0,1788854289.5247269
2771.018,-0.37566247127010016,-0.5894500284583739,0.22543465783254996,0.8250078762260697,2.916625712856572,0.18321936257368093,0,4,0.8078714609146118,-0.9487396043590088,1.3918755690204065,-1.8574611149229945,-1.5293696562396448,-0.2147153059588831,0.0,0.0,-0.0,-0.0,-0.0,0.0,1788854289.6247654
