controller_time_s,tcp_x,tcp_y,tcp_z,tcp_rx,tcp_ry,tcp_rz,gripper_state,gripper_event_counter,actual_q_0,actual_q_1,actual_q_2,actual_q_3,actual_q_4,actual_q_5,actual_qd_0,actual_qd_1,actual_qd_2,actual_qd_3,actual_qd_4,actual_qd_5,host_receive_time_s
1095.1299999999999,-0.44794914736562497,-0.4779494246856656,0.33979288752807824,1.1351601244608092,2.893862928094596,-0.026797666995511366,0,0,0.609104335308075,-1.1708499950221558,1.4655221144305628,-1.8609196148314417,-1.5287378470050257,-0.21468955675234014,0.0,0.0,-0.0,0.0,0.0,-0.0,1789195785.1309166
1095.23,-0.4478957403595563,-0.4779356940335271,0.3396758968782119,1.1350219288891932,2.89376569826378,-0.02644858511554896,0,0,0.6091352701187134,-1.1708346468261261,1.465740982686178,-1.8608876667418421,-1.5287426153766077,-0.21472388902773076,0.00015178533794824034,0.0,0.00027730377041734755,0.0,-0.00019573114695958793,-0.0,1789195785.2186294
1095.33,-0.44788928580175885,-0.4779530979520486,0.3396775720285792,1.1349443548498406,2.893801863403261,-0.026472105265347785,0,0,0.6091626882553101,-1.1708192986300965,1.4657185713397425,-1.8608962498106898,-1.528738800679342,-0.21475106874574834,7.361860480159521e-05,0.0,-0.0,0.0,-6.399861013051122e-05,-0.0,1789195785.318479
1095.43,-0.4478855519059772,-0.4779422986154699,0.33966755669015025,1.1349823429752897,2.8938044625730126,-0.026445650313298576,0,0,0.6091557741165161,-1.1708346468261261,1.4657657782184046,-1.8609229526915492,-1.5287616888629358,-0.21473580995668584,0.0,0.0,-0.0,0.0,-0.0,-0.0,1789195785.4185016
1095.53,-0.44789397290516814,-0.47793259656824605,0.3397005058264442,1.1350198703450016,2.893816743973862,-0.02651660233432887,0,0,0.6091352701187134,-1.17086877048526,1.465740982686178,-1.8609158001341761,-1.5287578741656702,-0.21473580995668584,0.0,0.0,-0.0,0.0,-0.0,-0.0,1789195785.5184765
1095.6299999999999,-0.4479004027334308,-0.4779266112615544,0.3396886446029115,1.1350329425958376,2.8938190476946524,-0.02647733348539602,0,0,0.6091248989105225,-1.170856849556305,1.465750519429342,-1.8609196148314417,-1.5287774244891565,-0.21473914781679326,0.0,0.0,-0.00011721057671820745,0.0,-4.265507134953124e-30,-0.0,1789195785.6184773
1095.73,-0.4478806569097825,-0.4779478225215176,0.3396733198909156,1.134986071422465,2.893823420328873,-0.026445856819548523,0,0,0.6091696619987488,-1.1708380740932007,1.4657581488238733,-1.8609229526915492,-1.5287774244891565,-0.21472388902773076,0.0,0.0,-0.0,0.0,-0.0,-0.0,1789195785.718679
1095.83,-0.4478935654559477,-0.4779394404399775,0.33968810076443867,1.1350080438588392,2.893807538010933,-0.026495279764229832,0,0,0.609143853187561,-1.1708465677550812,1.4657371679889124,-1.8609158001341761,-1.5287545363055628,-0.21473247209657842,0.0,0.0,-0.0,0.0,-0.0,-0.0,1789195785.8184853
1095.93,-0.4478809477807795,-0.4779473623876539,0.3396769512609698,1.1349643416801445,2.8938384436500972,-0.026415423620239804,0,0,0.6091712713241577,-1.1708380740932007,1.4657447973834437,-1.8608962498106898,-1.5287931601153772,-0.21473914781679326,0.0,0.0,-0.0,0.0,-0.0,-0.0,1789195785.9182923
1096.03,-0.4479065862707145,-0.47792081054847635,0.33969188781278364,1.1350695291318542,2.8937796620609966,-0.026466725005678492,0,0,0.6091095209121704,-1.1708568793586274,1.4657371679889124,-1.8608876667418421,-1.5287616888629358,-0.21472388902773076,0.0,0.0,-0.0,0.0,-0.0,-0.0,1789195786.018283
1096.1299999999999,-0.44789014189096965,-0.47793320448894605,0.33969881211625963,1.1350084502138773,2.893837067241132,-0.026471404860424964,0,0,0.609143853187561,-1.1708688002875824,1.465740982686178,-1.8608995876707972,-1.5287860075580042,-0.21473914781679326,0.0,0.0,-0.0,0.0,-0.0,-0.0,1789195786.1183162
1096.23,-0.4479014972384953,-0.4779351817403231,0.3396472491267333,1.1350252820677442,2.8937572746294293,-0.026389205593235487,0,0,0.6091318130493164,-1.1708003145507355,1.4657581488238733,-1.8609034023680628,-1.5287578741656702,-0.21472388902773076,8.379733480978757e-05,0.0,-0.0,0.0,-0.0,-0.0,1789195786.2182863
1096.33,-0.4478904294127338,-0.4779407945778658,0.33968806736188756,1.134995791454311,2.8938188143342223,-0.026466051114822812,0,0,0.609150767326355,-1.1708465677550812,1.465733830128805,-1.8609000645079554,-1.5287697950946253,-0.21473580995668584,0.0,0.0,-0.0,0.0,-0.0,-0.0,1789195786.3182888
1096.43,-0.4478783400009828,-0.4779411898017508,0.33970365427653465,1.135007370329078,2.8938369123514076,-0.026505339396148006,0,0,0.6091626882553101,-1.170880840425827,1.465750519429342,-1.8609158001341761,-1.528773609791891,-0.21472055116762334,0.0,0.0,-0.0,0.0,-0.0,-0.0,1789195786.4182806
1096.53,-0.4478499412763178,-0.4779478033130397,0.33960712302552465,1.1349110693587585,2.8937158067012065,-0.026207304531309334,0,0,0.6091935634613037,-1.170810655956604,1.4658425490008753,-1.8608361683287562,-1.5287545363055628,-0.21472388902773076,0.00024260274949483573,0.0,0.0024987352080643177,0.0,-0.0,-0.0,1789195786.5182805
1096.6299999999999,-0.44755457063408144,-0.47801179342218136,0.33926221128026907,1.1342940482281787,2.893554218247918,-0.025257470118677117,0,0,0.6095425486564636,-1.1708175402930756,1.4665821234332483,-1.8608557186522425,-1.528773609791891,-0.21472055116762334,0.01449806708842516,7.395667489618063e-05,0.0008680696482770145,0.0,-1.7602466711554763e-39,-0.0,1789195786.618318
1096.73,-0.44541237447904325,-0.4799131547977241,0.3391479434876157,1.1279554121477575,2.89604257546778,-0.02466130301170159,0,0,0.6139252185821533,-1.1708534222892304,1.4668739477740687,-1.8608762226500453,-1.5289800802813929,-0.21472388902773076,0.09492655098438263,8.926313256703014e-40,0.00036132236709818244,0.0,-0.010033669881522655,-0.0,1789195786.718278
1096.83,-0.4370952487749788,-0.4874476044933583,0.33923460594227994,1.103139434921924,2.906028161792463,-0.024039609861191375,0,0,0.631133496761322,-1.1710125368884583,1.4669211546527308,-1.8609668217101039,-1.5294974485980433,-0.21472055116762334,0.21798627078533173,-0.0032587104942649603,-0.0,0.0,-0.0003257566422689706,-0.0,1789195786.8182852
1096.93,-0.42626197280804823,-0.4962868628034903,0.34120102191195134,1.072709089742589,2.9190889977195584,-0.0277214457705715,0,0,0.6523310542106628,-1.1740368467620392,1.4668992201434534,-1.8611637554564417,-1.5295441786395472,-0.2147429625140589,0.21477678418159485,-0.053217433393001556,-0.0,-0.00040785103919915855,-8.341721695614979e-05,-0.0,1789195786.9182942
1097.03,-0.41352584426763006,-0.5051488464054038,0.3461554922679715,1.0398761083267332,2.9349975851340897,-0.03740672621905974,0,0,0.6755399703979492,-1.1818336707404633,1.466968838368551,-1.8611909351744593,-1.5295923391925257,-0.21472055116762334,0.2496170699596405,-0.09824294596910477,0.001147957518696785,-0.00013780634617432952,-0.00026963898562826216,-0.0,1789195787.018291
1097.1299999999999,-0.39770138667302574,-0.5149072073993329,0.35359292531990605,1.0006946526708926,2.954292582409364,-0.05235006099058124,0,0,0.7031518816947937,-1.1936613780311127,1.467172924672262,-1.8611356220641078,-1.529581371937887,-0.21472388902773076,0.2964881956577301,-0.12779296934604645,0.0028312583453953266,-6.054810364730656e-05,-0.000199284462723881,-0.0,1789195787.118287
1097.23,-0.37948132541772706,-0.5251800768080259,0.3617886728224736,0.9560106523861419,2.9749408503548835,-0.06909039019911223,0,0,0.7342453002929688,-1.2070413690856476,1.46779710451235,-1.8611279926695765,-1.5296438376056116,-0.2147429625140589,0.32428258657455444,-0.13314804434776306,0.013729942962527275,-0.0,-0.00012433771917130798,-0.0,1789195787.2182932
1097.33,-0.3587066182459976,-0.5359298830554459,0.3694085156578831,0.9050557125618919,2.995473486134428,-0.08463901548480976,0,0,0.7691218852996826,-1.2205392581275483,1.4696815649615687,-1.861107965508932,-1.52958852449526,-0.21469289461244756,0.3521537482738495,-0.13828186690807343,0.022097958251833916,-0.0,-0.00012506652274169028,-0.0,1789195787.3182812
1097.43,-0.3373918027290832,-0.5454402096619996,0.37690971181042865,0.8537082124071127,3.014541543121967,-0.09997017474880478,0,0,0.803818941116333,-1.2349040371230622,1.472839657460348,-1.8611279926695765,-1.52956468263735,-0.21470767656435186,0.33593618869781494,-0.14448308944702148,0.046937890350818634,-0.0,-5.6632787841598255e-25,-5.079569811507743e-29,1789195787.4182832
1097.53,-0.3163026396653867,-0.5531979064825784,0.3817875954058582,0.8037915183971767,3.029776312024171,-0.10848945413378867,0,0,0.836993396282196,-1.2482443016818543,1.479929272328512,-1.8610831699767054,-1.5295732657061976,-0.21473580995668584,0.31507980823516846,-0.11820938438177109,0.08259371668100357,0.00013062859943602234,-0.0,-0.0,1789195787.5182953
1097.6299999999999,-0.29705227632662745,-0.5591234562800362,0.38370399211529815,0.758626711750264,3.040664617243305,-0.10981478297602194,0,0,0.8666263222694397,-1.2590968769839783,1.4898203055011194,-1.8611260853209437,-1.5294936339007776,-0.2147463003741663,0.267645001411438,-0.10598023235797882,0.1171911358833313,5.8987749071093276e-05,-9.675405376777132e-41,-0.0,1789195787.6182795
1097.73,-0.27979123088911895,-0.5619702459330822,0.382787587890151,0.7208270910487341,3.0470259023523587,-0.10277990540453753,0,0,0.8911791443824768,-1.270428256397583,1.5060256163226526,-1.8611585102477015,-1.5294926802264612,-0.21472055116762334,0.22075358033180237,-0.12634974718093872,0.21569415926933289,-0.0001466449029976502,-0.0,-0.0,1789195787.718258
1097.83,-0.2644290741867667,-0.5609365458303797,0.3792685088182396,0.6915545600965843,3.048885986075197,-0.08720758307233471,0,0,0.9099063873291016,-1.2846039694598694,1.5310457388507288,-1.8611823521056117,-1.529468838368551,-0.2147277037249964,0.14965645968914032,-0.1579199731349945,0.2854878902435303,-0.00020806404063478112,8.092758798738942e-05,-0.0,1789195787.818263
1097.93,-0.2523309498287833,-0.5568859988025325,0.37312838340977894,0.6725320792969276,3.046420149633979,-0.06411267031346292,0,0,0.9217916131019592,-1.2988387209228058,1.5614636580096644,-1.8612667522826136,-1.5294726530658167,-0.21472388902773076,0.08887287974357605,-0.12931203842163086,0.323626309633255,-0.0031804926693439484,0.0,-0.0,1789195787.9182744
1098.03,-0.24319025344037498,-0.550626552139267,0.3638950125249357,0.6622199448705471,3.0397284185573676,-0.0333867982689548,0,0,0.9277642965316772,-1.3114919525435944,1.5964987913714808,-1.862063547173971,-1.5293968359576624,-0.21473437944521123,0.03615482151508331,-0.1312272548675537,0.38127851486206055,-0.026027729734778404,0.0010450608097016811,-0.0,1789195788.018216
1098.1299999999999,-0.2363595481952472,-0.5420740910578575,0.3531580718522235,0.6600212844421244,3.0305508712186056,-0.0014772558811310928,0,0,0.9283372163772583,-1.3249306392720719,1.6363781134234827,-1.8658625088133753,-1.5292447249041956,-0.21473580995668584,-0.0006686975830234587,-0.14336171746253967,0.4190557897090912,-0.04338179528713226,0.0007814010605216026,-0.0,1789195788.1183012
1098.23,-0.22924479370795436,-0.5326232456439445,0.34193970968572995,0.6587192414487656,3.0223607976901716,0.025830580087832188,0,0,0.9283970594406128,-1.339834214454033,1.6804044882403772,-1.8755341968932093,-1.5292122999774378,-0.21473914781679326,0.0002572231460362673,-0.14481648802757263,0.45842817425727844,-0.18022099137306213,0.00038676525582559407,-0.0,1789195788.2182605
1098.33,-0.2230217903503409,-0.5245927298393442,0.3305515280673479,0.6579613823128427,3.0210458064477055,0.030271941885491142,0,0,0.9286878108978271,-1.3523540061763306,1.7262967268573206,-1.905710359612936,-1.5291765371905726,-0.21471673647035772,0.006051114294677973,-0.09612227231264114,0.45439642667770386,-0.41887420415878296,0.00030909531051293015,-0.0,1789195788.3186684
1098.43,-0.21936343394340677,-0.5202191597661219,0.31833593338446287,0.6579221493514716,3.028851259790431,0.0046622510269366535,0,0,0.929202675819397,-1.3560172331384202,1.7694500128375452,-1.963393350640768,-1.529114071522848,-0.21473580995668584,0.005048234947025776,0.0013121040537953377,0.40874239802360535,-0.6796270608901978,7.779093721183017e-05,-0.0,1789195788.4182708
1098.53,-0.21697956321875916,-0.5173136229202752,0.3069747355082313,0.6588054897291858,3.0405196290470053,-0.03548325106487281,0,0,0.9294661283493042,-1.3559797716191788,1.809206787739889,-2.0315824947752894,-1.5291369597064417,-0.21470433870424444,0.004591721575707197,-7.494885358028114e-05,0.3716088533401489,-0.6418810486793518,0.00013924355152994394,-0.0,1789195788.518239
1098.6299999999999,-0.21431470411674203,-0.5144758973381192,0.29742682961705563,0.6585504127575434,3.0498420264809036,-0.06911248957054392,0,0,0.9301998615264893,-1.3559283328107377,1.8432887236224573,-2.0892754993834437,-1.529001537953512,-0.21472388902773076,0.022717831656336784,0.0003218152851331979,0.30148282647132874,-0.49844685196876526,0.00850129034370184,-0.0,1789195788.6182563
1098.73,-0.2117064989322591,-0.5123440188213534,0.29065714567775014,0.6568377000272796,3.055640094425654,-0.09050959716443109,0,0,0.9316331148147583,-1.3558121484569092,1.8672593275653284,-2.128204484979147,-1.5287330786334437,-0.21470767656435186,0.019216062501072884,0.0012652560835704207,0.17076747119426727,-0.19347718358039856,0.0001401739864377305,-0.0,1789195788.718253
1098.83,-0.20822894375052484,-0.510635245004373,0.2858386386239655,0.6513442670918708,3.0539643970086296,-0.08040792022884953,0,0,0.9349325895309448,-1.3557933580926438,1.87921649614443,-2.133134504357809,-1.5286887327777308,-0.2147429625140589,0.0509038008749485,6.785548612242565e-05,0.08565811812877655,-0.0002794773899950087,0.0005796217010356486,-0.0,1789195788.8182344
1098.93,-0.2039702347891,-0.510784496799067,0.2834619656419281,0.6410312285732597,3.05333084281506,-0.07299248946039552,0,0,0.9414167404174805,-1.3556651634028931,1.8844268957721155,-2.1330987415709437,-1.528078858052389,-0.21473580995668584,0.08016440272331238,0.005386668723076582,0.01764780841767788,-8.68429196998477e-05,0.0003640844952315092,-0.0,1789195788.9182446
1099.03,-0.1993501927152449,-0.5126317210720361,0.2830957205949162,0.6271198740810268,3.0557500408578178,-0.07177405370160092,0,0,0.9504784345626831,-1.3550958794406434,1.8845623175250452,-2.133071085015768,-1.5281031767474573,-0.21473580995668584,0.08606281876564026,0.0009876118274405599,0.00010631598706822842,-9.262582849187041e-43,7.215338700916618e-05,-0.0,1789195789.0182626
1099.1299999999999,-0.19570570390095707,-0.514138824175039,0.28258188604301726,0.6160656965069227,3.0574724632694252,-0.07018470245960201,0,0,0.9576947689056396,-1.3541589689305802,1.8845823446856897,-2.1330186329283656,-1.5281270186053675,-0.21470433870424444,0.050944603979587555,0.02182946167886257,2.6273315967273447e-08,-0.0,8.3046080394068e-31,-0.0,1789195789.1182454
1099.23,-0.19475790992950986,-0.5151919443058851,0.2796401921314592,0.6118334825367836,3.056183743454976,-0.062267898379805946,0,0,0.9602768421173096,-1.3486133080771943,1.8845508734332483,-2.1330491505064906,-1.5281198660479944,-0.21472055116762334,0.00340261310338974,0.0963362455368042,1.9227967657610206e-15,0.00012279899965506047,0.0,-0.0,1789195789.2182457
1099.33,-0.1956096728209047,-0.5164275604426103,0.2725340918205711,0.6112061895528947,3.0511992484089774,-0.043208628762037495,0,0,0.9602852463722229,-1.3353287738612671,1.8845585028277796,-2.1330424747862757,-1.5281232039081019,-0.21472055116762334,0.00014458953228313476,0.15777631103992462,-0.0,2.7992932416509575e-09,0.0,-0.0,1789195789.3182273
1099.43,-0.19639711343760208,-0.518009579722306,0.26361573481506095,0.6096786071739658,3.04504285689488,-0.019872526446955287,0,0,0.9607544541358948,-1.3185927432826539,1.8845070044146937,-2.1333848438658656,-1.5281065146075647,-0.21473247209657842,0.009956258349120617,0.16750562191009521,-0.00013441318878903985,-0.01179722510278225,6.408847064154344e-11,-0.0,1789195789.4182217
1099.53,-0.19691295649366516,-0.5199365991836336,0.25632243882572747,0.6072927960509116,3.0420568996806083,-0.007889604493029705,0,0,0.9619858264923096,-1.3039190632155915,1.8845542112933558,-2.139681955377096,-1.528027359639303,-0.21475106874574834,0.015064536593854427,0.11549441516399384,-8.624957990832627e-05,-0.11303901672363281,0.0003423171874601394,-0.0,1789195789.5182195
1099.6299999999999,-0.19632784057849983,-0.5220357934019715,0.2521359052155532,0.6025162053467429,3.042964161144734,-0.007512173317627518,0,0,0.9650850296020508,-1.2944464844516297,1.8845141569720667,-2.1489349804320277,-1.5280635992633265,-0.21473914781679326,0.05612058937549591,0.08539528399705887,-0.0,-0.01647949405014515,7.636165537405759e-05,-0.0,1789195789.6182127
1099.73,-0.19248971626491426,-0.5242159925121362,0.24761321610921908,0.589762196189082,3.0420591804042605,0.004664484486101632,0,0,0.9731996655464172,-1.286090926533081,1.8845036665545862,-2.148898263970846,-1.5280469099627894,-0.21473914781679326,0.10368097573518753,0.08707709610462189,-0.0,-0.00011184300819877535,5.914449584969548e-27,-0.0,1789195789.7182095
1099.83,-0.18685195040751884,-0.5269190267360564,0.24327385333558138,0.5720448047181425,3.042253471005461,0.01647864162487222,0,0,0.9846106171607971,-1.2781131130507966,1.8845370451556605,-2.148891111413473,-1.5280635992633265,-0.21473580995668584,0.11286704987287521,0.06954681128263474,-0.0,-3.897528594353286e-14,0.0,-0.0,1789195789.818234
1099.93,-0.18342372360392986,-0.5285402678471253,0.24057976155453026,0.5612980779085256,3.0423405821985003,0.02379654899412992,0,0,0.9915347695350647,-1.2731195849231263,1.884503189717428,-2.148905416528219,-1.5281065146075647,-0.21473914781679326,0.017628138884902,0.021904276683926582,-0.0,-5.822669429944582e-11,0.0,-0.0,1789195789.9182153
1100.03,-0.18360013057568833,-0.5285273082573981,0.24031915439307305,0.5617343263305205,3.042063990973156,0.02446048058791205,0,0,0.9912488460540771,-1.2726203960231324,1.8844783941852015,-2.148905416528219,-1.5281041304217737,-0.21472388902773076,-0.002667688997462392,0.00023544220312032849,-5.088284160592593e-05,-5.742757926243571e-39,3.216540495011185e-41,-0.0,1789195790.0181746
1100.1299999999999,-0.18379176239376327,-0.5284487783364763,0.2401721933994433,0.5622820006630239,3.041888911470453,0.025019132274293872,0,0,0.990889310836792,-1.2724050146392365,1.8845256010638636,-2.148801466027731,-1.528187100087301,-0.21472055116762334,-0.004596731159836054,0.006219928618520498,-1.1507025768719198e-28,0.00023506014258600771,0.0,-0.0,1789195790.1181781
1100.23,-0.18402673170774292,-0.5285076055100183,0.23924128267534978,0.5626605766813721,3.0411551730474966,0.027494188807023433,0,0,0.9905930161476135,-1.2706776422313233,1.884503189717428,-2.1487776241698207,-1.5282300154315394,-0.21472055116762334,-0.003981000743806362,0.03484949842095375,-0.0,0.0001803397317416966,-9.635435708332807e-05,-0.0,1789195790.2182186
1100.33,-0.18428265621347523,-0.5288595938759381,0.2362248513842268,0.5624825234597095,3.0389370627139916,0.03532022174597582,0,0,0.9905486106872559,-1.2651023131660004,1.8844860235797327,-2.1488286457457484,-1.528226677571432,-0.21471673647035772,-6.525753583883943e-17,0.07503974437713623,-0.0,7.897521572886035e-05,-4.627950366681288e-12,-0.0,1789195790.318218
1100.43,-0.18469695647220494,-0.5294189443063849,0.23106082233636527,0.5621658074561674,3.035057027125972,0.04872651168903509,0,0,0.9904612302780151,-1.2555866700461884,1.884470287953512,-2.14886536220693,-1.5281956831561487,-0.21472055116762334,-0.0011634478578343987,0.10830558091402054,-0.00023023209359962493,2.4193198775512078e-27,-0.0,-0.0,1789195790.4181983
1100.53,-0.18565615816835346,-0.5297471520244144,0.22625370220741553,0.5635186589665643,3.0311441996928665,0.06093039994492904,0,0,0.9893087148666382,-1.2466435891440888,1.8843596617328089,-2.149037023583883,-1.5281832853900355,-0.21470433870424444,-0.013070959597826004,0.053795795887708664,-0.000538877269718796,-0.0019793431274592876,-0.0,-0.0,1789195790.5181923
1100.6299999999999,-0.18642227158446883,-0.5296477217642506,0.22528596672059398,0.5653401207403537,3.0301428402445665,0.06312975354498801,0,0,0.988038182258606,-1.244774655704834,1.8842843214618128,-2.1492487392821253,-1.5282180945025843,-0.21472055116762334,-0.021914042532444,-0.0016550306463614106,-0.00022115006868261844,-0.003369150450453162,-0.0,-0.0,1789195790.6181839
1100.73,-0.18828241261180825,-0.5292566868396297,0.22553815195806648,0.570319809731511,3.0301295872354013,0.05966558028111701,0,0,0.9847915172576904,-1.2447986763766785,1.8842151800738733,-2.1514984569945277,-1.5282061735736292,-0.21473580995668584,-0.042051225900650024,1.6839879890540033e-06,-4.113672548555769e-05,-0.01093138288706541,-0.0,-0.0,1789195790.7181883
1100.83,-0.19091583132364487,-0.5283152023674212,0.22551215869477656,0.5778176603583943,3.028610904995244,0.05945853044482311,0,0,0.9798142910003662,-1.2447541517070313,1.8842304388629358,-2.151546617547506,-1.5282071272479456,-0.21475106874574834,-0.042948637157678604,0.0003140585031360388,-0.0,-0.0001646773307584226,-0.0,-0.0,1789195790.8181915
1100.93,-0.19146655522719858,-0.528115553791778,0.2254803801725096,0.5794272669848838,3.028279235345241,0.059602815577992574,0,0,0.9787799119949341,-1.2446977657130738,1.8842161337481897,-2.1514750919737757,-1.5282538572894495,-0.21472055116762334,0.006567970383912325,0.0004143478872720152,-0.0,-5.0330386771018075e-24,-0.0,-0.0,1789195790.9181778
1101.03,-0.19125769359144607,-0.5281957894633352,0.22537928158562687,0.5788190050780534,3.0282739965310004,0.05988868680159149,0,0,0.9791720509529114,-1.2445268493941803,1.8842304388629358,-2.1514512501158656,-1.5282109419452112,-0.21472055116762334,0.0004811089893337339,0.0006335230427794158,-0.0,-0.0,-0.0,-0.0,1789195791.0181813
1101.1299999999999,-0.19119433167065125,-0.5282416979120272,0.22529578718330887,0.5785633412135192,3.0283213409590033,0.06012445380699,0,0,0.979326069355011,-1.244347171192505,1.8841965834247034,-2.1514603100218714,-1.5282695929156702,-0.21473580995668584,0.004398392979055643,0.0025213859044015408,-0.0,-0.0,-0.0,-0.0,1789195791.1181755
1101.23,-0.19078120833174392,-0.5284188688330062,0.225192673209851,0.5773111422701733,3.028494527817471,0.06035737417362775,0,0,0.9801327586174011,-1.2441317600062867,1.8841713110553187,-2.1515022716917933,-1.528250519429342,-0.21475106874574834,0.014239889569580555,0.0004528608114924282,-0.0006352138589136302,-0.0,-4.1181359269577724e-41,-0.0,1789195791.2181802
1101.33,-0.18989357713705587,-0.5287284348990686,0.22517327668649662,0.5748128094919973,3.028967437000451,0.06048857844912452,0,0,0.9817988872528076,-1.244119868879654,1.8842023054706019,-2.151498933831686,-1.5282347838031214,-0.21473580995668584,0.017532235011458397,0.00010366494097979739,-0.00014165388711262494,-0.0,-0.0,-0.0,1789195791.3183434
1101.43,-0.18932885446366665,-0.5289438624951603,0.22514358807628798,0.5731981710156724,3.029293969876884,0.06059763539820272,0,0,0.9828827381134033,-1.24404792607341,1.8841827551471155,-2.151516099969381,-1.528250519429342,-0.21472055116762334,0.0026089076418429613,0.002600540639832616,-6.604107329621911e-05,-0.0,-0.0,-0.0,1789195791.4181786
1101.53,-0.18937449626315983,-0.5290135175918185,0.22438644358443516,0.573117184880369,3.0287251581539953,0.06263612264827179,0,0,0.9828878045082092,-1.2426605385592957,1.8841713110553187,-2.1514603100218714,-1.5282781759845179,-0.21472388902773076,0.0001124684713431634,0.02427874505519867,-6.025583396596713e-44,-0.0,-0.0,-0.0,1789195791.5181727
1101.6299999999999,-0.18946432759565854,-0.5291982941632185,0.2226132343825062,0.5728630470200271,3.027376758153461,0.06714844502364266,0,0,0.9829306602478027,-1.2393882435611268,1.8841536680804651,-2.1515056095519007,-1.528250519429342,-0.21473914781679326,0.00026234364486299455,0.04879454895853996,-8.891854668036103e-05,-0.0,-0.0,-0.0,1789195791.6181664
1101.73,-0.1896148102153976,-0.5294386043025866,0.21996344816751928,0.5725977139505144,3.025346055539443,0.07400126146838161,0,0,0.9829425811767578,-1.2345298689654847,1.8841498533831995,-2.1515022716917933,-1.5282586256610315,-0.21473914781679326,9.464885806664824e-05,0.04269532859325409,-1.5836521005153925e-13,-0.0,-0.0,-0.0,1789195791.7181635
1101.83,-0.18969021316478293,-0.5295652513850422,0.21849757387182933,0.5724764876269163,3.02422112881087,0.0777560944934754,0,0,0.9829545021057129,-1.231851266031601,1.8841660658465784,-2.1515332661070765,-1.528261963521139,-0.21471673647035772,0.0002824798284564167,0.01160680316388607,-0.0,0.0,-0.0,-0.0,1789195791.818179
1101.93,-0.18966703800085838,-0.5296167692681774,0.21829466909698653,0.5723001467443029,3.0240827795674683,0.07825546451461994,0,0,0.9830384254455566,-1.231439546947815,1.884111229573385,-2.151529451409811,-1.528243366871969,-0.21473580995668584,0.00186781189404428,0.001323497504927218,-7.338514842558652e-05,0.0,-0.0,-0.0,1789195791.918166
1102.03,-0.1894861900027336,-0.5296639287984365,0.2182297208711792,0.5718020509091815,3.0241382199455007,0.07849041498209793,0,0,0.9833653569221497,-1.231364206676819,1.8841660658465784,-2.1515122852721156,-1.528261963521139,-0.21473580995668584,0.000621870975010097,0.00034909709938801825,-2.755314386607127e-20,0.0,-0.0,-0.0,1789195792.0181458
1102.1299999999999,-0.18952454998904908,-0.5296465058381189,0.2182368649679523,0.5719013353907508,3.0241428236570305,0.0785916007620415,0,0,0.983298659324646,-1.231376127605774,1.8841446081744593,-2.1514274082579554,-1.528313461934225,-0.21473914781679326,-5.087755198474042e-05,1.8313536202185787e-05,0.00018605153309181333,0.00027065060567110777,-0.00013793523248750716,-0.0,1789195792.1181574
1102.23,-0.18951476461725292,-0.5296311042438405,0.2182121400351521,0.5719257689659359,3.024106076845656,0.0786436281077882,0,0,0.983295202255249,-1.2313725513270875,1.8842061201678675,-2.1514493427672328,-1.5282986799823206,-0.21472388902773076,-1.1736853007514003e-28,3.4938237671597514e-35,7.278921111719683e-05,0.0001240192650584504,-8.728419925319031e-05,-0.0,1789195792.2181706
1102.33,-0.18948128666125008,-0.5296330099027944,0.21820805423240247,0.5717989768601165,3.024125292817594,0.07873514771740599,0,0,0.9833518862724304,-1.2313808363727112,1.8842147032367151,-2.1513945064940394,-1.5283187071429651,-0.21475106874574834,0.0,0.0,-0.0,0.00014609783829655498,-1.1694437549945534e-18,-0.0,1789195792.3181794
1102.43,-0.18953014583703287,-0.5296240970982384,0.21821938840404728,0.5719273090310116,3.024112767182399,0.07867422514070799,0,0,0.9832677245140076,-1.2313844424537201,1.8841951529132288,-2.15141024212026,-1.5283153692828577,-0.21475106874574834,0.0,0.0,2.4520810321442994e-33,0.00013467688404489309,-0.0,-0.0,1789195792.4181678
1102.53,-0.1895048993179264,-0.5296256748450823,0.21822829807735322,0.5718867613729031,3.024106020389771,0.07868085796620572,0,0,0.9833055138587952,-1.2314119797996064,1.8842042128192347,-2.1513830624022425,-1.5283024946795862,-0.21473914781679326,0.0,0.0,-0.0,7.991716847755015e-05,-0.0,-0.0,1789195792.518161
1102.6299999999999,-0.18950427940170622,-0.5296107455666096,0.2182052322997793,0.5719255500211579,3.0240766657861666,0.07879903613311463,0,0,0.9832936525344849,-1.2314000886729737,1.8842375914203089,-2.1513501606383265,-1.5283153692828577,-0.21472388902773076,0.0,0.0,1.4715561708882145e-18,0.0003068826626986265,-1.1471029228962953e-41,-0.0,1789195792.618143
1102.73,-0.18950583296006468,-0.5296263508397077,0.21820690477795435,0.5719107550571205,3.024084348438979,0.07878565100790023,0,0,0.9833071231842041,-1.2313725513270875,1.8841951529132288,-2.1513453922667445,-1.5283153692828577,-0.21472055116762334,5.443225018098019e-05,0.0,-0.0,0.00010726128675742075,-6.713382754242048e-05,-0.0,1789195792.7181475
1102.83,-0.18947872171450342,-0.5296446507711069,0.21822659769333652,0.5717672945668035,3.0241500120153892,0.07873686125182125,0,0,0.9833707213401794,-1.231388048534729,1.884167496358053,-2.151346822778219,-1.5283353964435022,-0.21475488344301397,0.001106467330828309,0.0,6.492017717475407e-26,8.300732474708639e-07,-6.122386548668146e-05,-0.0,1789195792.8181396
1102.93,-0.18935464527469825,-0.5296963742319782,0.2182413097094369,0.571486251706324,3.0242431847397735,0.07867115715101762,0,0,0.9836137294769287,-1.2314000886729737,1.884155575429098,-2.1513830624022425,-1.5283425490008753,-0.214701000844137,0.005721531342715025,0.0,-8.886831346899271e-05,0.0,-4.624284932271896e-44,-0.0,1789195792.9181435
1103.03,-0.18917766961867954,-0.5297630916198093,0.21824926071781023,0.5709323920746432,3.0243528516455394,0.07865102160598354,0,0,0.9839491844177246,-1.2314073008349915,1.884146515523092,-2.15138640026235,-1.5283306280719202,-0.21473247209657842,0.0028103410732001066,0.0,-7.053822628222406e-05,0.0,-5.417461245838227e-24,-0.0,1789195793.0181215
1103.1299999999999,-0.18891050575803117,-0.5298611450350871,0.218240115588747,0.5701676363918148,3.0245077290938727,0.07868215440471374,0,0,0.9844561815261841,-1.231388048534729,1.884146515523092,-2.1514011822142542,-1.5283306280719202,-0.21473247209657842,0.005731766112148762,0.0,-6.185381062095985e-05,0.0,-0.0,-0.0,1789195793.1181257
1103.23,-0.18887227836177178,-0.5298595024220009,0.2182130473809583,0.5700634108398421,3.0245146524132704,0.07882870290439427,0,0,0.9845178127288818,-1.2313689154437562,1.8841784636126917,-2.1513620815672816,-1.5283578077899378,-0.21473914781679326,0.00011812810407718644,0.0,1.015567613649182e-05,0.0,-0.0,-0.0,1789195793.2181475
1103.33,-0.18886360580819145,-0.5298832282645196,0.21824010710624092,0.5700182601406724,3.024541966885956,0.07871764588534198,0,0,0.9845523238182068,-1.231376127605774,1.8841241041766565,-2.1513740024962367,-1.5283425490008753,-0.21473580995668584,6.129844405222684e-05,0.0,-0.0,0.0,-0.0,-0.0,1789195793.318097
1103.43,-0.18869848558784716,-0.529962134881228,0.21828002029259413,0.5695240429260373,3.0247014234963285,0.07854504634333662,0,0,0.9848842620849609,-1.2314073008349915,1.8840811888324183,-2.1514340839781703,-1.5283425490008753,-0.21473580995668584,0.00999752338975668,0.0,-0.003122615395113826,-0.00024474537349306047,-0.0,-0.0,1789195793.418121
1103.53,-0.18793583575711373,-0.5306601013646974,0.21873526931769227,0.5668038494474918,3.0257718358257906,0.07702828704429923,0,0,0.9867573976516724,-1.2313570541194458,1.8828890959369105,-2.151442667047018,-1.5283578077899378,-0.21470433870424444,0.02476326748728752,0.0,-0.012015612795948982,-0.00010436970478622243,-0.0,-0.0,1789195793.5181038
1103.6299999999999,-0.1867949723933195,-0.5314518264020734,0.2192024177402913,0.5629561240633624,3.0270271478259954,0.07553594603341764,0,0,0.989295244216919,-1.2313952308944245,1.8817856947528284,-2.1514393291869105,-1.5283425490008753,-0.21475106874574834,0.02137972041964531,0.0,-0.007916554808616638,-3.6980420365454e-18,-0.0,-0.0,1789195793.6180875
1103.73,-0.18638059568082288,-0.5321081210656468,0.21974604993103516,0.5611195851582557,3.0279998585397743,0.07367505803690148,0,0,0.9905896186828613,-1.2313282054713746,1.8803547064410608,-2.1514460049071253,-1.5283544699298304,-0.21471673647035772,0.0056251953355968,0.0013707190519198775,-0.019336320459842682,-0.0,-3.1956395843827317e-29,-0.0,1789195793.7180936
1103.83,-0.1869312718269444,-0.5330252521942969,0.22095881865190697,0.5611037299934569,3.029339655340719,0.06947206879137392,0,0,0.990676999092102,-1.2312216621688385,1.8772161642657679,-2.1514188251891078,-1.5284064451800745,-0.21473580995668584,0.00017144097364507616,0.0011600645957514644,-0.03020644187927246,-0.0,-0.0005047479062341154,-0.0,1789195793.818094
1103.93,-0.18717576154000867,-0.5333935885259586,0.2214805064159036,0.5611949002788813,3.0298961321535325,0.06766648365097828,0,0,0.990676999092102,-1.2312169534019013,1.8759282271014612,-2.151425977746481,-1.5284302870379847,-0.21471673647035772,8.300028275698423e-05,0.0,-0.00023091849288903177,-0.0,-0.00020456049242056906,-0.0,1789195793.9181345
1104.03,-0.1871653223036646,-0.5333733096853522,0.2214656327693884,0.5611726692348451,3.029844198936999,0.0677648341604582,0,0,0.990668535232544,-1.2312360566905518,1.8759797255145472,-2.1513778171935023,-1.528407398854391,-0.21473580995668584,0.0,9.528872760711238e-05,0.00025648827431723475,-0.0,-0.00012456058175303042,-0.0,1789195794.0181103
1104.1299999999999,-0.18717052636980858,-0.533350173645273,0.22141866252662656,0.5612103641721776,3.0297952431956783,0.06797109785389213,1,1,0.9906409382820129,-1.2311965984157105,1.876030747090475,-2.151329656640524,-1.528426472340719,-0.21473580995668584,0.0,0.00013531450531445444,0.00015469211211893708,0.0001598987728357315,-0.00010105412366101518,-0.0,1789195794.118082
1104.23,-0.18716979193175112,-0.5333230709127984,0.22137551050748677,0.5612411027584975,3.0297363896139786,0.06818847237955684,1,1,0.9906171560287476,-1.2311739188483735,1.8760908285724085,-2.1512628994383753,-1.5284383932696741,-0.21473580995668584,-0.0001640643458813429,6.486003258032724e-05,0.0004106645646970719,0.0008089691400527954,-9.389394836034626e-05,-0.0,1789195794.2180815
1104.33,-0.18718152309141758,-0.5332999269730369,0.2213687157586804,0.5613133258885781,3.0297112954816656,0.06832450434228289,1,1,0.9905811548233032,-1.2311930817416687,1.8761146704303187,-2.151182313958639,-1.5284655729876917,-0.21472388902773076,-0.00014666149218101054,4.723979318615665e-14,0.00033442763378843665,0.0016498810146003962,-9.239961218554527e-05,-0.0,1789195794.3183002
1104.43,-0.18717079211234178,-0.5332862911271105,0.22135448877922376,0.5612863160780963,3.0296999349377263,0.06842346327250742,1,1,0.9905861616134644,-1.231200174694397,1.876150910054342,-2.151146551171774,-1.528477970753805,-0.21473580995668584,-9.329768363386393e-05,9.780861000763252e-05,0.0001579278614372015,0.0002742395445238799,-8.595610415795818e-05,-0.0,1789195794.418071
1104.53,-0.18717523206219927,-0.5332714234134036,0.22135174808677072,0.5613243673325934,3.029663937003801,0.06847132356569893,1,1,0.9905623197555542,-1.23121930778537,1.8761757055865687,-2.151112218896383,-1.5284655729876917,-0.21473247209657842,-6.652041657291988e-29,1.6557107119538258e-31,0.000111321423901245,0.00010602323163766414,-8.258047527004106e-19,-0.0,1789195794.5180845
1104.6299999999999,-0.18715862117269608,-0.5332815966035672,0.22134599413025252,0.5612904777855106,3.029670563718745,0.06844927545565475,1,1,0.9905964732170105,-1.2312037509730835,1.8761757055865687,-2.1511417828001917,-1.5284584204303187,-0.21472055116762334,-5.299409895087592e-05,7.996136730270796e-29,8.180819713743404e-05,7.698747140238993e-06,-0.0,-0.0,1789195794.618072
1104.73,-0.1871683382619997,-0.5332661999786499,0.2213268307551577,0.561327471020543,3.029666354696419,0.06856751379296411,1,1,0.9905726909637451,-1.2311918598464509,1.8761985937701624,-2.151107450524801,-1.5284937063800257,-0.21472055116762334,0.0,0.00012665489339269698,0.0001590486353961751,7.531909068347886e-05,-0.0,-0.0,1789195794.7180626
1104.83,-0.18716948953406418,-0.5332702040899584,0.22130192485115213,0.5612749985153636,3.02962932717354,0.06860238900461535,1,1,0.9905691742897034,-1.2311450403979798,1.8761985937701624,-2.151114603082174,-1.5284622351275843,-0.21475488344301397,-1.0345448198959798e-31,0.00011916770017705858,8.662792242830619e-05,6.684750405838713e-05,-0.0,-0.0,1789195794.8180838
1104.93,-0.1871738849567223,-0.5332472218631525,0.2212652190102912,0.5613457523432095,3.0295667624753606,0.06880960037049279,1,1,0.9905416965484619,-1.2311211091331025,1.8762386480914515,-2.151036878625387,-1.5284741560565394,-0.21473247209657842,-5.309013431542553e-05,0.0002500860136933625,0.0001721788285067305,7.660642586415634e-05,-0.0,-0.0,1789195794.9180782
1105.03,-0.18715338098679904,-0.5332385318428925,0.22122911824550315,0.5612740576439167,3.0295475303366786,0.06891722462150422,1,1,0.990564227104187,-1.231092558508255,1.8762896696673792,-2.1510402164854945,-1.5284741560565394,-0.21475488344301397,-7.847313099773601e-05,0.0004381535982247442,0.00026289382367394865,9.713367762742564e-05,-9.986356869127123e-37,-0.0,1789195795.0180793
1105.1299999999999,-0.18715328828642935,-0.5332360917281826,0.22120798717812323,0.5613070367845416,3.029529341756991,0.06900558301365511,1,1,0.9905641674995422,-1.23106141508136,1.8762949148761194,-2.15102018932485,-1.5284865538226526,-0.21473247209657842,-3.020347140885589e-36,0.0005506442976184189,0.0006530702230520546,9.853702067630365e-05,-0.0,-0.0,1789195795.118066
1105.23,-0.18716389545644327,-0.5332242882251943,0.2211835451339001,0.5613468166603727,3.0294602693896704,0.06907581893439807,1,1,0.9905297756195068,-1.2310374540141602,1.8763187567340296,-2.15100159267568,-1.5284512678729456,-0.21473580995668584,-3.16805424904803e-29,0.00014205918705556542,0.00039062590803951025,0.00011672110122162849,-0.0,-0.0,1789195795.2181041
1105.33,-0.1871744632091395,-0.5332114563911786,0.22118619355559915,0.561397848405917,3.0295261183715114,0.06917029848079793,1,1,0.9905178546905518,-1.2310529512218018,1.8763240019427698,-2.1509653530516566,-1.5285447279559534,-0.21472055116762334,-5.713107764648839e-11,6.076190038584173e-05,0.000506335636600852,0.0002488180180080235,-0.0001411864213878289,-0.0,1789195795.3180757
1105.4299999999998,-0.18712856977736156,-0.5331395761880288,0.22110199470004865,0.5613573200540977,3.029302583710142,0.06996578345836156,1,1,0.9905178546905518,-1.231056497698166,1.8764312903033655,-2.150509019891256,-1.528553311024801,-0.21473247209657842,-1.9567164599720854e-06,0.0,0.0005910778418183327,0.004903415683656931,-0.00017205947369802743,-0.0,1789195795.4180567
1105.53,-0.18712010276448424,-0.533105216344895,0.22103316048785004,0.561353978521035,3.029144150593198,0.07036065066364326,1,1,0.9904902577400208,-1.231006310587265,1.8764904181109827,-2.1503220997252406,-1.5285189787494105,-0.21475106874574834,0.0,6.680958904325962e-05,0.0005670448299497366,0.0012216524919494987,-0.00013395473069977015,-0.0,1789195795.5180557
1105.6299999999999,-0.18711423232534538,-0.5330859355896771,0.2210420151984383,0.5613759279343706,3.029208132850891,0.07048466079271816,1,1,0.9904971718788147,-1.2310529512218018,1.8765152136432093,-2.1502543888487757,-1.5286133925067347,-0.21473580995668584,0.0,3.509133239276707e-05,0.00040427109342999756,0.00038880339707247913,-0.00010125397966476157,-0.0,1789195795.6180568
1105.73,-0.18709581584701837,-0.5330889599345836,0.22101087423691113,0.5613472241877906,3.029171008187949,0.07055981223226457,1,1,0.9905247688293457,-1.2310098570636292,1.8765342871295374,-2.1502562961974085,-1.5285943190204065,-0.21472388902773076,0.0,5.948838036530774e-34,0.00019752052321564406,0.00020308783859945834,-2.1106082159771944e-11,-0.0,1789195795.7180355
1105.83,-0.18711348462257263,-0.533074488602999,0.22102554855032924,0.5614426277726441,3.0291343992761677,0.07054928030437439,1,1,0.9904799461364746,-1.2310481828502198,1.876542870198385,-2.150224824944967,-1.5285752455340784,-0.21470433870424444,0.0,0.0,0.00021972217655275017,0.00016949375276453793,-3.524632802828457e-17,-0.0,1789195795.818052
1105.9299999999998,-0.18710076565322134,-0.5330660246238222,0.22098766993825386,0.5613916560000594,3.0291362945574614,0.07070210278100664,1,1,0.9904971718788147,-1.2310085755637665,1.876578156148092,-2.1502067051329554,-1.5286100546466272,-0.21472055116762334,-6.866362475191604e-44,0.0,0.0002757751499302685,0.00015706093108747154,-0.0,-0.0,1789195795.9180496
1106.03,-0.1870981169457177,-0.5330523148665972,0.22096264702902702,0.5614067071053933,3.02912041564503,0.07080087498258286,1,1,0.9904902577400208,-1.2309942704490204,1.8766182104693812,-2.1501976452269496,-1.5286253134356897,-0.21471673647035772,0.0,8.659722516313195e-05,0.00028150106663815677,0.00013023246719967574,-1.378973728790313e-25,-0.0,1789195796.018049
1106.1299999999999,-0.18709767886311124,-0.5330419399781561,0.2209551175732678,0.561392866155277,3.029097213955045,0.07083849349728155,1,1,0.9904783964157104,-1.2310014230063935,1.8766430060016077,-2.150182386437887,-1.5286133925067347,-0.21473580995668584,0.0,0.000101621393696405,0.00028004907653667033,0.00011455611820565537,-0.0,-0.0,1789195796.118025
1106.23,-0.18710413561935813,-0.5330462628154976,0.22095425135698363,0.5614033402583098,3.0290989287363366,0.07079935322926123,1,2,0.9904715418815613,-1.2309895616820832,1.8766358534442347,-2.1502114735045375,-1.5286062399493616,-0.21473580995668584,0.0,9.732868784340099e-05,0.0003841326106339693,8.629000512883067e-05,-1.3853301012785597e-20,-0.0,1789195796.21804
1106.33,-0.187083416612335,-0.5330283130812665,0.22093032953682912,0.5613733840022543,3.0290822374316284,0.07097649786878027,1,2,0.9904902577400208,-1.2309931081584473,1.876683537160055,-2.150142808953756,-1.5286338965045374,-0.21473580995668584,0.0,3.9951753148424144e-15,0.00020936268265359104,5.3978778911945025e-12,-0.0,-0.0,1789195796.3180418
1106.4299999999998,-0.18707759016673262,-0.5330195209516004,0.2209098169720891,0.5613548393043235,3.0290165379759713,0.07103066581446335,1,2,0.9904818534851074,-1.2309811872294922,1.8767145315753382,-2.150126119653219,-1.5285871664630335,-0.21475106874574834,0.0,9.049724030774087e-05,0.0004347275535110384,0.00017220867448486388,-5.629360638661346e-15,-0.0,1789195796.4180307
1106.53,-0.18704894963450083,-0.5329970709688621,0.22086844475941347,0.561337986250454,3.028983719878916,0.0712116077978323,1,2,0.9905059337615967,-1.2309727233699341,1.876798454915182,-2.1500984630980433,-1.5286029020892542,-0.21473580995668584,0.0,0.00023135184892453253,0.0010474325390532613,0.00016579791554249823,-0.0,-0.0,1789195796.518077
1106.6299999999999,-0.18706335430841553,-0.5329691001717682,0.22082465084053823,0.5614014594038231,3.028956502677259,0.07132977843114802,1,2,0.9904595613479614,-1.230945186024048,1.8768752256976526,-2.150126119653219,-1.5286229292498987,-0.21473914781679326,-6.22688660353743e-30,0.00013050933193881065,0.000356957723852247,8.543880539946258e-05,-0.00013373731053434312,-0.0,1789195796.6180334
1106.73,-0.18708125494904942,-0.5329535446341763,0.22082891580564984,0.5614540822259694,3.029164149414353,0.07144177513058586,1,2,0.9904577732086182,-1.2309608322433014,1.876887623463766,-2.150142808953756,-1.528848950062887,-0.21472388902773076,-0.0002000285458052531,1.0279200518656557e-14,0.00013103216770105064,6.576380743141333e-15,-0.0014564868761226535,-0.0,1789195796.718026
1106.83,-0.18708966933463217,-0.5329084988746862,0.2207610417445553,0.5614945633106504,3.0293513571850212,0.07182743946881327,1,2,0.9904508590698242,-1.230917589073517,1.876993481312887,-2.1501413784422816,-1.5291298071490687,-0.21472055116762334,-0.00010149208537768573,4.5962589629854e-43,0.001730354386381805,0.0,-0.0010201135883107781,-0.0,1789195796.8180273
1106.9299999999998,-0.18704011793292574,-0.5328534607056817,0.2206904301353681,0.561429571180379,3.0292906206572097,0.0721096835762914,1,2,0.9904734492301941,-1.2309368711761017,1.8771889845477503,-2.1501227817931117,-1.5291412512408655,-0.21473580995668584,-4.728651498142611e-12,0.00017851016309577972,0.0015012465883046389,0.0,-0.0001709218486212194,-0.0,1789195796.9180224
1107.03,-0.18702826351205104,-0.5328176155309805,0.22062032266473444,0.5614180745455944,3.0292349914358128,0.07233934848105775,1,2,0.9904577732086182,-1.230897383098938,1.877308193837301,-2.1501227817931117,-1.5291531721698206,-0.21475488344301397,0.0,0.00018041075963992625,0.00040605448884889483,5.167248851023487e-10,-0.0007133701583370566,-0.0,1789195797.018016
1107.1299999999999,-0.18704099266776344,-0.5328324729647345,0.22065840949158883,0.5614458575091906,3.029307520599532,0.0722462279339419,1,2,0.9904612302780151,-1.2309212249568482,1.8772462050067347,-2.1501227817931117,-1.5291970411883753,-0.21473914781679326,0.0,4.803647971129976e-05,0.00011374296445865184,0.0,-6.030095028108917e-05,-0.0,1789195797.1180222
1107.23,-0.18704210217153078,-0.5328237958180406,0.2206562888909075,0.5614585441922585,3.029323640387922,0.07225412444040971,1,2,0.9904543161392212,-1.2309332650950928,1.8772710005389612,-2.150138040582174,-1.5292161146747034,-0.21473914781679326,0.0,1.9270717643848911e-07,2.4986017060843055e-37,0.0,-5.632956890622154e-05,-0.0,1789195797.2180264
1107.33,-0.18713959767477867,-0.5327956454388262,0.2206879542397554,0.5617360783481479,3.0292805145848574,0.07207665553883734,1,2,0.9902710914611816,-1.2309776109508057,1.877265755330221,-2.1501928768553675,-1.5291813055621546,-0.21473914781679326,-0.00551817798987031,-0.0002261919144075364,-0.0,0.0,-1.2600325039978867e-22,-0.0,1789195797.3180094
1107.4299999999998,-0.18731104594843356,-0.5327340788407611,0.2207200887978108,0.5622618707286957,3.0291997566608706,0.07197054332471114,1,2,0.9899473190307617,-1.2310325664332886,1.8772619406329554,-2.1501976452269496,-1.529177490864889,-0.21471673647035772,-0.00038439148920588195,-0.00012105696077924222,-0.0,0.0,-0.0,-0.0,1789195797.4180138
1107.53,-0.1873282567196149,-0.5327176488754498,0.2207593075519122,0.5623217873038805,3.029245136886867,0.07185012027020853,1,2,0.9899082183837891,-1.2311164003661652,1.8772857824908655,-2.1502300701537074,-1.5291970411883753,-0.21472055116762334,-9.541917097521946e-05,-0.0020680867601186037,-0.0,-7.579881639685482e-05,-0.0,-0.0,1789195797.5179954
1107.6299999999999,-0.18731426649820884,-0.5326919237114948,0.22097274442429288,0.562354144412691,3.029385552789306,0.07123661854630417,1,2,0.9898977875709534,-1.2315233808806916,1.8773205916034144,-2.1502768001952113,-1.5291622320758265,-0.21472055116762334,-0.00019226623408030719,-0.005016927607357502,-0.0,-2.511126848070072e-41,-0.0,-0.0,1789195797.617994
1107.73,-0.1872973079066243,-0.5326474543071087,0.22130435609487187,0.5624559443535992,3.0296281654976704,0.0704286900963699,1,2,0.9898824691772461,-1.232152746324875,1.8773482481585901,-2.1502543888487757,-1.529177490864889,-0.21468907991518194,-0.00025407614884898067,-0.011275418102741241,9.542630868963897e-05,-9.905310599522821e-11,-0.0,-0.0,1789195797.718008
1107.83,-0.1872717830934124,-0.5326127733991364,0.22180353984055795,0.5624009673406307,3.0300272306786904,0.06910309767857405,1,2,0.9898859858512878,-1.2330433887294312,1.8773258368121546,-2.1502744160094203,-1.5291693846331995,-0.21475154558290654,-8.841631643008441e-05,-0.010203549638390541,4.694081231393471e-17,-0.0,-0.0,-0.0,1789195797.8180096
1107.9299999999998,-0.1872418315499509,-0.5325580288626616,0.22245446827058707,0.5625225526342088,3.0305141221334466,0.06736802070299434,1,2,0.9898756146430969,-1.2342200440219422,1.8773205916034144,-2.150315900842184,-1.5291569868670862,-0.21472055116762334,0.0,-0.01737242005765438,6.748402191682001e-28,-0.0001384513161610812,-0.0,-0.0,1789195797.9180315
1108.03,-0.18713572053554317,-0.5324114051256683,0.22412264839997642,0.5626237589924313,3.031807498242129,0.0630849942191449,1,2,0.9898977875709534,-1.2372518938830872,1.877301041279928,-2.1503054104247035,-1.5291813055621546,-0.21473247209657842,0.0,-0.04157513007521629,-0.0,-6.067178037483245e-05,-0.0,-0.0,1789195798.0180104
1108.1299999999999,-0.18696271331131353,-0.5321175485342854,0.22703298308367204,0.5629367459822162,3.034001671856958,0.05559055357890923,1,2,0.9898756146430969,-1.2425851982882996,1.8773258368121546,-2.1503011188902796,-1.5292003790484827,-0.21472055116762334,0.0,-0.069405697286129,-0.0,-0.0,-0.0,-0.0,1789195798.1180482
1108.23,-0.18663896749356937,-0.5316205452352276,0.2319343620411055,0.5633384843122675,3.0376694733629783,0.042845754114620827,1,2,0.9898790717124939,-1.2515354317477723,1.8773258368121546,-2.150339742700094,-1.5291970411883753,-0.21473580995668584,-3.3674680541593776e-32,-0.10006456822156906,-0.0,-3.508087114224812e-21,-0.0,-0.0,1789195798.2180312
1108.33,-0.186202945182015,-0.5309843498054921,0.23772393946634235,0.563755617770074,3.041897852003162,0.027829312446180417,1,2,0.9899116158485413,-1.2621335548213501,1.877322022114889,-2.1502939663329066,-1.5291693846331995,-0.21475106874574834,0.00044614795478992164,-0.10588786005973816,-0.0,1.4276203728513792e-05,-0.0,-0.0,1789195798.3180807
1108.4299999999998,-0.18570854300275844,-0.5302528051302207,0.2437496571078616,0.564225418548852,3.0462596211569988,0.012126143292084652,1,2,0.9899439215660095,-1.2732106906226655,1.8773658911334437,-2.1502849064269007,-1.5291731993304651,-0.21473914781679326,0.0001495157484896481,-0.12128002941608429,0.00030693213921040297,2.1472459963515082e-32,-2.491635066691007e-38,-0.0,1789195798.418035
1108.53,-0.1850888656567958,-0.5293596928002403,0.25064308579278854,0.5646952701665061,3.0511330464495363,-0.005972348548392406,1,2,0.9899986386299133,-1.2858879131129761,1.8773959318744105,-2.1502868137755335,-1.5291298071490687,-0.21473580995668584,0.00026051662280224264,-0.132175013422966,0.00012083330511813983,0.0,-0.0,-0.0,1789195798.5180306
1108.6299999999999,-0.18444650651542663,-0.5284311794700273,0.257336158013029,0.5650922902976523,3.0558494303224744,-0.02366560993213678,1,2,0.9900622367858887,-1.2981972855380555,1.877404514943258,-2.1503364048399867,-1.5291402975665491,-0.21475488344301397,0.00048553376109339297,-0.1264391988515854,0.00012081774912076071,0.0,-0.0,-0.0,1789195798.6181073
1108.73,-0.18322945510315047,-0.527668846695008,0.2637332570393586,0.5639179910270814,3.0605177456576045,-0.04054586301378676,1,2,0.991180419921875,-1.3099887532046814,1.8773959318744105,-2.150302072564596,-1.5291484037982386,-0.21471673647035772,0.01776864007115364,-0.11975494027137756,2.124044840456918e-05,0.0,-0.0,-0.0,1789195798.718077
1108.83,-0.18127340092430222,-0.527031080087182,0.27044021578760746,0.560722503036893,3.0656756274420363,-0.05836757147049145,1,2,0.9935780763626099,-1.3223513078740616,1.877362076436178,-2.150308748284811,-1.5291731993304651,-0.21471673647035772,0.034892745316028595,-0.1238134428858757,-9.454935766876224e-24,0.0,-0.0,-0.0,1789195798.8180704
1108.9299999999998,-0.17787332475111517,-0.5269490574010401,0.27638755316012437,0.553072788048082,3.070890704865347,-0.07426311525507334,1,2,0.9987842440605164,-1.3333493334105988,1.8773496786700647,-2.150332113305563,-1.5291369597064417,-0.21473962465395147,0.07140457630157471,-0.09512156248092651,-0.0,0.0,-0.0,-0.0,1789195798.9180615
1109.03,-0.17179019261674255,-0.5280368696911102,0.28053349676714845,0.5369734237120926,3.0761435660844154,-0.08520506358803884,1,2,1.0093976259231567,-1.3410769563964386,1.8773811499225062,-2.1502815685667933,-1.529133145009176,-0.21473580995668584,0.14167547225952148,-0.05067060887813568,-0.0,0.0,-0.0,-0.0,1789195799.0180411
1109.1299999999999,-0.16311935957181115,-0.5305179282453102,0.281698425055731,0.5121176151649554,3.080630749915151,-0.0881332966835688,1,2,1.0255191326141357,-1.3432452243617554,1.8773849646197718,-2.1502729854979457,-1.5290983358966272,-0.21475106874574834,0.1699139028787613,0.00010731209476944059,-0.0,0.0,-0.0,-0.0,1789195799.118075
1109.23,-0.1545812363235265,-0.5330527886603538,0.2816233799912846,0.4873443925601693,3.0841476490061197,-0.08766816808512365,1,2,1.041560173034668,-1.3431722533753891,1.87746507326235,-2.1502696476378382,-1.5291021505938929,-0.21473580995668584,0.13909710943698883,0.00013817113358527422,4.221529889036901e-05,0.0,-0.0,-0.0,1789195799.2180064
1109.33,-0.14955946628102407,-0.5344854077612693,0.28152647991065816,0.47278643734424647,3.086100057988487,-0.08715150909650997,1,2,1.0509756803512573,-1.3430274736932297,1.8774898687945765,-2.150193830529684,-1.529133145009176,-0.21473247209657842,0.033850427716970444,0.0045618657022714615,-0.0,7.229300789986452e-30,-0.0,-0.0,1789195799.3179939
1109.4299999999998,-0.14938878106586911,-0.5345349691716836,0.2811321710845033,0.47223957172049214,3.085931799691299,-0.08580673746319516,1,2,1.0513051748275757,-1.3424614679864426,1.877652947102682,-2.1500264606871546,-1.5291813055621546,-0.21475106874574834,-0.001021204050630331,0.008154540322721004,0.0032395937014371157,0.003840734949335456,-0.0,-0.0,1789195799.4179683
1109.53,-0.1490720381624699,-0.5339833229996372,0.2796471380993873,0.4721865798574972,3.0848749515643075,-0.0809377527043818,1,2,1.0513086318969727,-1.3416967552951355,1.8800495306598108,-2.149870058099264,-1.5291970411883753,-0.2147429625140589,-0.00012101502215955406,0.00897141732275486,0.05018753930926323,0.0013170888414606452,-8.926271217749085e-43,-0.0,1789195799.5179834
1109.6299999999999,-0.14794659218333553,-0.5320284115502821,0.27509396147508747,0.4719792863277771,3.0814820987553264,-0.0656586941693139,1,2,1.0513207912445068,-1.3398946237615128,1.8880704084979456,-2.149256845513815,-1.5292208830462855,-0.21473580995668584,2.2050528059480712e-05,0.03163260221481323,0.09619627147912979,0.017156045883893967,-9.090804087463766e-05,-0.0,1789195799.6179452
1109.73,-0.14712365260530647,-0.5305728994248824,0.27074619478521855,0.4718007192387676,3.0783072472410065,-0.05167401385176813,1,2,1.0513049364089966,-1.3370741319707413,1.894505802785055,-2.1489411793150843,-1.5292447249041956,-0.21473914781679326,0.0,0.014225042425096035,0.02099733054637909,0.00012361229164525867,-0.0002053116331808269,-0.0,1789195799.7179646
1109.83,-0.147184758338128,-0.5306502964932401,0.2699361036609838,0.47181810018786835,3.077777281376958,-0.049368899236740496,1,2,1.0512778759002686,-1.335697979932167,1.8946712652789515,-2.148905416528219,-1.5292533079730433,-0.21473199525942022,0.0,0.022032147273421288,4.3503649067133665e-05,5.671007602359168e-05,-0.0002801295486278832,-0.0,1789195799.8179371
1109.9299999999998,-0.14739926925681335,-0.5310497672415109,0.26762715625468114,0.4716500377510225,3.07632716938368,-0.04306805508814422,1,2,1.0512967109680176,-1.3313792955926438,1.8946784178363245,-2.1489092312254847,-1.5292533079730433,-0.21475488344301397,0.0,0.07155485451221466,2.313150980626233e-05,0.0,-9.55934010562487e-05,-0.0,1789195799.9179966
1110.03,-0.14795369356992816,-0.5320265213224139,0.2617848026864629,0.4714049617219354,3.0725929319320233,-0.027162583202844974,1,2,1.0512967109680176,-1.320434347992279,1.8946517149554651,-2.148905416528219,-1.529269043599264,-0.21473914781679326,0.0,0.14339233934879303,-0.0,6.997120801586061e-17,-6.510982204807857e-24,-0.0,1789195800.0179708
1110.1299999999999,-0.148694420557488,-0.533308897237256,0.253199816767354,0.4710349938744773,3.066947971283134,-0.003944762219940799,1,2,1.051269292831421,-1.3045022946647187,1.8947632948504847,-2.1489459476866664,-1.529261891041891,-0.21473247209657842,-9.113201512866986e-12,0.13307051360607147,0.001418586471118033,0.0,-0.0,-0.0,1789195800.117986
1110.23,-0.14903586283835887,-0.5339350277816086,0.24873051072409008,0.4707928682711365,3.063957641472688,0.00810408712160525,1,2,1.051289439201355,-1.2962185901454468,1.8948105017291468,-2.1489531002440394,-1.5292652289019983,-0.21472055116762334,-3.388082404853776e-05,0.035121139138936996,0.0002881321997847408,0.0,-0.0,-0.0,1789195800.2179642
1110.33,-0.14904483928618115,-0.5339988000538384,0.24835338604618318,0.47068759905873897,3.0636992624407764,0.009068275611502783,1,2,1.0513280630111694,-1.2955086094192048,1.8948066870318812,-2.14898218731069,-1.5292375723468226,-0.21473580995668584,-7.82378826881312e-29,-0.00044393687858246267,3.1527237297268584e-05,2.7716469798520077e-14,-0.0,-0.0,1789195800.317982
1110.4299999999998,-0.14905778891835803,-0.5339948340164888,0.24833257984859256,0.47071887180862115,3.0636890908514385,0.009206566185446631,1,2,1.0513086318969727,-1.2954727870276947,1.8947961966144007,-2.148922105828756,-1.5292652289019983,-0.21473580995668584,0.0,0.0001489449932705611,3.099812602158636e-05,0.0,-0.0,-0.0,1789195800.4179535
1110.53,-0.1489997288748682,-0.533975995594083,0.24818211274454863,0.4705645261573672,3.0635833827258727,0.009702602163874577,1,2,1.0513842105865479,-1.2953087848475953,1.8949344793902796,-2.1488810978331507,-1.529261891041891,-0.21475488344301397,0.0010173250921070576,0.0058829146437346935,0.0009240880026482046,0.00046039719018153846,-9.871645437862102e-35,-0.0,1789195800.5179935
1110.6299999999999,-0.1490565451459041,-0.5340599282304097,0.24736813831718824,0.4705702308959875,3.063017520448355,0.012005657691503462,1,2,1.0513724088668823,-1.293849454527237,1.894986931477682,-2.1488071880736292,-1.5292819182025355,-0.21473580995668584,9.283384133595973e-05,0.021527955308556557,0.0003637115587480366,0.00017716988804750144,-0.0001645925221964717,-0.0,1789195800.6179545
1110.73,-0.14922345922028354,-0.5343555175237208,0.24523413579518505,0.4704577251900835,3.061582340134919,0.017679829281513786,1,2,1.0513724088668823,-1.2898678940585633,1.8949797789203089,-2.148853441277975,-1.5292828718768519,-0.21473580995668584,1.5297295344717785e-19,0.04939553886651993,0.00017352859140373766,8.196532871806994e-05,-0.0003075349668506533,-0.0,1789195800.7179718
1110.83,-0.1494793603869899,-0.534801317279685,0.24184064864788585,0.470277259851468,3.0592805906441267,0.02675905839721343,1,2,1.0513687133789062,-1.2835556131652375,1.8949740568744105,-2.1488739452757777,-1.52930194536318,-0.21473914781679326,0.0,0.05738100782036781,-0.0,2.604319644076702e-22,-0.00015145352517720312,-0.0,1789195800.8179622
1110.9299999999998,-0.14957435775213582,-0.5349751185165688,0.24015158458680796,0.47019127416006806,3.058187595042879,0.03135286333453953,1,2,1.0513889789581299,-1.2805090111545105,1.8950908819781702,-2.148884435693258,-1.5293882528888147,-0.21472055116762334,0.00042311573633924127,0.004187396727502346,0.004506169352680445,0.0,-0.0015614345902577043,-0.0,1789195800.9179618
1111.03,-0.14947821755454743,-0.5348714557212485,0.23999185787104554,0.47009109471217797,3.0580590527072835,0.03188902815264827,1,2,1.0514476299285889,-1.2805162531188508,1.8954876104937952,-2.1489016018309535,-1.5293849150287073,-0.21472055116762334,9.629836858948693e-05,0.00013646547449752688,0.0005225017666816711,0.0,-0.00013167499855626374,-0.0,1789195801.0179484
1111.1299999999999,-0.1494791686374826,-0.5348169631456486,0.23995834014747736,0.47011768822923383,3.0580150583938903,0.03198382755201346,1,2,1.0513936281204224,-1.2805726093104859,1.8956483046161097,-2.148933073083395,-1.5293729940997522,-0.21475488344301397,6.6164224005268675e-34,-0.00027129522641189396,0.001730806310661137,3.7388285837790635e-31,-5.126757241669111e-05,-0.0,1789195801.1179576
1111.23,-0.14945632749301196,-0.5347816937571643,0.23998064590961005,0.4701576626567459,3.058047926307899,0.0319003179816511,1,2,1.0514007806777954,-1.2806922954371949,1.8957632223712366,-2.1489931545653285,-1.5293882528888147,-0.21472388902773076,0.0,-0.00029390479903668165,0.0010405739303678274,-7.587232539663091e-05,-0.0,-0.0,1789195801.2179594
1111.33,-0.1494331206367593,-0.5347598322457234,0.24001915058072676,0.47009191242238474,3.058068659405974,0.031824870778196686,1,2,1.0514166355133057,-1.280808375482895,1.89581805864443,-2.148980756799215,-1.5293801466571253,-0.21475154558290654,0.0,-0.00025170043227262795,0.0011218040017411113,-9.957455768017098e-05,-0.0,-0.0,1789195801.3179657
1111.4299999999998,-0.14916478784448262,-0.534311131140207,0.23932025891563719,0.4700436963067783,3.0574048199165444,0.03430350574841098,1,2,1.0514321327209473,-1.2807353299907227,1.897381607686178,-2.1488896809019984,-1.5293644110309046,-0.21473580995668584,0.0,0.0006490018568001688,0.039067644625902176,-2.8404319871864042e-42,-0.0,-0.0,1789195801.417954
1111.53,-0.14789880578026515,-0.5321324368528015,0.2360473878179939,0.46978189956972993,3.054433436917089,0.045553290106790274,1,2,1.0514599084854126,-1.2805211108974,1.9049962202655237,-2.14888920406484,-1.5293539206134241,-0.21473580995668584,0.00014337262837216258,0.00037897512083873153,0.11919635534286499,0.00010503084195079282,-0.0,-0.0,1789195801.5179482
1111.6299999999999,-0.14553466740897722,-0.5279392280770052,0.23021209549547783,0.46946219772805153,3.0490400910535986,0.0656240164262595,1,2,1.0514044761657715,-1.2806083720973511,1.9193757216082972,-2.1491924724974574,-1.5293811003314417,-0.21473580995668584,-7.027032552286983e-05,-0.0024103359319269657,0.10310858488082886,-0.014827966690063477,-0.0,-0.0,1789195801.6179316
1111.73,-0.14565601896200303,-0.5281129306193324,0.2305193613457107,0.4696407938464807,3.0505892869638016,0.059859624486889314,1,2,1.0513651371002197,-1.2809399527362366,1.920058552418844,-2.15356506923818,-1.5293811003314417,-0.21472055116762334,-0.00017871060117613524,0.0008728634566068649,9.233305172529072e-05,-0.016747500747442245,-3.0828566215145976e-44,-0.0,1789195801.717917
1111.83,-0.14566400751907915,-0.5281285893077158,0.2305238770963316,0.46960731694346675,3.050612817523721,0.05975763607522953,1,2,1.0513651371002197,-1.2809161406806489,1.9200313727008265,-2.1536289654173792,-1.5293729940997522,-0.2147429625140589,-7.853802526369691e-05,0.00015301574603654444,-0.0,-0.00015187132521532476,-0.0,-0.0,1789195801.8179085
1111.9299999999998,-0.14566005753580083,-0.5281279541437307,0.23050106528493208,0.4696287648575477,3.050586733813998,0.05979600009823166,1,2,1.0513687133789062,-1.280883864765503,1.9200499693499964,-2.153648992578024,-1.5293610731707972,-0.21472388902773076,0.0,0.0005934365326538682,-0.0,-4.028845128605657e-13,-0.0,-0.0,1789195801.9179206
1112.03,-0.1457097106129023,-0.5281110803319558,0.23044795833475273,0.4697463103331807,3.050514028313576,0.060031545361228206,1,2,1.0512739419937134,-1.2807988089374085,1.9200518766986292,-2.1535731754698695,-1.5293729940997522,-0.21473914781679326,-0.00039400739478878677,0.001042970921844244,-0.0,-6.996550457617917e-33,-0.0,-0.0,1789195802.0179079
1112.1299999999999,-0.14568455571920033,-0.5281080230096868,0.2304249252058496,0.46968619188941363,3.0504984061849747,0.06012680672258961,1,2,1.0513122081756592,-1.2807797354510804,1.9200790564166468,-2.1535541019835414,-1.5293729940997522,-0.21473914781679326,-0.00010084056702908128,9.53343405853957e-05,-0.0,-0.0,-0.0,-0.0,1789195802.1181717
1112.23,-0.14568095233448966,-0.5281243693554207,0.23045801453387907,0.4696534421538189,3.0505507185186715,0.060017468903064065,1,2,1.0513362884521484,-1.28080369651828,1.9200318495379847,-2.1535660229124964,-1.5293882528888147,-0.21473914781679326,-2.7209745893625e-29,-2.0967801901861094e-05,-0.0,-0.0,-0.0,-0.0,1789195802.2179024
1112.33,-0.14567446117106828,-0.5281282227942912,0.2304553977884939,0.4696386217027122,3.0505407028337976,0.059939674005653865,1,2,1.051344633102417,-1.2808000606349488,1.9200480620013636,-2.153628011743063,-1.5293572584735315,-0.21473914781679326,0.0,0.0,-0.0,-0.0,-0.0,-0.0,1789195802.317941
1112.4299999999998,-0.14566306419928007,-0.5281388031966018,0.23057117156734097,0.46963422378141145,3.050675656531663,0.059435238666590874,1,2,1.0513724088668823,-1.2809831959060212,1.920039478932516,-2.153787752191061,-1.5293529669391077,-0.21472055116762334,-3.781622474786761e-22,-0.004947097972035408,-0.0,-0.001999822212383151,-0.0,-0.0,1789195802.4179182
1112.53,-0.14566874993773068,-0.5281442505969517,0.23134177175444914,0.4696729737778567,3.0515110686405302,0.056339103142086615,1,2,1.0513687133789062,-1.282271371488907,1.9200242201434534,-2.154642244378561,-1.5293529669391077,-0.21473914781679326,0.0,-0.020921166986227036,-8.608312055002898e-05,-0.0004212508792988956,-0.0,-0.0,1789195802.5178986
1112.6299999999999,-0.1455900207231908,-0.5280029288942908,0.23258035154793888,0.46977092068657794,3.052415329732937,0.05297278406240926,1,2,1.0513687133789062,-1.2846067708781739,1.9200313727008265,-2.1546627483763636,-1.5293601194964808,-0.21472388902773076,0.0,-0.018058359622955322,-1.361196098059736e-07,-0.00015630281995981932,-0.0,-0.0,1789195802.6179016
1112.73,-0.1455579396691205,-0.5279407539521516,0.23316214683855635,0.46978277607540864,3.052798111165417,0.05130411992230786,1,2,1.051352858543396,-1.285696105366089,1.9200347105609339,-2.1547142467894496,-1.5293009916888636,-0.21475106874574834,0.0,-0.002033134689554572,-1.5085678617688818e-40,-0.00034350442001596093,-0.0,-0.0,1789195802.7178886
1112.83,-0.1456099700511047,-0.5280550886158595,0.2334736792740506,0.469813232406772,3.053461112867227,0.04879448671267575,1,2,1.0513724088668823,-1.28602288783107,1.920023266469137,-2.156121393243307,-1.5292928854571741,-0.21473914781679326,0.0,-0.006808878388255835,-0.0,-0.04093943536281586,-0.0,-0.0,1789195802.8178818
1112.9299999999998,-0.14617331012620857,-0.5290549497273901,0.2351585902157115,0.4701533331643865,3.0582323471455046,0.030417711628276504,1,2,1.0513687133789062,-1.28706909835849,1.9199917952166956,-2.1678010425963343,-1.5292423407184046,-0.21470767656435186,0.0,-0.010189896449446678,-0.00016733315715100616,-0.19838352501392365,-0.0,-0.0,1789195802.9179015
1113.03,-0.14721340120187995,-0.5308597401458082,0.23794757192785257,0.47064859585810714,3.066546906795718,-0.0022408895523812317,1,2,1.051344633102417,-1.2883979243091126,1.9199674765216272,-2.189070840875143,-1.5292652289019983,-0.21471673647035772,0.0,-0.014758930541574955,-9.345324360765517e-05,-0.21775783598423004,-0.0,-0.0,1789195803.017881
1113.1299999999999,-0.14838742464389015,-0.5329290366044764,0.24111562607583836,0.4711175817852996,3.0757157644127107,-0.04029325025645418,1,2,1.0513373613357544,-1.289682464008667,1.9199875036822718,-2.2140046558775843,-1.5292447249041956,-0.21472388902773076,0.0,-0.014000141993165016,-4.498495616326227e-19,-0.2429884672164917,0.0,-0.0,1789195803.1178966
1113.23,-0.1492118392534142,-0.5344115646912909,0.2447337717991447,0.4714496377478303,3.0834247640956103,-0.0738544963788626,1,2,1.0513651371002197,-1.2926298540881653,1.9200347105609339,-2.234100957910055,-1.529264275227682,-0.21472055116762334,0.0,-0.05324782803654671,-1.3348190926548333e-20,-0.14744004607200623,0.0,-0.0,1789195803.2178392
1113.33,-0.14906866113036832,-0.5341690892764879,0.24976577058589006,0.4716426891182294,3.087651754074848,-0.09307795045776338,1,2,1.0513770580291748,-1.301104025249817,1.9200637976275843,-2.2387730083861292,-1.529269043599264,-0.21473914781679326,0.0,-0.11429961025714874,0.0003500235907267779,-3.560079535470961e-22,0.0,-0.0,1789195803.3179092
1113.4299999999998,-0.1484200562813512,-0.5329953495416823,0.25762597329469805,0.4719900828562511,3.0921808811406675,-0.11451646095636585,1,2,1.0513529777526855,-1.315764771108963,1.9200828711139124,-2.2387129269041957,-1.5292652289019983,-0.21472388902773076,0.0,-0.1771911084651947,0.00010026399104390293,0.0003795958764385432,0.0,-0.0,1789195803.4179018
1113.53,-0.14755209484675494,-0.5314789892477667,0.2669927949069878,0.4722565364367187,3.0974310524702955,-0.140186037324131,1,2,1.0513722896575928,-1.3332597476295014,1.9200637976275843,-2.238606115380758,-1.5292771498309534,-0.21473580995668584,0.0,-0.16967780888080597,0.0001113102916860953,0.0002313601871719584,2.802596928649634e-45,-0.0,1789195803.517866
1113.6299999999999,-0.146887170964491,-0.5302865531033939,0.2735116266783304,0.47247542660453656,3.100893126727729,-0.15791896988328893,1,2,1.0513529777526855,-1.345575289135315,1.9201300779925745,-2.2383371792235316,-1.5292614142047327,-0.21473914781679326,0.0,-0.07375101745128632,0.00014073471538722515,0.003073303960263729,0.0,-0.0,1789195803.617881
1113.73,-0.14673430256462314,-0.5299263352181054,0.27349562611510186,0.4725885572783399,3.100195134146322,-0.15418872461309796,1,2,1.0512776374816895,-1.346288190489151,1.9202716986285608,-2.2352611027159632,-1.5293048063861292,-0.21473914781679326,0.0,0.02207683026790619,0.0009307643631473184,0.09079491347074509,0.0,-0.0,1789195803.7178793
1113.83,-0.14608627755445858,-0.5288189321362597,0.2717151048199797,0.4723860665319488,3.0958119843485994,-0.13218009042323647,1,2,1.0513122081756592,-1.3458885711482544,1.9202902952777308,-2.2207867107787074,-1.5293009916888636,-0.21475106874574834,0.0,0.000294218014460057,0.00011487126175779849,0.17833855748176575,0.0,-0.0,1789195803.817854
1113.9299999999998,-0.14522262616433104,-0.5273057632166308,0.269412562089802,0.47218456570362166,3.0897085773964936,-0.10288037182090792,1,2,1.051324486732483,-1.3454063099673768,1.9202469030963343,-2.201329847375387,-1.5293009916888636,-0.21473247209657842,0.0,0.010590040124952793,1.982282076781023e-27,0.21472802758216858,0.0,-0.0,1789195803.917852
1114.03,-0.14458223220915606,-0.5261979290172586,0.2669342961526557,0.47194050774133806,3.0843123731970814,-0.07809441494634926,1,2,1.051344633102417,-1.3437514466098328,1.9202788511859339,-2.186118265191549,-1.5292928854571741,-0.21472388902773076,0.0,0.018751967698335648,-5.4443440603790805e-05,0.03494850918650627,0.0,-0.0,1789195804.0178459
1114.1299999999999,-0.14473365722268708,-0.5264295393025075,0.2656547362213152,0.4718893176594629,3.0835206564265367,-0.07445437406115743,1,2,1.0513136386871338,-1.341282696729042,1.9201958815204065,-2.186021944085592,-1.5293048063861292,-0.21475488344301397,0.0,0.03329911455512047,-5.449322270578705e-05,5.846113708685152e-05,0.0,-0.0,1789195804.117851
1114.23,-0.14496213721288922,-0.5268280419748453,0.2632269129873336,0.47184487321760954,3.081982259686082,-0.06769305118357442,1,2,1.0513050556182861,-1.3367089492133637,1.9202025572406214,-2.18597473720693,-1.529285732899801,-0.21472388902773076,0.0,0.06144897639751434,-1.5084002370713279e-05,4.576108155601721e-12,0.0,-0.0,1789195804.2178564
1114.33,-0.14526526066271117,-0.5273937500808995,0.25969602556811255,0.4716535504991083,3.079812270930117,-0.057969809074118944,1,2,1.0513362884521484,-1.3300688725760956,1.9202426115619105,-2.186009546319479,-1.5293057600604456,-0.21472055116762334,0.0,0.0686173215508461,-2.6413074754058477e-41,0.0,0.0,-0.0,1789195804.3178437
1114.4299999999998,-0.1456232828296297,-0.528004993646446,0.25576131183078854,0.4714852342185753,3.0773172350768494,-0.04707004014016216,1,2,1.0513172149658203,-1.322643907075264,1.9202192465411585,-2.185943742791647,-1.5293129126178187,-0.21473580995668584,0.0,0.07758600264787674,-0.0,0.0,0.0,-0.0,1789195804.4178402
1114.53,-0.14600790862214894,-0.5286995420213443,0.2509788291449446,0.47122255982076566,3.074248950582907,-0.033931766694447134,1,2,1.0513291358947754,-1.3136794728091736,1.920267407094137,-2.185935159722799,-1.5293095747577112,-0.21475106874574834,0.0,0.09781672805547714,4.792181901035375e-33,0.0,0.0,-0.0,1789195804.5178564
1114.6299999999999,-0.14638389143091723,-0.5294006998225039,0.24610807452696715,0.47098769585061073,3.0710683123959996,-0.02062607058392816,1,2,1.0513601303100586,-1.3044928771308442,1.9202283064471644,-2.185927530328268,-1.5293009916888636,-0.21472055116762334,0.0,0.0798974558711052,5.954653533990495e-05,1.401298464324817e-45,0.0,-0.0,1789195804.6177933
1114.73,-0.14665224370050406,-0.5298534118060287,0.2425780560559089,0.47082558849465045,3.068733358214324,-0.010948727299048182,1,2,1.0513410568237305,-1.297896758919098,1.920260254536764,-2.1858908138670863,-1.5293129126178187,-0.21473247209657842,0.0,0.050011370331048965,0.00010182150435866788,5.400069130701013e-05,0.0,-0.0,1789195804.7178814
1114.83,-0.14675025238732084,-0.530064540616627,0.24081610947964066,0.47070195975636536,3.0675604282925315,-0.006121349942740783,1,2,1.0513758659362793,-1.2946384710124512,1.9203184286700647,-2.1858793697752894,-1.5293167273150843,-0.21472055116762334,0.0,0.012433304451406002,0.00011880259989993647,0.00017433332686778158,0.0,-0.0,1789195804.8178372
1114.9299999999998,-0.1467577564457165,-0.5300947252229509,0.2406148706190765,0.4706705231098242,3.067403351629486,-0.005555271659732026,1,2,1.0513877868652344,-1.294255332355835,1.9203046003924769,-2.185850759545797,-1.529297176991598,-0.21472055116762334,0.0,0.00015873266966082156,0.0001821052428567782,0.00033008307218551636,0.0,-0.0,1789195804.9178412
1115.03,-0.1467262068843297,-0.5300546908531213,0.24051259980756606,0.4706387378110875,3.0673280178274043,-0.005007374887665735,1,2,1.0514116287231445,-1.2941798132709046,1.9204114119159144,-2.1856752834715785,-1.529349152241842,-0.21471673647035772,6.749144085915759e-05,0.00034648817381821573,0.001197373727336526,0.0006351515767164528,0.0,-0.0,1789195805.0178542
1115.1299999999999,-0.1467189869759154,-0.5300113022244572,0.24036267110281245,0.47064591901513253,3.067172172429527,-0.004440680430430584,1,2,1.0513806343078613,-1.2940280002406617,1.9205525557147425,-2.18557133297109,-1.529337231312887,-0.21473580995668584,0.0,0.005624806508421898,0.0011601473670452833,0.0007380499155260623,0.0,-0.0,1789195805.1178524
1115.23,-0.14674030503030755,-0.5300601286002448,0.23965871315200082,0.47061183464562845,3.0666893060465488,-0.002350849361297336,1,2,1.051396131515503,-1.2927959722331543,1.9206393400775355,-2.1854597530760707,-1.5293682257281702,-0.21472055116762334,0.0,0.020522266626358032,0.00029658060520887375,0.0005362698575481772,-0.0,-0.0,1789195805.217823
1115.33,-0.14686844065740703,-0.5303046053342412,0.23752773971339797,0.4704514743817819,3.06521961016213,0.0035184345275016482,1,2,1.051408052444458,-1.288846806888916,1.9206841627704065,-2.1853915653624476,-1.529349152241842,-0.21473914781679326,0.0,0.06550487875938416,0.0005742684588767588,0.0006768342573195696,-0.0,-0.0,1789195805.3178377
1115.4299999999998,-0.14715741307615166,-0.5307841879628129,0.23333681447210775,0.47026462978705574,3.062360654460979,0.014877464253183216,1,2,1.0513770580291748,-1.281022534971573,1.9207232634173792,-2.1853963337340296,-1.529349152241842,-0.21474773088564092,0.0,0.08175265789031982,9.43891573115252e-05,0.00010996089986292645,-0.0,-0.0,1789195805.41782
1115.53,-0.1473414713136606,-0.5311376183290283,0.23037873651251023,0.4700965618268748,3.0603186679339913,0.022786493793237345,1,2,1.051396131515503,-1.2754500669291993,1.9206913153277796,-2.1854473553099574,-1.529321018849508,-0.21473247209657842,0.0,0.019799653440713882,-2.79303640127182e-05,1.300947400479334e-14,-0.0,-0.0,1789195805.5178504
1115.6299999999999,-0.14734850729268265,-0.5311440136704658,0.23040122278951072,0.47011788704042023,3.06037044526139,0.022642464565077652,1,2,1.0513936281204224,-1.275472955112793,1.9206841627704065,-2.18552364925527,-1.529337231312887,-0.21472388902773076,0.0002658053708728403,-0.000286522030364722,-0.0,0.0,-0.0,-0.0,1789195805.6178365
1115.73,-0.14730173721398873,-0.5311359907718107,0.23039561733138433,0.4700283919805602,3.0603396134597105,0.022686568169936392,1,2,1.051456332206726,-1.2755052012256165,1.920734707509176,-2.185500761071676,-1.5293057600604456,-0.21471673647035772,4.1798219172051176e-05,-0.00013173709157854319,-0.0,0.0,-0.0,-0.0,1789195805.7178435
1115.83,-0.1473115336683287,-0.5311512841388111,0.23041763546904065,0.46999877675554663,3.060394380393633,0.022608084231832082,1,2,1.051459789276123,-1.2755052012256165,1.9206841627704065,-2.185515066186422,-1.5293334166156214,-0.21473580995668584,6.215719605684455e-10,-6.098741869209334e-05,-0.0,0.0,-0.0,-0.0,1789195805.8178303
1115.9299999999998,-0.1472790224432598,-0.5310809271656017,0.2303559465321487,0.4700193294931962,3.0602852166247403,0.022862335528585565,1,2,1.0514404773712158,-1.2755602163127442,1.9208992163287562,-2.185484071771139,-1.529297176991598,-0.21473580995668584,0.0,-0.0011416455963626504,0.0037926104851067066,0.0,-0.0,-0.0,1789195805.917842
1116.03,-0.147214806433609,-0.5309740709313608,0.23027395101989556,0.46997699133649995,3.0602113920157743,0.0231684545870054,1,2,1.051445484161377,-1.2756716173938294,1.9212506453143519,-2.1855112514891566,-1.529297176991598,-0.21475488344301397,7.066530827160022e-08,-0.0031690197065472603,0.0023215021938085556,0.0,-0.0,-0.0,1789195806.0178165
1116.1299999999999,-0.14717505499565692,-0.5309233521421237,0.2302576346367814,0.46996759778409297,3.0602170069675694,0.023269235084218187,1,2,1.0514681339263916,-1.2757649582675477,1.9214146772967737,-2.18552364925527,-1.5293248335467737,-0.21473962465395147,0.0,-0.0022164545953273773,0.0014352191938087344,0.0,-0.0,-0.0,1789195806.1178048
1116.23,-0.1471865585223046,-0.5308964743368316,0.2302430970525134,0.47004758588356244,3.060121968329362,0.02335506426381349,1,2,1.0514142513275146,-1.2757876974395295,1.9214680830584925,-2.185472150842184,-1.5292699972735804,-0.21473580995668584,0.0,-0.00012908737699035555,0.002813022816553712,0.0,-4.007628759432161e-32,-0.0,1789195806.2178106
1116.33,-0.14708532246711287,-0.5307327095017907,0.2300197114891681,0.4700334182453987,3.059960539418692,0.024112791932575633,1,2,1.0514321327209473,-1.2757997673800965,1.9220393339740198,-2.1855184040465296,-1.5293009916888636,-0.21472055116762334,0.0,-2.2151122827814528e-15,0.017077496275305748,0.0,-0.0,-0.0,1789195806.3178158
1116.4299999999998,-0.14682545229175406,-0.5302821528824503,0.2295216451454975,0.46998835182435866,3.0594900656580224,0.025971119495541845,1,2,1.0514369010925293,-1.2760079067996521,1.9235237280475062,-2.185507913629049,-1.529309097920553,-0.21472388902773076,0.0,-0.008114293217658997,0.005948178470134735,0.0,-0.0,-0.0,1789195806.4178138
1116.53,-0.14673135390840192,-0.5301021378076879,0.22957585366632294,0.47000884581175423,3.059491218742113,0.025999275284900702,1,2,1.0514249801635742,-1.2764977675727387,1.9240291754352015,-2.185507913629049,-1.529321018849508,-0.21472388902773076,7.947931050279744e-14,-0.003791535273194313,0.005972264800220728,0.0,-0.0,-0.0,1789195806.517765
1116.6299999999999,-0.1465454580665611,-0.5297519435828023,0.22936478766176088,0.4699590783662848,3.0592794452950747,0.02692588235797351,1,2,1.051405906677246,-1.2769369942000885,1.9251201788531702,-2.18552364925527,-1.52934438387026,-0.21476680437196904,0.0,-0.015167240984737873,0.0044380296021699905,-0.00024490634677931666,-0.0,-0.0,1789195806.6178327
1116.73,-0.1464778410110494,-0.5296663342290379,0.22943491838735963,0.47001501497871123,3.0592815074045863,0.0267915793296259,1,2,1.0514321327209473,-1.2772566837123414,1.925368611012594,-2.185538431207174,-1.529321018849508,-0.21470433870424444,0.0,-0.00015113348490558565,0.0006062373868189752,-7.494531746488065e-05,-0.0,-0.0,1789195806.7178252
1116.83,-0.14634907925362964,-0.5294578921935645,0.22924319186139763,0.46993290031593055,3.059078138383039,0.0275336179805326,1,2,1.0514440536499023,-1.277420536880829,1.92604905763735,-2.1855317554869593,-1.52930194536318,-0.21473580995668584,0.0,-0.009323270060122013,0.01778869517147541,-2.7787748547561123e-42,-0.0,-0.0,1789195806.8178515
1116.9299999999998,-0.14620329219447076,-0.5291948323516257,0.22923649065479443,0.4699152165918982,3.059037656230807,0.027854743663952727,1,2,1.0514440536499023,-1.2779988807490845,1.926811997090475,-2.185507913629049,-1.5293410460101526,-0.21474773088564092,0.0,-0.0016981166554614902,0.0009116999572142959,-0.0,-0.0,-0.0,1789195806.917825
1117.03,-0.14620116943014627,-0.529203800121035,0.22929522837856045,0.46991887923806674,3.0591180326311735,0.027580186411295015,1,2,1.051457405090332,-1.2780825656703492,1.926800552998678,-2.1856070957579554,-1.529349152241842,-0.21473580995668584,0.0,-0.004684542305767536,0.000114894712169189,-0.0011261615436524153,-0.0,-0.0,1789195807.0177968
1117.1299999999999,-0.1459030441433028,-0.5291404544357703,0.23050869014019826,0.4693960566209671,3.0600815672119714,0.02399706217279024,1,2,1.0518770217895508,-1.2803606551936646,1.9268572966205042,-2.185861726800436,-1.529297176991598,-0.2147005240069788,0.009513285011053085,-0.04300517216324806,0.0019427089719101787,-0.00014454455231316388,-0.0,-0.0,1789195807.1177912
1117.23,-0.1455437149103045,-0.5288006568126659,0.23384593872862786,0.46912992763530365,3.0624275606152547,0.01492947131184232,1,2,1.0521466732025146,-1.2866395574859162,1.9268606344806116,-2.185861726800436,-1.5292652289019983,-0.21472007433046514,0.0002779669302981347,-0.06967166066169739,-5.9492787841008976e-05,-4.437151801539585e-05,-9.330148340231675e-35,-0.0,1789195807.2177582
1117.33,-0.14531944743708677,-0.5284042077752943,0.23711391619931912,0.4692862305214716,3.06469505885765,0.006086928041039384,1,2,1.0521562099456787,-1.292804555302002,1.926873032246725,-2.1858416996397914,-1.529304329548971,-0.21472388902773076,0.000137127295602113,-0.04905596747994423,-0.0,-1.1032492874552501e-39,-0.0,-0.0,1789195807.317789
1117.4299999999998,-0.14524335002685027,-0.528255355437155,0.238211158996812,0.4693382238863886,3.065436759866173,0.003129605890406565,1,2,1.0521442890167236,-1.294898049240448,1.9269030729876917,-2.1858231029906214,-1.5293081442462366,-0.21473914781679326,6.041699816705659e-05,-0.002237641252577305,4.777019421453588e-05,8.000800153240561e-05,-0.0,-0.0,1789195807.4177759
1117.53,-0.14491604078269527,-0.5276911704078276,0.23740185364825278,0.4692815125804293,3.064690820188834,0.006088683918787962,1,2,1.0521514415740967,-1.2948898834041138,1.9288156668292444,-2.185695787469381,-1.529304329548971,-0.21473580995668584,0.0,9.703446379738523e-12,0.04934261739253998,0.000249981414526701,-0.0,-0.0,1789195807.5177827
1117.6299999999999,-0.14349214754001216,-0.5252022019773018,0.2338017758939204,0.46905635924993677,3.061454425593391,0.018808858257998558,1,2,1.0521514415740967,-1.2947496634772797,1.9373229185687464,-2.185530801812643,-1.529297176991598,-0.21473580995668584,0.0,0.00021379762620199472,0.11112289875745773,0.00019155822519678622,-0.0,-0.0,1789195807.6177723
1117.73,-0.14223461428684508,-0.5229609992653597,0.23068552010202803,0.4689090834570995,3.0586605594726444,0.02968356972575299,1,2,1.0521154403686523,-1.2947378319552918,1.944930378590719,-2.185610910455221,-1.5293167273150843,-0.21473914781679326,4.624284932271896e-44,8.708397945156321e-05,0.017147738486528397,-0.00015119000454433262,-0.0,-0.0,1789195807.7178023
1117.83,-0.1422796274167706,-0.5230270595409069,0.2307966328421492,0.4689595547151049,3.058865652948071,0.02895602423502483,1,2,1.0521070957183838,-1.2947808665088196,1.944791618977682,-2.185942312280172,-1.529337231312887,-0.21472388902773076,-9.394929656991735e-05,-2.6902473198049448e-37,-0.002158569870516658,-0.0008458124357275665,-0.0,-0.0,1789195807.8177676
1117.9299999999998,-0.14247873331634148,-0.5233632868898898,0.2312482516468582,0.4689979956442512,3.059289841636991,0.0271468801761383,1,2,1.0520880222320557,-1.2947653991035004,1.9437077681170862,-2.186113496819967,-1.529297176991598,-0.21473580995668584,0.0,-0.000160719602718018,-0.01375725120306015,-0.0008547875331714749,-0.0,-0.0,1789195807.9177692
1118.03,-0.14265533990878,-0.5236704312496745,0.2316477651710526,0.4690302523089408,3.059665959605609,0.025726927394426367,1,2,1.0520880222320557,-1.2947221559337159,1.9426758925067347,-2.1861139736571253,-1.5293057600604456,-0.21473247209657842,-4.644383972935019e-29,2.051716001955084e-13,-0.003983047790825367,-0.00014403913519345224,-0.0,-0.0,1789195808.0177975
1118.1299999999999,-0.14270070034543178,-0.5237806152188039,0.23178835397144243,0.4690317943362746,3.0597920001764916,0.02526152939431024,1,2,1.0521178245544434,-1.2947102350047608,1.942310635243551,-2.1860863171019496,-1.529309097920553,-0.21470767656435186,-0.00015079646254889667,6.68347129249014e-05,-0.0026870016008615494,-5.013024929212406e-05,-0.0,-0.0,1789195808.1177728
1118.23,-0.1427806928803128,-0.5238307168684245,0.23181957073756282,0.4691499575588275,3.0598081885860036,0.02512487941433944,1,2,1.0520329475402832,-1.2946192485145112,1.9421146551715296,-2.1860739193358363,-1.529309097920553,-0.21471673647035772,-3.675899642985314e-05,0.00016578647773712873,-0.0018805071013048291,-0.0,-0.0,-0.0,1789195808.2178142
1118.33,-0.14279684381199573,-0.5238225981914972,0.23180626423337952,0.46914203207611593,3.0598275514787745,0.025198319524110217,1,2,1.0520052909851074,-1.2946024698070069,1.9421218077289026,-2.186059137383932,-1.52934438387026,-0.21475154558290654,-2.6121371774934232e-05,0.0003380219859536737,-0.0003343718417454511,-0.0,-0.0,-0.0,1789195808.3177814
1118.4299999999998,-0.14293154732097288,-0.5241335814022945,0.23219038028459682,0.46911442208269727,3.0601560472545906,0.023765613399272054,1,2,1.052067518234253,-1.294551060800888,1.9411266485797327,-2.1860934696593226,-1.529297176991598,-0.21472055116762334,0.0,0.0010397137375548482,-0.019969463348388672,-0.0,-0.0,-0.0,1789195808.4177878
1118.53,-0.14340642231832113,-0.5249546775257056,0.2333016147625389,0.46917139003128533,3.061200221675973,0.01983078975942125,1,2,1.0520639419555664,-1.2944935721210022,1.9383485952960413,-2.1861125431456507,-1.5293248335467737,-0.21473580995668584,0.0,0.0004813674313481897,-0.03669680282473564,-0.0,-0.0,-0.0,1789195808.5177765
1118.6299999999999,-0.14420982521354597,-0.5263319196653857,0.23521451624749778,0.4693548070518127,3.062874023378699,0.013202886260511542,1,2,1.0520365238189697,-1.2944469016841431,1.9336183706866663,-2.186019083062643,-1.5293167273150843,-0.21472055116762334,0.0,0.00018564789206720889,-0.04452298581600189,-0.0,-0.0,-0.0,1789195808.6177287
1118.73,-0.1444624077217393,-0.5267687656840353,0.23574669867252313,0.4693640788019618,3.063389989252883,0.011370981498678975,1,2,1.0520401000976562,-1.2943032544902344,1.9321296850787562,-2.1859594784178675,-1.5293601194964808,-0.21473580995668584,0.0,0.008881618268787861,-7.011515682949044e-20,0.0002585265028756112,-0.0,-0.0,1789195808.7177575
1118.83,-0.14453101746739921,-0.5268672929108759,0.23467328330486825,0.4693178097286489,3.062615404828079,0.014384294971427278,1,2,1.052016019821167,-1.2923327845386048,1.9321897665606897,-2.185899396935934,-1.529349152241842,-0.21475106874574834,-0.0008442915277555585,0.025870101526379585,0.00013220585242379457,0.00021641916828230023,-0.0,-0.0,1789195808.817774
1118.9299999999998,-0.14466146500864985,-0.5270755883589576,0.23274103667246493,0.46929663173758634,3.0612360827831817,0.019803427089343878,1,2,1.0519955158233643,-1.288709209566452,1.93219501176943,-2.1857787571349085,-1.5293572584735315,-0.21471673647035772,-0.00014573117368854582,0.05300454422831535,0.0003013756650034338,0.0005390589940361679,-0.0,-0.0,1789195808.9177763
1119.03,-0.1448839993128946,-0.5274464573832646,0.22913840825138637,0.4690814292091849,3.058705511878889,0.029671553716647373,1,2,1.051971673965454,-1.2819743317416687,1.932272736226217,-2.185747285882467,-1.5293563047992151,-0.21475106874574834,-0.00022734915546607226,0.07234976440668106,0.0004687832260970026,8.179874566849321e-05,-0.0,-0.0,1789195809.0177631
1119.1299999999999,-0.14503303939434603,-0.5276718565228261,0.2267762778578633,0.46905740120758155,3.0569819748007934,0.03611870883002011,1,2,1.0519285202026367,-1.2775690120509644,1.932333771382467,-2.1857248745360316,-1.5293248335467737,-0.21472055116762334,-9.006982872961089e-05,0.013412227854132652,0.001582236378453672,3.251265860843647e-22,-0.0,-0.0,1789195809.1177757
1119.23,-0.1450395645114087,-0.5276605589067224,0.22669160736096577,0.46903646598175613,3.0569364856410255,0.03634997038008051,1,2,1.0519094467163086,-1.27744813383136,1.9323886076556605,-2.1857434711852015,-1.529337231312887,-0.21475106874574834,-3.3285944243944797e-22,0.00017771465354599059,0.00018146108777727932,0.0,-0.0,-0.0,1789195809.217758
1119.33,-0.1450418985798952,-0.5276847948907185,0.22636285605844705,0.46901142327315454,3.0566883204325506,0.03732286049748424,1,2,1.0519285202026367,-1.2768542629531403,1.932408634816305,-2.185683866540426,-1.5293410460101526,-0.21473580995668584,0.0,0.0169961117208004,0.0001391910045640543,0.0001944168034242466,-0.0,-0.0,1789195809.317762
1119.4299999999998,-0.14514182293927524,-0.5278479468974844,0.22496272980750764,0.4689514123416997,3.0557121483557292,0.04107615859070663,1,2,1.0519165992736816,-1.2741691333106537,1.9323561827289026,-2.1857110462584437,-1.529349152241842,-0.21473580995668584,-0.00017358908371534199,0.03202271834015846,-0.0,0.000115802904474549,-0.0,-0.0,1789195809.4177504
1119.53,-0.14520990741312081,-0.5279883682854788,0.22337638870212265,0.46883817600410027,3.0545416626010304,0.04542209297759095,1,2,1.0519285202026367,-1.271228091125824,1.9324124495135706,-2.1856752834715785,-1.529321018849508,-0.21473580995668584,-5.927040911046788e-05,0.03959840536117554,-0.0,1.7835225696993696e-21,-0.0,-0.0,1789195809.5177488
1119.6299999999999,-0.1453706249793821,-0.5282615266169739,0.2206789343778606,0.46869301219800863,3.0526539947432934,0.052699099612612446,1,2,1.0519237518310547,-1.2661175292781373,1.9323824087726038,-2.1857062778868617,-1.5293610731707972,-0.21473580995668584,0.0,0.07065410912036896,5.058056194684468e-05,-9.14303424637275e-11,-0.0,-0.0,1789195809.6177542
1119.73,-0.14557083327296563,-0.5285147713662472,0.21793947348411313,0.46871022915639665,3.050692848899562,0.06001147620940039,1,2,1.051832675933838,-1.260932908659317,1.932366673146383,-2.185786863366598,-1.5293849150287073,-0.21471149126161748,-0.003423971589654684,-0.0023679654113948345,-0.0002361537335673347,-0.0003443577152211219,-0.0002307265531271696,-0.0,1789195809.717755
1119.83,-0.14562076275827301,-0.5284836152061273,0.2180489818373949,0.46887334066653574,3.0507322218494637,0.059713631152275334,1,2,1.0517199039459229,-1.261150823240616,1.9323814550982874,-2.1857830486693324,-1.5293729940997522,-0.21472055116762334,-0.00018842633289750665,0.00011241670290473849,-3.5847246181219816e-05,-0.00012367122690193355,-6.973020936129615e-05,-0.0,1789195809.8177555
1119.9299999999998,-0.14564011385468864,-0.5284813001107294,0.21800848484840107,0.4688996571826873,3.05069020297332,0.059832212153177244,1,2,1.0516853332519531,-1.2610765856555481,1.9323814550982874,-2.1857716045775355,-1.5293691794024866,-0.21473580995668584,-8.164384053088725e-05,1.6639529349049553e-05,-1.6183825413963734e-23,-7.002912028042374e-09,-2.1495883157823154e-33,-0.0,1789195809.9177396
1120.03,-0.1456309938862966,-0.5284658805590643,0.21800032629532898,0.4688944049684106,3.050737235282927,0.059983124646851356,1,2,1.0517008304595947,-1.2610910099795838,1.9324052969561976,-2.1857081852354945,-1.5294488112079065,-0.2147277037249964,0.0,0.00010078866762341931,-0.0,-1.9241021536470226e-13,-0.0004270805511623621,-0.0,1789195810.0177057
1120.1299999999999,-0.14562321398163264,-0.5284617779127014,0.2179621133449775,0.4688893947238707,3.0507884702231505,0.06020322083342275,1,2,1.0517284870147705,-1.2610322397998353,1.9324105421649378,-2.185660024682516,-1.5295489470111292,-0.21470767656435186,0.0,0.00013253111683297902,9.921902528731152e-05,0.0001279397401958704,-0.0026289678644388914,-0.0,1789195810.1177766
1120.23,-0.14561862719220847,-0.5284374069465514,0.21795449558169533,0.46886126911364484,3.0508309163513156,0.06023217222696697,1,2,1.0517213344573975,-1.2610683006099244,1.9324849287616175,-2.1856943569579066,-1.5295923391925257,-0.21473580995668584,0.0,4.895514575764537e-05,0.00020953135390300304,5.680065805790946e-05,-0.00019971956498920918,-0.0,1789195810.2177687
1120.33,-0.145627394502714,-0.5284997930320279,0.2180388437241486,0.4687815372947286,3.0509131621524963,0.05970306907375055,1,2,1.0517523288726807,-1.2610969704440613,1.9323566595660608,-2.1858793697752894,-1.5295236746417444,-0.2147586981402796,0.0,-0.00015919719589874148,-0.00018827826716005802,-0.000304207467706874,-3.5999921309376385e-19,-0.0,1789195810.3177488
1120.4299999999998,-0.1456365900009173,-0.5284989162704522,0.21807670994591932,0.46884588704433305,3.050891997048943,0.05957255044875933,1,2,1.0517284870147705,-1.2611593169024964,1.932345215474264,-2.1858793697752894,-1.5294807592975062,-0.21473914781679326,-4.742310557048768e-05,-8.037952648010105e-05,-8.01226487965323e-05,-0.00010953504533972591,-0.0,-0.0,1789195810.417747
1120.53,-0.14562654598492175,-0.5284971982922569,0.2180578945261383,0.4688499802584147,3.0508821215342716,0.05962539171813642,1,2,1.051743984222412,-1.2611364287189026,1.9323633352862757,-2.1858860454955042,-1.5294845739947718,-0.21472055116762334,-1.1164416156658511e-35,0.0,-0.0,-1.0724958595170948e-15,-0.0,-0.0,1789195810.5177314
1120.6299999999999,-0.14565188060978385,-0.528492989487235,0.2180771876193781,0.4689161451694671,3.0508727748603626,0.059586446373887623,1,2,1.0516972541809082,-1.261162893181183,1.932345215474264,-2.185864110986227,-1.5294769446002405,-0.21472388902773076,0.0,0.0,-0.0,-0.0,-0.0,-0.0,1789195810.6177342
1120.73,-0.1456321775824961,-0.5284975796664266,0.21806168408685928,0.46884344349138307,3.0508726935265407,0.05959782348419342,1,2,1.0517321825027466,-1.2611400049975892,1.9323599974261683,-2.1858912907042445,-1.529468838368551,-0.21473580995668584,0.0,0.0,-0.0,-0.0,-0.0,-0.0,1789195810.7177503
1120.83,-0.1456312386899021,-0.52850933840461,0.2180675591942111,0.4688548162416356,3.0508762265745943,0.05956685284373643,1,2,1.051743984222412,-1.2611281138709565,1.9323304335223597,-2.185894628564352,-1.5294650236712855,-0.21471673647035772,0.0,0.0,-0.0,-0.0,-0.0,-0.0,1789195810.8178923
1120.9299999999998,-0.14562881533232083,-0.5285185300462003,0.21808407217574938,0.46882337050589495,3.050918265285042,0.05949424376285099,1,2,1.0517594814300537,-1.2611399751952668,1.9323108831988733,-2.185920377770895,-1.5294807592975062,-0.21472388902773076,0.0,0.0,-0.0,-0.0,-0.0,-0.0,1789195810.9177418
1121.03,-0.14564753263128824,-0.5285012298374909,0.2180782790304856,0.4688752555038036,3.0508922805279486,0.059553662926311174,1,2,1.0517127513885498,-1.2611521047404786,1.932333771382467,-2.185887952844137,-1.5294807592975062,-0.21473580995668584,0.0,0.0,-0.0,-0.0,-0.0,-0.0,1789195811.0176973
1121.1299999999999,-0.14565110304425088,-0.5285060326039277,0.218088782293468,0.4688803146031485,3.0508906099217947,0.05950902145814306,1,2,1.0517091751098633,-1.2611593169024964,1.9323180357562464,-2.1858912907042445,-1.529468838368551,-0.21473580995668584,0.0,0.0,-0.0,-0.0,-0.0,-0.0,1789195811.1177263
1121.23,-0.1456277633276951,-0.5284993296361026,0.2180694905904066,0.4688277441777308,3.0509006994218284,0.05956807882461924,1,2,1.051743984222412,-1.2611521047404786,1.9323599974261683,-2.185906549493307,-1.5294845739947718,-0.21473580995668584,0.0,0.0,-0.0,-0.0,-0.0,-0.0,1789195811.2177122
1121.33,-0.14564834293126946,-0.5285019722735647,0.21807068922893044,0.4688747874934786,3.0508839507486036,0.059597887740970204,1,2,1.0517127513885498,-1.2611364287189026,1.9323270956622522,-2.1858674488463343,-1.5294840971576136,-0.21473580995668584,0.0,0.0,-0.0,-0.0,-0.0,-0.0,1789195811.317722
1121.4299999999998,-0.14562677537284505,-0.528504538799178,0.218077978301563,0.4688636432856523,3.050876198385033,0.05957857276415134,1,2,1.0517475605010986,-1.261155681019165,1.932333771382467,-2.185864110986227,-1.529468838368551,-0.21470767656435186,0.0,0.0,-0.0,-0.0,-0.0,-0.0,1789195811.4177113
1121.53,-0.14564908523841416,-0.5285025219577381,0.2180816577253325,0.46889824050685336,3.0508851400128627,0.05952019573039826,1,2,1.0517091751098633,-1.261155681019165,1.932333771382467,-2.1859032116331996,-1.529468838368551,-0.21472388902773076,0.0,0.0,-0.0,-0.0,-0.0,-0.0,1789195811.5177271
1121.6299999999999,-0.14563235421828255,-0.5284939036050746,0.2180584535587775,0.4688431552563939,3.0508591886913585,0.05964675567359334,0,3,1.0517284870147705,-1.2611400049975892,1.9323599974261683,-2.185856958428854,-1.529468838368551,-0.21473914781679326,0.0,0.0,-0.0,-0.0,-0.0,-0.0,1789195811.617723
1121.73,-0.1456498789638585,-0.5285055580614813,0.2180808922834119,0.4688708474599132,3.050905137145555,0.05950481893162243,0,3,1.0517127513885498,-1.2611484986594697,1.9323304335223597,-2.1859218082823695,-1.5294798056231897,-0.21473914781679326,0.0,0.0,-0.0,-0.0,-0.0,-0.0,1789195811.7176754
1121.83,-0.14565461008100028,-0.5285160031838039,0.21815975934651488,0.4688756554368553,3.0509856201475274,0.05916287179313696,0,3,1.0517127513885498,-1.2612633568099518,1.9323089758502405,-2.186019559899801,-1.529468838368551,-0.21473962465395147,0.0,-0.0020582808647304773,-0.0002457861846778542,-0.004885805305093527,-0.0,-0.0,1789195811.8177207
1121.9299999999998,-0.14564194365666933,-0.5285118660186655,0.21832779582290066,0.46886194971637984,3.051120763203835,0.05864723490674676,0,3,1.0517284870147705,-1.261562780742981,1.9322975317584437,-2.186065813104147,-1.529461685811178,-0.21473962465395147,0.0,-0.0011703877244144678,-0.00011004153202520683,-0.0001430643314961344,-0.0,-0.0,1789195811.9177208
1122.03,-0.1456413591765945,-0.5285093828419877,0.21833280302085767,0.46886496794554866,3.0511446775159783,0.05866337511014511,0,3,1.051732063293457,-1.2615745824626465,1.9322975317584437,-2.1860534153380335,-1.5294879118548792,-0.21473580995668584,0.0,-0.00013873963325750083,-1.0125403702423273e-35,-2.2144329094181956e-16,-0.0,-0.0,1789195812.017733
1122.1299999999999,-0.1456420817087688,-0.5285068321515323,0.21832068494600848,0.4688490382800664,3.051116559076644,0.05869682041130305,0,3,1.051724910736084,-1.2615592044642945,1.932305637990133,-2.186045309106344,-1.529468838368551,-0.21475154558290654,0.0,-3.938932168326051e-17,4.471777720027603e-05,-0.0,-0.0,-0.0,1789195812.1177223
1122.23,-0.1456283974135185,-0.528500421435893,0.21828391918089116,0.46882568917821676,3.0510459306826685,0.05887536867031989,0,3,1.051736831665039,-1.261514739399292,1.9323213736163538,-2.185971876183981,-1.529444996510641,-0.21475106874574834,0.0,0.00037845681072212756,6.696303171338513e-05,-4.722308240079901e-25,-0.0,-0.0,1789195812.2177536
1122.33,-0.14562843148081336,-0.5284988103699276,0.21825689318361713,0.4688688047984173,3.051047982665839,0.05895784300688443,0,3,1.0517404079437256,-1.2614716452411194,1.932333771382467,-2.185981889764303,-1.5294726530658167,-0.21472007433046514,0.0,0.00013317256525624543,-0.0,-0.0,0.0,-0.0,1789195812.3177423
1122.4299999999998,-0.14562172523441888,-0.5284864006615754,0.21822498115097055,0.4688661476593442,3.0510087930002556,0.0591164097468864,0,3,1.0517404079437256,-1.2614429754069825,1.9323633352862757,-2.1859308681883753,-1.5294759909259241,-0.21472007433046514,0.0,0.00017695766291581094,2.602680237063303e-35,2.1124605537048424e-11,0.0,-0.0,1789195812.4176764
1122.53,-0.14562363888178767,-0.5284960040224361,0.21822308544020602,0.4688394274709724,3.0509904663308625,0.05907327568434087,0,3,1.0517404079437256,-1.2614225906184693,1.9323461691485804,-2.185951372186178,-1.529444996510641,-0.21473580995668584,0.0,0.00012487685307860374,1.7713872485018485e-20,4.24868629167463e-09,0.0,-0.0,1789195812.5177107
1122.6299999999999,-0.14560884709751964,-0.5284905142657743,0.21820153149305094,0.46882624547834867,3.0509581037529054,0.0592028751041867,0,3,1.0517594814300537,-1.2614022654346009,1.9323599974261683,-2.1858960590758265,-1.529444996510641,-0.21472388902773076,0.0,8.36890540085733e-05,-0.0,0.0,0.0,-0.0,1789195812.6177073
1122.73,-0.14562531673054968,-0.5284792206381468,0.21818463663168047,0.4688580154668275,3.050979913763564,0.059239087651330104,0,3,1.0517284870147705,-1.2613867384246369,1.9323886076556605,-2.185927530328268,-1.5294798056231897,-0.21473580995668584,0.0,4.564706250675954e-05,-0.0,0.0,0.0,-0.0,1789195812.7177372
1122.83,-0.14562605078141078,-0.5284828282668598,0.21818951900946654,0.4688613371285334,3.0509641753759826,0.05917261200738311,0,3,1.051724910736084,-1.2613903147033234,1.9323886076556605,-2.185958047906393,-1.5294492880450647,-0.21473580995668584,0.0,1.2908948519907426e-05,-0.0,0.0,0.0,-0.0,1789195812.8177042
1122.9299999999998,-0.14563371439190956,-0.5284810148349647,0.2181882738991862,0.4689047482771452,3.050964377766518,0.05919163969594822,0,3,1.0517127513885498,-1.2613867682269593,1.9323847929583948,-2.185948988000387,-1.5294602552997034,-0.21472007433046514,0.0,0.0,-0.0,0.0,0.0,-0.0,1789195812.9176936
1123.03,-0.145610145054133,-0.5284905332965266,0.2181922011211237,0.46880909704219936,3.0509735105833307,0.05920035623272898,0,3,1.0517594814300537,-1.2613867682269593,1.9323700110064905,-2.185927530328268,-1.5294564406024378,-0.21473580995668584,0.0,0.0,-0.0,0.0,0.0,-0.0,1789195813.0176797
1123.1299999999999,-0.14562678726037753,-0.5284826234638536,0.21818923889672617,0.46886099265000614,3.050952599831802,0.05924402626980096,0,3,1.051724910736084,-1.2613867682269593,1.9323700110064905,-2.1858960590758265,-1.5294564406024378,-0.21473580995668584,0.0,3.1468959613342417e-41,3.1484029987863508e-27,0.0,0.0,-0.0,1789195813.1176379
1123.23,-0.14561678812188503,-0.5284886427323634,0.21819190895301044,0.4688277916725215,3.050977125278602,0.059190446991004154,0,3,1.0517475605010986,-1.2613867384246369,1.932373348866598,-2.185938974420065,-1.5294602552997034,-0.21473580995668584,0.0,0.0,-0.0,0.0,0.0,-0.0,1789195813.217694
1123.33,-0.14563447292875487,-0.5284892995237712,0.218188844670748,0.46888260063901155,3.050925283948237,0.05920744085018065,0,3,1.0517127513885498,-1.2613710922053833,1.9323533217059534,-2.1859079800047816,-1.5294254461871546,-0.21473199525942022,0.0,0.0,-0.0,0.0,0.0,-0.0,1789195813.3176763
1123.4299999999998,-0.14563252380339994,-0.5284935714545924,0.21818610128569904,0.4689325356349342,3.0509493344080396,0.05920383002643724,0,3,1.051724910736084,-1.2613591712764283,1.9323495070086878,-2.1859308681883753,-1.529452149068014,-0.21468907991518194,0.0,0.0,-0.0,0.0,0.0,-0.0,1789195813.4176621
1123.53,-0.14562523265729782,-0.528485113798087,0.21817499039559984,0.46883256138272084,3.050963814893252,0.05926792092531562,0,3,1.051732063293457,-1.2613591712764283,1.932373348866598,-2.1859151325621546,-1.529468838368551,-0.21474773088564092,0.0,0.0,-0.0,0.0,0.0,-0.0,1789195813.5176673
1123.6299999999999,-0.14563091629914282,-0.528497463246765,0.21818539995903966,0.46887832834821536,3.0509439953494106,0.05919386881583501,0,3,1.0517284870147705,-1.2613519889167328,1.9323418776141565,-2.1859308681883753,-1.5294378439532679,-0.21472007433046514,0.0,0.0,-0.0,0.0,0.0,-0.0,1789195813.6176794
1123.73,-0.14563702871654724,-0.5284967469321946,0.21819835147761946,0.46886196156504983,3.0509736335190887,0.05916571375705438,0,3,1.0517213344573975,-1.2613710922053833,1.9323347250567835,-2.1859308681883753,-1.5294564406024378,-0.21473962465395147,0.0,0.0,-0.0,0.0,0.0,-0.0,1789195813.717684
1123.83,-0.1456305089386827,-0.5284839076159168,0.21817332734558803,0.46886630897837767,3.0509490124307757,0.05928241549539144,0,3,1.0517213344573975,-1.2613555949977417,1.9323700110064905,-2.1859032116331996,-1.5294635931598108,-0.21473580995668584,0.0,0.0,-0.0,0.0,0.0,-0.0,1789195813.8176365
1123.9299999999998,-0.14563583056750043,-0.5284922655035712,0.21819247160049043,0.46887355053466495,3.050952236861785,0.05917840343293226,0,4,1.0517163276672363,-1.2613710922053833,1.9323495070086878,-2.1859308681883753,-1.5294416586505335,-0.21473580995668584,0.0,0.0,-0.0,0.0,0.0,-0.0,1789195813.9176705
1124.03,-0.1456408140190529,-0.5284924501955238,0.21820407505061,0.46886384373534085,3.050985650730807,0.05915293442480373,0,4,1.0517127513885498,-1.2613867384246369,1.9323418776141565,-2.1859342060484828,-1.5294650236712855,-0.21474773088564092,0.0,0.0,-0.0,0.0,0.0,-0.0,1789195814.017692
1124.1299999999999,-0.14563118019179194,-0.5284856632129254,0.21819448836407196,0.4688716381776396,3.0509564715830093,0.05916390593299087,0,4,1.051717758178711,-1.261390284901001,1.932373348866598,-2.1859456501402796,-1.5294416586505335,-0.21473580995668584,0.0,0.0,-0.0,0.0,0.0,-0.0,1789195814.1176353
1124.23,-0.14563379046257338,-0.5284848698951282,0.21818356846584774,0.4688782296188945,3.0509406131565626,0.059217892979091545,0,4,1.0517127513885498,-1.2613710922053833,1.9323700110064905,-2.1859237156310023,-1.5294416586505335,-0.21473580995668584,0.0,0.0,-0.0,0.0,0.0,-0.0,1789195814.2176754
1124.33,-0.14563166784171486,-0.5284998311103108,0.21819693275326862,0.46887303336130703,3.0509546542213215,0.05913634934303078,0,4,1.0517284870147705,-1.2613674861243744,1.932338062916891,-2.1859494648375453,-1.5294325987445276,-0.21472388902773076,0.0,0.0,-0.0,0.0,0.0,-0.0,1789195814.3176632
1124.4299999999998,-0.1456379981361854,-0.5284829586219694,0.21818349794627795,0.46891212995439846,3.05098357160052,0.059228022200325296,0,4,1.0517127513885498,-1.2613710922053833,1.932373348866598,-2.185938974420065,-1.5294879118548792,-0.21471673647035772,0.0,0.0,-0.0,0.0,0.0,-0.0,1789195814.4177077
1124.53,-0.14562813004012742,-0.5284858002586532,0.21818049286655627,0.46884267720271644,3.0509593658764684,0.05921292270908431,0,4,1.051724910736084,-1.2613674861243744,1.9323771635638636,-2.185942312280172,-1.5294526259051722,-0.21474773088564092,0.0,0.0,-0.0,0.0,0.0,-0.0,1789195814.5176358
1124.6299999999999,-0.1456193899660688,-0.5284887203645952,0.21817459071766968,0.4688505965640593,3.0509615645125385,0.05924899951308264,0,4,1.051743984222412,-1.2613555949977417,1.932373348866598,-2.1859308681883753,-1.5294635931598108,-0.21472388902773076,0.0,0.0,-0.0,0.0,0.0,-0.0,1789195814.6176906
1124.73,-0.1456335780887951,-0.5285021716978358,0.21821479440381764,0.46885257484018716,3.050989941896296,0.05911282888307294,0,4,1.051732063293457,-1.261390284901001,1.9323199431048792,-2.1859342060484828,-1.5294564406024378,-0.21473580995668584,0.0,0.0,-0.0,0.0,0.0,-0.0,1789195814.7177086
1124.83,-0.14561557081587737,-0.5284895884998195,0.21818097437612916,0.4688072890733134,3.0509551314317394,0.059220465368735806,0,4,1.0517475605010986,-1.2613674861243744,1.932373348866598,-2.1859308681883753,-1.529444996510641,-0.21474773088564092,0.0,0.0,-0.0,0.0,0.0,-0.0,1789195814.8176703
1124.9299999999998,-0.1456380707993411,-0.5284885280362184,0.21818108945603498,0.468852225446237,3.050977125018739,0.059249789367686906,0,4,1.0517163276672363,-1.2613555949977417,1.9323533217059534,-2.1859151325621546,-1.5294798056231897,-0.21475154558290654,0.0,0.0,-0.0,0.0,0.0,-0.0,1789195814.9176536
1125.03,-0.14562102844970418,-0.528499885187818,0.21819699792197472,0.4688168543982911,3.050983369060304,0.059173934583375415,0,4,1.0517511367797852,-1.2613710922053833,1.932338062916891,-2.1859308681883753,-1.5294602552997034,-0.21473962465395147,0.0,0.0,-0.0,0.0,0.0,-0.0,1789195815.0176692
1125.1299999999999,-0.1456358201718699,-0.5284840397407676,0.2181723768522691,0.4688797430850461,3.050953582290669,0.059257092838560954,0,4,1.0517127513885498,-1.2613520187190552,1.932373348866598,-2.185927530328268,-1.5294635931598108,-0.21473580995668584,0.0,0.0,-0.0,0.0,0.0,-0.0,1789195815.11765
1125.23,-0.14562089581010842,-0.5285028199031588,0.21821215208755584,0.46885025850844186,3.05096705451628,0.05907757908647172,0,4,1.0517475605010986,-1.26139389098201,1.932338062916891,-2.1859618626036585,-1.5294254461871546,-0.21472007433046514,0.0,0.0,-0.0,0.0,0.0,-0.0,1789195815.21761
1125.33,-0.14563937160419688,-0.5284892919236356,0.21817912712799326,0.46890250587469673,3.0509434377804796,0.0592253565389366,0,4,1.0517091751098633,-1.2613520187190552,1.9323566595660608,-2.185927530328268,-1.5294492880450647,-0.21472388902773076,0.0,0.0,-0.0,0.0,0.0,-0.0,1789195815.317638
1125.4299999999998,-0.14562317729133142,-0.5284817341044526,0.2181742066456716,0.46883057437579045,3.050951499466762,0.05923324114038128,0,4,1.0517284870147705,-1.2613675159266968,1.9323928991900843,-2.185942312280172,-1.5294488112079065,-0.21475154558290654,0.0,0.0,-0.0,0.0,0.0,-0.0,1789195815.417641
1125.53,-0.14562630683198335,-0.5284887192219454,0.2181833692844533,0.46887251506397293,3.0509429637707113,0.059213664673524825,0,4,1.0517284870147705,-1.2613675159266968,1.932366673146383,-2.185927530328268,-1.5294411818133753,-0.21472388902773076,0.0,0.0,-0.0,3.767687246896032e-24,0.0,-0.0,1789195815.5176215
