controller_time_s,tcp_x,tcp_y,tcp_z,tcp_rx,tcp_ry,tcp_rz,gripper_state,gripper_event_counter,actual_q_0,actual_q_1,actual_q_2,actual_q_3,actual_q_4,actual_q_5,actual_qd_0,actual_qd_1,actual_qd_2,actual_qd_3,actual_qd_4,actual_qd_5,host_receive_time_s
4436.217,-0.44795116949776753,-0.4779583681015974,0.3397692472748076,1.135089681710351,2.893876767584981,-0.026723483666156234,0,0,0.6091163158416748,-1.1708072286895295,1.465510670338766,-1.8609034023680628,-1.5287531057940882,-0.21472388902773076,0.0,0.0,-0.0,-0.0,-0.0,0.0,1789027829.7154808
4436.317,-0.44791601994589386,-0.4779304191406729,0.33969614778768786,1.1350708813291182,2.8938155518235003,-0.026492846442468403,0,0,0.6091163158416748,-1.1708330375007172,1.4656999746905726,-1.8609072170653285,-1.528780762349264,-0.21472388902773076,0.0001898308692034334,0.0,0.0001420616899849847,-0.0,-0.00018600562179926783,0.0,1789027829.8028257
4436.4169999999995,-0.44791176694648344,-0.4779325488196391,0.3397176503005749,1.1350437183647677,2.893828798451458,-0.0265531654473154,0,0,0.6091198921203613,-1.1708571773818512,1.4656866232501429,-1.8609034023680628,-1.5287616888629358,-0.21473914781679326,5.347569094737992e-05,0.0,3.704608025145717e-05,-0.0,-7.254005322465673e-05,0.0,1789027829.9028957
4436.517,-0.4479138566649765,-0.4779289131859671,0.33967582747022707,1.1350877968848523,2.8937866184428884,-0.026443302814599803,0,0,0.6091163158416748,-1.1708190006068726,1.4657238165484827,-1.8609072170653285,-1.528780762349264,-0.21470767656435186,0.0,0.0,3.055472916457802e-05,-0.0,-0.0,0.0,1789027830.0028653
4436.617,-0.44790936820475136,-0.4779415634234335,0.33969491064514046,1.135060933040578,2.893819865191912,-0.026513954309193073,0,0,0.6091353893280029,-1.1708261531642457,1.4656966368304651,-1.8609229526915492,-1.528773609791891,-0.21471149126161748,0.0,0.0,-0.0,-0.0,-1.7855986496535196e-23,0.0,1789027830.102855
4436.717,-0.4479037352309943,-0.4779315640011744,0.3396983282069021,1.1350216054075455,2.893766251283655,-0.02650415895381355,0,0,0.6091198921203613,-1.1708499950221558,1.4657114187823694,-1.8608724079527796,-1.5287235418902796,-0.21473914781679326,0.0,0.0,-0.0,-0.0,-0.0,0.0,1789027830.2030153
4436.817,-0.4478998038654164,-0.47794905971341806,0.33969102918032595,1.1350643301298633,2.893813315937765,-0.02648171432741067,0,0,0.6091546416282654,-1.1708225768855591,1.4656966368304651,-1.8609072170653285,-1.528780762349264,-0.21468907991518194,0.0,0.0,-0.0,-0.0,-0.0,0.0,1789027830.303009
4436.9169999999995,-0.4479146464956604,-0.47793178005795356,0.3396782956177111,1.1350572345302767,2.8937764828326253,-0.026448749767845375,0,0,0.6091163158416748,-1.170814113026001,1.465708080922262,-1.8608876667418421,-1.5287616888629358,-0.21472388902773076,0.0,0.0,-0.0,-0.0,-0.0,0.0,1789027830.402827
4437.017,-0.44789788615133647,-0.47794356426465784,0.33968831616417794,1.1350169116454218,2.8938076203729715,-0.02646217135142887,0,0,0.6091474890708923,-1.170829789047577,1.465708080922262,-1.8608876667418421,-1.5287688414203089,-0.21472388902773076,0.0,0.0,-0.0,-0.0,-0.0,0.0,1789027830.50272
4437.117,-0.44790756192271164,-0.47794651529240745,0.3396834091824252,1.135003695216942,2.8938244959382096,-0.02646496010654877,0,0,0.609143853187561,-1.1708069008639832,1.4656899611102503,-1.8608995876707972,-1.5287769476519983,-0.21473914781679326,0.0,0.0,-0.0,-0.0,-0.0,0.0,1789027830.6027226
4437.217,-0.4479081088343128,-0.477937473868657,0.3396782403755548,1.1350173482305501,2.893805877847133,-0.026435683818393153,0,0,0.6091318130493164,-1.170814113026001,1.465708080922262,-1.8608876667418421,-1.5287769476519983,-0.21473914781679326,0.0,0.0,-0.0,-0.0,-0.0,0.0,1789027830.7027862
4437.317,-0.4479078288031929,-0.47793726687685917,0.33970220308814825,1.135029402438056,2.8938257185345515,-0.02649018702748137,0,0,0.6091318130493164,-1.1708380740932007,1.4656899611102503,-1.8608876667418421,-1.5287769476519983,-0.21473580995668584,0.0,0.0,-0.0,-0.0,-0.0,0.0,1789027830.8027499
4437.4169999999995,-0.44791793950354264,-0.47793688637029713,0.33968613546072995,1.135057100788231,2.8937941931690467,-0.026487831987154875,0,0,0.6091198921203613,-1.1708104771426697,1.4656899611102503,-1.8609034023680628,-1.5287616888629358,-0.21472388902773076,0.0,0.0,-0.0,-0.0,-0.0,0.0,1789027830.902799
4437.517,-0.44790838093564167,-0.47795075135687537,0.3396781368454895,1.1350237070646145,2.893809884375912,-0.02646883645131843,0,0,0.6091474890708923,-1.1707949799350281,1.4656866232501429,-1.8609072170653285,-1.5287702719317835,-0.21472007433046514,5.687528549869137e-38,0.0,-0.0,-0.0,-0.0,0.0,1789027831.0028203
4437.617,-0.44790540584366256,-0.477946850904388,0.3397112222119777,1.1350178883329407,2.893836433346373,-0.026547364489096566,0,0,0.609143853187561,-1.1708380740932007,1.465675179158346,-1.8609072170653285,-1.5287616888629358,-0.21473247209657842,4.035522579215467e-05,0.0,-0.0,-0.0,-0.0,0.0,1789027831.1027765
4437.717,-0.4478914855060523,-0.47795145391096516,0.33968758004284916,1.134959321951666,2.893827964999157,-0.02646403625939849,0,0,0.6091629266738892,-1.1708261531642457,1.4657047430621546,-1.8608876667418421,-1.5287664572345179,-0.21474773088564092,0.0,0.0,-0.0,-0.0,-0.0,0.0,1789027831.2029004
4437.817,-0.4479053095783591,-0.4779291754058475,0.33968921601551927,1.1350573709638454,2.893815406417386,-0.026475375913686382,0,0,0.6091246008872986,-1.1708452862552186,1.4657328764544886,-1.8609158001341761,-1.5287826696978968,-0.21472388902773076,0.0,0.0,-0.0,-0.0,-0.0,0.0,1789027831.302774
4437.9169999999995,-0.4478469670898936,-0.4778539224976354,0.3394736369967452,1.1350598101218061,2.893521083602471,-0.025831483725193224,0,0,0.6090802550315857,-1.17083694160495,1.4661629835711878,-1.8608557186522425,-1.528780762349264,-0.21470767656435186,-0.0003275205963291228,0.0,0.003505477448925376,7.726537660346366e-06,-0.0,0.0,1789027831.4027383
4438.017,-0.4476950312078604,-0.47797715913279715,0.3392336534086658,1.13458634029359,2.8934883764847763,-0.02525268015664616,0,0,0.6093786358833313,-1.1706357461265107,1.4664009253131312,-1.8608762226500453,-1.5288131872760218,-0.21469289461244756,0.01158213336020708,7.77254463173449e-05,0.00023466473794542253,0.0,-0.00021933310199528933,0.0,1789027831.502773
4438.117,-0.446664217674559,-0.47881212534045353,0.33891675865351345,1.1315905749007826,2.8944964456792857,-0.02417835062307457,0,0,0.6114068031311035,-1.1705232423594971,1.466914478932516,-1.8608747921385707,-1.5290563742267054,-0.21470767656435186,0.034995608031749725,0.0054864133708179,0.0130865927785635,3.2880799925897274e-16,-0.0032731990795582533,0.0,1789027831.6026947
4438.217,-0.4426514233445792,-0.48239009477821,0.33865479585323544,1.1196629087243513,2.899636479069089,-0.022498262748427204,0,0,0.619733452796936,-1.1704476338675995,1.4673622290240687,-1.8608986339964808,-1.5300129095660608,-0.21473914781679326,0.13650527596473694,1.2820633443766383e-08,0.0009575134026817977,0.0,-0.004047527443617582,0.0,1789027831.7027652
4438.317,-0.43413435318806587,-0.4900173078796203,0.33885242960852585,1.0943403725118557,2.909379741836208,-0.022570923878704713,0,0,0.6371837854385376,-1.1707374912551423,1.4673588911639612,-1.8610030613341273,-1.5300076643573206,-0.21473914781679326,0.2066960632801056,-0.005247217603027821,0.00011001106031471863,-0.0007282170699909329,-8.895072824088857e-05,0.0,1789027831.8027806
4438.4169999999995,-0.4241755185944312,-0.4985868101244971,0.33927212661618744,1.0652778399089773,2.92048217423316,-0.023524075502571247,0,0,0.6572176814079285,-1.1713325542262574,1.467377010975973,-1.861474176446432,-1.5298965612994593,-0.2147005240069788,0.1906159520149231,-0.01708051934838295,6.039978321014875e-21,-0.008029471151530743,0.0008160530705936253,0.0,1789027831.9027495
4438.517,-0.41482910824891617,-0.5054872852978805,0.3424061750401107,1.0404599409432098,2.93245878086096,-0.03087450629307069,0,0,0.6747153997421265,-1.176022784118988,1.467337433491842,-1.8626061878600062,-1.5298641363727015,-0.21472055116762334,0.15666289627552032,-0.07939191162586212,-0.0,-0.009084620513021946,0.00020762154599651694,0.0,1789027832.0027635
4438.617,-0.40526890091912393,-0.5105277534923314,0.349845646881518,1.0191428689665452,2.946079799315012,-0.0461393073081117,0,0,0.6903004050254822,-1.1876633328250428,1.467348877583639,-1.8627063236632289,-1.5299151579486292,-0.2147467772113245,0.16008509695529938,-0.15187108516693115,-0.0,-0.00017133775691036135,4.737639756058343e-05,0.0,1789027832.1027656
4438.717,-0.3935810010794653,-0.5157564762175442,0.3601034064602199,0.9944344872098068,2.9625021653156516,-0.0674540103260878,0,0,0.7084355354309082,-1.2038254898837586,1.4673808256732386,-1.8626305065550746,-1.5299118200885218,-0.21472007433046514,0.20383672416210175,-0.15207333862781525,-0.0,-4.7203262511175126e-05,-0.00026957938098348677,0.0,1789027832.2027292
4438.817,-0.38000397645317385,-0.5218463539750721,0.3704106773893844,0.9644668739513861,2.9799140652992286,-0.0893998142434522,0,0,0.7298182845115662,-1.2201276582530518,1.467400852833883,-1.8626238308348597,-1.5298727194415491,-0.21473914781679326,0.23241254687309265,-0.16617274284362793,9.464920731261373e-05,-1.579306196549393e-21,-9.127654144666653e-15,0.0,1789027832.3026328
4438.9169999999995,-0.3644060048635603,-0.5297293110267906,0.3782664214640021,0.926819176052287,2.996821475493879,-0.10656895452905871,0,0,0.7557764649391174,-1.2326066356948395,1.4674246946917933,-1.8626824818053187,-1.5297287146197718,-0.21472055116762334,0.28839775919914246,-0.09299995005130768,8.65336405695416e-05,-0.00023494509514421225,0.0004189640749245882,0.0,1789027832.4026957
4439.017,-0.3467626699749774,-0.5397030939749348,0.3827860794873319,0.8806864667385338,3.012925132668971,-0.11714945171963419,0,0,0.786750078201294,-1.2397163075259705,1.4674213568316858,-1.863192697564596,-1.529626194630758,-0.21472388902773076,0.31352370977401733,-0.07214658707380295,5.3135972848394886e-05,-0.027422437444329262,0.0025115925818681717,0.0,1789027832.5027518
4439.117,-0.3305114614964444,-0.548091869684838,0.3903548410738196,-0.8356693340695646,-3.0169626760846153,0.14418251461009893,0,0,0.8147000670433044,-1.250219241981842,1.467409912739889,-1.8723956547179164,-1.5295732657061976,-0.21470767656435186,0.24742357432842255,-0.13359850645065308,2.1460520656546578e-05,-0.1539815366268158,4.572421676130034e-05,0.0,1789027832.6026812
4439.217,-0.31659788746096684,-0.5545277289631446,0.3997536141522292,-0.7960009529259795,-3.013564530057682,0.18202435017608015,0,0,0.838079035282135,-1.2626257103732605,1.467449967061178,-1.8876711330809535,-1.5296810309039515,-0.21471673647035772,0.22557923197746277,-0.09793589264154434,0.00010959213977912441,-0.07577531784772873,-0.0004111092130187899,0.0,1789027832.7027526
4439.317,-0.30434443470992645,-0.5592667804515163,0.4046399931279787,-0.7650454758585548,-3.017986483522611,0.19433495377770915,0,0,0.8578614592552185,-1.2705840033343812,1.4678624312030237,-1.8888594112791957,-1.5296500364886683,-0.2147277037249964,0.16965435445308685,-0.06704145669937134,0.01421569287776947,-0.0002075023512588814,-8.260548929683864e-05,0.0,1789027832.8026712
4439.4169999999995,-0.29534412861159476,-0.5617073812398026,0.40689144901395846,-0.7442615689557445,-3.022382496064355,0.19872362027528517,0,0,0.8714488744735718,-1.277038798933365,1.471431080495016,-1.8889819584288539,-1.5296724478351038,-0.21473580995668584,0.10641970485448837,-0.06757696717977524,0.051426805555820465,-0.0009042576421052217,-1.272915650187428e-21,0.0,1789027832.9032528
4439.517,-0.2884239094619243,-0.5627426875533795,0.40693374244419545,-0.7299980039381434,-3.027116559048721,0.19730918084648263,0,0,0.8811216354370117,-1.2822627884200593,1.4778640905963343,-1.8890110454955042,-1.5296877066241663,-0.21472007433046514,0.09287947416305542,-0.04061271995306015,0.07094290852546692,-0.0011592577211558819,-1.969940904271853e-29,0.0,1789027833.002691
4439.617,-0.282094698473168,-0.564321657790188,0.405107510693132,-0.7159829329689738,-3.032430696123725,0.19406469709290777,0,0,0.8906875848770142,-1.2844703060439606,1.4847844282733362,-1.891214510003561,-1.5296757856952112,-0.2147429625140589,0.08239445835351944,-0.024420587345957756,0.07433921843767166,-0.06663152575492859,-0.0,0.0,1789027833.102779
4439.717,-0.2776396796648357,-0.5651130385609077,0.4036435848740693,-0.7054961582057693,-3.0323210088706,0.20202235615891426,0,0,0.897126317024231,-1.287601963882782,1.4943378607379358,-1.9032966099181117,-1.5296333471881312,-0.21469289461244756,0.05772753059864044,-0.03228564187884331,0.13388752937316895,-0.19230292737483978,-0.0,0.0,1789027833.2027059
4439.817,-0.2723357351085046,-0.5652425094510306,0.39999456202655054,-0.6931447173198434,-3.0291600521455786,0.21849214532985894,0,0,0.9040407538414001,-1.29263328135524,1.513907257710592,-1.9297439060606898,-1.529741112385885,-0.2147467772113245,0.1115529015660286,-0.0489378459751606,0.22048674523830414,-0.27337008714675903,-0.00030726747354492545,0.0,1789027833.3027732
4439.9169999999995,-0.2635855792687626,-0.5663363281728039,0.3952925457213657,-0.6734874295281331,-3.0306664759121698,0.22854758202935962,0,0,0.9164435863494873,-1.2975173753551026,1.5346630255328577,-1.9526964626707972,-1.52977162996401,-0.21469289461244756,0.12679444253444672,-0.055762555450201035,0.1961102932691574,-0.15186886489391327,-6.960421887924895e-05,0.0,1789027833.402735
4440.017,-0.2562109415498127,-0.5668470188602465,0.39018552052208677,-0.659366103104891,-3.0391457457079323,0.2168145622975845,0,0,0.9266060590744019,-1.2995943588069458,1.5481908957110804,-1.9554435215392054,-1.5297563711749476,-0.21473914781679326,0.07321752607822418,0.003860631724819541,0.07001253962516785,0.003722471185028553,-7.254350327748661e-34,0.0,1789027833.502752
4440.117,-0.2534012474104086,-0.5676564444626451,0.3888689621577535,-0.6529742976656632,-3.042262182267471,0.21315429303234798,0,0,0.9311136603355408,-1.299438790684082,1.5506475607501429,-1.955339094201559,-1.529759709035055,-0.21472388902773076,0.03140271455049515,-1.0206824299530126e-05,-0.0004957787459716201,0.00023110969050321728,-1.2289387532128646e-42,0.0,1789027833.6027477
4440.217,-0.25300101912659645,-0.5680323173502896,0.38827120420220096,-0.6517592564692574,-3.0432119664808255,0.21148482294523982,0,0,0.9320127964019775,-1.29850988209758,1.550652805958883,-1.9550587139525355,-1.5297649542437952,-0.21473914781679326,-0.0003581876226235181,0.00928357895463705,-3.796020442425885e-11,0.000408495485316962,-0.0,0.0,1789027833.70276
4440.317,-0.2529376258978206,-0.5680863338508644,0.38820913852857375,-0.6515846472654864,-3.0432788882168618,0.21140146841516944,0,0,0.9321515560150146,-1.2984105211547394,1.5506699720965784,-1.955118795434469,-1.5297768751727503,-0.21472055116762334,0.0008850012673065066,-0.00027298377244733274,8.862071263138205e-05,9.315440547652543e-05,-0.0,0.0,1789027833.8026917
4440.4169999999995,-0.25293528879227695,-0.5680756094377809,0.38826142140673175,-0.6516076801594732,-3.043217312178659,0.21161598038151286,0,0,0.9321407675743103,-1.2984859508327027,1.5506733099566858,-1.9551907978453578,-1.5297563711749476,-0.21470433870424444,0.0,-0.0007579298689961433,6.69085857225582e-05,-0.00020743980712722987,-2.002574001380708e-05,0.0,1789027833.9026654
4440.517,-0.2523433964863778,-0.5679590190080015,0.3873129246910277,-0.6508473051701857,-3.0444211161681505,0.2088051102887229,0,0,0.9328197836875916,-1.2984727186015625,1.5525596777545374,-1.955083509484762,-1.5298145453082483,-0.21470767656435186,0.02258339896798134,0.0,0.054238107055425644,4.6443179599009454e-05,-0.0,0.0,1789027834.0025952
4440.617,-0.24848819084983892,-0.56699228826611,0.3808378963351065,-0.6462852529322626,-3.052489924973123,0.19059261633571764,0,0,0.9369907379150391,-1.2985170644572754,1.5658229033099573,-1.9551354847350062,-1.5297682921039026,-0.2147277037249964,0.047592643648386,-0.0006566933006979525,0.21089497208595276,3.05671346723102e-05,-1.654182055072957e-24,0.0,1789027834.1026611
4440.717,-0.24122797792031478,-0.5639534925492811,0.367071540143403,-0.6396135588780479,-3.068341921415902,0.15117786387565793,0,0,0.9437726140022278,-1.2989910405925293,1.5947659651385706,-1.9554416141905726,-1.52977162996401,-0.2147467772113245,0.06423184275627136,-0.027244817465543747,0.3703269958496094,-0.008913988247513771,-0.0,0.0,1789027834.2026708
4440.817,-0.23350791108560912,-0.5567567038621523,0.3513849578134982,0.6344208074112024,3.0646411086177223,-0.10281419657442775,0,0,0.9472339153289795,-1.3053762477687378,1.6354659239398401,-1.956088205377096,-1.5297835508929651,-0.21470767656435186,0.013086633756756783,-0.10248053818941116,0.4301877021789551,-0.01220798958092928,-0.0,0.0,1789027834.302786
4440.9169999999995,-0.22660182528319367,-0.5474747629535851,0.3379074630656615,0.6325803859778001,3.0540557467696807,-0.0615960707059663,0,0,0.9475569725036621,-1.3164383333972474,1.6782334486590784,-1.9590646229186,-1.529733959828512,-0.21472388902773076,2.909273825935088e-05,-0.08968748152256012,0.40465691685676575,-0.056703951209783554,-0.0,0.0,1789027834.4027436
4441.017,-0.22169144285423908,-0.540533695476288,0.32364574291499526,0.631423750098838,3.0440555123343187,-0.02491034399344687,0,0,0.9474373459815979,-1.3193910878947754,1.7140124479876917,-1.966161390344137,-1.5297201315509241,-0.21473914781679326,-0.000620691804215312,0.012601986527442932,0.30705738067626953,-0.071719691157341,8.916100341593847e-05,0.0,1789027834.502775
4441.117,-0.21849630108546178,-0.535967891362602,0.3112517120008966,0.6303200376982101,3.0340745581489834,0.010111177025673122,0,0,0.94730544090271,-1.3167309027961274,1.7382014433490198,-1.968306680718893,-1.5297287146197718,-0.21472055116762334,-0.00014976666716393083,0.046091172844171524,0.14708785712718964,-0.0001567177678225562,8.404900147834549e-17,0.0,1789027834.6027474
4441.217,-0.21816616041500866,-0.5355566182990108,0.30552171072128365,0.6296029512670818,3.029507035900447,0.02582560331494469,0,0,0.947350025177002,-1.3107740742019196,1.7434595266925257,-1.968393941918844,-1.5297353903399866,-0.2147310415851038,3.040633600903675e-05,0.06264708936214447,-0.0012910739751532674,-0.006333304103463888,0.0,0.0,1789027834.7027469
4441.317,-0.21863958115380516,-0.5364333678894967,0.30154947531682474,0.6288629668187414,3.026675250077556,0.0356165134011369,0,0,0.9475688934326172,-1.3036767107299347,1.743439022694723,-1.9685255489745082,-1.5297287146197718,-0.2147277037249964,0.003046210389584303,0.09119761735200882,-0.00022626115242019296,-0.0001938061323016882,0.0,0.0,1789027834.8026733
4441.4169999999995,-0.21958914653231704,-0.5378823863400851,0.2943809178700131,0.6279021028643803,3.021362570161401,0.053397241388667686,0,0,0.9476888179779053,-1.290913240318634,1.7433794180499476,-1.9685803852477015,-1.5297234694110315,-0.21473580995668584,0.0001442708889953792,0.16672362387180328,-0.0013736592372879386,-0.0025204119738191366,0.0,0.0,1789027834.9026563
4441.517,-0.22096109090777485,-0.5400081768834505,0.28302197337010826,0.6263529629250686,3.0128089393011575,0.0813247169163955,0,0,0.9478957653045654,-1.270806686287262,1.7433446089373987,-1.9687119923033656,-1.5297353903399866,-0.2147277037249964,0.008609974756836891,0.20469903945922852,-5.532473345694712e-34,-0.00037305528530851007,0.0,0.0,1789027835.002702
4441.617,-0.221612340280945,-0.5423339341485047,0.27329951117208806,0.6232929921056537,3.007163496605804,0.10060134281505839,0,0,0.9493241310119629,-1.2530899208835145,1.7433550993548792,-1.9726468525328578,-1.5296996275531214,-0.21472055116762334,0.03408592939376831,0.14970633387565613,-0.0,-0.096211738884449,0.0001060299327946268,0.0,1789027835.1027868
4441.717,-0.21967512404402814,-0.5458446788854134,0.26754246355026434,0.6137673295361064,3.0093446415665714,0.1009000328450148,0,0,0.9556310176849365,-1.2410951119712372,1.7433393637286585,-1.9846607647337855,-1.529696289693014,-0.21470767656435186,0.08152024447917938,0.09473779052495956,-7.257841934915632e-05,-0.1075708195567131,2.1211808132193255e-07,0.0,1789027835.2027342
4441.817,-0.21547231196284886,-0.5490711320201521,0.2643568088275877,0.5998989074567738,3.012719415830227,0.10050590055861634,0,0,0.9648522138595581,-1.2343816024116059,1.7433479467975062,-1.9920193157591761,-1.529689137135641,-0.21472055116762334,0.10506455600261688,0.033017612993717194,-1.2611686178923354e-44,-0.04137171804904938,0.0,0.0,1789027835.3026762
4441.9169999999995,-0.20988675018486116,-0.5513306902054165,0.26398693188080014,0.5844512192310318,3.0159746767621534,0.10158079208654508,0,0,0.97511225938797,-1.2337052387050171,1.7433794180499476,-1.9923755131163539,-1.5297477881061,-0.21473914781679326,0.10697422176599503,0.0001889715058496222,-0.0,6.881243461975828e-05,0.0,0.0,1789027835.402716
4442.017,-0.20410310729740155,-0.5535917469857375,0.263425342668824,0.5685290329412994,3.0188887428862046,0.10355807755750075,0,0,0.9856686592102051,-1.2327405971339722,1.7433880011187952,-1.9923316440977992,-1.5297320524798792,-0.21473914781679326,0.09613753110170364,0.02563593164086342,-0.0,0.00014420438674278557,0.0,0.0,1789027835.5027041
4442.117,-0.19954507430431467,-0.5557433398610002,0.2606265049336835,0.5552054759237581,3.019485822653643,0.11097193378038929,0,0,0.9943556189537048,-1.227876291876175,1.7433794180499476,-1.9922458134093226,-1.5297477881061,-0.21473914781679326,0.06957732141017914,0.071740061044693,-0.0,0.0001378427550662309,0.0,0.0,1789027835.60268
4442.217,-0.19755272642586005,-0.5574020187269396,0.2551765444818991,0.5480312230470272,3.0167658883761024,0.12441633391328852,0,0,0.9988192915916443,-1.2183787685683747,1.7433632055865687,-1.9923168621458949,-1.5297320524798792,-0.21472055116762334,0.02301245927810669,0.11900994181632996,-0.0,5.046233127359301e-05,0.0,0.0,1789027835.702808
4442.317,-0.19775181812172,-0.5583635643830646,0.24876501044592153,0.5465449695564123,3.012032072719895,0.13999928321587027,0,0,0.9994164109230042,-1.2072416108897706,1.7433517614947718,-1.9923244915404261,-1.529701058064596,-0.21472055116762334,0.00016359672008547932,0.10747633874416351,-0.0,9.589086403138936e-06,0.0,0.0,1789027835.8027587
4442.4169999999995,-0.1980929292987477,-0.5589678396839077,0.24393779983597516,0.5459688683143473,3.0083681436330294,0.15166428874179103,0,0,0.9994833469390869,-1.1988737148097535,1.7433555761920374,-1.9923607311644496,-1.5297320524798792,-0.21473914781679326,0.0008660930907353759,0.057530567049980164,-0.0,-0.0001441942440578714,0.0,0.0,1789027835.9034846
4442.517,-0.19824431457638392,-0.5592562374810681,0.24179201405419778,0.5457034183921292,3.006688942031925,0.15681096751281928,0,0,0.9995241761207581,-1.1950934392264863,1.7432640234576624,-1.9923469028868617,-1.529701058064596,-0.21473914781679326,0.00025779823772609234,0.02182077243924141,-0.0010976300109177828,-6.495870184153318e-05,0.0,0.0,1789027836.0027564
4442.617,-0.1983353350386691,-0.5594319837691911,0.2405151431719283,0.5455568505024705,3.005743396534617,0.15985163544415118,0,0,0.9995588660240173,-1.1928305488875885,1.7431967894183558,-1.9923755131163539,-1.5297287146197718,-0.21472388902773076,0.0002604478504508734,0.02663143165409565,-0.0003441545704845339,-4.2055321095807826e-39,0.0,0.0,1789027836.1026936
4442.717,-0.19845419524338184,-0.5596229691999434,0.23877467968165556,0.5453615336994921,3.004380011553348,0.16406769322054918,0,0,0.9995624423027039,-1.1898297530463715,1.7432077566729944,-1.9923607311644496,-1.5297320524798792,-0.21473914781679326,7.342911703744903e-05,0.031093871220946312,-0.00015714310575276613,-0.0,0.0,0.0,1789027836.2027385
4442.817,-0.19858236646337069,-0.5597170659995391,0.23760634917200985,0.5454001772748559,3.003427406948583,0.16692020856942788,0,0,0.9994643330574036,-1.1878406566432496,1.743246857319967,-1.9923402271666468,-1.5297444502459925,-0.21473580995668584,-0.0011011123424395919,0.008171775378286839,-3.4335796954110265e-05,-0.0,0.0,0.0,1789027836.3027143
4442.9169999999995,-0.1987347646772683,-0.5597028754420776,0.23724093671756935,0.5457138432771323,3.003028889611595,0.16787687353662065,0,0,0.999228298664093,-1.1872181457332154,1.7432430426227015,-1.992258211175436,-1.529741112385885,-0.21473580995668584,-0.004910525865852833,0.007376674562692642,6.081831447001892e-32,0.00012940782471559942,0.0,0.0,1789027836.4026957
4443.017,-0.19904534014479508,-0.5596229135664982,0.23706884487788277,0.5465024485075353,3.002726407584902,0.16828878677673811,0,0,0.998704195022583,-1.1869032245925446,1.7432130018817347,-1.9922291241087855,-1.5297563711749476,-0.21472055116762334,-0.009236003272235394,0.00041307247010990977,-0.0,0.0006747439038008451,0.0,0.0,1789027836.502674
4443.117,-0.19954289291218782,-0.5594221108117717,0.2367515303022146,0.5478021514399649,3.0020446275688197,0.16958489740920393,0,0,0.9978017807006836,-1.18643273532901,1.7432244459735315,-1.991758485833639,-1.52980882326235,-0.21472055116762334,-0.005340901203453541,0.0162866972386837,-0.0,0.0011025216663256288,-0.0005479732644744217,0.0,1789027836.6026618
4443.217,-0.19995194900916524,-0.5594844880447049,0.23507645461810112,0.5484184014056652,3.0005323425440364,0.17358480165010728,0,0,0.9972621202468872,-1.1835566026023407,1.7432501951800745,-1.9917503796019496,-1.5298007170306605,-0.21473580995668584,-0.011874550953507423,0.04383569955825806,-0.0,0.0001640499394852668,-7.861375343054533e-05,0.0,1789027836.702748
4443.317,-0.20117849180309813,-0.5593877788083009,0.232474563321744,0.5509695651876616,2.9978575408159926,0.17967681305009717,0,0,0.995388925075531,-1.179037706261017,1.7432201544391077,-1.991758485833639,-1.5298073927508753,-0.21472388902773076,-0.026074456050992012,0.051897574216127396,-0.0,2.1931251467322e-05,-4.204869720442151e-25,0.0,1789027836.8027537
4443.4169999999995,-0.20341133873276393,-0.5589579793787619,0.2293946860668089,0.5560811667696101,2.99417765535788,0.1867597138850452,0,0,0.991746187210083,-1.173716501598694,1.7432201544391077,-1.9917742214598597,-1.5298007170306605,-0.21472055116762334,-0.04726250469684601,0.05061575770378113,-0.0,0.0,-0.0,0.0,1789027836.902747
4443.517,-0.20673237698629707,-0.5580493912410728,0.22672826473452692,0.56420060667632,2.9901399025198137,0.19272684377270538,0,0,0.9860960245132446,-1.169114963417389,1.7432201544391077,-1.9917708835997523,-1.5298317114459437,-0.21471673647035772,-0.06870463490486145,0.04176799952983856,-1.3381709451559618e-34,0.0,-0.0,0.0,1789027837.0026424
4443.617,-0.2101955924655084,-0.5569997643685242,0.224415962201633,0.5727876445351284,2.9861789590369803,0.19777048790557775,0,0,0.9801114797592163,-1.165155367260315,1.7432625929461878,-1.9917742214598597,-1.52980882326235,-0.21473914781679326,-0.03631399944424629,0.04030146077275276,-0.0,0.0,-0.0,0.0,1789027837.1027148
4443.717,-0.21100091649531527,-0.5570805758527859,0.22083487693940693,0.5740139727373869,2.9828462370908566,0.206190044917314,0,0,0.9790312647819519,-1.1589794915965577,1.7432592550860804,-1.9917651615538539,-1.5298126379596155,-0.21472007433046514,-1.7559650897488923e-23,0.07473407685756683,0.00015842575521674007,0.0,-0.0,0.0,1789027837.2027607
4443.817,-0.2112589003077473,-0.557441397386903,0.21631051922659647,0.5735135849552677,2.9790890126072576,0.21686110352255003,0,0,0.9790027737617493,-1.1511761409095307,1.7432521025287073,-1.9917828045287074,-1.529815975819723,-0.21473914781679326,-0.0011055023642256856,0.07302609831094742,6.887393828947097e-05,0.0,-0.0,0.0,1789027837.3027585
4443.9169999999995,-0.21136433145186068,-0.5576011488987016,0.21411332159824958,0.5732838527965501,2.9772477857352997,0.22205211457511576,0,0,0.9790027737617493,-1.1474054616740723,1.7432716528521937,-1.9917861423888148,-1.5298193136798304,-0.21472388902773076,-9.705303091323003e-05,0.002831537276506424,-0.0,0.0,-0.0,0.0,1789027837.4027498
4444.017,-0.21134893365229718,-0.5575880561225998,0.2140694553682393,0.5733149630201873,2.9771692446310616,0.22224139985426694,0,0,0.979011058807373,-1.1473661822131653,1.7433117071734827,-1.9917265377440394,-1.5298126379596155,-0.21468907991518194,0.0,0.000472445972263813,0.00015709508443251252,0.0,-0.0,0.0,1789027837.502743
4444.117,-0.21132241093389206,-0.557581758891095,0.21404740182482196,0.5731936980637793,2.977168393562909,0.22231380766325445,0,0,0.9790434837341309,-1.1473612052253266,1.7433589140521448,-1.9917265377440394,-1.529815975819723,-0.21473580995668584,9.743740520207211e-05,9.253413008991629e-05,0.00012096808495698497,0.00015745982818771154,-0.0,0.0,1789027837.6027756
4444.217,-0.21129046806015858,-0.5575725800211633,0.2139771618134226,0.5731417759235778,2.9770582550776523,0.22270554161951397,0,0,0.9790830612182617,-1.1472737354091187,1.7433717886554163,-1.9915515385069789,-1.5298317114459437,-0.21472055116762334,0.00015293885371647775,0.0004378052253741771,0.00035737836151383817,0.0035822149366140366,-0.0,0.0,1789027837.7027292
4444.317,-0.21122355936219953,-0.5574845133520733,0.21343289745284516,0.5729859243593498,2.976085433298559,0.22537041506728417,0,0,0.9790902733802795,-1.1465243858150025,1.7434070746051233,-1.9903770885863246,-1.52980882326235,-0.21473580995668584,2.6222091165095662e-08,0.015660768374800682,0.0002547483891248703,0.009329252876341343,-0.0,0.0,1789027837.8027055
4444.4169999999995,-0.21129236230735585,-0.5575785448777947,0.2115542727650107,0.5727907425121886,2.9744293931547015,0.2301100807215624,0,0,0.979086697101593,-1.1433524054339905,1.7434523741351526,-1.9901496372618617,-1.5298503080951136,-0.21471673647035772,5.1790204452117905e-05,0.054215800017118454,0.00043053142144344747,0.0009636817267164588,-0.0,0.0,1789027837.9027846
4444.517,-0.21140368188946912,-0.5577774342171609,0.2084802592386964,0.5723990767982879,2.9718061669976192,0.23730740125225755,0,0,0.9791080355644226,-1.138099656706192,1.7435162703143519,-1.9901820621886195,-1.529815975819723,-0.21471673647035772,0.0007237602258101106,0.05108137056231499,0.0010963903041556478,8.179860742529854e-05,-0.0,0.0,1789027838.0027897
4444.617,-0.2114624150401014,-0.5579410842351412,0.20597827312386705,0.571991082690001,2.9697003071941643,0.2431897648388332,0,0,0.9791774153709412,-1.1338192981532593,1.7435558477984827,-1.9901939831175746,-1.529815975819723,-0.21472388902773076,5.4484058637171984e-05,0.0274956151843071,0.0001572413311805576,3.251215121310223e-22,-0.0,0.0,1789027838.1027296
4444.717,-0.21150578315670202,-0.5579856466767488,0.2050893838162054,0.5718902354029477,2.968906578562885,0.2452935337429431,1,1,0.9791536331176758,-1.1323010486415406,1.7435672918902796,-1.9901682339110316,-1.5297969023333948,-0.2147429625140589,3.251657835789956e-05,0.0021894543897360563,0.00041371339466422796,0.0,-0.0,0.0,1789027838.2027078
4444.817,-0.2114963238794396,-0.5579651503715832,0.20503854646213227,0.5719123946873409,2.968871047524019,0.24542745292045143,1,1,0.979150116443634,-1.1322650176337739,1.7436469236956995,-1.9901939831175746,-1.5298126379596155,-0.2147277037249964,0.0,0.0008338952320627868,0.0012550404062494636,0.0,-0.0,0.0,1789027838.3027174
4444.9169999999995,-0.2115031152815106,-0.5579335750911404,0.20499539031949549,0.5719507409804503,2.968802490782839,0.24553882558101933,1,1,0.9791080355644226,-1.1322497588447114,1.743735138569967,-1.9902063808836878,-1.5298007170306605,-0.21473914781679326,0.0,6.773357017664239e-05,0.00032530914177186787,0.0,-0.0,0.0,1789027838.4027534
4445.017,-0.211475629936024,-0.5579467159996085,0.20500618500681866,0.5719058587137367,2.9688310984204,0.2455436529251906,1,1,0.9791619777679443,-1.1322598320296784,1.7437189261065882,-1.9901873073973597,-1.5298126379596155,-0.21471673647035772,0.0,0.0,0.0001085417898138985,0.0,-0.0,0.0,1789027838.5027037
4445.117,-0.2114819497843713,-0.5579390814944475,0.20499651039705447,0.5719045543798217,2.9688121298930277,0.2455363649065002,1,1,0.9791429042816162,-1.1322564643672486,1.7437427679644983,-1.9902097187437953,-1.5297969023333948,-0.21473580995668584,0.0,0.0,5.211429015616886e-05,0.0,-0.0,0.0,1789027838.6027038
4445.217,-0.21146180820940425,-0.5579407090039188,0.20499334777182748,0.5718525200303689,2.9688209506354335,0.24555885741203498,1,1,0.9791738986968994,-1.1322616797736664,1.7437575499164026,-1.9902063808836878,-1.5298007170306605,-0.21473962465395147,0.0,0.0,3.3045566335438196e-23,0.0,-0.0,0.0,1789027838.702784
4445.317,-0.21150073610020897,-0.5579334840604987,0.20499839535293288,0.5719415477127808,2.9688316186669406,0.24553544697165047,1,1,0.9791151881217957,-1.1322564643672486,1.743739430104391,-1.9902178249754847,-1.529823128377096,-0.21473914781679326,0.0,0.0,4.8653715770651465e-23,0.0,-0.0,0.0,1789027838.8027108
4445.4169999999995,-0.211492258857118,-0.5579407451423113,0.2049927523796526,0.5719174116413593,2.968816941165812,0.24553414077264613,1,1,0.9791309833526611,-1.1322410565665741,1.7437313238727015,-1.9902178249754847,-1.5298040548907679,-0.21473914781679326,0.0,0.0,2.8389093131409027e-05,0.0,-0.0,0.0,1789027838.9027112
4445.517,-0.21148133976977754,-0.5579294754672792,0.2049968958996302,0.571936394418281,2.968799092111003,0.2455785918374586,1,1,0.9791358113288879,-1.1322719019702454,1.7437589804278772,-1.990183492700094,-1.5298040548907679,-0.21472055116762334,0.0,0.0,0.0,0.0,-0.0,0.0,1789027839.0031114
4445.617,-0.2114877649265597,-0.5579296880672355,0.20500441642005918,0.5718991375662341,2.9688200871652004,0.2455394446244973,1,1,0.9791274070739746,-1.1322804254344483,1.7437556425677698,-1.9901992283263148,-1.5298073927508753,-0.21475488344301397,0.0,0.0,-0.0,0.0,-0.0,0.0,1789027839.102748
4445.717,-0.21149031256010437,-0.5579309984050499,0.20498730373681257,0.5719325651741606,2.9688090402806173,0.24553610216780214,1,1,0.9791238307952881,-1.1322529774955292,1.7437661329852503,-1.990237375298971,-1.5298007170306605,-0.21473580995668584,0.0,0.0,-0.0,0.0,-0.0,0.0,1789027839.2025974
4445.817,-0.2114831409492648,-0.557940587815786,0.20500096519406724,0.5719243618348753,2.9688439113673097,0.24551441089719367,1,1,0.9791464805603027,-1.1322613519481202,1.7437432448016565,-1.9902335606017054,-1.5298193136798304,-0.21472055116762334,0.0,0.0,-0.0,0.0,-0.0,0.0,1789027839.3026938
4445.9169999999995,-0.21148924794223625,-0.5579300540961275,0.2050043223794723,0.5719570465679116,2.9688081304712397,0.24551899465949847,1,1,0.9791238307952881,-1.1322804254344483,1.7437589804278772,-1.9902144871153773,-1.5297969023333948,-0.21472007433046514,0.0,0.0,-0.0,0.0,-0.0,0.0,1789027839.4026937
4446.017,-0.2114755321249457,-0.5579446787939365,0.20503881696090814,0.5718909927274154,2.9688922161983133,0.24541562157690844,1,1,0.9791619777679443,-1.1323198241046448,1.743735138569967,-1.9902416668333949,-1.529823128377096,-0.2147310415851038,0.0,-5.8657373301684856e-05,-0.0,4.809256329562772e-42,-0.0,0.0,1789027839.5027173
4446.117,-0.2114676089622354,-0.5579563138624489,0.20508448485842828,0.5718976254445638,2.9689143301676175,0.24517277399840748,1,1,0.9791738390922546,-1.1323868197253724,1.743735138569967,-1.990324159661764,-1.5297611395465296,-0.21472055116762334,0.0,-0.00023364332446362823,-0.0,-6.767007289454341e-05,-0.0,0.0,1789027839.602744
4446.217,-0.21146625819280981,-0.557957140159245,0.20526030867226663,0.5719380287088043,2.9691138405953144,0.24468323119299845,1,1,0.9791800379753113,-1.1326709550670166,1.7437227408038538,-1.9903975925841273,-1.5297802130328577,-0.21470433870424444,0.0014939194079488516,-0.005690667778253555,-0.0,-0.00035463165841065347,-0.0,0.0,1789027839.7026427
4446.317,-0.21139764383873072,-0.5579281020162778,0.2063634287504611,0.5719364946994746,2.9701365365073684,0.24172523109846084,1,1,0.979238748550415,-1.134544001226761,1.7437422911273401,-1.990678449670309,-1.5297048727618616,-0.2147429625140589,0.00013799290172755718,-0.04634983837604523,-0.0,-0.00025468238163739443,0.00028379910509102046,0.0,1789027839.802692
4446.4169999999995,-0.21118134574777747,-0.5576299696059971,0.21117543540443223,0.5725059595282047,2.974227825135215,0.23020687354295463,1,1,0.9792577624320984,-1.1428124171546479,1.7437499205218714,-1.9908248386778773,-1.529640022908346,-0.21472388902773076,0.0,-0.12788793444633484,-0.0,-0.004313548095524311,0.000831303303129971,0.0,1789027839.9026756
4446.517,-0.21069084054623546,-0.5568597561959255,0.22115395073080865,0.5736649497967046,2.982580865066295,0.20663025053198775,1,1,0.9792351722717285,-1.1600068670562287,1.7437499205218714,-1.9908372364439906,-1.5296438376056116,-0.21473580995668584,8.298650209326297e-05,-0.21462400257587433,-2.085071692733491e-26,-0.0002836906351149082,9.296064672525972e-05,0.0,1789027840.0027313
4446.617,-0.20996852779521707,-0.5557230864293353,0.23347209341483188,0.5751175691306097,2.992651110205541,0.17727272002521044,1,1,0.9791919589042664,-1.1812409323504944,1.7437060515033167,-1.9908644161620082,-1.5296276251422327,-0.21472055116762334,0.0,-0.20702679455280304,-0.0,-3.036428097402677e-05,1.9729392951176386e-14,0.0,1789027840.102689
4446.717,-0.2093491139494437,-0.55468181934079,0.24335574296578613,0.5763499405735822,3.000647914030317,0.15308913298683163,1,1,0.9790841937065125,-1.1982457798770447,1.7436469236956995,-1.9912425480284632,-1.5295851866351526,-0.21472055116762334,-0.0026211675722151995,-0.12487804144620895,-0.0002813439641613513,-0.01609254814684391,0.00052017776761204,0.0,1789027840.2026753
4446.817,-0.20921866755738833,-0.5544133167224111,0.2490882637667876,0.5772177238465102,3.006725778607202,0.13437348721006973,1,1,0.9790157675743103,-1.2075264912894745,1.7436116377459925,-1.9953824482359828,-1.5295732657061976,-0.21472388902773076,-0.000872623291797936,-0.07756807655096054,-8.056379010668024e-05,-0.06317087262868881,0.00010850190301425755,0.0,1789027840.3026068
4446.9169999999995,-0.20971459623579491,-0.5550254629346616,0.2547362192633651,0.5785029075008035,3.0159758701498536,0.10515533867301989,1,1,0.978891134262085,-1.2152310472777863,1.7435525099383753,-2.0085393391051234,-1.52956468263735,-0.21472388902773076,-0.0009173706639558077,-0.07999436557292938,-0.0005718118627555668,-0.2129533588886261,5.506603338290006e-05,0.0,1789027840.4027772
4447.017,-0.21096128299100306,-0.5564732311658588,0.2625100308086998,0.5807869574799264,3.030710169715539,0.05631809294070726,1,1,0.978492259979248,-1.2245384019664307,1.7434271017657679,-2.03383268932485,-1.529571835194723,-0.21472055116762334,-0.008084231056272984,-0.09244286268949509,-0.0023994874209165573,-0.3143002390861511,0.0,0.0,1789027840.5027134
4447.117,-0.2139441695496608,-0.558642627445987,0.2702287795938949,0.5859373363493262,3.0477472393526868,-0.005830227537938752,1,1,0.9763068556785583,-1.231430010204651,1.742950741444723,-2.0701972446837367,-1.529583756123678,-0.2147467772113245,-0.03347717598080635,-0.0433049313724041,-0.010218058712780476,-0.40210700035095215,0.0,0.0,1789027840.602702
4447.217,-0.21957510935728178,-0.5603151475824761,0.2756785925179272,0.5972589303630182,3.0613842879022664,-0.06445989741170259,1,1,0.9699243903160095,-1.2337137323668976,1.7422574202166956,-2.1080247364439906,-1.52956468263735,-0.2147277037249964,-0.09788724780082703,-0.008125144988298416,-0.0009906425839290023,-0.3166724145412445,0.0,0.0,1789027840.7027302
4447.317,-0.22735497574071642,-0.558921834222713,0.277694948460399,0.6167172720784717,3.064426439661925,-0.09015455276116946,1,1,0.9576758146286011,-1.2340619725039979,1.7422164122210901,-2.125352998773092,-1.5295732657061976,-0.21472388902773076,-0.13571885228157043,-0.0009458335116505623,-0.0003660314832814038,-0.0269894041121006,0.0,0.0,1789027840.802769
4447.4169999999995,-0.2350311505572729,-0.5556980009613427,0.27918821224584606,0.6381196833050882,3.061909419587176,-0.09579091720472238,1,1,0.9438705444335938,-1.236162618999817,1.7419875303851526,-2.126843114892477,-1.5296109358416956,-0.21472055116762334,-0.13006742298603058,-0.055305104702711105,-0.010764523409307003,-0.06902702152729034,0.0,0.0,1789027840.9027662
4447.517,-0.24207508330446034,-0.5539627838289157,0.2874787926538531,0.6568158878639351,3.068300217478007,-0.13492347745252065,1,1,0.9324668049812317,-1.245096431379654,1.7387660185443323,-2.1417609653868617,-1.5295851866351526,-0.2147277037249964,-0.09421561658382416,-0.1158982366323471,-0.05873754248023033,-0.17549900710582733,0.0,0.0,1789027841.0027614
4447.617,-0.24745469226272526,-0.5526899297570246,0.29951129769081264,-0.6664655152104054,-3.0533723887189645,0.17491990641990196,1,1,0.9238784909248352,-1.2582446497729798,1.7312496344195765,-2.149602552453512,-1.5296037832843226,-0.21472388902773076,-0.08855292946100235,-0.13526254892349243,-0.08736779540777206,-0.0004866646195296198,0.0,0.0,1789027841.1027758
4447.717,-0.2537890199592939,-0.5508087261557484,0.31152886545917213,-0.679183686165865,-3.0382470075045633,0.20601664518183352,1,1,0.9134309887886047,-1.2705686551383515,1.7209790388690394,-2.149520536462301,-1.529593292866842,-0.21470433870424444,-0.11962983757257462,-0.10323968529701233,-0.12089170515537262,-4.563561742543243e-05,0.0,0.0,1789027841.2026925
4447.817,-0.2625071684617436,-0.5492069269603184,0.3224599307387826,-0.6959348284294323,-3.021984097037832,0.23500151515764345,1,1,0.9001819491386414,-1.2781339150718232,1.707188908253805,-2.149510522881979,-1.5296171347247522,-0.21472388902773076,-0.14591045677661896,-0.046771302819252014,-0.15499791502952576,2.0529258108581416e-05,-5.9158035583095625e-05,0.0,1789027841.302756
4447.9169999999995,-0.27356981783871936,-0.5479916475088604,0.33148136562940517,-0.7165164321717196,-3.0054783045202993,0.25977423102489827,1,1,0.8844407200813293,-1.2797824901393433,1.6901748816119593,-2.1494795284666957,-1.529651943837301,-0.2147277037249964,-0.17331665754318237,-0.00037860454176552594,-0.19176745414733887,0.00012659527419600636,-8.952565985964611e-05,0.0,1789027841.4027607
4448.017,-0.28671346719180585,-0.5464330612600858,0.34111565132632016,-0.7406065849269008,-2.986342315986608,0.2860917860695033,1,1,0.8659465312957764,-1.2797824901393433,1.6699894110309046,-2.1494628391661585,-1.5296533743487757,-0.21471149126161748,-0.20317545533180237,-5.701639747712761e-05,-0.2155851274728775,0.00010847696830751374,-8.524374425178394e-05,0.0,1789027841.5027819
4448.117,-0.30268440191825796,-0.5437129944987783,0.35263727185134025,-0.7699681081899079,-2.962329522383453,0.31647671639473557,1,1,0.8430719375610352,-1.2797789138606568,1.6460917631732386,-2.1494227848448695,-1.5296810309039515,-0.21472388902773076,-0.25241008400917053,-1.141713310780295e-17,-0.24544565379619598,4.400703983264975e-05,-0.0002059751859633252,0.0,1789027841.6027665
4448.217,-0.31935428786330083,-0.5394304180361937,0.3633075359372373,-0.8020174851547511,-2.9374676630879675,0.34304156357895244,1,1,0.8181716203689575,-1.2796351176551362,1.6239426771747034,-2.149113794366354,-1.529860798512594,-0.21473914781679326,-0.2328474521636963,0.0009216897888109088,-0.19529679417610168,0.002232370199635625,-0.00121021899394691,0.0,1789027841.7028072
4448.317,-0.3322837358223238,-0.5345012191989765,0.3694779227254805,-0.8294389931212518,-2.9194107678615167,0.3576181126946651,1,1,0.7973824143409729,-1.2796471875957032,1.6113813559161585,-2.1490775547423304,-1.529891316090719,-0.21472055116762334,-0.19998499751091003,6.942410254850984e-05,-0.04475748538970947,0.00016351982776541263,-0.00011580524733290076,0.0,1789027841.8026805
4448.4169999999995,-0.34248821713925576,-0.5282373281097993,0.3692225445255466,-0.8566364059825209,-2.909877402752576,0.35521324051972386,1,1,0.7784253358840942,-1.2789887648871918,1.6109612623797815,-2.1486035786070765,-1.5298894087420862,-0.21472388902773076,-0.1861431747674942,0.0036733578890562057,0.00015227544645313174,0.0007266468019224703,-0.00015749271551612765,0.0,1789027841.9027467
4448.517,-0.3501206308943574,-0.5233430789434877,0.3683657271315807,-0.8775433890938835,-2.9035408767222903,0.35063599844520565,1,1,0.7641028165817261,-1.2778921884349366,1.6109769980060022,-2.147165437737936,-1.530125919972555,-0.21472388902773076,-0.09065935760736465,0.02063095010817051,9.035433322424069e-05,0.041301146149635315,-0.0012351288460195065,0.0,1789027842.0027013
4448.617,-0.3529169666520103,-0.5215706888321718,0.36605001749219135,-0.8867838267365098,-2.9057597352502893,0.33955416811020833,1,1,0.7588812112808228,-1.275310145025589,1.6110442320453089,-2.1414042911925257,-1.530125919972555,-0.21472388902773076,-0.02993360161781311,0.02429037354886532,0.0006321404362097383,0.09274744987487793,-0.00013709547056350857,0.0,1789027842.102775
4448.717,-0.35343942923457183,-0.5206365028624649,0.3620183427077466,-0.8933173311315858,-2.9163237167002056,0.31477954666525826,1,1,0.7572062015533447,-1.2718432706645508,1.6110518614398401,-2.125542303124899,-1.530146900807516,-0.21475106874574834,-0.004388610366731882,0.04818469658493996,5.197066275286488e-05,0.23414437472820282,-2.5482251417063883e-15,0.0,1789027842.2027001
4448.817,-0.3529850959078328,-0.5192732869829207,0.3549240602253123,-0.9029136296465771,-2.937421152947627,0.26678041313380785,1,1,0.7561045289039612,-1.266369031076767,1.6110404173480433,-2.0936838589110316,-1.5300572554217737,-0.21472055116762334,-0.031915854662656784,0.06160782277584076,-0.0,0.37771955132484436,-0.0,0.0,1789027842.3025508
4448.9169999999995,-0.3535886430114834,-0.5164146430821829,0.34708278275736204,-0.9179084290889477,-2.9597369116085135,0.20942753055114388,1,1,0.7520593404769897,-1.2606265109828492,1.6109893957721155,-2.0555607281126917,-1.530125919972555,-0.21472388902773076,-0.03894004225730896,0.058344922959804535,-0.00015021790750324726,0.36954158544540405,-0.0,0.0,1789027842.4026809
4449.017,-0.35443785392534877,-0.5142064637216555,0.3396158713073281,-0.9306261662229679,-2.977709506276722,0.16093434743256954,1,1,0.7484692335128784,-1.2537932854941864,1.610964600239889,-2.025677343408102,-1.5300644079791468,-0.21473580995668584,-0.036742404103279114,0.07973315566778183,-0.00017874858167488128,0.16876864433288574,-0.0,0.0,1789027842.5027301
4449.117,-0.3570718438558725,-0.5135857467189977,0.3343197508219611,-0.938483857339874,-2.9823149432225966,0.1445339982494485,1,1,0.7447848320007324,-1.2458241146853943,1.6108663717852991,-2.021255155602926,-1.5300539175616663,-0.21473580995668584,-0.05048937350511551,0.06720932573080063,-0.00039074275991879404,2.400608697769508e-27,-4.689334741710181e-24,0.0,1789027842.6026986
4449.217,-0.35979278474095855,-0.5127543548947856,0.33128427007705197,-0.9453735782581417,-2.982809945599473,0.13789942557707716,1,1,0.740772008895874,-1.2407443982413788,1.61072284380068,-2.021266122857565,-1.5300863424884241,-0.2147277037249964,-0.02596326917409897,0.025493567809462547,-0.0023719673044979572,0.0,-0.0,0.0,1789027842.702817
4449.317,-0.3611142690486729,-0.5120793885757462,0.3308897107113764,-0.9488333363240947,-2.9819493110214306,0.137117004592651,1,1,0.7384986877441406,-1.2398778063109894,1.6104381720172327,-2.021273275414938,-1.5300796667682093,-0.21473580995668584,-0.02178555354475975,0.003592543303966522,-0.006637886166572571,0.0,-0.0,0.0,1789027842.8027222
4449.4169999999995,-0.36168738904178577,-0.512115994002909,0.32981930237699086,-0.9500465868653032,-2.9825477984783735,0.13474571791230475,1,1,0.7379148602485657,-1.2379602950862427,1.6102021376239222,-2.0211945972838343,-1.5301035086261194,-0.2147277037249964,-0.00019323741435073316,0.03412295877933502,-0.0008799083880148828,0.0,-0.0,0.0,1789027842.9026885
4449.517,-0.36239321883547687,-0.5128088879652525,0.32647181427902616,-0.9510168518625393,-2.985386133358301,0.12752827893419635,1,1,0.7379733920097351,-1.2323000592044373,1.6099479834186,-2.0211998424925746,-1.5301154295550745,-0.21472055116762334,4.976396303391084e-05,0.07943697273731232,-0.00045881338883191347,0.0,-4.7598721721442416e-05,0.0,1789027843.002716
4449.617,-0.36338214671473446,-0.5137816236659436,0.32112615397761,-0.9525701022251072,-2.9899193606255317,0.11594302549044262,1,1,0.7380537986755371,-1.2236079436591645,1.609983269368307,-2.021266122857565,-1.5301139990436,-0.21472055116762334,4.979240111424588e-05,0.08265510201454163,-3.01052878057817e-05,0.0,-0.0,0.0,1789027843.1027968
4449.717,-0.3640627242815572,-0.5141340685523388,0.31820852297862295,0.953395933283492,2.990364131505538,-0.10950085211850442,1,1,0.7377145290374756,-1.2189641755870362,1.6101072470294397,-2.021227022210592,-1.5300233999835413,-0.21472388902773076,-0.0010396074503660202,0.021070675924420357,0.0009989376412704587,-3.5862141495017637e-16,0.00021471595391631126,0.0,1789027843.202759
4449.817,-0.3640293533825531,-0.5142569173776752,0.3177283645965593,0.9530475191014527,2.990038457857521,-0.10836524852627402,1,1,0.7378931641578674,-1.2182616156390687,1.6101987997638147,-2.0211788616576136,-1.529992405568258,-0.21470767656435186,0.00035052356543019414,0.0010051142890006304,0.0004977020435035229,7.698688568780199e-05,9.695783228380606e-05,0.0,1789027843.3026736
4449.9169999999995,-0.36403923800057375,-0.5142566107155725,0.3177099649812868,0.9530145741156234,2.9900428009474327,-0.10833150411393146,1,1,0.7378824949264526,-1.2182302635959168,1.6101987997638147,-2.0211874447264613,-1.5299957434283655,-0.21473962465395147,0.0,6.476235284935683e-05,0.0001066972836269997,2.776882831015292e-26,5.0430344125179535e-23,0.0,1789027843.4026766
4450.017,-0.364035527429944,-0.5142542553616685,0.3177035731059645,0.9530355256510425,2.990028971127202,-0.1083372895011066,1,1,0.7378825545310974,-1.218233899479248,1.6102216879474085,-2.0212069950499476,-1.5299885908709925,-0.21472388902773076,0.00012394091754686087,9.582782762168895e-33,-0.0,0.0,0.0,0.0,1789027843.502756
4450.117,-0.3640306316409529,-0.5142612624490376,0.31770756357043517,0.952984425097788,2.990028556226694,-0.10832948479613966,1,1,0.7378944158554077,-1.2182302635959168,1.6102021376239222,-2.0211788616576136,-1.5299766699420374,-0.2147429625140589,6.18395788478665e-05,0.0,-0.0,0.0,0.0,0.0,1789027843.6027412
4450.217,-0.36402120066506716,-0.5142640230404207,0.31770854490226114,0.9529726869323031,2.990066811400373,-0.10831280489325067,1,1,0.7379136085510254,-1.2182374757579346,1.610211197529928,-2.0211874447264613,-1.530011002217428,-0.21473914781679326,0.0,3.1395589758176357e-05,2.287592587146142e-13,0.0,0.0,0.0,1789027843.7027736
4450.317,-0.3640205427997925,-0.5142753693142789,0.31769711591400085,0.952948334203806,2.990052850871734,-0.10830393015561035,1,1,0.7379254698753357,-1.2182064813426514,1.6101949850665491,-2.0211874447264613,-1.5299957434283655,-0.21473914781679326,0.0,1.1440668458817527e-05,-0.0,0.0,0.0,0.0,1789027843.8027408
4450.4169999999995,-0.36403225607000855,-0.5142745863047526,0.31768934214961175,0.9529993540035313,2.9900565955175105,-0.10832108865345012,1,1,0.7379136085510254,-1.218187378054001,1.6101949850665491,-2.0212255916991175,-1.5300076643573206,-0.21472055116762334,0.0,0.0,-0.0,0.0,0.0,0.0,1789027843.90275
4450.517,-0.3640180303853207,-0.5142645467786091,0.3176558412897308,0.952982957094445,2.9900122793822628,-0.10817865517183045,1,1,0.7379171252250671,-1.218182460670807,1.6102502981769007,-2.021182199517721,-1.5300076643573206,-0.21472055116762334,2.413620938963103e-21,0.0,0.00037039845483377576,0.0,0.0,0.0,1789027844.002767
4450.617,-0.36401835892515483,-0.5142858479496826,0.3176406736679613,0.9529685381505851,2.990037029206444,-0.1082405091255011,1,1,0.7379422783851624,-1.21813456833873,1.6102379004107874,-2.0212627849974574,-1.5300076643573206,-0.21470767656435186,0.0008599620778113604,0.00011998463742202148,1.671296712135728e-10,4.121324809203131e-12,0.0,0.0,1789027844.1027024
4450.717,-0.3640403656505548,-0.5143137507717028,0.31774616903226227,0.9529630231292614,2.9902948020367304,-0.10894626321915138,1,1,0.7379530072212219,-1.2182064813426514,1.6101987997638147,-2.021670003930563,-1.5300167242633265,-0.21473914781679326,-7.067380647640675e-05,-0.00016454214346595109,-0.0,-0.00340597634203732,0.0,0.0,1789027844.2027822
4450.817,-0.36424357280235764,-0.5144886187715216,0.31812850724494485,-0.953151295614088,-2.9910174340773463,0.11312571268049923,1,1,0.7379446625709534,-1.218302385216095,1.6101749579059046,-2.0246249637999476,-1.530051056538717,-0.21470433870424444,-9.322383994003758e-05,-0.0004988980363123119,-9.424595191376284e-05,-0.05757487565279007,0.0,0.0,1789027844.3027985
4450.9169999999995,-0.3651329793013736,-0.5152954347462633,0.3195610327231361,-0.9504881465122413,-2.9842654585107606,0.13060559244036082,1,1,0.7379339933395386,-1.2183620196631928,1.6101463476764124,-2.037614484826559,-1.5300558249102991,-0.2147277037249964,-2.266525370941963e-05,-0.00026541398256085813,-4.6557521633496016e-18,-0.2148657888174057,0.0,0.0,1789027844.4027946
4451.017,-0.36672853373017283,-0.5167820413814416,0.32217254734766176,-0.9454603847918147,-2.9714838936599266,0.1626561838479059,1,1,0.7379733920097351,-1.2183656257442017,1.6101587454425257,-2.061803480187887,-1.5301430861102503,-0.21472388902773076,0.0,-5.3767078497912735e-05,1.9575989426812157e-05,-0.22970665991306305,-0.0003506382054183632,0.0,1789027844.502735
4451.117,-0.36793843682715865,-0.5178784547361288,0.3242147496957587,-0.9415771651876301,-2.9614213626405577,0.18712371807025002,1,1,0.7379662990570068,-1.2183799904635926,1.610190216694967,-2.080419202844137,-1.530212704335348,-0.2147277037249964,0.00010849796672118828,5.35842234935331e-31,1.4674717697447481e-15,-0.12927235662937164,-0.0013288062764331698,0.0,1789027844.6027231
4451.217,-0.36833654322356546,-0.5182363219048914,0.3248827111041804,-0.9402528228971059,-2.958047682049009,0.19499722515342433,1,1,0.7379733920097351,-1.2183537048152466,1.6101678053485315,-2.086485048333639,-1.530316177998678,-0.2147429625140589,1.0237990324574859e-27,0.0,-0.0,-0.0007806459907442331,-0.0009137486340478063,0.0,1789027844.7027626
4451.317,-0.3684519560867838,-0.5181109155686339,0.324856252127173,-0.9400179522451475,-2.9567202945568685,0.19359081514365084,1,1,0.7379650473594666,-1.2183344525149842,1.610190216694967,-2.0865003071227015,-1.5319746176349085,-0.21473914781679326,0.0,0.0,-0.0,-0.00010992048191837966,-0.040751900523900986,0.0,1789027844.802787
4451.4169999999995,-0.3690847118952138,-0.5174367319809012,0.3248508776885314,-0.9388067873476372,-2.949624322351095,0.18644868264405098,1,1,0.737873911857605,-1.218357340698578,1.6101792494403284,-2.0865003071227015,-1.540682617818014,-0.21472388902773076,-0.0005107946344651282,0.0,-0.0,-7.210282637970522e-05,-0.17347852885723114,0.0,1789027844.9027565
4451.517,-0.37100179996001253,-0.5153264968727148,0.324804312443439,-0.9343221106088426,-2.9265070409553386,0.16307750369764942,1,1,0.7378655672073364,-1.2183537048152466,1.6102150122271937,-2.0865122280516566,-1.5692275206195276,-0.21471149126161748,-0.0002564412425272167,0.0,-0.0,-1.401298464324817e-45,-0.3941996991634369,0.0,1789027845.002781
4451.617,-0.37383948579115944,-0.5122022936545407,0.32494546766050486,-0.9272185143623799,-2.891453627770802,0.12885082058327993,1,1,0.7379494309425354,-1.2183523935130616,1.610171143208639,-2.0866271458067835,-1.6120980421649378,-0.21471149126161748,0.000630165683105588,0.0,-0.0,-0.0005368514102883637,-0.33479535579681396,0.0,1789027845.1026802
4451.717,-0.3741735563146134,-0.5118013367069676,0.324987014308807,-0.9256992621771652,-2.885925012059826,0.12363729663746147,1,1,0.7382012009620667,-1.218341664677002,1.6101749579059046,-2.086771627465719,-1.6189053694354456,-0.21472388902773076,0.0014287394005805254,0.0,-0.0,-0.0003254596085753292,0.00040165195241570473,0.0,1789027845.2027726
4451.817,-0.37406755469121805,-0.5118895298934709,0.32496917531437314,-0.9253891405353656,-2.8860345293145127,0.12371728215871858,1,1,0.7384171485900879,-1.2183105212501069,1.610190216694967,-2.086851259271139,-1.6188815275775355,-0.21472388902773076,0.007722774520516396,-2.9458407405295385e-38,-0.0,-0.00023582344874739647,0.00016190484166145325,0.0,1789027845.3027697
4451.9169999999995,-0.37389660920708917,-0.512023182330143,0.3250124372778536,-0.9248622165830678,-2.8861689501506103,0.12391479084958552,1,1,0.7387576699256897,-1.2183452409556885,1.6101554075824183,-2.0868989429869593,-1.6188576857196253,-0.2147429625140589,0.001909879152663052,0.0,-0.0,-0.0004488478589337319,0.0001466216053813696,0.0,1789027845.4026906
4452.017,-0.37390323536383724,-0.5121839390701558,0.32514323047993204,-0.9244401102700313,-2.8855308737164287,0.12578620720860956,1,1,0.7389339804649353,-1.2182915669730683,1.6101515928851526,-2.0883571110167445,-1.6188162008868616,-0.2147310415851038,0.000520917063113302,0.0,-0.0,-0.04241662099957466,0.0003926610806956887,0.0,1789027845.5026917
4452.117,-0.3742941778472545,-0.5126188294197864,0.32592984722960633,-0.9234125387333711,-2.8818072705674,0.1348764155611361,1,1,0.739017903804779,-1.2183140975287934,1.6101749579059046,-2.095365663568014,-1.618789021168844,-0.21469289461244756,0.00029692272073589265,0.0,-0.0,-0.11067485064268112,0.000165672623552382,0.0,1789027845.6027677
4452.217,-0.3749030150277647,-0.5135356999194992,0.3274385816448233,-0.9208884384274488,-2.874821135444402,0.152066693407146,1,1,0.7394348978996277,-1.21833689630542,1.6101821104632776,-2.108657022515768,-1.6187737623797815,-0.2147429625140589,0.005239405203610659,0.0,-0.0,-0.13781598210334778,0.00012823454744648188,0.0,1789027845.702791
4452.317,-0.3751773192238699,-0.5142854159248776,0.3284891803650096,-0.9187960943157941,-2.8700555217448316,0.16406224199669261,1,1,0.7400118112564087,-1.2183177036098023,1.6101625601397913,-2.1179262600340785,-1.6187260786639612,-0.21472055116762334,0.008067531511187553,6.008072159602307e-05,-0.0,-0.03914210945367813,0.0005070265615358949,0.0,1789027845.8027668
4452.4169999999995,-0.3745464439057974,-0.5148048633694743,0.3285121662170441,-0.9169469398631785,-2.870588002919938,0.16481991945963623,1,1,0.7412862181663513,-1.2182699006846924,1.6101587454425257,-2.1183797321715296,-1.6185877958880823,-0.21472055116762334,0.016538716852664948,0.00034766114549711347,-0.0,-0.00018766806169878691,0.0012771835317835212,0.0,1789027845.9027607
4452.517,-0.37335801093932486,-0.5156660019895877,0.32849934668740655,-0.9137007694774736,-2.8718178293442813,0.16512489716244716,1,1,0.7435761094093323,-1.2182662648013611,1.610190216694967,-2.118423124352926,-1.6184938589679163,-0.21472388902773076,0.024782957509160042,6.966831278987229e-05,-0.0,-8.148181950673461e-05,0.00041560298996046185,0.0,1789027846.002701
4452.617,-0.3719184678042681,-0.5167061093784092,0.32851195766349517,-0.909726384384507,-2.8732422060477023,0.16548610650193277,1,1,0.7463577389717102,-1.218281940822937,1.610190216694967,-2.1184503040709437,-1.6184423605548304,-0.21473914781679326,0.028742831200361252,0.0,-0.0,-9.434439562028274e-05,0.00039803871186450124,0.0,1789027846.10271
4452.717,-0.37024069416806377,-0.5179147476293773,0.32850662952492504,-0.9051726778686171,-2.874890853261588,0.16583122299262215,1,1,0.7495999336242676,-1.2182699006846924,1.6101864019977015,-2.118455549279684,-1.6183980146991175,-0.21470433870424444,0.03771793097257614,0.0,-0.0,-9.868382767308503e-05,0.0010271969949826598,0.0,1789027846.2026784
4452.817,-0.3679991164261224,-0.519515980429672,0.328489680135304,-0.8990354930401256,-2.8772224763874674,0.1663491150943012,1,1,0.7538979649543762,-1.2182507675937195,1.6101935545550745,-2.1184503040709437,-1.618206802998678,-0.21473914781679326,0.04619718715548515,1.444539813829672e-14,-0.0,-5.6074066378641874e-05,0.003304561832919717,0.0,1789027846.3027601
4452.9169999999995,-0.3656362637119869,-0.5211788249301984,0.3285170141723755,-0.8926401674267822,-2.879484696159167,0.166864311690111,1,1,0.7584265470504761,-1.218285546903946,1.6101749579059046,-2.1184245548644007,-1.6181500593768519,-0.21470433870424444,0.041946250945329666,0.0,-0.0,-0.0,0.0003439908323343843,0.0,1789027846.402747
4453.017,-0.36405997749890173,-0.5222800876969173,0.3285012861187526,-0.8883287905037535,-2.8809801773957853,0.16709642549494133,1,1,0.7614493370056152,-1.2182699006846924,1.6101864019977015,-2.1184193096556605,-1.6181672255145472,-0.21470767656435186,0.013746694661676884,0.0,-0.0,-0.0,7.21456526662223e-05,0.0,1789027846.5027537
4453.117,-0.36390038557279386,-0.5223865088790475,0.3284776451399105,-0.8878842678831441,-2.8811563942339258,0.16701618621852468,0,2,0.7617526054382324,-1.2182507675937195,1.6102026144610804,-2.1183835468687953,-1.61818772951235,-0.21472055116762334,-8.690272079547867e-05,0.0,-0.0,-6.001354609836906e-37,8.304075775564747e-31,0.0,1789027846.6027727
4453.217,-0.3639615418237941,-0.5223399669047755,0.32846043800142044,-0.8880359504080383,-2.8811054116034716,0.16680702120481225,0,2,0.7616425156593323,-1.2182302933982392,1.610187832509176,-2.118279596368307,-1.6182597319232386,-0.2147277037249964,-0.00017461831157561392,6.904680049046874e-05,5.225441973467243e-42,0.0005921723786741495,-0.00014796496543567628,0.0,1789027846.7027786
4453.317,-0.3639647546189416,-0.5223204533117337,0.3284361786130048,-0.8880854170870941,-2.881144322781281,0.16658811307671667,0,2,0.7616221308708191,-1.2182266873172303,1.610204044972555,-2.118152757684225,-1.6182954947101038,-0.21472388902773076,-0.0005851887399330735,7.184834976214916e-05,-0.0,0.0008654347038827837,-0.00012636826431844383,0.0,1789027846.8027315
4453.4169999999995,-0.3639826039073645,-0.522299186230286,0.3284135125867909,-0.8881603713403367,-2.881138451671983,0.1664615849944402,0,2,0.761582612991333,-1.2182147961905976,1.6102259794818323,-2.1181093655028285,-1.6183260122882288,-0.2147153059588831,-0.00014920833928044885,0.0,-0.0,0.00019278167746961117,-9.300327656092122e-05,0.0,1789027846.9027584
4453.517,-0.3639706417680828,-0.5222988059377534,0.3284215255335992,-0.8881005585987815,-2.8811381015558717,0.16645508220826757,0,2,0.7615981698036194,-1.2182374757579346,1.6102379004107874,-2.1181045971312464,-1.6183431784259241,-0.21473914781679326,-3.740940155694261e-05,0.0,-0.0,0.0001408911048201844,-8.33242665976286e-05,0.0,1789027847.0027292
4453.617,-0.36397295631233156,-0.522298058335141,0.32842839658707934,-0.8881690477309603,-2.881111499737266,0.16644317844108036,0,2,0.7615967392921448,-1.2182410818389435,1.610222641621725,-2.1180807552733363,-1.6183555761920374,-0.21469289461244756,-0.00017011036106850952,0.0001272983936360106,-0.0,0.00018652307335287333,-9.787392627913505e-05,0.0,1789027847.1027436
4453.717,-0.36401543891917554,-0.5222636395464249,0.3284373917589591,-0.88823627711578,-2.8810707717972974,0.16641222795459065,0,2,0.761512815952301,-1.2182566982558747,1.6102188269244593,-2.1180573902525843,-1.6183741728412073,-0.2147277037249964,-0.0006325140129774809,0.0,3.878865027218126e-05,8.004535629879683e-05,-2.3031802607708674e-22,0.0,1789027847.2025495
4453.817,-0.36403194054253707,-0.5222534165157126,0.32841418628558994,-0.8883009462086302,-2.8810805827665935,0.16641545344848352,0,2,0.7614782452583313,-1.218233899479248,1.610246483479635,-2.1180955372252406,-1.6183465162860315,-0.21472055116762334,-3.823702354566194e-05,0.0,2.4589011445641518e-05,9.755294013302773e-05,-7.392436107700462e-10,0.0,1789027847.3027627
4453.9169999999995,-0.3640494863545094,-0.5222495576687088,0.3284088011640113,-0.8883472376177278,-2.881122745948774,0.16634869206856015,0,2,0.7614505887031555,-1.218210057621338,1.6102073828326624,-2.118016382256979,-1.6183226744281214,-0.21472388902773076,-3.43526407959871e-05,0.0001443343353457749,-0.0,0.00042779027717188,-0.0,0.0,1789027847.4027505
4454.017,-0.3640199756861984,-0.5222659973573023,0.32840625390039435,-0.8882707745904336,-2.8811460862066847,0.166327151691549,0,2,0.7615042924880981,-1.2182136339000245,1.6102154890643519,-2.118007799188131,-1.6183350721942347,-0.21472388902773076,-4.961966260452755e-05,5.148075433680788e-05,-0.0,0.00014781751087866724,-0.0,0.0,1789027847.5027184
4454.117,-0.36401506446734017,-0.5222574500427783,0.3283857042648936,-0.8882648013697546,-2.8811803967513017,0.16621300412904236,0,2,0.761502206325531,-1.218210057621338,1.6102426687823694,-2.117960115472311,-1.618349854146139,-0.21473580995668584,3.014627145603299e-05,0.0,-0.0,0.00023463905381504446,-0.0,0.0,1789027847.6027396
4454.217,-0.36401850486250353,-0.5222621971467458,0.3283023679593088,-0.8883230198445409,-2.8813264824824425,0.16596604201891205,0,2,0.7614971995353699,-1.2181071800044556,1.6102588812457483,-2.117861887017721,-1.618307892476217,-0.21472388902773076,1.5901876395219006e-05,0.00028842530446127057,1.1298202330027162e-14,0.00027242142823524773,-0.0,0.0,1789027847.7027004
4454.317,-0.36413513789242424,-0.5221838199067586,0.32832462432421194,-0.8886056716723644,-2.881190094675978,0.16601624030005602,0,2,0.7612777948379517,-1.2181262534907837,1.6102426687823694,-2.117884775201315,-1.6183112303363245,-0.21473914781679326,-0.005375193431973457,5.487549788085744e-05,4.9321311962557957e-05,6.607903924304992e-05,-0.0,0.0,1789027847.8027115
4454.4169999999995,-0.36417431552266444,-0.5221304474557341,0.3282677020336121,-0.8887759632989142,-2.8812119196950685,0.16587259472236696,0,2,0.7611700296401978,-1.2181143325618287,1.610347096120016,-2.117888113061422,-1.6182954947101038,-0.21473914781679326,0.0007652112399227917,3.685730462166248e-06,0.000636526383459568,3.5368521444922862e-09,-0.0,0.0,1789027847.9027913
4454.517,-0.3641117683192734,-0.5220981862131322,0.32815350720048597,-0.8887727463778964,-2.8813851072667123,0.16549259667905172,0,2,0.7612023949623108,-1.2181262534907837,1.6105859915362757,-2.117819925347799,-1.6182988325702112,-0.21473580995668584,5.767829134128988e-05,0.0,0.007166913244873285,0.0014285760698840022,-0.0,0.0,1789027848.0027122
4454.617,-0.3633467593435479,-0.521354804572538,0.32602706349006816,-0.8894012576630467,-2.883956923697557,0.15932855069818438,0,2,0.7611905336380005,-1.218146638279297,1.6149891058551233,-2.1174432239928187,-1.6183226744281214,-0.21473580995668584,2.8863689294666983e-05,-0.0001779184240149334,0.08959967643022537,0.0006776207010261714,-0.0,0.0,1789027848.1027632
4454.717,-0.36034231183416404,-0.5186091250327376,0.31814632042473995,-0.8913147837002954,-2.893023574789872,0.13784838470241037,0,2,0.7613259553909302,-1.2182855767062684,1.6318343321429651,-2.1175414524474085,-1.6182954947101038,-0.21473914781679326,0.007459607906639576,-0.0005411176825873554,0.25183266401290894,0.00011411717423470691,-0.0,0.0,1789027848.2027109
4454.817,-0.35416568201460585,-0.5130779068714025,0.30325694976171674,-0.8946473206123474,-2.9100367545732477,0.09640929162668845,0,2,0.7617454528808594,-1.2187964481166382,1.6644113699542444,-2.1178161106505335,-1.6182563940631312,-0.21472055116762334,0.01077846810221672,-0.018505573272705078,0.378564715385437,-0.007457274477928877,-0.0,0.0,1789027848.3027005
4454.9169999999995,-0.3456710802060608,-0.505373241652725,0.2897012639960008,-0.8976971971729619,-2.926348873716315,0.055060394479435074,0,2,0.7622285485267639,-1.2261770528605958,1.7037718931781214,-2.1183883152403773,-1.618220631276266,-0.21469289461244756,0.001464337226934731,-0.130160853266716,0.4098358452320099,-0.0036072740331292152,0.00018709134019445628,0.0,1789027848.4027157
4455.017,-0.3359595716487303,-0.4961785939293063,0.28359227700303924,-0.899737674095917,-2.9361480614368194,0.029195523454300883,0,2,0.762337863445282,-1.245898501282074,1.743136231099264,-2.118542810479635,-1.6182034651385706,-0.21473914781679326,0.002532160608097911,-0.2603332996368408,0.3633045554161072,-0.0010733641684055328,0.0001015363450278528,0.0,1789027848.5027046
4455.117,-0.32677766523253265,-0.48773134460935275,0.2862011421700832,-0.8995641181707377,-2.937600143924996,0.025804146996584232,0,2,0.7627680897712708,-1.2747846406749268,1.7745822111712855,-2.1185199222960414,-1.618218723927633,-0.21468907991518194,0.0011164449388161302,-0.3080710470676422,0.24162563681602478,-0.00012484965554904193,7.814628770574927e-05,0.0,1789027848.6027205
4455.217,-0.31976627080662223,-0.4811323038027379,0.2963024803242568,-0.8978823451733129,-2.9309313752465265,0.044182952595843664,0,2,0.7629204988479614,-1.30775539696727,1.7937329451190394,-2.1184431515135707,-1.6181910673724573,-0.21472055116762334,0.0002539142151363194,-0.334943562746048,0.13160662353038788,-1.6617678401451754e-23,0.00034710229374468327,0.0,1789027848.7027092
4455.317,-0.31450624060025123,-0.477368832557427,0.3092760576166469,-0.8930713274979964,-2.9208051991793007,0.07297901649268956,0,2,0.7645905613899231,-1.3371057373336335,1.8013470808612269,-2.1183439693846644,-1.6182153860675257,-0.21472055116762334,0.04118611663579941,-0.2556614279747009,0.021549168974161148,0.00013839815801475197,8.58713683555834e-05,0.0,1789027848.8027623
4455.4169999999995,-0.30920416942599765,-0.47683139779271494,0.3213671879571541,-0.8820055227800889,-2.9124344239110393,0.10204017931186045,0,2,0.7705405354499817,-1.3591093581965943,1.8016517798053187,-2.1183625660338343,-1.6182220617877405,-0.21470433870424444,0.07187476754188538,-0.1935081034898758,9.575733565725386e-05,8.566107862861827e-05,2.5460499991211552e-31,0.0,1789027848.9027088
4455.517,-0.3027688853825642,-0.4777788431402926,0.33055288035226715,-0.8665618014436818,-2.908243963508991,0.12455457463988058,0,2,0.7799246311187744,-1.3757947397283097,1.8017147223102015,-2.1183001003661097,-1.6181910673724573,-0.21470767656435186,0.1265607327222824,-0.14078591763973236,0.00014925420691724867,0.00018404626462142915,0.0,0.0,1789027849.0027554
4455.617,-0.293168824037122,-0.48155125090550677,0.3363090459677883,-0.8405122765752472,-2.910859893456979,0.13942834595126932,0,2,0.7971476316452026,-1.3865094494870682,1.8019674460040491,-2.1180998287596644,-1.6182273069964808,-0.21473914781679326,0.20533457398414612,-0.07525063306093216,0.011270355433225632,0.0018568714149296284,0.0,0.0,1789027849.102775
4455.717,-0.2815477925915671,-0.4865068289276425,0.3386555989789174,-0.8089394227338486,-2.918590309065395,0.146497812222316,0,2,0.8187098503112793,-1.3929027330926438,1.8044384161578577,-2.1181441746153773,-1.6182153860675257,-0.21473580995668584,0.21418318152427673,-0.05775341019034386,0.05133902281522751,0.0001179999890155159,0.0,0.0,1789027849.2027764
4455.817,-0.2698300456627297,-0.4889584613999085,0.33701905781338326,-0.7820701110838423,-2.92918781417937,0.14214331279988324,0,2,0.8375702500343323,-1.3992054772428055,1.8151972929583948,-2.1181165180602015,-1.6182306448565882,-0.21472388902773076,0.15401895344257355,-0.06865563243627548,0.17585936188697815,4.672233013271685e-19,0.0,0.0,1789027849.30272
4455.9169999999995,-0.259643774645573,-0.4874181151237517,0.33028547051992635,-0.7657440991967889,-2.942087217897901,0.122753532985028,0,2,0.8497517108917236,-1.4053628158620377,1.8366568724261683,-2.1181560955443324,-1.6182425657855433,-0.21473580995668584,0.09153642505407333,-0.04582952708005905,0.236827090382576,-2.3115544536267407e-05,0.0,0.0,1789027849.4027257
4456.017,-0.2532873421665207,-0.4830466924703636,0.3207563536002503,-0.7624433066254453,-2.953949269338744,0.09470260390145335,0,2,0.853304386138916,-1.409201906328537,1.8615863958941858,-2.118171831170553,-1.6182273069964808,-0.21471149126161748,-0.004091648384928703,-0.02633065916597843,0.23788200318813324,-2.7008529286831617e-05,0.0,0.0,1789027849.5027654
4456.117,-0.2496117083841777,-0.47881728398785656,0.31151954445647756,-0.764175921994776,-2.963642310731551,0.06742259200783918,0,2,0.8532718420028687,-1.4097462010434647,1.8823378721820276,-2.1182109318175257,-1.6182153860675257,-0.21472388902773076,0.001046990044414997,-0.00020395245519466698,0.18239806592464447,-7.344668847508729e-05,0.0,0.0,1789027849.6027265
4456.217,-0.24704645820423454,-0.4759266326038207,0.30512862867305635,-0.7652117541461413,-2.9702663419420037,0.04829211344407326,0,2,0.8533318638801575,-1.4097498220256348,1.8964036146747034,-2.1182147465147914,-1.6182425657855433,-0.21473580995668584,-1.3346821106097195e-06,0.0,0.09873165190219879,-3.923635700109488e-44,0.0,0.0,1789027849.7027428
4456.317,-0.24593906220140083,-0.47462829819709434,0.3023641348761189,-0.7657970565649563,-2.9731062753427975,0.0399433521162447,0,2,0.8532888293266296,-1.4097618621638794,1.902534310017721,-2.1182037792601527,-1.6182273069964808,-0.21471673647035772,-0.0003083196934312582,-7.098266360117123e-05,0.053841251879930496,-0.0,0.0,0.0,1789027849.8026807
4456.4169999999995,-0.2444617757359871,-0.4729528618484838,0.29909080231440854,-0.76631540832986,-2.976505778326633,0.029912006300728364,0,2,0.8533079028129578,-1.410152093773224,1.9102585951434534,-2.1181966267027796,-1.6182306448565882,-0.21473914781679326,-1.1397269821230367e-15,-0.001491658273153007,0.11190086603164673,-0.0,0.0,0.0,1789027849.9028075
4456.517,-0.24186044174023336,-0.4699839399627836,0.29293856235903126,-0.7673736723655706,-2.982782530891358,0.011073287747101403,0,2,0.8533127903938293,-1.4101569217494507,1.924035374318258,-2.1182123623290003,-1.6182153860675257,-0.21473914781679326,0.00024819295504130423,-0.00011900182289537042,0.1444370299577713,-6.144500186433532e-11,0.0,0.0,1789027850.0027287
4456.617,-0.23903950422345438,-0.46675525835514614,0.28649853979241097,-0.7685108076549001,-2.989237664001454,-0.008831806036363401,0,2,0.8533092737197876,-1.410225198870041,1.9386852423297327,-2.11832394222402,-1.6182153860675257,-0.21470767656435186,5.890204920433462e-05,-0.002932007424533367,0.14562220871448517,-0.0035345510113984346,6.979253286409914e-10,0.0,1789027850.1027894
4456.717,-0.23648159250501385,-0.4638540070761709,0.28086428713890554,-0.7693735339254668,-2.994929922141893,-0.02652488172518996,0,2,0.8533318638801575,-1.4102838200381775,1.9516008535968226,-2.11834778408193,-1.6181729475604456,-0.21473914781679326,-1.547715874039568e-05,-0.00010874903091462329,0.09362557530403137,-0.00012736320786643773,0.0,0.0,1789027850.2027707
4456.817,-0.23527357093002813,-0.4624004305113595,0.2781152615113168,-0.7699831333574269,-2.99760514819031,-0.03526898062331291,0,2,0.8532409071922302,-1.410260946755745,1.9578822294818323,-2.11834778408193,-1.6181910673724573,-0.21472055116762334,-0.000545352348126471,-0.00010633089550537989,0.03343074023723602,-2.1221791257630684e-07,0.0,0.0,1789027850.3027327
4456.9169999999995,-0.23520840509473975,-0.46198964193676684,0.27742219168155174,-0.7707393305785488,-2.9981297375857108,-0.03765986286257187,0,2,0.8528098464012146,-1.4100814026645203,1.9592331091510218,-2.11818852047109,-1.6182392279254358,-0.21472055116762334,-0.004969888832420111,0.0016005211509764194,1.7279599028357094e-21,0.00034391554072499275,0.0,0.0,1789027850.4026854
4457.017,-0.23539802325406478,-0.4620297168106239,0.2768299204318473,-0.7711770330429888,-2.998650384257249,-0.03956076149676868,0,2,0.8525737524032593,-1.408908264046051,1.9591806570636194,-2.117936750451559,-1.618220631276266,-0.2147310415851038,-0.0003857639094348997,0.016254402697086334,-0.0,0.004037437494844198,0.0,0.0,1789027850.5027764
4457.117,-0.23577379120016595,-0.4621137092281701,0.27564854162720287,-0.7720291329192897,-2.9995169702564968,-0.04299736659395471,0,2,0.8521222472190857,-1.4065788251212616,1.9591720739947718,-2.1178013286986292,-1.6182358900653284,-0.21472388902773076,-0.013465876691043377,0.028587179258465767,-0.0003069465165026486,0.0002137394913006574,0.0,0.0,1789027850.6027024
4457.217,-0.2367443665577086,-0.4623264788214123,0.2728348188887249,-0.774140141406682,-3.0014618564345654,-0.05087122210951426,0,2,0.8509500026702881,-1.4009262335351487,1.9590843359576624,-2.1177412472166957,-1.6182597319232386,-0.21473914781679326,-0.004822731949388981,0.08525065332651138,-0.0002189247461501509,0.0007821323233656585,0.0,0.0,1789027850.7027752
4457.317,-0.23761430480017304,-0.4631360727846757,0.2676938722251826,-0.7751951291080562,-3.0056329134210533,-0.06503009951705649,0,2,0.8507055044174194,-1.3906162542155762,1.9589527289019983,-2.117765089074606,-1.618274990712301,-0.21472388902773076,-0.0010723626473918557,0.11330480128526688,-0.0031742211431264877,0.00010016912710852921,-8.278834138764068e-05,0.0,1789027850.8026898
4457.4169999999995,-0.23868400861260095,-0.4641654540185779,0.26099857806557575,-0.7764033842615142,-3.011025264476514,-0.08348390278928322,0,2,0.850445568561554,-1.3771615636399765,1.9586971441852015,-2.1177579365172328,-1.6182716528521937,-0.2147429625140589,-0.005315564572811127,0.14451313018798828,-0.004339842591434717,1.8489026976098444e-10,-2.778317173189459e-34,0.0,1789027850.9027724
4457.517,-0.24073997766853653,-0.4647598009356013,0.2547317933084258,-0.7806340656043229,-3.015137630000153,-0.10060732943369548,0,2,0.8481679558753967,-1.3640999656966706,1.9578636328326624,-2.117812772790426,-1.6182902495013636,-0.21472055116762334,-0.04188262298703194,0.11229246854782104,-0.0180129986256361,5.161701305281246e-35,-0.0,0.0,1789027851.0027564
4457.617,-0.2441330849330317,-0.46545343333150524,0.25126564278262375,-0.7871972290991854,-3.0161008794364577,-0.10923557098923437,0,2,0.8440755605697632,-1.353921355014183,1.9537766615497034,-2.1178251705565394,-1.6183021704303187,-0.21472055116762334,-0.0413825623691082,0.09616817533969879,-0.06731852144002914,0.0,-0.0,0.0,1789027851.1026366
4457.717,-0.2489585322371429,-0.4676083320627594,0.2501708152068288,-0.7936124603339968,-3.0146958255476908,-0.10970374097400955,0,2,0.8398408889770508,-1.3433911216310044,1.9434879461871546,-2.1177851162352503,-1.6182716528521937,-0.21472055116762334,-0.03620872274041176,0.11673340201377869,-0.12450999766588211,0.0,-0.0,0.0,1789027851.202725
4457.817,-0.25256329996678345,-0.47038513354564976,0.248717762459355,-0.7960639881025955,-3.0144520742470653,-0.11100067505327861,0,2,0.8382381200790405,-1.332370103602745,1.9333441893206995,-2.1177731953062953,-1.6182802359210413,-0.21472055116762334,-0.0011561951832845807,0.10548760741949081,-0.04952875152230263,0.0,-0.0,0.0,1789027851.3027802
4457.9169999999995,-0.25324222318528483,-0.47121225843225073,0.2437047645766113,-0.796532773607128,-3.0182944029424013,-0.12444089727618272,0,2,0.8383268117904663,-1.3221553278020401,1.9326332251178187,-2.1177178821959437,-1.6183021704303187,-0.21471149126161748,0.001771652139723301,0.10277143865823746,0.00031317220418713987,0.0002620865707285702,-0.0,0.0,1789027851.4028444
4458.017,-0.25381962107801687,-0.4718799452666775,0.23763272515329434,-0.7971762709147248,-3.022937696035955,-0.14087454080450926,0,2,0.8383458852767944,-1.310532109146454,1.9326966444598597,-2.117728372613424,-1.6182835737811487,-0.21473914781679326,-0.0011035450734198093,0.12711109220981598,0.0006569055840373039,0.00012841213901992887,-0.0,0.0,1789027851.502766
4458.117,-0.25437947367417246,-0.47252680103496514,0.2314118436421822,-0.7978774865100763,-3.0275626064083085,-0.15771382362928452,0,2,0.838364839553833,-1.298592285518982,1.9326985518084925,-2.1177479229369105,-1.618274990712301,-0.21472007433046514,0.0001266987092094496,0.10975246876478195,7.194431236712262e-05,1.1607431815718883e-06,-0.0,0.0,1789027851.6026137
4458.217,-0.2547449868573317,-0.4729503228642123,0.2267889641880086,-0.798345388049522,-3.03093688768527,-0.17029130484160004,0,2,0.8383817672729492,-1.289784089928009,1.9327657858477991,-2.1177531681456507,-1.6182902495013636,-0.21472388902773076,0.00011332556459819898,0.06694623082876205,0.0009898872813209891,0.0,-0.0,0.0,1789027851.702743
4458.317,-0.25487290384622213,-0.4731086823924374,0.22380814058123732,-0.7986439925215998,-3.033121723664051,-0.1785058616911372,0,2,0.8383973836898804,-1.2843731504729767,1.9331539312945765,-2.117765089074606,-1.6182902495013636,-0.21472388902773076,0.0007300336146727204,0.03572656214237213,0.009115179069340229,0.0,-0.0,0.0,1789027851.8027108
4458.4169999999995,-0.2547923456206326,-0.4731277107125243,0.2226345430273013,0.7980082305672446,3.032032650869315,0.18173678430842047,0,2,0.8385374546051025,-1.282432810669281,1.933549706135885,-2.117749353448385,-1.618305508290426,-0.21473580995668584,0.0013143087271600962,0.004474358167499304,0.0004503786622080952,0.0,-0.0,0.0,1789027851.9027243
4458.517,-0.25475699478351416,-0.473095472388973,0.22258241317808156,0.7979588447166099,3.031969119808995,0.18197194896300953,0,2,0.8385494947433472,-1.2824316781810303,1.9336689154254358,-2.117706438104147,-1.6183212439166468,-0.21473914781679326,0.0001569514424772933,0.0001221904094563797,0.0024817136581987143,0.0,-0.0,0.0,1789027852.002688
4458.617,-0.2544951980590597,-0.4728212271727181,0.22209641101560584,0.7977231309190047,3.031379984123472,0.1835623788346253,0,2,0.8385699391365051,-1.2823441785625,1.9347732702838343,-2.11773218731069,-1.6183179060565394,-0.21473914781679326,0.0004380988539196551,0.0012697804486379027,0.01918189600110054,1.6567582717366118e-20,-0.0,0.0,1789027852.102735
4458.717,-0.25391766499645996,-0.4723700192488673,0.22125087819216413,0.7970123264139067,3.0304040035877398,0.1864287697234972,0,2,0.8388129472732544,-1.2822532814792176,1.9367626349078577,-2.1177102528014125,-1.6183112303363245,-0.21472388902773076,0.0007718456326983869,4.760556948646411e-10,0.020143922418355942,0.00011541532148839906,-0.0,0.0,1789027852.2027843
4458.817,-0.25343397019987224,-0.47185336498887426,0.22046532770976812,0.7966462303481647,3.029401254264887,0.18915050779113854,0,2,0.83884197473526,-1.282284454708435,1.9387663046466272,-2.1176945171751917,-1.6183226744281214,-0.21470767656435186,0.001325916382484138,0.0,0.014241478405892849,1.3284798624462127e-30,-0.0,0.0,1789027852.3025713
4458.9169999999995,-0.25302589955644705,-0.47153592589585036,0.21991197984984623,0.7961161652206455,3.028782310028041,0.19106827889008818,0,2,0.8390200734138489,-1.282284454708435,1.9401510397540491,-2.1176825962462367,-1.618338410054342,-0.21472055116762334,0.0025933338329195976,0.0,0.010305110365152359,0.0,-0.0,0.0,1789027852.402769
4459.017,-0.2529060391535508,-0.47147290600344777,0.21976541492488616,0.7959172407595743,3.0286325318634453,0.19152766588834022,0,2,0.8391073942184448,-1.2822604936412354,1.9404915014850062,-2.117701669732565,-1.6183226744281214,-0.21472388902773076,0.00017155776731669903,0.0,0.0010944805108010769,0.0,-0.0,0.0,1789027852.5026848
4459.117,-0.2528558838588095,-0.47138108908031306,0.2196331617178532,0.7959850192110834,3.0284388655334125,0.1919532746250933,0,2,0.8390609622001648,-1.2822448176196595,1.9408071676837366,-2.117720743218893,-1.6183226744281214,-0.21468907991518194,2.4265667889267206e-05,9.551786206429824e-05,0.005197634920477867,0.0,-0.0,0.0,1789027852.602742
4459.217,-0.2524088813035337,-0.4713710540818739,0.21925058349869475,0.7948313649504669,3.0282461544006223,0.19324526842647008,0,2,0.8396872282028198,-1.2820258003524323,1.9414671103106897,-2.1176535091795863,-1.618319336568014,-0.21472055116762334,0.01193320658057928,0.004289323929697275,0.003615408204495907,0.0002364482352277264,-0.0,0.0,1789027852.7027125
4459.317,-0.2521182940010643,-0.47149554643680863,0.21902787614072433,0.793901038383238,3.0282640148563793,0.19394828893143884,0,2,0.8402671217918396,-1.2816942495158692,1.9415820280658167,-2.117598672906393,-1.618338410054342,-0.21470433870424444,0.00043316982919350266,0.0042000762186944485,0.0009956270223483443,0.00018973239639308304,-0.0,0.0,1789027852.8027766
4459.4169999999995,-0.2521586949322627,-0.4715520078518187,0.21836578432737594,0.7936545783904418,3.027587190199078,0.1956582073354937,0,2,0.8402740955352783,-1.28042288244281,1.9415863196002405,-2.1176020107665003,-1.6183045546161097,-0.21470767656435186,5.6174500059569255e-05,0.021550696343183517,0.00014515018847305328,0.00010836801811819896,-0.0,0.0,1789027852.9026668
4459.517,-0.2522882264893625,-0.47165793714529475,0.21686304049236527,0.7931882155290376,3.0261129923246552,0.19961549753607952,0,2,0.8402277231216431,-1.2775293749621888,1.9415863196002405,-2.1176096401610316,-1.6183350721942347,-0.21472388902773076,0.0,0.04086536169052124,7.224365253932774e-05,4.543980594462482e-06,-0.0,0.0,1789027853.0027385
4459.617,-0.25240286109932053,-0.4718297443030959,0.21477784702593145,0.7923952579367214,3.0240815649402752,0.20504958796915349,0,2,0.840281069278717,-1.2735227805427094,1.9415996710406702,-2.117641588250631,-1.618338410054342,-0.21472388902773076,0.0,0.020560402423143387,-0.0,0.0,-0.0,0.0,1789027853.1026802
4459.717,-0.25243042272409955,-0.4718580682103156,0.21426832166503906,0.7922557395487819,3.0235347003378426,0.20635961889409513,0,2,0.8402705788612366,-1.2725676757148285,1.9416335264789026,-2.1176487408080042,-1.6183045546161097,-0.21470767656435186,0.0,0.0016414372948929667,3.098223533015698e-05,0.0,-0.0,0.0,1789027853.2027721
4459.817,-0.25238564235770317,-0.4719095102929206,0.2141673614448228,0.7919680322645913,3.0235375968954386,0.20668263186463764,0,2,0.8404092788696289,-1.2723400753787537,1.941582504902975,-2.1176144085326136,-1.618349854146139,-0.21473914781679326,0.003079066751524806,0.0063700005412101746,-0.0,8.158525876966836e-30,-0.0,0.0,1789027853.3027291
4459.9169999999995,-0.2522859332356858,-0.4719779113779099,0.21398380277269252,0.7915829736093325,3.023441353687932,0.20713719854483514,0,2,0.8406354784965515,-1.2719977659038086,1.9415996710406702,-2.117629667321676,-1.6183283964740198,-0.2147277037249964,0.0013283381704241037,0.0005339616327546537,-0.0,7.671122875763103e-05,-0.0,0.0,1789027853.4027762
4460.017,-0.2523068875479739,-0.47196121998919244,0.21398225841928886,0.7916620802431644,3.0234100449635637,0.20719767394811614,0,2,0.8405869007110596,-1.2720013421824952,1.9415996710406702,-2.117589613000387,-1.6183431784259241,-0.21472055116762334,0.00011307602107990533,0.0,-0.0,1.6681056919322622e-40,-0.0,0.0,1789027853.502719
4460.117,-0.25230345261365233,-0.4719585337703375,0.21396404650852513,0.7916415399204154,3.023396124789763,0.20725269600450044,0,2,0.8405889868736267,-1.271977500324585,1.9416144529925745,-2.117589613000387,-1.6183465162860315,-0.2147277037249964,-1.9879933461197652e-05,0.00029237393755465746,-0.0,0.0,-0.0,0.0,1789027853.6027763
4460.217,-0.2522916733960704,-0.47196268146950116,0.2139325757099526,0.7916151118498767,3.023353619093908,0.20729809918086506,0,2,0.8406059145927429,-1.271929458980896,1.9416349569903772,-2.1176096401610316,-1.618319336568014,-0.21472055116762334,0.0,0.0005680029280483723,9.898617281578481e-05,3.628241277366562e-16,-0.0,0.0,1789027853.7027593
4460.317,-0.2522930080772171,-0.47196139536779713,0.21384533358918922,0.7915973235526075,3.0232486741141322,0.20761854886192652,0,2,0.8406059145927429,-1.2717738908580323,1.9416363875018519,-2.1175419292845667,-1.618338410054342,-0.21470767656435186,0.0,0.0026626638136804104,0.00027380799292586744,0.0003316635265946388,-0.0,0.0,1789027853.8027937
4460.4169999999995,-0.2522515601439684,-0.4719136813904388,0.21334427155688046,0.7912912894885334,3.022522166087096,0.20958267290965113,0,2,0.8406059145927429,-1.270992175941803,1.94175893465151,-2.1170078716673792,-1.618349854146139,-0.2147429625140589,0.0,0.013475755229592323,0.0008907486335374415,0.011847843416035175,-0.0,0.0,1789027853.902614
4460.517,-0.2522928859652221,-0.47196997055391704,0.2121593214324062,0.7908738449732724,3.0212251377374706,0.2128977133329351,1,3,0.8406129479408264,-1.2687847477248688,1.9418109099017542,-2.1168161831297816,-1.6183283964740198,-0.21472055116762334,0.0,0.024072038009762764,0.0003423543239478022,0.00020180923456791788,-6.382077737788301e-16,0.0,1789027854.0028005
4460.617,-0.2523653826594174,-0.4720604068949638,0.2109945764393692,0.7904407653987554,3.0200838572111772,0.2159246398539868,1,3,0.840624988079071,-1.2665305894664307,1.9417951742755335,-2.116831441918844,-1.618338410054342,-0.2147310415851038,0.0,0.019131746143102646,0.00018268756684847176,6.961502367630601e-05,-0.0,0.0,1789027854.1027625
4460.717,-0.2524189761462925,-0.47209458864048903,0.21036935358920728,0.7902839149231429,3.019427405903014,0.21757290185692943,1,3,0.8405903577804565,-1.265328810816147,1.9417913595782679,-2.116812845269674,-1.6183350721942347,-0.21472388902773076,0.0,0.003157655708491802,4.993986658519134e-05,0.0,-0.0,0.0,1789027854.20274
4460.817,-0.2524423725994394,-0.47209895421146175,0.2103372436646381,0.7903188408600124,3.0194002829240127,0.21762031590740985,1,3,0.8405629992485046,-1.265244947080948,1.941767994557516,-2.1168400249876917,-1.618338410054342,-0.21472388902773076,0.0,0.00013720504648517817,1.6884789147297852e-05,0.0,-0.0,0.0,1789027854.3027258
4460.9169999999995,-0.2524087079251425,-0.4720913572445212,0.21031339472067262,0.7902267301934136,3.0193678028583557,0.21775004939384968,1,3,0.840600848197937,-1.265244947080948,1.9418185392962855,-2.116793294946188,-1.6183350721942347,-0.21473580995668584,0.0,0.00018593498680274934,1.3323951990299316e-29,0.0,-0.0,0.0,1789027854.402782
4461.017,-0.252440239490235,-0.47207519838086714,0.21027986714076893,0.7903101509232686,3.019314840366536,0.21782092948929282,1,3,0.8405355215072632,-1.2651862067035218,1.9418304602252405,-2.116812845269674,-1.618338410054342,-0.21473914781679326,0.0,0.00016386473726015538,1.0435261844834375e-31,0.0,-0.0,0.0,1789027854.5027585
4461.117,-0.25242136029220946,-0.47209137454805633,0.21025903270028118,0.7902585229833701,3.019319408241612,0.2178873935293522,1,3,0.840585470199585,-1.2651382845691224,1.9418190161334437,-2.116807600060934,-1.618349854146139,-0.21472007433046514,0.0,0.0011813832679763436,2.376713564444799e-05,1.860635770619106e-15,-0.0,0.0,1789027854.6027298
4461.217,-0.25242606382039084,-0.47210654681951525,0.21016697303044596,0.7901801935586219,3.019238608306668,0.21811791553300144,1,3,0.84059739112854,-1.2649468940547486,1.9417999426471155,-2.116808076898092,-1.6183465162860315,-0.21473914781679326,-2.945051562619483e-07,0.001771483919583261,-0.0,0.00012376488302834332,-0.0,0.0,1789027854.7027678
4461.317,-0.25246339441253823,-0.4721147899721344,0.2098075865549103,0.7901409555822032,3.018822049954211,0.21908580422532253,1,3,0.8405510783195496,-1.2642681163600464,1.941808048878805,-2.116772790948385,-1.6183317343341272,-0.21472388902773076,0.0,0.012504983693361282,-0.0,6.565114017575979e-05,-0.0,0.0,1789027854.802689
4461.4169999999995,-0.2524987806706676,-0.47218270432600273,0.20858661605225576,0.7896472146009105,3.017570325482424,0.22236955660861796,1,3,0.840585470199585,-1.261974499826767,1.9418628851519983,-2.11669983486318,-1.6183317343341272,-0.2147277037249964,0.0,0.03472300246357918,0.0002535740495659411,0.0005018751253373921,-0.0,0.0,1789027854.9027653
4461.517,-0.25262341297600044,-0.4723322528618339,0.2063672768608436,0.7888298088632265,3.015351849297607,0.228228527849934,1,3,0.840602457523346,-1.2576941412738343,1.9418304602252405,-2.1166445217528285,-1.6183708349811,-0.21473914781679326,9.96430535451509e-05,0.049977511167526245,-6.182236393215135e-05,0.00019803780014626682,-2.7849297143585126e-21,0.0,1789027855.0027726
4461.617,-0.2527293563357125,-0.472487139567813,0.2042021908360197,0.7880512547311879,3.013195539913036,0.23376125960232477,1,3,0.8406438827514648,-1.2535120707801362,1.941815201436178,-2.1167170010008753,-1.6183622519122522,-0.21472055116762334,6.130911060608923e-05,0.03201775625348091,7.104319229256362e-05,4.6590470446972176e-05,-0.0,0.0,1789027855.1026814
4461.717,-0.25277763300005945,-0.4724989458406013,0.20373666147076477,0.7879462558584088,3.012688362748149,0.2349446079690525,1,3,0.840585470199585,-1.2526249450496216,1.941826645527975,-2.116727968255514,-1.6183431784259241,-0.21473914781679326,-8.024355338420719e-05,0.0001763500040397048,3.583923898986541e-05,0.0,-0.0,0.0,1789027855.2027817
4461.817,-0.25277867435392903,-0.472496757088678,0.20373803470605917,0.7879479511518895,3.0127051487597645,0.23496673682034286,1,3,0.840585470199585,-1.2526285213283082,1.941826645527975,-2.116720815698141,-1.6183655897723597,-0.21473914781679326,-5.206101261350576e-20,1.312621225224575e-05,-6.872363613291016e-27,0.0,-0.0,0.0,1789027855.3026793
4461.9169999999995,-0.2527892486958193,-0.4725025303847793,0.20374771834841787,0.7880023437915191,3.01270400921058,0.23487518601569388,1,3,0.8405734300613403,-1.2526297134212037,1.9418113867389124,-2.1167594395079554,-1.6183431784259241,-0.21472007433046514,0.0,0.0,-0.0,0.0,-0.0,0.0,1789027855.4027555
4462.017,-0.25282716908402075,-0.4725116911980883,0.20390676299554988,0.7881432504919541,3.0129035665601083,0.2342551248335482,1,3,0.8405271172523499,-1.2528715890697022,1.94175893465151,-2.116911550561422,-1.6183226744281214,-0.21472388902773076,-0.00045285868691280484,-0.008815955370664597,-0.0004514663596637547,-0.0008393366588279605,-0.0,0.0,1789027855.5027676
4462.117,-0.2528589778333366,-0.4725555995098013,0.2047018879883289,0.7885286431614488,3.0140008539604937,0.2312560168139434,1,3,0.8405255079269409,-1.2542252105525513,1.9416912237750452,-2.117669721642965,-1.6182544867144983,-0.21472388902773076,-0.0001962676178663969,-0.028028955683112144,-0.0006909123039804399,-0.016828831285238266,0.00020146480528637767,0.0,1789027855.6027849
4462.217,-0.25318275137936225,-0.4728083800208799,0.20846755002021508,0.790890911882497,3.0202799916532013,0.21476653814431618,1,3,0.8403784036636353,-1.2604852479747315,1.9416874090777796,-2.1235457859435023,-1.618206802998678,-0.21472388902773076,-0.007835710421204567,-0.10920058190822601,-0.00015399210678879172,-0.12376410514116287,0.0005927173187956214,0.0,1789027855.702721
4462.317,-0.25445202269727474,-0.4738956893651326,0.21944198646990765,-0.7954066283650548,-3.028846152831641,-0.1597255401560807,1,3,0.8399457335472107,-1.2776791018298645,1.941690746937887,-2.1461597881712855,-1.6181524435626429,-0.21470433870424444,-0.005394621752202511,-0.22914248704910278,-1.1185713447048329e-05,-0.259745717048645,0.0003871146764140576,0.0,1789027855.8027668
4462.4169999999995,-0.2560145552759167,-0.47441098929328684,0.23726985913109194,-0.7938830727625642,-3.0049746257399694,-0.07772847274992598,1,3,0.8383833765983582,-1.306443379526474,1.9417064825641077,-2.1757871113219203,-1.618143383656637,-0.21472055116762334,-0.0304669551551342,-0.32806846499443054,-0.0,-0.29117438197135925,0.00011976769746979699,0.0,1789027855.9027255
4462.517,-0.25686616500236376,-0.47279251907083014,0.2566668963425045,-0.7948752919070342,-2.981326371329161,-0.006547212567101317,1,3,0.8351292014122009,-1.3400979948094864,1.9417174498187464,-2.1937085590758265,-1.6181910673724573,-0.21472388902773076,-0.024896983057260513,-0.31628990173339844,3.6322826898849386e-27,-0.013603187166154385,3.0831284675514325e-05,0.0,1789027856.0026848
4462.617,-0.2554303160393446,-0.47076437655317543,0.26986547071253986,-0.7936963040478081,-2.9695252949484074,0.02792338351262215,1,3,0.8345901966094971,-1.3653793793967743,1.9416802565204065,-2.193632741967672,-1.6182339827166956,-0.21470433870424444,-3.3839776733657345e-05,-0.1857202798128128,-0.0,0.00014524727885145694,-9.778661478776485e-05,0.0,1789027856.1026542
4462.717,-0.2544952723900954,-0.4696665652685962,0.27698406098430634,-0.7926711238239624,-2.9630651079238515,0.046648923983638034,1,3,0.8345134258270264,-1.3789441001466294,1.9415348211871546,-2.1936847172179164,-1.6182153860675257,-0.21470767656435186,-0.0020382716320455074,-0.09980623424053192,-0.006224588491022587,-7.622178236488253e-05,-1.507423179336609e-11,0.0,1789027856.2027428
4462.817,-0.255303946142068,-0.4690273749678866,0.28079889309267253,-0.7948745052641585,-2.9584108144739485,0.05755421530964118,1,3,0.8325334787368774,-1.3849017930081864,1.9400509039508265,-2.1943675480284632,-1.6181977430926722,-0.21472388902773076,-0.06795500963926315,-0.05495261773467064,-0.01553921028971672,-0.01456314418464899,-8.618371653855593e-24,0.0,1789027856.3026438
4462.9169999999995,-0.26152665210623827,-0.4662938821392606,0.28457552318074497,-0.8123591388444772,-2.949364043829933,0.06759660565093077,1,3,0.8201505541801453,-1.388983593588211,1.9363439718829554,-2.194580217401022,-1.6181829611407679,-0.21473914781679326,-0.18239113688468933,-0.022081682458519936,-0.07355678826570511,-0.00038000004133209586,-0.0,0.0,1789027856.4027822
4463.017,-0.27573056225744486,-0.4625058181256616,0.2910626333979506,-0.8471244592402777,-2.9313686799099146,0.08528173409592975,1,3,0.7954477071762085,-1.3896958094886322,1.9225743452655237,-2.1945511303343714,-1.6182001272784632,-0.21470433870424444,-0.2901478409767151,-1.6958847791782167e-13,-0.19657577574253082,-9.461743320571259e-05,7.439023135125132e-32,0.0,1789027856.5026455
4463.117,-0.2955035865819055,-0.4593411535114327,0.3037007734748307,-0.8882860350740495,-2.90266207761384,0.11987598579865713,1,3,0.7648289203643799,-1.3897186380675812,1.8945382277118128,-2.194512506524557,-1.618263069783346,-0.21472388902773076,-0.3097200095653534,0.0,-0.35685303807258606,-5.546712255703016e-33,0.0,0.0,1789027856.602613
4463.217,-0.3168630891314269,-0.45794214853278503,0.3224911199601792,-0.9243704828348513,-2.866122037201922,0.1699724536941219,1,3,0.7358104586601257,-1.3896204841187973,1.853553597127096,-2.194430490533346,-1.618305508290426,-0.21475488344301397,-0.2671372890472412,0.000143988843774423,-0.44680681824684143,0.0002475127694196999,-0.00031584242242388427,0.0,1789027856.7027526
4463.317,-0.3358743086903918,-0.4578471012545101,0.34374177334319456,-0.9501859837826758,-2.82831936283423,0.2241363561824985,1,3,0.7127100825309753,-1.3894719642451783,1.8081839720355433,-2.194084783593649,-1.6183555761920374,-0.21474773088564092,-0.2055947333574295,0.00016062166832853109,-0.4339386522769928,0.0038648732006549835,-0.0003292973560746759,0.0,1789027856.8027222
4463.4169999999995,-0.3508033391857127,-0.45675297451201563,0.3610354430910557,-0.9703318794286554,-2.7965538586646486,0.2660910015781757,1,3,0.6939219832420349,-1.3893080961755295,1.7719820181476038,-2.193923612634176,-1.6184490362750452,-0.21472055116762334,-0.1633569747209549,0.005818275734782219,-0.2844594120979309,0.002496682107448578,-0.004306057933717966,0.0,1789027856.9026704
4463.517,-0.36011351091493193,-0.45475348898193396,0.37001279099162016,-0.9851619035271523,-2.7778003073095494,0.28659380248557137,1,3,0.6807206869125366,-1.3886783582023163,1.7527549902545374,-2.1936942539610804,-1.6185196081744593,-0.21472055116762334,-0.11654570698738098,0.004885200876742601,-0.10275427252054214,0.00208575208671391,-0.00010931792348856106,0.0,1789027857.0026362
4463.617,-0.3658328437297122,-0.4508788508338679,0.3704641109257754,-1.0010749291833905,-2.771429434092917,0.28420239589927476,1,3,0.6690776348114014,-1.3877614897540589,1.7502244154559534,-2.191507478753561,-1.6185620466815394,-0.21473580995668584,-0.11429670453071594,0.03054812364280224,0.00011041631660191342,0.08159573376178741,-0.0002661293256096542,0.0,1789027857.1027176
4463.717,-0.3711605018866548,-0.44640048130888377,0.36599533918849647,-1.0210485622057146,-2.776429400924612,0.2589719293799014,1,3,0.6570690870285034,-1.383010984664299,1.7502005735980433,-2.17675842861318,-1.6185687224017542,-0.21473914781679326,-0.12410115450620651,0.06364662200212479,-4.4257339349585085e-35,0.23620279133319855,-8.962447464000434e-05,0.0,1789027857.2026496
4463.817,-0.37521497144120747,-0.4421327668410507,0.3576841143835138,-1.0424590940138667,-2.793999489150935,0.210280844169115,1,3,0.6467424035072327,-1.3747791659883042,1.750176731740133,-2.1460215053954066,-1.6185262838946741,-0.21475488344301397,-0.08494981378316879,0.09068270772695541,-1.781861653584897e-16,0.34929358959198,-2.146163638868772e-25,0.0,1789027857.3027623
4463.9169999999995,-0.37709909621533877,-0.4387413054221658,0.34902639693194665,-1.0599845744780005,-2.8160411080577084,0.15512547904589233,1,3,0.639959990978241,-1.3668406319669266,1.7500985304461878,-2.1097051105894984,-1.618514362965719,-0.21473962465395147,-0.04602144658565521,0.0640849694609642,-0.0014502216363325715,0.34536802768707275,-0.0,0.0,1789027857.402796
4464.017,-0.3776903619103713,-0.4367015960412224,0.3428814006034465,-1.0706068338087311,-2.832274989170821,0.114999039370299,1,3,0.6364449858665466,-1.3611841064742585,1.750080410634176,-2.083416601220602,-1.6185177008258265,-0.2147429625140589,-0.031218182295560837,0.056256044656038284,-0.0003575906448531896,0.15803809463977814,-0.0,0.0,1789027857.502645
4464.117,-0.37903976507371145,-0.43698819329474065,0.338670815553032,-1.074355470235221,-2.8392306352902636,0.09805299512417698,1,3,0.6354337930679321,-1.3536190700582047,1.7481396834002894,-2.0756222210326136,-1.6185296217547815,-0.21473962465395147,-0.0018643689109012485,0.09028221666812897,-0.03978336974978447,0.00023798152687959373,-0.0,0.0,1789027857.6027396
4464.217,-0.38273555235952383,-0.43782200182047776,0.33732792679928686,-1.0783562704839582,-2.8383696797962545,0.09638988068748267,1,3,0.6327401399612427,-1.345380039220192,1.7411235014544886,-2.075681825677389,-1.6184986273394983,-0.21472055116762334,-0.05011944845318794,0.05737471953034401,-0.09823081642389297,-6.315574864856899e-05,-0.0,0.0,1789027857.702796
4464.317,-0.38821226259884095,-0.43712314436543137,0.3413189600350118,-1.0861182301820542,-2.829537107496644,0.10700445403134118,1,3,0.6260854601860046,-1.3428539794734498,1.7296484152423304,-2.0756570301451625,-1.6185196081744593,-0.21473914781679326,-0.06205388903617859,0.011534435674548149,-0.13671955466270447,-4.7281846491387114e-05,2.529455287003657e-06,0.0,1789027857.8027313
4464.4169999999995,-0.3930595875144984,-0.4382570093423824,0.3464367613134015,-1.0887497537535398,-2.8210885090745395,0.1209362748040541,1,3,0.6227447390556335,-1.3392377507737656,1.7145140806781214,-2.0755626163878382,-1.6185348669635218,-0.21473580995668584,-0.010767660103738308,0.06453825533390045,-0.16188359260559082,0.0002676166477613151,0.0,0.0,1789027857.90269
4464.517,-0.3974140411866443,-0.441437656079061,0.34716807576027764,-1.0879113958863496,-2.8188992414444143,0.12556472054886908,1,3,0.6228235960006714,-1.3282862168601532,1.6997211615191858,-2.075505872766012,-1.6186078230487269,-0.21473199525942022,0.0033241761848330498,0.1407506912946701,-0.12419044226408005,0.00037790590431541204,-0.00011508474563015625,0.0,1789027858.0026796
4464.617,-0.40212836906594457,-0.4449533204885628,0.34287425078131695,-1.0885776431034977,-2.8219610162164255,0.11912620586752835,1,3,0.6229861974716187,-1.311073974972107,1.6876805464373987,-2.0754972896971644,-1.6185944716082972,-0.21472055116762334,0.0009373382199555635,0.20470379292964935,-0.09753523021936417,9.994983702199534e-05,-0.0002676505537237972,0.0,1789027858.1026464
4464.717,-0.40644308362722875,-0.44802634763281596,0.3328234802582638,-1.0913942772833019,-2.830923491435421,0.09931073951304478,1,3,0.6229314804077148,-1.2890696984580536,1.6815670172320765,-2.0755416355528773,-1.6186044851886194,-0.21472388902773076,0.00017412386659998447,0.2322738915681839,-0.02606988698244095,2.2822569007985294e-05,-9.470363147556782e-05,0.0,1789027858.2027018
4464.817,-0.4094560996335727,-0.45006609447682583,0.32029162660527655,-1.0952884670182303,-2.8426149271264713,0.07292501374325522,1,3,0.6227326989173889,-1.2676263910583039,1.681162182484762,-2.0755626163878382,-1.6185467878924769,-0.21472055116762334,-0.00423498684540391,0.1763540357351303,-5.324364610714838e-05,0.0,-5.822676037928083e-29,0.0,1789027858.3026757
4464.9169999999995,-0.41116274189539,-0.4512718748561258,0.3122089754968,-1.0976061971269735,-2.8500432125251294,0.05579635339288665,1,3,0.6226969957351685,-1.2540618044188996,1.6811588446246546,-2.0755931339659632,-1.6185653845416468,-0.21472055116762334,0.0,0.10141704231500626,-1.3451646736939438e-05,0.0,-0.0,0.0,1789027858.402787
4465.017,-0.41196236710337225,-0.45193331359840927,0.30771676532413433,-1.098720870833067,-2.854287500544628,0.04618606623467001,1,3,0.6228030920028687,-1.2466620069793244,1.6812904516803187,-2.0755230389037074,-1.6185296217547815,-0.21472388902773076,0.0005792737938463688,0.04713816195726395,0.001573145971633494,0.0,-0.0,0.0,1789027858.5027506
4465.117,-0.41228272255088516,-0.45217542619771606,0.30593379403933574,-1.099184896774501,-2.8559441197054367,0.042427993343797585,1,3,0.6228116750717163,-1.243740276699402,1.6813700834857386,-2.075548311273092,-1.6184986273394983,-0.21473914781679326,7.87622993811965e-05,0.007577840704470873,0.00036498840199783444,0.0,-0.0,0.0,1789027858.6028075
4465.217,-0.41229167332349725,-0.4521674907213634,0.3059193401250618,-1.0992190409051086,-2.855939797401818,0.042399091124841866,1,3,0.6227927207946777,-1.2437234085849305,1.6813815275775355,-2.07555689434194,-1.6185019651996058,-0.21473580995668584,7.604008497939035e-36,0.00011179534340044484,9.722488175611943e-05,0.0,6.349691102514043e-05,0.0,1789027858.702843
4465.317,-0.41227082587415387,-0.4521980223194653,0.30591810384482504,-1.0991433014327547,-2.8559885350886023,0.04236399165725948,1,3,0.622854471206665,-1.243700699215271,1.6813443342791956,-2.0755115948119105,-1.6185019651996058,-0.2147310415851038,0.00018735650519374758,1.8392527648708788e-19,1.0108872522795207e-17,0.0,0.0,0.0,1789027858.8027942
4465.4169999999995,-0.41225596757238553,-0.45221311535719494,0.3059304602178361,-1.0990600198826188,-2.85594955838156,0.04244130749541525,1,3,0.6228939890861511,-1.2437163156322022,1.681354824696676,-2.0755840740599574,-1.6185296217547815,-0.21473580995668584,0.00010500624193809927,0.0,-0.0,0.0,0.0,0.0,1789027858.9027255
4465.517,-0.41225345101759886,-0.45221395880913723,0.3059110076638433,-1.0990806934678083,-2.856014819855797,0.04240192303740508,1,3,0.6228905320167542,-1.2436958712390442,1.6813629309283655,-2.0755535564818324,-1.6184871832477015,-0.21473914781679326,0.00010304895113222301,2.1619034669129178e-05,-0.0,0.0,0.0,0.0,1789027859.0027714
4465.617,-0.4122561337653679,-0.4521992120352749,0.305922807136638,-1.0991237445263333,-2.855976655909432,0.04238896400258526,1,3,0.6228715181350708,-1.2437269252589722,1.6813743750201624,-2.07553829769277,-1.6185086409198206,-0.21472388902773076,9.127071174240705e-18,0.0,-0.0,0.0,0.0,0.0,1789027859.1027799
4465.717,-0.4122706678658141,-0.4521906664643158,0.3059066543770051,-1.0991538540823307,-2.8559938124261084,0.04240694581812185,0,4,0.6228406429290771,-1.2437042754939576,1.6813867727862757,-2.075569292108053,-1.6184781233416956,-0.21473914781679326,0.0,0.0,-0.0,0.0,0.0,0.0,1789027859.2027423
4465.817,-0.412265513805518,-0.45218990095242334,0.30591641932859404,-1.0991438714049822,-2.855998544318909,0.042414096414733225,0,4,0.6228440999984741,-1.2437234085849305,1.6813867727862757,-2.0755535564818324,-1.6184747854815882,-0.2147429625140589,0.0,0.0,1.687895019131247e-05,0.0,0.0,0.0,1789027859.3027976
4465.9169999999995,-0.4122818064573091,-0.4521710090267126,0.3058812478397073,-1.099220005980794,-2.8559980248740495,0.04226019222594312,0,4,0.6228082180023193,-1.2436839503100892,1.6814025084124964,-2.0755115948119105,-1.6185086409198206,-0.2147310415851038,-0.00016390801465604454,0.0,-0.0,0.0,0.0,0.0,1789027859.4027472
4466.017,-0.41231159976380766,-0.4521482091364197,0.30586715224992633,-1.0993288998758737,-2.8559775329806287,0.042292456626625785,0,4,0.6227431297302246,-1.2436649960330506,1.6814177672015589,-2.0755535564818324,-1.6184781233416956,-0.21472388902773076,-0.001072873710654676,0.0,1.8568676015691367e-39,0.0,0.0,0.0,1789027859.502817
4466.117,-0.41231646854040727,-0.4521484396398174,0.3058500900949095,-1.0993422927132817,-2.8559951435950857,0.04225328498949536,0,4,0.6227381229400635,-1.2436374586871644,1.6814177672015589,-2.075548311273092,-1.6184747854815882,-0.21472388902773076,-0.00019773855456151068,8.151338988682255e-05,-0.0,0.0,0.0,0.0,1789027859.6027598
4466.217,-0.41228919486728216,-0.4521850852857683,0.3058571656714436,-1.0992094161036838,-2.8559998985579056,0.04223307766763375,0,4,0.622822105884552,-1.2436241668513794,1.6813834349261683,-2.07553829769277,-1.6185210386859339,-0.21472388902773076,0.0019310134230181575,0.00015795826038811356,-0.0,0.0,0.0,0.0,1789027859.7027538
4466.317,-0.412279776910206,-0.45218950265134183,0.30584004237718854,-1.099200298122342,-2.856042134604019,0.04223501128651596,0,4,0.622832179069519,-1.2436134976199646,1.6814106146441858,-2.07555689434194,-1.6184905211078089,-0.2147277037249964,0.00021068364731036127,5.733359284931794e-05,-0.0,0.0,2.6280512507654497e-32,0.0,1789027859.8027234
4466.4169999999995,-0.4122915379377629,-0.4521759040334349,0.3058759649806859,-1.0992122628373948,-2.85598100940571,0.04231026542870175,0,4,0.6228047609329224,-1.2436599892428895,1.6813953558551233,-2.0755659542479457,-1.6185053030597132,-0.21473580995668584,2.3000548026175238e-05,0.0,-0.0,0.0,0.0,0.0,1789027859.9027925
4466.517,-0.41227132497274993,-0.4522002751947347,0.3058592802266452,-1.0991656098961018,-2.8560170546622317,0.04230031581086252,0,4,0.6228561401367188,-1.243632511501648,1.681399170552389,-2.07558073619985,-1.6184971968280237,-0.21472055116762334,0.0,0.0,-0.0,0.0,0.0,0.0,1789027860.0028098
4466.617,-0.4122328679794588,-0.45219266719507595,0.30556097429758916,-1.099182359855884,-2.8563689240463557,0.041485825631574665,0,4,0.6228870749473572,-1.243343011741974,1.6816509405719202,-2.0754972896971644,-1.6185210386859339,-0.2147467772113245,0.0021229994017630816,0.00423541571944952,0.005416931584477425,-2.5397036904073467e-11,0.0,0.0,1789027860.1027722
4466.717,-0.4107023541121922,-0.45328557557303306,0.30519433043665606,-1.0951313316413624,-2.8584190020015607,0.04062600101752723,0,4,0.6258695721626282,-1.243381218319275,1.6824973265277308,-2.075505872766012,-1.6185568014727991,-0.21469670930971319,0.01800566352903843,-0.0019321939907968044,0.019414562731981277,9.996025619329885e-05,0.0,0.0,1789027860.202773
4466.817,-0.4093617608105329,-0.45228649014929717,0.3024843596420409,-1.0961632961840624,-2.8616627148598877,0.03304026813570044,0,4,0.6258235573768616,-1.243669794206955,1.6887529532061976,-2.075498720208639,-1.6185229460345667,-0.21472055116762334,-5.329640284656989e-09,-0.002582010580226779,0.10410556942224503,6.973787684404817e-21,0.0,0.0,1789027860.302658
4466.9169999999995,-0.40656754800620354,-0.45040474323496366,0.2967950443773726,-1.09793275165166,-2.8684010887392204,0.01712695669410875,0,4,0.6260185837745667,-1.2437572044185181,1.7012861410724085,-2.0755092106261195,-1.6185620466815394,-0.21470767656435186,0.005391876213252544,-0.0006084358901716769,0.1337600201368332,0.0,0.0,0.0,1789027860.4027708
4467.017,-0.4033634297463105,-0.448213511171024,0.2910317154778158,-1.0997843532103289,-2.875334059809492,0.0006578465708929051,0,4,0.626186192035675,-1.2446260017207642,1.7151101271258753,-2.07560457805776,-1.6185296217547815,-0.21470433870424444,0.00020785335800610483,-0.024146581068634987,0.14085035026073456,3.038654612758823e-26,0.0,0.0,1789027860.5027697
4467.117,-0.3995057934484927,-0.44527509066019993,0.2887076392729937,-1.1012004790259637,-2.879044218511348,-0.008647644470057034,0,4,0.6259859800338745,-1.25173835576091,1.729502026234762,-2.0756570301451625,-1.6185262838946741,-0.21473914781679326,-0.0007220202242024243,-0.11015433818101883,0.14650246500968933,-0.00013160821981728077,0.0,0.0,1789027860.6027722
4467.217,-0.39519192005589665,-0.44214185514770554,0.2912318000877026,-1.1010248687468986,-2.8782818908773065,-0.006682746570813062,0,4,0.6259740591049194,-1.2659338575652619,1.7422235647784632,-2.075677057305807,-1.6185053030597132,-0.2147467772113245,-8.899073145585135e-05,-0.1766449511051178,0.13033661246299744,-8.143702143570408e-05,-2.0297875518071263e-38,0.0,1789027860.7027636
4467.317,-0.388869499730895,-0.437585063024698,0.29573360380106617,-1.1004234155604686,-2.8762283177637724,-0.0015681334783868037,0,4,0.6260132789611816,-1.2877779763988038,1.760064427052633,-2.0756222210326136,-1.618514362965719,-0.21473914781679326,-4.682925578598198e-32,-0.24937140941619873,0.2161731868982315,-0.0,-0.0,0.0,1789027860.8027897
4467.4169999999995,-0.3810234712710235,-0.4319139743189299,0.3000169400049119,-1.100036040297424,-2.8746400177995923,0.0023433094659333826,0,4,0.6260372400283813,-1.3134176892093201,1.7826903502093714,-2.0756222210326136,-1.6185262838946741,-0.21470767656435186,-0.00045200850581750274,-0.2738504409790039,0.25196388363838196,-0.0,-0.0,0.0,1789027860.9027827
4467.517,-0.37257593239970765,-0.4257937645420588,0.3037809118069437,-1.099760236435936,-2.8735087844818503,0.00527794408249666,0,4,0.6260321736335754,-1.3401750785163422,1.8072307745562952,-2.0756341419615687,-1.618495289479391,-0.21472388902773076,-7.600647950312123e-05,-0.26468443870544434,0.2410578429698944,2.9794442525599152e-05,-0.0,0.0,1789027861.002749
4467.617,-0.3640031826988318,-0.41953949887593506,0.30462259409481,-1.1004044390369245,-2.875055532107798,0.0014493800183838167,0,4,0.6259653568267822,-1.3638023001006623,1.8338196913348597,-2.0756012401976527,-1.618514362965719,-0.2147277037249964,-0.0001844109792727977,-0.20073248445987701,0.2691284716129303,3.36621051246766e-05,-0.0,0.0,1789027861.1027396
4467.717,-0.3554534060303127,-0.413387103559589,0.29937819765133955,-1.1026884559430616,-2.8827228406908816,-0.0172916450112961,0,4,0.6260116100311279,-1.3793745201877137,1.8639267126666468,-2.0755773983397425,-1.618514362965719,-0.21473580995668584,0.00011592620285227895,-0.10235259681940079,0.32342633605003357,1.1676893993520367e-26,-0.0,0.0,1789027861.2027524
4467.817,-0.34749614139390606,-0.4075828239629882,0.2873138188769776,-1.1071449575363377,-2.8969575197722803,-0.05349662619762584,0,4,0.62592613697052,-1.3838064831546326,1.8962705771075647,-2.075620790521139,-1.6185415426837366,-0.21472055116762334,-0.0014418720966205,-0.0010476488387212157,0.29816001653671265,2.4687617042218335e-05,-0.0,0.0,1789027861.3026836
4467.9169999999995,-0.3408389596467347,-0.4017525710507662,0.2741834497282667,-1.113993621006322,-2.9111394236190304,-0.09291799543621362,0,4,0.6242884397506714,-1.3838064831546326,1.9263423124896448,-2.0756222210326136,-1.6184986273394983,-0.2147429625140589,-0.031058207154273987,2.1886494053129646e-31,0.27709609270095825,6.025583396596713e-44,-0.0,0.0,1789027861.402716
4468.017,-0.3354790935121338,-0.39594822741699903,0.2630544391900529,-1.1223377303165873,-2.922122646642174,-0.127353890462256,0,4,0.6211411356925964,-1.383861468439438,1.9524052778827112,-2.0756169758238734,-1.6185019651996058,-0.214762036000387,-0.03824148327112198,-3.6862427805317566e-05,0.22661542892456055,0.0,-0.0,0.0,1789027861.5027587
4468.117,-0.3316482044106596,-0.3905736298867955,0.25418289523246346,1.1295217121539651,2.924115393282467,0.15515606003114835,0,4,0.6168219447135925,-1.383849398498871,1.973485294972555,-2.0756222210326136,-1.618532959614889,-0.21472388902773076,-0.047176543623209,0.0,0.19881601631641388,-9.96168364508776e-06,-0.0,0.0,1789027861.6027193
4468.217,-0.3290482184608729,-0.38614381596392205,0.24760310424483994,1.1315678616568012,2.9124767184533664,0.17529016660700344,0,4,0.6125149726867676,-1.383832500582077,1.9893367926227015,-2.075625558892721,-1.6185177008258265,-0.21472388902773076,-0.03740046173334122,0.0002243203780381009,0.11714689433574677,-0.0,-0.0,0.0,1789027861.7027736
4468.317,-0.3277049522344092,-0.3832043656659159,0.24357558182132583,1.1337646725723138,2.904741973398953,0.1876402825617281,0,4,0.6091575026512146,-1.3836700183204194,1.9989460150348108,-2.075569292108053,-1.6184905211078089,-0.21472388902773076,-0.03141987696290016,0.003923390991985798,0.08913834393024445,-0.0,-0.0,0.0,1789027861.802771
4468.4169999999995,-0.3255628700902904,-0.3812713994288636,0.23903647602914754,1.1319345084902306,2.8979919715396334,0.20131746556700703,0,4,0.6084096431732178,-1.381956772213318,2.008040253316061,-2.075505872766012,-1.6185019651996058,-0.21471149126161748,0.006944159511476755,0.038176100701093674,0.07318757474422455,0.00039612699765712023,-0.0,0.0,1789027861.9027615
4468.517,-0.3250938489258764,-0.3811487715242611,0.234855444604665,1.1289466911754409,2.8929875116743453,0.21272368278935702,0,4,0.6087554097175598,-1.3754928571036835,2.0106352011310022,-2.0755092106261195,-1.6185415426837366,-0.2147429625140589,0.0006204915698617697,0.07403278350830078,1.0697114534796716e-34,0.00011004162661265582,-0.0,0.0,1789027862.002701
4468.617,-0.3255504830237043,-0.3814753061622068,0.23104785345089085,1.1268040915178736,2.8883896151090456,0.22253962216458326,0,4,0.6087605953216553,-1.3676188302091141,2.0106051603900355,-2.0755025349059046,-1.618532959614889,-0.21473580995668584,4.518441346590407e-05,0.08619262278079987,-8.37652842164971e-05,4.3522737541934475e-05,-0.0,0.0,1789027862.1027436
4468.717,-0.32590809620257244,-0.3818940974353932,0.2268339250789473,1.1240425134969476,2.8834466478110077,0.23338688954104944,0,4,0.6090395450592041,-1.358951525097229,2.0106166044818323,-2.075493951837057,-1.6185348669635218,-0.21472388902773076,0.005218616686761379,0.09065373241901398,-7.875633309595287e-05,0.0,-0.0,0.0,1789027862.2026117
4468.817,-0.3262670119030443,-0.38246611153009646,0.22143509932505817,1.1202282290634573,2.8772079739408447,0.24719919190935125,0,4,0.6095734238624573,-1.3478313845447083,2.0105984846698206,-2.0755025349059046,-1.6185415426837366,-0.21472388902773076,0.00784312468022108,0.12048113346099854,-0.0,0.0,-0.0,0.0,1789027862.302737
4468.9169999999995,-0.3262687745365977,-0.3833193664999319,0.21557175601815226,1.1148869998026616,2.870910198332943,0.26216881880490917,0,4,0.6109987497329712,-1.3357883107713242,2.0105984846698206,-2.075505872766012,-1.6185501257525843,-0.21472055116762334,0.017570586875081062,0.11966488510370255,-0.0,0.0,-0.0,0.0,1789027862.4027472
4469.017,-0.32608844010756705,-0.3841991958685822,0.21008200882104508,1.109394965692115,2.8652067542392987,0.2760894515290372,0,4,0.6126794815063477,-1.324515939956047,2.010592762623922,-2.075548311273092,-1.6185534636126917,-0.21472388902773076,0.014268910512328148,0.10802268981933594,-0.0,0.0,-0.0,0.0,1789027862.502759
4469.117,-0.3258273827691067,-0.385019550749625,0.20501321134094808,1.104145149169167,2.8599068194219313,0.28893910790807203,0,4,0.6143460273742676,-1.3141161662391205,2.010566536580221,-2.075507780114645,-1.6185196081744593,-0.21472388902773076,0.018219929188489914,0.09552055597305298,-0.0,0.0,-0.0,0.0,1789027862.6026876
4469.217,-0.3257523213394108,-0.38548311001839297,0.20107018617236083,1.1006878555809398,2.8555545827381406,0.29885911719399727,0,4,0.6152084469795227,-1.3060649198344727,2.0106051603900355,-2.07555689434194,-1.6185467878924769,-0.21472388902773076,0.0019243780989199877,0.06388387829065323,-0.0,0.0,-0.0,0.0,1789027862.7027824
4469.317,-0.3257778286541791,-0.3856490931166738,0.19914054561302097,1.0992080890739155,2.85330196924286,0.3037320705558522,0,4,0.6154567003250122,-1.3021130722812195,2.0105984846698206,-2.0755416355528773,-1.6185687224017542,-0.21473914781679326,0.006123608443886042,0.018580609932541847,-0.0,0.0,-0.0,0.0,1789027862.8027234
4469.4169999999995,-0.3253399195157422,-0.38605452533225426,0.19884512832791362,1.0973875327389244,2.8536740810850385,0.3045856006915377,0,4,0.6166529059410095,-1.301492766743042,2.0105698744403284,-2.0755025349059046,-1.6185773054706019,-0.21472388902773076,0.018460065126419067,0.0007565431878902018,-0.0,0.0,-0.0,0.0,1789027862.9027655
4469.517,-0.3243236101356592,-0.3868964434115957,0.19880060950332576,1.0937317819456887,2.85525070681679,0.3048255194620244,0,4,0.619255781173706,-1.3014295262149354,2.010608975087301,-2.0755182705321253,-1.6185467878924769,-0.21472388902773076,0.02965012565255165,0.000906808243598789,-0.0,0.0,-0.0,0.0,1789027863.002745
4469.617,-0.32324248027687724,-0.38779845824320613,0.19877370777359288,1.0898195343340182,2.856991421923177,0.30510717621171674,0,4,0.6220484972000122,-1.3013780874064942,2.0106099287616175,-2.075498720208639,-1.6185687224017542,-0.21472388902773076,0.014614311046898365,0.00017615125398151577,-2.2074445136383014e-12,0.0,-0.0,0.0,1789027863.102763
4469.717,-0.32314317939372417,-0.38789148120693007,0.19878644042488114,1.0894611319635277,2.8571642044117,0.30503945967446083,0,4,0.6223154067993164,-1.3013900083354493,2.010595146809713,-2.0755182705321253,-1.6185382048236292,-0.21472055116762334,0.0001888473198050633,8.139396231854334e-05,-0.0,0.0,-0.0,0.0,1789027863.2026954
4469.817,-0.32316444867513794,-0.38787583160801753,0.1987820896159342,1.0895291573524428,2.8571343059635166,0.3050541596548749,0,4,0.6222657561302185,-1.3013780874064942,2.0105913321124476,-2.0755182705321253,-1.6185467878924769,-0.21472055116762334,7.557593926321715e-05,0.00010451120033394545,-0.0,0.0,-0.0,0.0,1789027863.3026826
4469.9169999999995,-0.32316404839402385,-0.38786201843516,0.19875653371827767,1.0895836516981992,2.8570814193776792,0.30513288577075515,0,4,0.6222452521324158,-1.3013506394675751,2.010624710713522,-2.075522562066549,-1.6185568014727991,-0.21469289461244756,0.0,5.9864643844775856e-05,-0.0,0.0,-0.0,0.0,1789027863.4027984
4470.017,-0.32314878759221866,-0.38787210578380654,0.19875823962568764,1.0895032339320136,2.857091138567574,0.3050632592662729,1,5,0.6222708821296692,-1.3013625305942078,2.0106404463397425,-2.0755487881102503,-1.6185110251056116,-0.21472388902773076,0.0,0.0,-0.0,0.0,-0.0,0.0,1789027863.5027876
4470.117,-0.3231629009028664,-0.38786757006806105,0.19877451248073782,1.0895352118123232,2.8571048472666765,0.30507672384050166,1,5,0.6222521066665649,-1.3013780874064942,2.0106099287616175,-2.0755111179747523,-1.6185382048236292,-0.21472388902773076,0.0,0.0,-0.0,0.0,-0.0,0.0,1789027863.6027215
4470.217,-0.3231578909137915,-0.38785533460066257,0.19876159061142679,1.0895321724045406,2.8570946799914156,0.3050767192800933,1,5,0.6222366094589233,-1.301381604080536,2.0106566588031214,-2.0755487881102503,-1.618532959614889,-0.21473914781679326,-0.000156064736074768,0.0,-0.0,0.0,-0.0,0.0,1789027863.7027602
4470.317,-0.32317149820385876,-0.387857102783435,0.19877604249799025,1.0895901677643762,2.857081860512618,0.3050192282652524,1,5,0.6222195625305176,-1.3013900083354493,2.010628048573629,-2.0755449734129847,-1.618514362965719,-0.21472055116762334,-9.480026346864179e-05,0.0,-0.0,6.114273531920844e-09,-0.0,0.0,1789027863.8028073
4470.4169999999995,-0.3231891370858541,-0.3878605042132648,0.19878931838998407,1.0896734563490698,2.857093366997223,0.30494968779463283,1,5,0.6222041845321655,-1.3013900083354493,2.0105984846698206,-2.0755731068053187,-1.618514362965719,-0.21468907991518194,-7.996273052413017e-05,0.0,-0.0,0.0,-0.0,0.0,1789027863.902785
4470.517,-0.32319186493880325,-0.3878554373502008,0.19878442792489587,1.0896304959989367,2.857091431280669,0.3049854484945037,1,5,0.6221938729286194,-1.3013830345920105,2.0105984846698206,-2.0755535564818324,-1.6185210386859339,-0.21472388902773076,-1.9311822460012518e-34,0.0,-0.0,0.0,-3.5125380987839516e-18,0.0,1789027864.002743
4470.617,-0.32317932183939346,-0.38786672175982934,0.19877650103466388,1.089586728928101,2.8570796527818123,0.30499044534988407,1,5,0.6222230195999146,-1.3013676565936585,2.0105984846698206,-2.0755497417845667,-1.6184986273394983,-0.21472055116762334,0.0,0.0,-0.0,0.0,-0.0,0.0,1789027864.1027665
4470.717,-0.3231834425005218,-0.3878712198592441,0.1988024194403638,1.0895733112952082,2.8571440306076648,0.30491495492640863,1,5,0.6222281455993652,-1.3014055353454133,2.0105822722064417,-2.0755659542479457,-1.6185110251056116,-0.21473914781679326,0.0,-2.6417487085140616e-21,-0.0,0.0,-0.0,0.0,1789027864.2027109
4470.817,-0.32317238782140384,-0.3878637322154375,0.19878746261000194,1.0895657196819406,2.857091536224218,0.3049622412654267,1,5,0.6222246885299683,-1.301402048473694,2.010613266621725,-2.0755464039244593,-1.6184905211078089,-0.21473580995668584,0.0,0.0,-4.225782805061118e-35,0.0,-0.0,0.0,1789027864.3027291
4470.9169999999995,-0.3231943366695728,-0.38786736062593186,0.19881402950625343,1.0896334089004978,2.857141577827532,0.30486604668297623,1,5,0.6222075819969177,-1.3014209431460877,2.010573689137594,-2.0755773983397425,-1.6185053030597132,-0.21472388902773076,0.0,0.0,-0.0,0.0,-0.0,0.0,1789027864.402707
4471.017,-0.32320120306378197,-0.38786394494037374,0.19880440388639647,1.0896745571647164,2.857120167472208,0.3048980775772895,1,5,0.6221955418586731,-1.301398591404297,2.0105703512774866,-2.0755773983397425,-1.618514362965719,-0.21470433870424444,-0.00022579637879971415,0.0,-0.0,0.0,-0.0,0.0,1789027864.5027647
4471.117,-0.32321247168178247,-0.38786065081892157,0.1988193588103841,1.0896613286411498,2.857148129793105,0.3047897456810507,1,5,0.6221717596054077,-1.3014225524714966,2.0105703512774866,-2.075620790521139,-1.6184905211078089,-0.2147467772113245,-0.00010015090083470568,0.0,-0.0,-0.0,-0.0,0.0,1789027864.602776
4471.217,-0.32320169924154823,-0.387853899401878,0.1988206950356997,1.0896989219068096,2.857140473891146,0.30478469575563966,1,5,0.6221733689308167,-1.3014499706080933,2.0106051603900355,-2.0756336651244105,-1.6184905211078089,-0.21472055116762334,0.00020514636707957834,-0.00015875173266977072,-0.0,-0.0001426272065145895,-0.0,0.0,1789027864.7027245
4471.317,-0.32322561923110305,-0.3878565803288484,0.19885718404673064,1.0897810507335624,2.85718588650391,0.304652067824888,1,5,0.6221493482589722,-1.3014872831157227,2.010562245045797,-2.0756613216795863,-1.6184905211078089,-0.21470767656435186,0.0,-0.000884374079760164,-0.0,-9.290083835367113e-05,-0.0,0.0,1789027864.8028078
4471.4169999999995,-0.32320826390794777,-0.3878768652695661,0.1989454955898266,1.0897658662353324,2.857378403078018,0.3043897137244864,1,5,0.6222075819969177,-1.3016499739936371,2.0105508009540003,-2.0757180653014125,-1.6185086409198206,-0.21470767656435186,0.0,-0.0019803072791546583,-2.7007492462871596e-05,-0.0003599767806008458,-0.0,0.0,1789027864.9028006
4471.517,-0.3232209389134683,-0.38788904054215956,0.1994583954466227,1.0901054928762217,2.8582376992684897,0.3026976405605433,1,5,0.6222126483917236,-1.302621529703476,2.010529343281881,-2.076103826562399,-1.6185053030597132,-0.2147310415851038,0.00011445373820606619,-0.02555427886545658,-0.00021656924218405038,-0.0004979002987965941,-0.0,0.0,1789027865.0027468
4471.617,-0.3230911054642707,-0.387817673780406,0.2014169334482761,1.0911758757895798,2.860739579989154,0.29770178741466097,1,5,0.622248649597168,-1.306618408565857,2.010529343281881,-2.0761710606017054,-1.6184871832477015,-0.21473580995668584,6.616339669562876e-05,-0.05683965981006622,-9.103363117901608e-05,-0.0003122979833278805,-0.0,0.0,1789027865.102714
4471.717,-0.3227845739144986,-0.3876581412261523,0.2061314945877532,1.0937760324964043,2.866828762300194,0.285588875611318,1,5,0.6223598122596741,-1.3161574465087433,2.0104339758502405,-2.0764066181578578,-1.6184986273394983,-0.21472055116762334,0.001729434123262763,-0.13222816586494446,-0.0012712767347693443,-0.009717099368572235,-0.0,0.0,1789027865.2028272
4471.817,-0.32222156880273695,-0.3874218006657328,0.21419425940377862,1.0981729504050735,2.8776277092774647,0.26391311327404887,1,5,0.622655987739563,-1.3323303622058411,2.010244671498434,-2.0776082477965296,-1.618514362965719,-0.21472388902773076,0.0027894400991499424,-0.1955091953277588,-0.00045199645683169365,-0.0006249709404073656,-0.0,0.0,1789027865.3027544
4471.9169999999995,-0.3202938234309038,-0.38751661195666515,0.22451847318459273,1.10038602224373,2.8917824043626568,0.23763338002405543,1,5,0.6251490712165833,-1.3535104405931015,2.0102298895465296,-2.0776030025877894,-1.6185348669635218,-0.2147277037249964,0.05239403620362282,-0.19981856644153595,-0.00011438830551924184,-3.223169915145263e-05,3.0141929967626815e-41,0.0,1789027865.4027753
4472.017,-0.31679073324256846,-0.38955875434553133,0.23483755919173577,1.0951873655167823,2.909087940607158,0.21067097462889675,1,5,0.6328037977218628,-1.3731985253146668,2.008371655141012,-2.0776640377440394,-1.6185348669635218,-0.21473914781679326,0.10341711342334747,-0.18945811688899994,-0.03381891921162605,-0.00026619562413543463,0.0,0.0,1789027865.5027525
4472.117,-0.3124189160837081,-0.3944549498979524,0.24519048097466128,1.0816164935380144,2.929985541643365,0.18242836039012456,1,5,0.6462706923484802,-1.3887788218310853,2.0015371481524866,-2.0776473484435023,-1.6185653845416468,-0.21471149126161748,0.1379982829093933,-0.12054581195116043,-0.11799190938472748,-7.682561408728361e-05,0.0,0.0,1789027865.6028256
4472.217,-0.311188181727412,-0.40170419454637857,0.25628495530077133,-1.0675689656388472,-2.9494244150664612,-0.1497021147700855,1,5,0.6595848798751831,-1.3965964329293747,1.9839752356158655,-2.077611585656637,-1.6185806433307093,-0.2147467772113245,0.14004680514335632,-0.03468804806470871,-0.2314472794532776,-2.7816755425772646e-40,0.0,0.0,1789027865.7026937
4472.317,-0.3136784066704624,-0.41218723520633554,0.27014584530484465,-1.0435498905438436,-2.940891498450815,-0.10568597904774774,1,5,0.6730839610099792,-1.3971774888089676,1.9519122282611292,-2.0775863132872523,-1.6185601393329065,-0.21468907991518194,0.11373282223939896,0.00032386029488407075,-0.3918304443359375,0.00010830416431417689,0.0,0.0,1789027865.8026981
4472.4169999999995,-0.3208877697249888,-0.4245062574285505,0.29126507363244386,-1.0225980397991659,-2.9226353583300635,-0.04119419963440189,1,5,0.683068573474884,-1.3971006584218522,1.903304402028219,-2.0772811375060023,-1.618570629750387,-0.21473580995668584,0.09832160174846649,0.0004947332781739533,-0.5563545823097229,0.0008791498257778585,0.0,0.0,1789027865.9027576
4472.517,-0.3287838805053039,-0.4383156063200153,0.3176367261900607,-0.9990427286806546,-2.898571276000774,0.03573805530166918,1,5,0.6938676834106445,-1.3969928932240983,1.8446839491473597,-2.0769974193968714,-1.6186488310443323,-0.21473247209657842,0.1310780644416809,0.0029560825787484646,-0.5985933542251587,0.005957045126706362,-0.0010747606866061687,0.0,1789027866.00276
4472.617,-0.3325319011342813,-0.45301459941139677,0.3443362057139332,-0.9676099552272014,-2.8766270883849536,0.11062876412063981,1,5,0.7101899981498718,-1.396801472907402,1.7871688047992151,-2.076686521569723,-1.618708912526266,-0.21473247209657842,0.19521571695804596,0.00047299780999310315,-0.5459318161010742,0.00985171739012003,-0.0010769538348540664,0.0,1789027866.1027389
4472.717,-0.3306570987125209,-0.4687290816738477,0.36792020953122057,-0.9275709308510385,-2.863077939551976,0.17229736114926733,1,5,0.7337534427642822,-1.3946053993752976,1.7344930807696741,-2.072731157342428,-1.6187379995929163,-0.21471673647035772,0.27073612809181213,0.048886124044656754,-0.505156397819519,0.05930953472852707,-0.0002614135737530887,0.0,1789027866.2027154
4472.817,-0.32537170778497615,-0.4850114057159503,0.3862107545075428,-0.8843160494326442,-2.8591912852228574,0.21559809882270894,1,5,0.7612597942352295,-1.3872243624976655,1.6863821188556116,-2.0637251339354457,-1.6187260786639612,-0.21473914781679326,0.2740267813205719,0.10476294904947281,-0.4639437198638916,0.12485107779502869,-8.501776028424501e-05,0.0,1789027866.3027532
4472.9169999999995,-0.3191239450702522,-0.5010402372571731,0.3979932496262679,-0.8439552296172176,-2.8658679202337454,0.2342189913402167,1,5,0.7887672185897827,-1.3730445963195343,1.6416986624347132,-2.0454184017577113,-1.618732754384176,-0.21472055116762334,0.2698885500431061,0.18006466329097748,-0.4313187897205353,0.24654966592788696,-1.401298464324817e-44,0.0,1789027866.4027185
4473.017,-0.31319464428979377,-0.5161071074098869,0.40253964038957324,-0.8095161389796176,-2.8834941946762034,0.2240559351134443,1,5,0.8139473795890808,-1.3522364807179947,1.6009557882892054,-2.015425821343893,-1.6187055746661585,-0.21473914781679326,0.22823232412338257,0.22876104712486267,-0.3730221688747406,0.3533729612827301,-0.0,0.0,1789027866.502634
4473.117,-0.3092664254345232,-0.5283548674596495,0.4004949577931881,-0.786031799673853,-2.908515950712563,0.1863884898109192,1,5,0.8327857851982117,-1.3276912879994889,1.5662339369403284,-1.9748813114561976,-1.6186507383929651,-0.21472388902773076,0.13665783405303955,0.25705814361572266,-0.317568302154541,0.4587370753288269,-0.0,0.0,1789027866.6027408
4473.217,-0.30926389959667516,-0.5364826116150694,0.39496439037687536,-0.7768403729653602,-2.9319542842764625,0.13723255733357648,1,5,0.8418207168579102,-1.3033503752997895,1.5383146444903772,-1.9335767231383265,-1.6186607519732874,-0.21472055116762334,0.049983806908130646,0.22969497740268707,-0.2473883181810379,0.33642086386680603,7.707617623964325e-05,0.0,1789027866.7028227
4473.317,-0.31257167552297244,-0.5426811786318395,0.38974865495049676,-0.7749670059803504,-2.9441393368825923,0.10778389500203552,1,5,0.8445205092430115,-1.2809973520091553,1.5163310209857386,-1.9117943249144496,-1.6186664740191858,-0.21473580995668584,0.017437951639294624,0.22563670575618744,-0.19181641936302185,0.08140575140714645,3.654830476190253e-26,0.0,1789027866.8027327
4473.4169999999995,-0.3169693700301412,-0.549643176170549,0.3840673012525936,-0.772336537069473,-2.9480734250516067,0.09953752928615786,1,5,0.84664386510849,-1.2577203673175354,1.4984353224383753,-1.9109446010985316,-1.6186664740191858,-0.21473580995668584,0.024528827518224716,0.23258833587169647,-0.17317207157611847,2.2577607523999177e-05,0.0,0.0,1789027866.9027407
4473.517,-0.3202002873263562,-0.5569382883060644,0.37692292506411823,-0.767328260869937,-2.953519203695636,0.0889969283781316,1,5,0.8504523634910583,-1.2339634758285065,1.482663933430807,-1.9109374485411585,-1.618678394948141,-0.21475488344301397,0.05568164587020874,0.23140501976013184,-0.14151786267757416,1.0015185580414254e-05,1.404115776915974e-29,0.0,1789027867.0027435
4473.617,-0.3213515406686552,-0.564780260856096,0.37004253682185884,-0.7579792353660589,-2.9598046891504755,0.07934373561899259,1,5,0.8571933507919312,-1.2116227906993409,1.4677632490741175,-1.9109302959837855,-1.6186936537372034,-0.21473580995668584,0.07862665504217148,0.2127259075641632,-0.16204507648944855,0.0,0.0,0.0,1789027867.1027606
4473.717,-0.3204638710275734,-0.572776948933336,0.3658387415898122,-0.7446863336551611,-2.9648538160516047,0.07603388131133972,1,5,0.8663418889045715,-1.1934531194022675,1.4525044600116175,-1.9109493694701136,-1.6186402479754847,-0.21471673647035772,0.10243546217679977,0.17035214602947235,-0.15132670104503632,0.0,0.0,0.0,1789027867.2028058
4473.817,-0.31858876575753675,-0.5809976711660655,0.36417535154870506,-0.7291325630111162,-2.9681152233049755,0.07889655778551893,1,5,0.8767192363739014,-1.178013102417328,1.4354022184955042,-1.9109255276122035,-1.6186698118792933,-0.21473914781679326,0.11243095248937607,0.13683785498142242,-0.1938459724187851,0.0,0.0,0.0,1789027867.3027866
4473.9169999999995,-0.3159051216417614,-0.5897775136898039,0.364395905941099,-0.7114148592464234,-2.970125702265245,0.08681053492741903,1,5,0.8884021639823914,-1.1638243359378357,1.4159329573260706,-1.9109016857542933,-1.618678394948141,-0.21473914781679326,0.11486470699310303,0.1535545140504837,-0.20893989503383636,3.017775816260837e-05,0.0,0.0,1789027867.402766
4474.017,-0.31414711617893637,-0.5994221042349049,0.3647276932614894,-0.6943423499243649,-2.9712572735313083,0.09658533228650276,1,5,0.899588942527771,-1.1468694073012848,1.3923314253436487,-1.910870214501852,-1.6186698118792933,-0.21473580995668584,0.10111889243125916,0.16716301441192627,-0.24018295109272003,8.27736186334457e-28,0.0,0.0,1789027867.502698
4474.117,-0.31385087161550634,-0.6085294898406172,0.36326607200142735,-0.6810870707502443,-2.9726384780543187,0.1025871236226509,1,5,0.9083324670791626,-1.127820537691452,1.3693097273456019,-1.9108654461302699,-1.6186817328082483,-0.21472007433046514,0.07651989161968231,0.21116001904010773,-0.21541117131710052,0.00018147363152820617,0.0,0.0,1789027867.602748
4474.217,-0.3144711800410121,-0.6154680417973882,0.3578104166545822,-0.673043342187758,-2.9764843339872296,0.09761585629836095,1,5,0.9138723015785217,-1.1087678235820313,1.35414964357485,-1.9108621082701625,-1.6186850706683558,-0.21473914781679326,0.038380227982997894,0.17186877131462097,-0.08993962407112122,7.436618761857972e-05,0.0,0.0,1789027867.7027621
4474.317,-0.31493950006434396,-0.6195754326466547,0.3480149528990466,-0.6692165017258442,-2.9837301982818527,0.07950645817579177,1,5,0.9169817566871643,-1.0917393130115052,1.3504436651812952,-1.910854002038473,-1.6186698118792933,-0.21473962465395147,0.026621581986546516,0.16843175888061523,0.00029228077619336545,0.0,0.0,0.0,1789027867.8026597
4474.4169999999995,-0.31570384299787174,-0.6226014113091689,0.33625028218290387,-0.6675371508622866,-2.9920443097568974,0.055916051968065004,1,5,0.9187657833099365,-1.0745340150645752,1.3504026571856897,-1.9108621082701625,-1.6186817328082483,-0.21473962465395147,0.011852561496198177,0.16646461188793182,1.5227021322061773e-05,0.0,0.0,0.0,1789027867.902731
4474.517,-0.317087898744991,-0.62490227202846,0.3250859766765425,-0.6678219745615634,-2.9992958506481853,0.03340053791015046,1,5,0.9191814661026001,-1.058309094314911,1.3504059950457972,-1.9108468494811,-1.6186850706683558,-0.21472388902773076,0.0007065614336170256,0.16212648153305054,2.2817903413986726e-40,0.0,0.0,0.0,1789027868.0027819
4474.617,-0.31835052593074176,-0.6266700242213302,0.3155412609659931,-0.6684240461550374,-3.005257335284808,0.014198535263996406,1,5,0.91926509141922,-1.044477955704071,1.3504059950457972,-1.910882135430807,-1.6186664740191858,-0.21472007433046514,0.003039184957742691,0.11525450646877289,-0.0,0.0,0.0,0.0,1789027868.1027064
4474.717,-0.3184701732956756,-0.6283460215033004,0.3081656128390986,-0.6669610537992092,-3.010192119415737,-0.0006442758408005383,1,5,0.9205857515335083,-1.0338556927493592,1.3504560629474085,-1.9108931026854457,-1.6186698118792933,-0.2147277037249964,0.026270663365721703,0.09493256360292435,-0.0,0.0,0.0,0.0,1789027868.2027974
4474.817,-0.31691957496481493,-0.6305232844464539,0.30202165067580033,-0.6618315081282047,-3.015074639373574,-0.012899992414371267,1,5,0.9242561459541321,-1.0249886077693482,1.3504422346698206,-1.9108931026854457,-1.6186731497394007,-0.2147429625140589,0.044584643095731735,0.08122627437114716,0.00015671621076762676,0.0,0.0,0.0,1789027868.3027294
4474.9169999999995,-0.31486520959818554,-0.6326153345247941,0.29703450074222826,-0.6558990983213088,-3.019359913472075,-0.0228565822733613,1,5,0.928422749042511,-1.0178395074656983,1.3504818121539515,-1.910877367059225,-1.6186698118792933,-0.21472388902773076,0.03126618266105652,0.069676473736763,8.339604391949251e-05,0.0,0.0,0.0,1789027868.4027863
4475.017,-0.31449334450427807,-0.6337278200474873,0.2925977049528711,-0.6540952342831444,-3.0223736670641554,-0.031779285947264674,1,5,0.929801344871521,-1.011458770637848,1.350478474293844,-1.910882135430807,-1.6186607519732874,-0.21472388902773076,0.00030047912150621414,0.048340704292058945,-1.293914010602748e-05,0.0,0.0,0.0,1789027868.502763
4475.117,-0.314848221789442,-0.6341551498217132,0.2896443319348764,-0.6543424893917433,-3.0240706694557318,-0.03775883218867993,1,5,0.9297534227371216,-1.0072073501399537,1.3504613081561487,-1.9108735523619593,-1.6186421553241175,-0.2147310415851038,-2.832521749951411e-05,0.04899201914668083,-0.0,0.0,0.0,0.0,1789027868.6027172
4475.217,-0.31529251725083585,-0.6347925115765799,0.2852615429149923,-0.6545856046723235,-3.026527481314087,-0.046668908924456104,1,5,0.9297892451286316,-1.0009253186038514,1.350471321736471,-1.910877367059225,-1.6186803022967737,-0.21470433870424444,0.0,0.06715962290763855,-0.0,0.0,0.0,0.0,1789027868.7043471
4475.317,-0.3157513688889608,-0.6353347628042633,0.2810897243152205,-0.654968050346084,-3.0288790653740563,-0.055186495765883595,1,5,0.9297189116477966,-0.9949842256358643,1.350520435963766,-1.9108435116209925,-1.6186607519732874,-0.21468907991518194,0.0,0.04860241711139679,-0.0,0.0,0.0,0.0,1789027868.802712
4475.4169999999995,-0.3160573496166974,-0.6357682287757414,0.2779841528997459,-0.6550513385473437,-3.030608764037414,-0.06140487137790838,1,5,0.929734468460083,-0.9905160230449219,1.3505013624774378,-1.9109050236144007,-1.61865741411318,-0.21473580995668584,0.0,0.03673788905143738,6.29232672508806e-05,0.0,0.0,0.0,1789027868.9026859
4475.517,-0.3161843355942593,-0.6359423767300608,0.2766233949247311,-0.6551506041350595,-3.031374940412189,-0.06418315488124315,1,5,0.929734468460083,-0.988583044414856,1.350520435963766,-1.9108931026854457,-1.618645493184225,-0.21472388902773076,0.0,0.002806630451232195,0.00010871818085433915,0.0,0.0,0.0,1789027869.0027833
4475.617,-0.3161727121051854,-0.6359463888972888,0.2766381492487594,-0.6550946035116365,-3.0313638257033437,-0.06416119796250863,1,5,0.9297534227371216,-0.9886018198779603,1.3505170981036585,-1.9108931026854457,-1.6186607519732874,-0.21473914781679326,-9.910871767715435e-07,0.00011678716691676527,5.8984747738577425e-05,0.0,0.0,0.0,1789027869.102766
4475.717,-0.31618858367554503,-0.6359335225107721,0.27658907070341676,-0.6551520097721373,-3.0314053698991534,-0.06426345104652578,1,5,0.9297209978103638,-0.9885592025569458,1.3505590597735804,-1.910896440545553,-1.6186383406268519,-0.21473914781679326,-0.00012481739395298064,7.141778769437224e-05,0.0001147618459071964,0.0,0.0,0.0,1789027869.2027225
4475.817,-0.31620055840661093,-0.6359247196674805,0.2765904308547549,-0.6552110376325073,-3.031401647598336,-0.06426300090728168,1,5,0.9296985864639282,-0.9885661166957398,1.3505657354937952,-1.9108931026854457,-1.6186302343951624,-0.21472388902773076,-9.489329386269674e-05,4.2039175696118036e-08,0.0001678860717220232,0.0,0.0,0.0,1789027869.3027117
4475.9169999999995,-0.31620840215902773,-0.6359188576815132,0.276535271499434,-0.6552550940624003,-3.031421294795992,-0.0644291858672309,1,5,0.9296867251396179,-0.9885061544230958,1.350588623677389,-1.9108654461302699,-1.618645493184225,-0.21470767656435186,-6.65324114379473e-05,0.00026222728774882853,0.00019073305884376168,0.0,0.0,0.0,1789027869.402719
4476.017,-0.31621461135521434,-0.6359267097474368,0.27647511827209736,-0.6552047377958753,-3.0314657216460517,-0.06456169157539488,1,5,0.9296867251396179,-0.9884188336184998,1.3505852858172815,-1.9108582935728968,-1.6186488310443323,-0.2147429625140589,0.0,0.000836813822388649,0.00010861476039281115,0.0,0.0,0.0,1789027869.502766
4476.117,-0.31624262595278774,-0.6359798236738228,0.27604654230378367,-0.6552176483481195,-3.0317114069916227,-0.06542938593727621,1,5,0.9296985864639282,-0.9878251117518921,1.350616757069723,-1.9108687839903773,-1.6186421553241175,-0.21473962465395147,0.0,0.008562970906496048,8.507446182193235e-05,4.581406600562021e-39,0.0,0.0,1789027869.6027403
4476.217,-0.3163345707071692,-0.6360893783676086,0.27505475688890635,-0.6552990063916149,-3.032229840678433,-0.06748657336033613,1,5,0.9296901226043701,-0.9864447277835389,1.3506758848773401,-1.910872598687643,-1.6186731497394007,-0.2147277037249964,-8.635594781480904e-07,0.019601602107286453,0.00029519142117351294,0.0,0.0,0.0,1789027869.7027698
4476.317,-0.316460445584391,-0.6362787236598131,0.2735977898729515,-0.6554058946323664,-3.033063667537301,-0.07047644934130563,1,5,0.9297020435333252,-0.9843646448901673,1.3506725470172327,-1.9108311138548792,-1.618645493184225,-0.21470433870424444,0.0,0.02002972923219204,0.00016151291492860764,3.923635700109488e-44,0.0,0.0,1789027869.8027525
4476.4169999999995,-0.3165811554869693,-0.6364574511288765,0.27228019104154605,-0.6553908966171695,-3.033767007156219,-0.0730951606065447,1,5,0.9297175407409668,-0.9824655813029786,1.3506611029254358,-1.910884519616598,-1.618664566670553,-0.2147429625140589,0.0,0.013839377090334892,6.0417190979933366e-05,0.0,0.0,0.0,1789027869.9026954
4476.517,-0.31670178864583914,-0.6365997553514218,0.27106340366185677,-0.6555637532250265,-3.0344582582872213,-0.075582072117578,1,5,0.9296935796737671,-0.9807362121394654,1.3506692091571253,-1.910854002038473,-1.6186230818377894,-0.21470433870424444,0.0,0.022282486781477928,2.7736747142625973e-05,0.0,0.0,0.0,1789027870.002688
4476.617,-0.31684723614788063,-0.6367958535976653,0.2694522347055792,-0.6556209742175119,-3.035331778121667,-0.07885094700010832,1,5,0.9296935796737671,-0.9784422081759949,1.350684944783346,-1.9108687839903773,-1.6186302343951624,-0.21472388902773076,0.0,0.03335193172097206,-0.0,0.0,0.0,0.0,1789027870.1026497
4476.717,-0.3171397750319407,-0.6371562114772313,0.26645645481865654,-0.6558656311087004,-3.0369232145870924,-0.08490450539298322,1,5,0.9296627044677734,-0.9741449517062684,1.3506611029254358,-1.91088928798818,-1.6186302343951624,-0.2147000471698206,-2.0420807267385044e-09,0.04193965345621109,1.8243721225326896e-30,0.0,0.0,0.0,1789027870.202645
4476.817,-0.3173823846742371,-0.6372642960995812,0.2651695693540996,-0.6561822785743491,-3.0375336161585955,-0.08736680498399098,1,5,0.9294744729995728,-0.9722820085338135,1.3506467978106897,-1.9110094509520472,-1.6186216513263147,-0.21472388902773076,-0.0004288879281375557,-0.004176507703959942,-0.0,-0.0004535420739557594,2.0108769604121335e-05,0.0,1789027870.3026505
4476.9169999999995,-0.31735566017604433,-0.6372630231851124,0.26524345418340417,-0.6561646237300607,-3.0375112660272574,-0.08720998181572619,1,5,0.9295018911361694,-0.9723932308009644,1.3506553808795374,-1.9110094509520472,-1.6186063925372522,-0.21470767656435186,-8.627235365565866e-05,0.00028836497222073376,-3.278760050307028e-05,-0.0001327112113358453,0.0,0.0,1789027870.4027739
4477.017,-0.31735900160210456,-0.6372669391438245,0.2652743202292852,-0.6561559317462231,-3.037489111538189,-0.08713456159340059,0,6,0.9295018911361694,-0.9724171918681641,1.3506248633014124,-1.9110094509520472,-1.6186097303973597,-0.21471149126161748,-0.0,2.912365016527474e-05,1.5095233720785473e-05,-4.0260552053653087e-13,1.362048879066219e-37,0.0,1789027870.5026588
4477.117,-0.31736987159919317,-0.6372650528729294,0.2652496676762341,-0.656151865080413,-3.037478890368642,-0.0871546649764316,0,6,0.9294899702072144,-0.9723863166621705,1.3506396452533167,-1.9110480747618617,-1.6186249891864222,-0.21472388902773076,0.0,0.0,-0.0,-0.0,0.0,0.0,1789027870.6027398
4477.217,-0.3173785847482692,-0.6372833316765995,0.2653250912646281,-0.6561205278123876,-3.037399632691611,-0.08677265651582573,0,6,0.9294933676719666,-0.9724463385394593,1.3506010214435022,-1.9112111530699671,-1.6186097303973597,-0.21473580995668584,0.0,-0.00025308079784736037,-0.0,-0.002514393301680684,0.0,0.0,1789027870.7027333
4477.317,-0.317367419587489,-0.6372620622433711,0.26558114946253886,-0.6561095551257521,-3.0372312387876823,-0.08609041850632153,0,6,0.9294865131378174,-0.9727987211993714,1.350607697163717,-1.9113394222655238,-1.6185978094684046,-0.21473914781679326,0.0,-0.005361543502658606,-0.0,-0.0010692168725654483,0.0,0.0,1789027870.8029468
4477.4169999999995,-0.3173478330127874,-0.6371944819599411,0.2668805635437511,-0.65606977810651,-3.036226026835868,-0.08220587153430331,0,6,0.9294471740722656,-0.9745075863650818,1.3505919615374964,-1.9123288593687953,-1.618563477193014,-0.21473580995668584,-0.00020941969705745578,-0.031186887994408607,-0.0,-0.018738482147455215,4.112433925573156e-34,0.0,1789027870.9026148
4477.517,-0.3171664851701684,-0.6369887884983918,0.27019814178358037,-0.6557226006157179,-3.03376741354636,-0.0730333721681942,0,6,0.9294847846031189,-0.9789727491191407,1.3505991140948694,-1.9143296680846156,-1.6185858885394495,-0.2147467772113245,-6.80073062540032e-05,-0.0565008744597435,-4.518244168139063e-05,-0.020962413400411606,6.093675983720459e-05,0.0,1789027871.0026634
4477.617,-0.3166546541635296,-0.6362724534205133,0.2761621574638192,-0.6554251669285939,-3.0303075726638933,-0.060343427993245116,0,6,0.9294661283493042,-0.9874249857715149,1.3505952993976038,-1.9148146114745082,-1.618589226399557,-0.21472388902773076,0.0,-0.10297482460737228,-1.2828695616917685e-05,-0.0002180234296247363,1.961817850054744e-44,0.0,1789027871.1026154
4477.717,-0.31600765429292527,-0.6354105346756941,0.28261970928846675,-0.6550295502911886,-3.0267081319935345,-0.04727319541726281,0,6,0.929477870464325,-0.9966610831073304,1.3505843321429651,-1.9147941074767054,-1.6185858885394495,-0.21472388902773076,0.0,-0.08665908128023148,-0.0,-7.222123531391844e-05,0.0,0.0,1789027871.2026403
4477.817,-0.3155117667645853,-0.6347384306427071,0.28743411450838074,-0.6547286314609174,-3.0239928592613645,-0.03749452844492926,0,6,0.9294744729995728,-1.0035445255092164,1.3505623976336878,-1.9147988758482875,-1.6185668150531214,-0.21473580995668584,0.0,-0.058537907898426056,-0.0,-1.401298464324817e-45,0.0,0.0,1789027871.302663
4477.9169999999995,-0.3150781564988414,-0.6339120340740475,0.29326564307857284,-0.6546412607501162,-3.020191988877097,-0.02443966048342763,0,6,0.9292728304862976,-1.0117691916278382,1.350577179585592,-1.9158579311766566,-1.6185858885394495,-0.21472007433046514,-0.004149627406150103,-0.1175801232457161,-0.0,-0.025886667892336845,0.0,0.0,1789027871.402649
4478.017,-0.3143178648772217,-0.6324169853084002,0.30352612586190986,-0.6544350206013042,-3.0131350860434836,-0.0006155512634719963,0,6,0.9288724660873413,-1.026160792713501,1.350607697163717,-1.9184557400145472,-1.618582550679342,-0.2147310415851038,-0.0012059659929946065,-0.16303668916225433,-0.0,-0.025417082011699677,0.0,0.0,1789027871.502612
4478.117,-0.3129833743970416,-0.6306276726647383,0.3157241543098984,-0.653404219777689,-3.004700463414115,0.02743211469832101,0,6,0.9288843870162964,-1.0432937306216736,1.350577179585592,-1.9213482342162074,-1.6185978094684046,-0.2147429625140589,-9.065735503099859e-05,-0.16896997392177582,-0.0,-0.022795172408223152,4.802336699800375e-25,0.0,1789027871.602709
4478.217,-0.3117891759334353,-0.6286007448703487,0.326359106633724,-0.6531716906120631,-2.9977622396775665,0.04939763563453424,0,6,0.9285252094268799,-1.0586183232120057,1.3506010214435022,-1.921835561791891,-1.6185978094684046,-0.21472007433046514,-0.00892382487654686,-0.13378547132015228,-0.0,-0.00017489322635810822,0.0,0.0,1789027871.702711
4478.317,-0.31096086202827955,-0.6268943111434441,0.334275841206124,-0.6533646080185516,-2.992525170694595,0.06531559755425369,0,6,0.9280139207839966,-1.0701133173755188,1.350616757069723,-1.9218508205809535,-1.6185978094684046,-0.21469623247255498,-0.001186411245726049,-0.0752522200345993,-0.0,-7.789584196871147e-05,0.0,0.0,1789027871.8027637
4478.4169999999995,-0.31060425271258546,-0.6259724541014259,0.3382112304880839,-0.6536006985854922,-2.989829651759814,0.07318341094721637,0,6,0.9276342391967773,-1.075851247911789,1.3506396452533167,-1.9218508205809535,-1.6186249891864222,-0.21470767656435186,-0.008183058351278305,-0.03947309032082558,4.5659895474476665e-15,-1.9980916504468792e-22,0.0,0.0,1789027871.9027627
4478.517,-0.3105241568175513,-0.6252669129991121,0.3409259703560784,-0.6541376084042498,-2.987854307117216,0.07874429523385289,0,6,0.9271124601364136,-1.0797698956779023,1.3506134192096155,-1.9219466648497523,-1.6186097303973597,-0.21472055116762334,-0.0064429002813994884,-0.03826993703842163,-0.0,-0.00043046101927757263,0.0,0.0,1789027872.0027723
4478.617,-0.3105293216699765,-0.6245815088964136,0.3433120112021253,-0.6548280947021868,-2.98610201348776,0.08353877846070976,0,6,0.9265053272247314,-1.0832450848868866,1.3506134192096155,-1.9219585857787074,-1.6185787359820765,-0.21473580995668584,-0.0020133829675614834,-0.03609782084822655,-0.0,-0.00017153943190351129,0.0,0.0,1789027872.1026862
4478.717,-0.3102523512940152,-0.6242163263382182,0.3450210137040438,-0.6546891357474574,-2.9849635874727745,0.08689606470160416,0,6,0.9265156388282776,-1.085742787723877,1.350610081349508,-1.9219070873656214,-1.618613068257467,-0.21472388902773076,-0.00010892636055359617,-0.013093991205096245,3.1692300580456295e-36,-7.332740642596036e-05,0.0,0.0,1789027872.202649
4478.817,-0.31020001247999607,-0.624163782783036,0.3451298724951793,-0.6546735443753725,-2.984987984114693,0.08687687232776607,0,6,0.9265292882919312,-1.0859756034663697,1.3506715933429163,-1.9217153988280238,-1.618601147328512,-0.21472388902773076,5.262857666821219e-05,0.00348340580239892,8.14134327811189e-05,0.0018497880082577467,0.0,0.0,1789027872.3026133
4478.9169999999995,-0.3101520742622853,-0.6242234911925664,0.34493714817904425,-0.6545217031515584,-2.9852256784824776,0.0862967488361562,0,6,0.9266369342803955,-1.085717038517334,1.3506644407855433,-1.921539922753805,-1.6185978094684046,-0.21473580995668584,0.00029386027017608285,0.0004652893403545022,-0.0,0.00038425129605457187,0.0,0.0,1789027872.4026399
4479.017,-0.3101623585539708,-0.6242208784422857,0.344962565439451,-0.6545616428014445,-2.9852095111109076,0.08634217109307894,0,6,0.9266216158866882,-1.085732416515686,1.3506291548358362,-1.921518941918844,-1.6185906569110315,-0.21472388902773076,2.6709545636549592e-05,0.00010996495984727517,-0.0,0.00011404917313484475,0.0,0.0,1789027872.502784
4479.117,-0.31015919415885723,-0.6242168013915438,0.34495700966572285,-0.6545740922173138,-2.985199628837186,0.08629041243130546,0,6,0.9266250133514404,-1.085735873585083,1.3506415526019495,-1.9215003452696742,-1.618613068257467,-0.21471149126161748,0.0,0.0,-0.0,8.172798549033189e-11,0.0,0.0,1789027872.602725
4479.217,-0.31015624609048226,-0.624217848359371,0.34496030732400107,-0.6545438914517889,-2.9852495411084106,0.08633717456034583,0,6,0.9266216158866882,-1.0857427579215546,1.3506453672992151,-1.921507020989889,-1.6185596624957483,-0.21473914781679326,0.0,-7.4189383631404935e-34,-0.0,1.070577582140686e-07,0.0,0.0,1789027872.7027197
4479.317,-0.31015792465884057,-0.6242216029877975,0.3449556661357469,-0.6545984929995903,-2.9852071555088893,0.08630670663601742,0,6,0.9266284704208374,-1.085727409725525,1.3506329695331019,-1.9215036831297816,-1.6185978094684046,-0.21469289461244756,0.0,0.0,-0.0,0.0,0.0,0.0,1789027872.802732
4479.4169999999995,-0.31014378650998614,-0.624214345666127,0.34494466793631995,-0.6545448393683313,-2.985256937593422,0.08623110214772034,0,6,0.9266369342803955,-1.0857427579215546,1.3506682554828089,-1.9214641056456507,-1.6185858885394495,-0.21472388902773076,0.0,0.0,-0.0,0.0,0.0,0.0,1789027872.9027252
4479.517,-0.31014299397015077,-0.6242171957269542,0.3449166095731269,-0.6545414489158703,-2.985272312267545,0.08618826523763111,0,6,0.9266403317451477,-1.085715339784958,1.3506916205035608,-1.921483655969137,-1.6185858885394495,-0.21472388902773076,0.0,0.0,-0.0,9.609805147192674e-07,0.0,0.0,1789027873.002765
