controller_time_s,tcp_x,tcp_y,tcp_z,tcp_rx,tcp_ry,tcp_rz,gripper_state,gripper_event_counter,actual_q_0,actual_q_1,actual_q_2,actual_q_3,actual_q_4,actual_q_5,actual_qd_0,actual_qd_1,actual_qd_2,actual_qd_3,actual_qd_4,actual_qd_5,host_receive_time_s
2871.1569999999997,-0.4479490790114275,-0.4779619738473137,0.33975828884475945,1.1351267100751372,2.893839551138179,-0.026726009713735503,0,0,0.6091198921203613,-1.1707962316325684,1.4655216375934046,-1.8609158001341761,-1.5287345091449183,-0.21468955675234014,0.0,0.0,-0.0,0.0,-0.0,0.0,1789113954.3003807
2871.257,-0.4479214246989172,-0.4779282124722926,0.33966620258831565,1.1350689897951658,2.8937713864844428,-0.026472250345010766,0,0,0.609104335308075,-1.1708033841899415,1.4657281080829065,-1.8609305820860804,-1.5287531057940882,-0.21472722688783819,0.0,0.0,7.370430830633268e-05,0.0,-0.0,0.0,1789113954.3888366
2871.357,-0.44791091076987233,-0.4779306803806046,0.33970132758850163,1.135091990517368,2.893801405996291,-0.026504251391526956,0,0,0.6091198921203613,-1.1708451968482514,1.4657047430621546,-1.8609034023680628,-1.5287721792804163,-0.21470433870424444,0.0,0.0,-5.026875314762664e-16,0.0,-0.0,0.0,1789113954.4888577
2871.457,-0.44789874674413377,-0.47794977996710397,0.339681173336971,1.1350094059735059,2.8937890684371705,-0.026482458221726016,0,0,0.6091509461402893,-1.170814113026001,1.4657047430621546,-1.8609000645079554,-1.5287449995623987,-0.21472055116762334,0.0,0.0,-0.0,0.0,-0.0,0.0,1789113954.5888586
2871.557,-0.44792789728200816,-0.47793308704216464,0.3396969883917832,1.1350862288319206,2.8937904406382993,-0.026538926759916547,0,0,0.6091042757034302,-1.170814113026001,1.4656747023211878,-1.8609158001341761,-1.5287497679339808,-0.21472055116762334,0.0,0.0,-0.0,0.0,-0.0,0.0,1789113954.6888258
2871.6569999999997,-0.44791625425262593,-0.4779278330450003,0.3396944332307059,1.135076273561934,2.893763120007483,-0.026537888218409543,0,0,0.6091042757034302,-1.1708380740932007,1.4657118956195276,-1.8609124622740687,-1.5287259260760706,-0.21472055116762334,0.0,0.0,-0.0,0.0,-0.0,0.0,1789113954.7888231
2871.757,-0.4479143476892258,-0.4779313122337248,0.33968709156735355,1.1350601758483352,2.893770883059197,-0.026497473932489062,0,0,0.6091127991676331,-1.1708261531642457,1.4657085577594202,-1.8609000645079554,-1.528741184865133,-0.21472388902773076,0.0,0.0,-0.0,0.0,-0.0,0.0,1789113954.8887365
2871.857,-0.4479048819588055,-0.47793756206592536,0.33971529008408474,1.135071425160728,2.893785184528711,-0.026557888730597085,0,0,0.6091282367706299,-1.170857087974884,1.465689484273092,-1.8608929119505824,-1.5287345091449183,-0.21470433870424444,0.0,0.0,-0.0,0.0,-0.0,0.0,1789113954.9887016
2871.957,-0.44790517590595624,-0.47793170477579183,0.33970612122999555,1.1350506617658824,2.8937781547812804,-0.026535329662380463,0,0,0.6091198921203613,-1.1708571177772065,1.4657085577594202,-1.8608914814391078,-1.5287306944476526,-0.21472388902773076,0.0,0.0,-0.0,0.0,-0.0,0.0,1789113955.0885715
2872.057,-0.4479010140077198,-0.4779499110151716,0.33970072042117244,1.1350152518880319,2.893821772276032,-0.0265260708458803,0,0,0.6091509461402893,-1.170829789047577,1.4656861464129847,-1.8609072170653285,-1.5287569204913538,-0.21472388902773076,0.0,0.0,-0.0,0.0,-0.0,0.0,1789113955.1885986
2872.1569999999997,-0.44792408271213363,-0.4779315146699328,0.33968027209931506,1.1350515274140565,2.893778869552681,-0.026507719560964677,0,0,0.609104335308075,-1.1708069008639832,1.465700928364889,-1.8609191379942835,-1.528741184865133,-0.21473914781679326,0.0,0.0,-0.0,0.0,-0.0,0.0,1789113955.2885098
2872.257,-0.44792925825292185,-0.47791979024625114,0.3396889729826713,1.1350650687623676,2.893784046634635,-0.026520348804590182,0,0,0.6090853214263916,-1.1708261531642457,1.4657085577594202,-1.8609191379942835,-1.5287449995623987,-0.21475106874574834,0.0,0.0,-0.0,0.0,-0.0,0.0,1789113955.38859
2872.357,-0.44791414673195856,-0.47793993542824054,0.3396823496959274,1.1350735729828894,2.893768541329836,-0.02651321020281671,0,0,0.6091234683990479,-1.1708104771426697,1.4657014052020472,-1.8609191379942835,-1.5287378470050257,-0.21470433870424444,0.0,0.0,-0.0,0.0,-0.0,0.0,1789113955.488614
2872.457,-0.447905715731408,-0.47795039792544786,0.33966674055119317,1.1349930483342696,2.8937818928959063,-0.02648232454951694,0,0,0.609143853187561,-1.1707914036563416,1.4657085577594202,-1.8609191379942835,-1.5287345091449183,-0.21473580995668584,1.1491998352381788e-31,0.0,-0.0,0.0,-0.0,0.0,1789113955.5886853
2872.557,-0.4479172486988701,-0.47791967509762956,0.33971055900620634,1.1350708049176628,2.8937682581014688,-0.02653113467315575,0,0,0.6090937256813049,-1.1708607536605378,1.465700928364889,-1.8608762226500453,-1.5287306944476526,-0.21473580995668584,5.6700766435824335e-05,0.0,2.548735484614479e-28,0.0,-0.0,0.0,1789113955.6885893
2872.6569999999997,-0.4475671029818175,-0.47825702470518366,0.3396802669598968,1.134031739458943,2.894154441633711,-0.026468506556049667,0,0,0.6098387241363525,-1.1708190006068726,1.4657133261310022,-1.8609000645079554,-1.5287345091449183,-0.21470433870424444,0.010845647193491459,0.0,-0.0,0.0,-0.0,0.0,1789113955.788549
2872.757,-0.4474271026114522,-0.4783769266038728,0.33967184771087716,1.133596991792229,2.8943061125691614,-0.02645972975908975,0,0,0.6101154088973999,-1.1708309215358277,1.465750519429342,-1.8609158001341761,-1.5287225882159632,-0.21472388902773076,0.00016462655912619084,-6.2764417881138e-23,0.0016073065344244242,0.0,-0.0,0.0,1789113955.8885994
2872.857,-0.4472179883382311,-0.4782216357695793,0.33914872740461477,1.1334022906370915,2.8937723881687982,-0.02492786043678896,0,0,0.6101140975952148,-1.1708786350539704,1.466910187398092,-1.8608876667418421,-1.5287860075580042,-0.21473914781679326,-3.301682589980891e-14,-0.00021665063104592264,0.018488377332687378,0.0,-0.0,0.0,1789113955.9885433
2872.957,-0.4462504837249073,-0.4780160865794268,0.33743655497767167,1.1319345842181274,2.892258333168821,-0.02019250614288532,0,0,0.6107250452041626,-1.1709854763797303,1.4706719557391565,-1.860927244225973,-1.5288265387164515,-0.21472388902773076,0.010047385469079018,-0.0004599663952831179,0.05217859148979187,0.0,-0.00036518918932415545,0.0,1789113956.0885499
2873.057,-0.4450282580173575,-0.47736641605135405,0.33486167329046357,1.1306061258291944,2.88953677703838,-0.013057354068222383,0,0,0.6109921336174011,-1.1713134509376069,1.4765670935260218,-1.8609873257079066,-1.528830353413717,-0.21472388902773076,-0.0004461511562112719,-0.0024798212107270956,0.07109344750642776,-0.00015518013969995081,-0.00011775747407227755,0.0,1789113956.188551
2873.1569999999997,-0.4434916252593296,-0.4762630231521977,0.33104246205257704,1.129258599446803,2.8854093595344708,-0.0023874495307293843,0,0,0.6109899282455444,-1.1715288323215027,1.4849584738360804,-1.8610230884947718,-1.5290206114398401,-0.21472388902773076,0.00026166450697928667,-0.006776776164770126,0.09388237446546555,-9.104065247811377e-05,-0.0011037978110834956,0.0,1789113956.2885528
2873.257,-0.44206786445012125,-0.4745785762921471,0.32817162727634885,1.129446473518718,2.881652934369116,0.006067982212616537,0,0,0.6101380586624146,-1.17343162119899,1.493716065083639,-1.8614183864989222,-1.5292204062091272,-0.21470433870424444,-0.011543666943907738,-0.0321306437253952,0.09128880500793457,-0.004284282214939594,-0.0012580844340845942,0.0,1789113956.3885992
2873.357,-0.43909469988068217,-0.47183635744286734,0.32637180933064003,1.1295775315483556,2.8779746506348394,0.014143437671565114,0,0,0.6093080043792725,-1.1803059142879029,1.5068309942828577,-1.8614350757994593,-1.5293658415423792,-0.21472055116762334,-0.00021398329408839345,-0.09704843163490295,0.18539145588874817,-0.00022524727683048695,-0.005584442988038063,0.0,1789113956.488591
2873.457,-0.4330439197035672,-0.46914467325515374,0.3227524231035116,1.1248302066591236,2.873752244426205,0.028535681681049474,0,0,0.6114199161529541,-1.1896496278098603,1.5271709601031702,-1.8616095981993617,-1.5298998991595667,-0.21468955675234014,0.020291639491915703,-0.09569258987903595,0.2224721610546112,-0.006055436562746763,-0.0013299600686877966,0.0,1789113956.5886316
2873.557,-0.4272763724105238,-0.46618789508380204,0.31993066137895043,1.1214957937063128,2.870949602040336,0.03713996187983128,0,0,0.6128705739974976,-1.2001452904990693,1.54802114168276,-1.8652554951109828,-1.5298879782306116,-0.2147277037249964,0.0008976975223049521,-0.10970401763916016,0.17231158912181854,-0.04274328052997589,-0.00016209615569096059,0.0,1789113956.6886077
2873.6569999999997,-0.4235939173823276,-0.46344324241623597,0.3215532446133953,1.121962262837498,2.8714028519463253,0.03588979347540095,0,0,0.6126846671104431,-1.211806909447052,1.5603445211993616,-1.8669120273985804,-1.5299447218524378,-0.21473580995668584,-0.00043137947795912623,-0.1209370419383049,0.09990913420915604,-0.00022427033400163054,-0.0003073911357205361,0.0,1789113956.7885768
2873.757,-0.41982867970700355,-0.46089286027022663,0.3236049317683035,1.121938658978108,2.872754862064685,0.03587244398437254,0,0,0.6129974722862244,-1.2235246461680909,1.5713556448565882,-1.8669201336302699,-1.5309889952289026,-0.21473914781679326,0.0014242329634726048,-0.11162469536066055,0.11308614164590836,-7.706741598667577e-05,-0.02582998014986515,0.0,1789113956.8886485
2873.857,-0.4170931512695734,-0.45842385729278595,0.32504696346103573,1.1231570701221245,2.8749678914890113,0.03792268042602012,0,0,0.6127408742904663,-1.2328975957683106,1.58051044145693,-1.8670078716673792,-1.5338447729693812,-0.21472055116762334,-0.0025713236536830664,-0.08425267040729523,0.07689480483531952,-0.0007711088401265442,-0.029690520837903023,0.0,1789113956.9886093
2873.957,-0.41499319859867734,-0.45590937079093247,0.32683329380740955,1.1255636201684187,2.879130917586776,0.04051903229627175,0,0,0.6121540665626526,-1.2417069536498566,1.5880988279925745,-1.8670622311034144,-1.5387709776507776,-0.21470767656435186,-0.008495694026350975,-0.10002589225769043,0.09264314919710159,-0.0002315280435141176,-0.08573383092880249,0.0,1789113957.0886045
2874.057,-0.41135247072469366,-0.4518594988680333,0.3268193129042787,1.1281712005841935,2.88670401496883,0.05496141591923289,0,0,0.6121216416358948,-1.2529612344554444,1.6026509443866175,-1.8672152958311976,-1.5507705847369593,-0.21469670930971319,0.0028664658311754465,-0.11690246313810349,0.19810110330581665,-0.0030865042936056852,-0.11575228720903397,0.0,1789113957.1886084
2874.1569999999997,-0.40583002656435985,-0.4475427292424469,0.32317007088280203,1.1271888080454857,2.884834589219628,0.07063377993217547,0,0,0.6122258305549622,-1.2639126640609284,1.624997917805807,-1.86918367962026,-1.554934326802389,-0.21470767656435186,0.0003326905134599656,-0.10346124321222305,0.25615131855010986,-0.07622193545103073,-0.0003725521091837436,0.0,1789113957.2886078
2874.257,-0.4010851385946572,-0.44416350853363396,0.3194567215668387,1.1291709082273556,2.890386142121599,0.05761976097369256,0,0,0.6121590733528137,-1.2750937205604096,1.652797047291891,-1.8959671459593714,-1.5549581686602991,-0.21473914781679326,-5.484530993271619e-05,-0.115273617208004,0.2988888621330261,-0.451712042093277,-0.00022355692635755986,0.0,1789113957.3885553
2874.357,-0.39829900328771733,-0.44223206785582486,0.31710372848348023,1.137345763396155,2.9134703855066766,0.0018745280154274487,0,0,0.6121731996536255,-1.2863271993449708,1.6857755819903772,-1.9608918629088343,-1.5550106207477015,-0.21472055116762334,-0.0001702798472251743,-0.10057874023914337,0.348002552986145,-0.7689453959465027,-0.00027009836048819125,0.0,1789113957.4889958
2874.457,-0.3955694287977909,-0.4403018462373293,0.3112685561350952,-1.1381514025846122,-2.9176724251077504,0.05295268263170567,0,0,0.6121194958686829,-1.2929254335216065,1.7226203123675745,-2.0332161388792933,-1.555065933858053,-0.21473914781679326,-0.00012079456791980192,-0.04165872186422348,0.390694797039032,-0.6328562498092651,-0.00037433922989293933,0.0,1789113957.588599
2874.557,-0.3924446037878226,-0.4375946370689443,0.30110244196904623,-1.133007590926415,-2.902880876146244,0.0872728650935405,0,0,0.6113563776016235,-1.2940039199641724,1.7606757322894495,-2.0969015560545863,-1.555173699055807,-0.21472388902773076,-0.013975166715681553,-0.0011173601960763335,0.36630767583847046,-0.6784586310386658,-0.0002669449313543737,0.0,1789113957.6886241
2874.6569999999997,-0.39152349493643956,-0.4343275084853734,0.29311208324568505,-1.1301980569796968,-2.8815204455669825,0.13131409983462808,0,0,0.6075329184532166,-1.2943151754191895,1.7947877089129847,-2.1653787098326625,-1.55518085161318,-0.2147463003741663,-0.05681144446134567,-0.005134875420480967,0.30280831456184387,-0.6608443856239319,-9.422349103260785e-05,0.0,1789113957.7886245
2874.757,-0.3927737224891373,-0.43007927407170937,0.2876155715126724,-1.1339120553303312,-2.8611444940872595,0.16604295477637923,0,0,0.6000871062278748,-1.2943115693381806,1.8198402563678187,-2.218349119225973,-1.5552061239825647,-0.21473914781679326,-0.08545418828725815,0.0,0.20071940124034882,-0.36252373456954956,-0.0005256913718767464,0.0,1789113957.8886213
2874.857,-0.39451562965387166,-0.4247596287990435,0.2829466750741789,-1.1479186537602206,-2.856803365104834,0.16218605670790887,0,0,0.5905760526657104,-1.2942984265140076,1.832745377217428,-2.2285801372923792,-1.5552848021136683,-0.21473914781679326,-0.09348782151937485,0.0,0.06848514080047607,0.0003874329850077629,-0.0005294203874655068,0.0,1789113957.988627
2874.957,-0.3971409736010599,-0.42120152927814364,0.28163431270464534,-1.1596756182677253,-2.853575692382721,0.1581314333536313,0,0,0.5827525854110718,-1.2942480903914948,1.8356125990497034,-2.2285715542235316,-1.5553448835956019,-0.21472055116762334,-0.06494836509227753,6.402794679161161e-05,0.004530938342213631,0.00030518523999489844,-0.0003217741323169321,0.0,1789113958.088627
2875.057,-0.3986399215470628,-0.4194619172199201,0.28123502312164517,-1.165649967344116,-2.851598450520229,0.1566513291180679,0,0,0.5787161588668823,-1.2941991251758118,1.8363984266864222,-2.228386541406149,-1.5553773085223597,-0.21468955675234014,-0.016956627368927002,0.0007171644829213619,0.026708602905273438,0.0008031188044697046,-0.0007927397382445633,0.0,1789113958.188576
2875.1569999999997,-0.3965833090910943,-0.4179118630527536,0.2772352276777005,-1.168261795858909,-2.8566171294582534,0.14547845187012418,0,0,0.5784088373184204,-1.2941643458655854,1.8453291098224085,-2.2283693752684535,-1.5553939978228968,-0.21472055116762334,0.0003831010835710913,0.00012564030475914478,0.16293686628341675,0.00019867837545461953,-0.0002828742435667664,0.0,1789113958.2886198
2875.257,-0.3911897357843125,-0.41456511980452854,0.26794913828617883,-1.1729400114800983,-2.8686878649800684,0.11928636594291218,0,0,0.5786893963813782,-1.2941870254329224,1.8664620558368128,-2.2285663090147914,-1.5555179754840296,-0.21473580995668584,0.0042255898006260395,-9.369073086418211e-05,0.22185643017292023,-0.004038351587951183,-0.0054190861992537975,0.0,1789113958.3885689
2875.357,-0.3871265636557854,-0.41166584150318053,0.2607653017903723,-1.1769867375555838,-2.8766621393037743,0.10049152915987637,0,0,0.5783482789993286,-1.2941762071898957,1.883503262196676,-2.2308136425414027,-1.5557335058795374,-0.21470433870424444,-0.009482286870479584,7.949749124236405e-05,0.11337244510650635,-0.03556837886571884,-0.00016387447249144316,0.0,1789113958.4886158
2875.457,-0.3856239282009538,-0.41054565807518917,0.25811204283722633,-1.1786014825793152,-2.87972350909705,0.09314238626938462,0,0,0.5781469941139221,-1.2941476863673707,1.8897302786456507,-2.2312995396056117,-1.5558117071734827,-0.2147277037249964,-0.0009197448380291462,0.0005218193982727826,0.020074104890227318,-0.00011574517702683806,-0.0013893963769078255,0.0,1789113958.5886147
2875.557,-0.3856973475613128,-0.4103127228385089,0.2579631039271732,-1.1779480809267335,-2.8778745365979232,0.09038113762833228,0,0,0.5782033205032349,-1.2940518420985718,1.8899624983416956,-2.231354375878805,-1.5584810415851038,-0.21469670930971319,0.0008519546827301383,0.0006936938152648509,9.129714453592896e-05,-7.071110303513706e-05,-0.08517831563949585,0.0,1789113958.6886358
2875.6569999999997,-0.3868952763689838,-0.40891356103565824,0.25803530136886826,-1.1727508394356845,-2.862946002543294,0.07594986749517123,0,0,0.5782236456871033,-1.29372854650531,1.8898804823504847,-2.2333322964110316,-1.576921288167135,-0.21472055116762334,0.00010390421084593982,0.00017469204613007605,-0.000444720993982628,-0.08089078962802887,-0.25775593519210815,0.0,1789113958.7886555
2875.757,-0.3890745648310398,-0.4080072915568364,0.25958964330595297,-1.1649301242246346,-2.8402491520317197,0.07678394930297847,0,0,0.578144907951355,-1.293700025682785,1.8898995558368128,-2.2477222881712855,-1.5961149374591272,-0.21468955675234014,-0.0001950707519426942,0.0006403946899808943,-6.759438110748306e-05,-0.12316001206636429,-0.07995403558015823,0.0,1789113958.8886147
2875.857,-0.3892272329208424,-0.40822175371476244,0.259727026829036,-1.1639343624327645,-2.8387472800009057,0.07952085615494693,0,0,0.5783863663673401,-1.2934136551669617,1.8899033705340784,-2.250463148156637,-1.5964940229998987,-0.21471673647035772,0.003708018222823739,0.013373550027608871,1.937995776161222e-42,-9.244418470188975e-05,0.00015918456483632326,0.0,1789113958.98862
2875.957,-0.389389057708253,-0.4083446630198801,0.25842748118106434,-1.1643520212388234,-2.84014547939866,0.07654429918445059,0,0,0.578406810760498,-1.2910925906947632,1.8899543921100062,-2.250439306298727,-1.5964730421649378,-0.21475106874574834,-4.451697168406099e-05,0.03307733312249184,-0.0,5.57156527065672e-05,0.00011811011063400656,0.0,1789113959.088627
2876.057,-0.38984129778497967,-0.4086457462645992,0.25524785947673245,-1.1655198758974497,-2.8433886385197855,0.06930769709884885,0,0,0.5784118175506592,-1.285307989721634,1.8899577299701136,-2.250450750390524,-1.5964801947223108,-0.21475106874574834,0.0,0.09191849082708359,1.961817850054744e-44,0.0,6.129509711172432e-05,0.0,1789113959.1886244
2876.1569999999997,-0.39058420866715343,-0.40914477883514433,0.24985909990763214,-1.1675269821959895,-2.848880908943321,0.05707434212817293,0,0,0.5784153938293457,-1.2754835349372406,1.8899148146258753,-2.250450750390524,-1.5964306036578577,-0.21473580995668584,9.358685929328203e-05,0.09938790649175644,-0.0,0.0,0.0,0.0,1789113959.2886426
2876.257,-0.39117065090293185,-0.4095133751423349,0.24521752768982152,-1.1692373417251305,-2.8535287973486865,0.04635912248004773,0,0,0.578394889831543,-1.267107532625534,1.8899615446673792,-2.250399728814596,-1.596478287373678,-0.21473914781679326,0.0,0.06557948142290115,-0.0,2.4902692530304193e-06,0.0,0.0,1789113959.3886254
2876.357,-0.3915435322997853,-0.4098162230276519,0.24189930067051707,-1.1702957726487708,-2.8568566342190156,0.03876204788290489,0,0,0.5784858465194702,-1.2610861223987122,1.8899577299701136,-2.2504216633238734,-1.5965126196490687,-0.21473580995668584,0.000486250122776255,0.051429107785224915,-0.0,0.00011415082553867251,0.0,0.0,1789113959.4886339
2876.457,-0.3918490504980046,-0.40999248040338065,0.23945187966885217,-1.1712644768935514,-2.859248726725422,0.033108912301796994,0,0,0.5784497857093811,-1.2566479605487366,1.8899419943438929,-2.250387807885641,-1.596529785786764,-0.21470767656435186,2.68605244961582e-22,0.041223444044589996,-0.0,5.0323174946242943e-05,0.0,0.0,1789113959.5886383
2876.557,-0.39221219666374446,-0.41022127656556817,0.2363504748730061,-1.1723318065979893,-2.8622837042814533,0.025999698711448024,0,0,0.5784377455711365,-1.2510236662677308,1.8899348417865198,-2.250418325463766,-1.5965607802020472,-0.21473580995668584,0.0,0.06352962553501129,-0.0,0.0,0.0,0.0,1789113959.6890326
2876.6569999999997,-0.39254577522501544,-0.4104472170260199,0.2331716688568666,-1.1734488946059307,-2.8654233991045475,0.018703241860586788,0,0,0.5784428119659424,-1.2452949446490784,1.8899615446673792,-2.2504197559752406,-1.596548859273092,-0.21473914781679326,0.0,0.05174487829208374,-0.0,9.136352332461684e-07,0.0,0.0,1789113959.7886457
2876.757,-0.3928000777966555,-0.41061496199776637,0.23079551945058657,-1.1742869882283236,-2.867722570877328,0.013318196819521528,0,0,0.5784393548965454,-1.2409884494594117,1.8899615446673792,-2.2504850826659144,-1.596536938344137,-0.21473580995668584,0.0,0.037924375385046005,-0.0,0.0,0.0,0.0,1789113959.8886752
2876.857,-0.3929582937517163,-0.4107840843166895,0.22884216063725069,-1.1748619399955391,-2.8696969664623144,0.008801742066763327,0,0,0.5785336494445801,-1.2374576491168519,1.889949146901266,-2.2504474125304164,-1.596525017415182,-0.21472388902773076,0.00030507819610647857,0.041232623159885406,-0.0,0.0,0.0,0.0,1789113959.9886174
2876.957,-0.3932267782654218,-0.41096355832272236,0.22608851121840828,-1.1758022365334666,-2.872382879848758,0.0024682242773815997,0,0,0.5785335898399353,-1.2324831646731873,1.8899453322040003,-2.2504474125304164,-1.5965145269977015,-0.21473914781679326,6.19086276856251e-05,0.06329604983329773,-0.0,0.0,0.0,0.0,1789113960.088625
2877.057,-0.39363396297302433,-0.4112716713842447,0.22154456183013815,-1.177330677253905,-2.876756771259893,-0.00797391286787045,0,0,0.5785899758338928,-1.2242541772178193,1.8899100462542933,-2.250474592248434,-1.5965145269977015,-0.21470767656435186,0.0007339371368288994,0.1051299050450325,-0.0,0.0,0.0,0.0,1789113960.1885724
2877.1569999999997,-0.39380739615154,-0.4118684286192069,0.21617619761862494,-1.1780824702113013,-2.882298104278755,-0.020295195404894877,0,0,0.5793084502220154,-1.2145376068404694,1.8898666540728968,-2.250524183312887,-1.5965021292315882,-0.21473580995668584,0.011181988753378391,0.08420038968324661,-0.00015263496607076377,-0.0004233854415360838,0.0,0.0,1789113960.2886336
2877.257,-0.39389711598401655,-0.41205499002274176,0.21437051652279326,-1.1783541691887556,-2.8839901208175838,-0.024116677804893107,0,0,0.5794965028762817,-1.2112356585315247,1.8898819128619593,-2.250861784020895,-1.5964940229998987,-0.21474773088564092,-0.0011228652438148856,-0.0010886195814236999,-9.278767538489774e-05,-0.00022494685254059732,0.0,0.0,1789113960.3885841
2877.357,-0.39386839557673337,-0.4120702891845967,0.2143713827555277,-1.1783135012911459,-2.88401251886594,-0.02420473807522469,0,0,0.5795528292655945,-1.2112511855414887,1.889885727559225,-2.250798841516012,-1.5965212027179163,-0.21472055116762334,0.00025565174291841686,0.00026755710132420063,-8.638653553887272e-15,-6.427786138374358e-05,0.0,0.0,1789113960.488628
2877.457,-0.39375516743166317,-0.41218361337367637,0.21432012923681576,-1.1779310659806477,-2.8842627349409278,-0.024351712918749893,0,0,0.5798318386077881,-1.2111602586558838,1.8898747603045862,-2.250747343102926,-1.5965021292315882,-0.2147277037249964,0.0029785078950226307,0.0014187764609232545,-0.0,5.787498806594753e-21,0.0,0.0,1789113960.5886383
2877.557,-0.3932566731233898,-0.41265333266458704,0.2143079201865818,-1.1761861842212937,-2.8849750291596323,-0.024373215369320547,0,0,0.5810331702232361,-1.2111482185176392,1.8898871580706995,-2.250742097894186,-1.5965107123004358,-0.21473580995668584,0.010564776137471199,-4.2557434361544694e-41,-0.0,7.734107202850282e-05,0.0,0.0,1789113960.6886322
2877.6569999999997,-0.393179354436185,-0.4126998736314203,0.21422203051631608,-1.1760205622474404,-2.8851544359180292,-0.024678980834334393,0,0,0.581183910369873,-1.2110440594008942,1.88994008699526,-2.2506753406920375,-1.596534554158346,-0.21472388902773076,0.0005559198907576501,0.0016928623663261533,-0.0,0.00018063199240714312,0.0,0.0,1789113960.7886276
2877.757,-0.39316589229118365,-0.41271419328792847,0.2140114314210421,-1.176086416110647,-2.8854111518762267,-0.02525320271972906,0,0,0.5812163949012756,-1.210698054437973,1.8899648825274866,-2.2505914173521937,-1.596522633229391,-0.21470767656435186,0.00026675028493627906,0.014903257600963116,8.441984804072424e-21,0.000748616352211684,0.0,0.0,1789113960.8886266
2877.857,-0.393080853607739,-0.41292675206401713,0.21306384503879297,-1.1758351088298507,-2.886512644198222,-0.027418347240325613,0,0,0.5816201567649841,-1.2089709502509614,1.8899419943438929,-2.2506138286986292,-1.596529785786764,-0.21469289461244756,0.0077031864784657955,0.02115657553076744,-0.0,9.960022725863382e-05,0.0,0.0,1789113960.9886465
2877.957,-0.39302053605491205,-0.4131424994094545,0.21162551739766655,-1.1757446967193852,-2.8881322279136894,-0.030795340087094017,0,0,0.5820000171661377,-1.20640121520076,1.8899577299701136,-2.2505675754942835,-1.5965178648578089,-0.21471673647035772,0.00014914711937308311,0.031935881823301315,1.469018656719001e-11,9.097794827539474e-05,0.0,0.0,1789113961.088632
2878.057,-0.39317595785582826,-0.4132281263245314,0.20969174036785698,-1.1763698764995276,-2.889906955853524,-0.03530610568820707,0,0,0.5819795727729797,-1.2029062074473877,1.8899419943438929,-2.250582834283346,-1.5965607802020472,-0.21473914781679326,0.0,0.03758423030376434,-0.0,0.00010282958101015538,0.0,0.0,1789113961.188634
2878.1569999999997,-0.39335572995373325,-0.41334776746267443,0.20718978625281426,-1.1772069347651828,-2.8922475319754803,-0.04111281767217482,1,1,0.581976056098938,-1.1983854931643982,1.8899148146258753,-2.2505794964232386,-1.5965521971331995,-0.21473914781679326,-0.0001327156787738204,0.040318671613931656,-0.0,2.0372666003027698e-29,0.0,0.0,1789113961.2886488
2878.257,-0.39351745822969214,-0.4133804589806092,0.20532680298837408,-1.1780556346318214,-2.893912674491239,-0.04540818730914002,1,1,0.5818561315536499,-1.1950503152659913,1.8899419943438929,-2.250601907769674,-1.5965178648578089,-0.21470433870424444,-0.0004322321910876781,0.02741340920329094,-0.0,0.0,0.0,0.0,1789113961.3886638
2878.357,-0.3935550572648283,-0.4134507960733884,0.20439537737508656,-1.178203561783241,-2.8948239235488464,-0.04753923363070349,1,1,0.5819231271743774,-1.1933606427958985,1.8899295965777796,-2.250634332696432,-1.5965178648578089,-0.2147429625140589,0.0004188374150544405,0.002824741182848811,-0.0,4.58796195479394e-12,0.0,0.0,1789113961.4886408
2878.457,-0.39359472507910764,-0.41342761776347847,0.2044194707251999,-1.1783151587240048,-2.8947379182020825,-0.04744885187132013,1,1,0.5818490982055664,-1.1933809381774445,1.8899033705340784,-2.250658174554342,-1.5965178648578089,-0.2147310415851038,4.292898302082904e-05,-5.4913452913751826e-05,-0.0,0.0,0.0,0.0,1789113961.5885906
2878.557,-0.39358592587396973,-0.4134354527955918,0.2044409045037001,-1.1782629001989515,-2.8947532144533468,-0.04735795675088367,1,1,0.5818647146224976,-1.1934189957431336,1.8899067083941858,-2.2506753406920375,-1.5964906851397913,-0.21475106874574834,-1.8888365543396914e-34,-5.318354305927642e-05,-0.0,0.0,0.0,0.0,1789113961.688601
2878.6569999999997,-0.39358923506923077,-0.4134494733195014,0.204451449423512,-1.178261590788572,-2.894720893697583,-0.0473293502144553,1,1,0.5818851590156555,-1.19341196239505,1.8898714224444788,-2.250678678552145,-1.5965054670916956,-0.21472388902773076,0.0,-3.064974589506164e-05,-0.0,0.0,0.0,0.0,1789113961.7886434
2878.757,-0.3935616513944449,-0.4134486409027379,0.20441956334528172,-1.178206812664547,-2.8948263087146806,-0.04745270963121695,1,1,0.5819075107574463,-1.1933965247920533,1.8899181524859827,-2.250631948510641,-1.5964849630938929,-0.2147582213031214,0.0,-2.735337329795584e-05,-0.0,0.0,-6.018209651973559e-34,0.0,1789113961.8886313
2878.857,-0.3935750896210048,-0.41344304859440245,0.2044158606151414,-1.1782441535634853,-2.8947761456298533,-0.04742218471961871,1,1,0.5818886756896973,-1.1933809381774445,1.8899181524859827,-2.2506820164122523,-1.5965011755572718,-0.2147429625140589,0.0,0.0,-0.0,0.0,-0.0,0.0,1789113961.9886444
2878.957,-0.39355619895596095,-0.4134472801628497,0.20441548060083414,-1.1782455924301782,-2.894828282302598,-0.04743896798677468,1,1,0.5819075107574463,-1.1934001010707398,1.8899362722979944,-2.2506443462767542,-1.596466366444723,-0.21473580995668584,0.0,0.0,-0.0,-3.2840208633398253e-38,-0.0,0.0,1789113962.0886388
2879.057,-0.39357283323145104,-0.41345544947186835,0.2044270100021781,-1.178287233353237,-2.8948285193405456,-0.04735430878823166,1,1,0.581895649433136,-1.193387971525528,1.8898909727679651,-2.2506476841368617,-1.5964234511004847,-0.21472388902773076,0.0,0.0,-0.0,-0.0,3.158613508979514e-27,0.0,1789113962.188639
2879.1569999999997,-0.39356013710429905,-0.4134542794060558,0.20441790505193175,-1.1782949826973461,-2.8948678929011833,-0.04735360167104429,1,1,0.5819005370140076,-1.1933930081180115,1.8899214903460901,-2.2506514988341273,-1.5963905493365687,-0.21472388902773076,0.0,0.0,-0.0,-0.0,0.0004993362235836685,0.0,1789113962.2886417
2879.257,-0.39356777532816545,-0.4135161445504548,0.20452306601489495,-1.178161808868525,-2.894755765789329,-0.04645292367878022,1,1,0.5819519758224487,-1.193492369060852,1.8899067083941858,-2.2511054478087367,-1.5962026754962366,-0.21473247209657842,0.0001549388252897188,-0.0023944589775055647,-0.0,-0.013877284713089466,0.0010541867231950164,0.0,1789113962.3888652
2879.357,-0.3943487434123692,-0.41406561814152654,0.20557669487135677,-1.1762363489550436,-2.8898173674645693,-0.03369530866430152,1,1,0.5819795727729797,-1.1936851900867005,1.8899100462542933,-2.260707517663473,-1.5961020628558558,-0.2147582213031214,0.0019896284211426973,-0.0016075973398983479,-0.0,-0.23499903082847595,0.00030372434412129223,0.0,1789113962.4886386
2879.457,-0.3971030190564486,-0.4166846138643821,0.2101307709098386,-1.1664500741299775,-2.8687770473960272,0.018914093409567925,1,1,0.5831618309020996,-1.1945783656886597,1.8899453322040003,-2.300894399682516,-1.5961807409869593,-0.21473914781679326,0.004067923873662949,-0.013342672027647495,-3.8140661617695457e-28,-0.5781733393669128,6.942088657524437e-05,0.0,1789113962.5886595
2879.557,-0.40168985180073297,-0.4196272288439035,0.21690325861960433,-1.1542913941251927,-2.835683692191723,0.09427378318928363,1,1,0.5829907655715942,-1.1955124598792572,1.8899453322040003,-2.3597856960692347,-1.5961945692645472,-0.21475488344301397,-0.0003826897300314158,-0.00016967917326837778,5.226257417234592e-05,-0.5252717137336731,1.5367608281724207e-19,0.0,1789113962.6886456
2879.6569999999997,-0.4039735104096452,-0.42120913709828695,0.22039346585989833,-1.147378601086978,-2.8176372940224246,0.13344955295634808,1,1,0.583073079586029,-1.1955124300769349,1.8899214903460901,-2.3913666210570277,-1.5961912314044397,-0.21473914781679326,0.00017607261543162167,4.582245978342152e-43,-0.0,-0.08661970496177673,0.0,0.0,1789113962.788644
2879.757,-0.4040142378390051,-0.4212173949292921,0.22043252272696964,-1.147303265616061,-2.817316382753445,0.13404040653218308,1,1,0.5830491185188293,-1.1955003601363678,1.8899577299701136,-2.391911645928854,-1.596213165913717,-0.21473580995668584,0.0,1.376443833578378e-05,-0.0,0.00016200405661948025,0.0,0.0,1789113962.888642
2879.857,-0.4040442370596522,-0.4212066466362721,0.22050663858546546,-1.1473631956780401,-2.8172417355696098,0.13436244461392632,1,1,0.5829872488975525,-1.195594773893692,1.8899262587176722,-2.391980310479635,-1.5961154142962855,-0.21473914781679326,-0.0008313131984323263,-0.0007799773593433201,-0.0,3.913628810832321e-33,-0.0,0.0,1789113962.9886577
2879.957,-0.4040347217808305,-0.4212266621872297,0.22094759081175736,-1.1470805362318075,-2.8166059718323586,0.13585735280449143,1,1,0.5830181837081909,-1.19626538575206,1.8899181524859827,-2.3924814663329066,-1.5960710684405726,-0.21473580995668584,0.0005804509273730218,-0.025693004950881004,-4.954590367404249e-27,-0.013266117312014103,0.0005465177819132805,0.0,1789113963.0886602
2880.057,-0.4038184525262368,-0.4210421586398768,0.22399529515563432,-1.1459550975378079,-2.8132662259865353,0.1427727357838051,1,1,0.5829632878303528,-1.2015587848475953,1.8899295965777796,-2.392836710015768,-1.5960834662066858,-0.21473580995668584,2.4266069675360266e-34,-0.08559911698102951,-0.0,-0.0006533977575600147,9.210297139361501e-05,0.0,1789113963.188597
2880.1569999999997,-0.40322574237718667,-0.42059427779694175,0.2305714421170636,-1.1435835153637095,-2.8064266589425944,0.15691075549117067,1,1,0.5828897953033447,-1.2131343048862,1.8899362722979944,-2.3928095302977503,-1.5960834662066858,-0.21473914781679326,-0.000329239119309932,-0.1360446959733963,-0.0,-0.00012652631266973913,2.771366659505776e-26,0.0,1789113963.2886498
2880.257,-0.4022867252469468,-0.4200249992272572,0.23917464210451433,-1.1402252105616086,-2.797481739505112,0.1754326524429403,1,1,0.5829702615737915,-1.2282788914493104,1.8899214903460901,-2.3928052387633265,-1.5960472265826624,-0.21472055116762334,0.0007521172519773245,-0.16482305526733398,-0.0,-2.2203683329564524e-24,1.0710741321640072e-10,0.0,1789113963.3886628
2880.357,-0.4011795170711198,-0.419191719527605,0.24911189604001893,-1.1368188903360026,-2.78725251994708,0.19721899519321973,1,1,0.5827236771583557,-1.2458017331412812,1.8898819128619593,-2.392773767510885,-1.5954230467425745,-0.21472055116762334,-0.004128677304834127,-0.17784292995929718,-5.183593384572305e-05,-0.0,0.009247210808098316,0.0,1789113963.4886796
2880.457,-0.3997776797968774,-0.4183971350045207,0.25911289384709624,-1.1329490617729592,-2.77718504597287,0.21939359841352715,1,1,0.5827666521072388,-1.2634806793979187,1.8898447195636194,-2.392773767510885,-1.5944936911212366,-0.21471673647035772,-7.565745909232646e-05,-0.17151451110839844,-0.00253633176907897,-0.0,0.003973348531872034,0.0,1789113963.5886157
2880.557,-0.3986081871738708,-0.41759242851335454,0.2673016852569731,-1.1296532209668249,-2.7681720618919394,0.23669801136869842,1,1,0.5827426910400391,-1.277940259580948,1.8897364775287073,-2.3927256069579066,-1.5945690313922327,-0.21473247209657842,-0.0001289603824261576,-0.10801471769809723,-0.00015659445489291102,-6.301143146755089e-14,9.311708708992228e-05,0.0,1789113963.688613
2880.6569999999997,-0.3980069417603092,-0.4171729067836559,0.2710842981450479,-1.1281248899529948,-2.7639579520554762,0.24460262131435695,1,1,0.5827271342277527,-1.2847061318210145,1.8897774855243128,-2.3926898441710414,-1.5946419874774378,-0.21473914781679326,-1.6854386584575902e-30,-0.027982983738183975,-1.1739232056871742e-14,-0.0,-0.0002759576018434018,0.0,1789113963.7886703
2880.757,-0.39837815233128065,-0.41675785694541556,0.2711910594003461,-1.1294319118934324,-2.763221912896017,0.24447589427182737,1,1,0.5817654728889465,-1.2849419874003907,1.889794651662008,-2.392534395257467,-1.5947449843036097,-0.21471673647035772,-0.025543028488755226,0.0004265111347194761,-0.0,0.001915664761327207,-0.0012863271404057741,0.0,1789113963.888604
2880.857,-0.3989711732110754,-0.416178139210799,0.2711740345991522,-1.131373330411891,-2.7623038899443166,0.24418714010141288,1,1,0.5803349018096924,-1.2849335831454773,1.8898161093341272,-2.3925091228880824,-1.5948084036456507,-0.21471673647035772,0.0003893221728503704,0.0,-0.0,0.0004327215428929776,-0.00014240419841371477,0.0,1789113963.988675
2880.957,-0.39888039451405577,-0.416232979511953,0.27110877825067725,-1.1311960046173841,-2.7625767665072565,0.24392872381893718,1,1,0.5805025100708008,-1.2848940652659913,1.8898738066302698,-2.3923617802061976,-1.5947931448565882,-0.21472388902773076,-0.00027912858058698475,8.028872980503365e-05,0.00022796541452407837,0.00033008071477524936,-7.165524584706873e-05,0.0,1789113964.0886674
2881.057,-0.3995445997820655,-0.4155865906347259,0.2714351409944402,-1.1332439834904664,-2.761178072099513,0.2449658797322868,1,1,0.5788515210151672,-1.2853681308082123,1.8898275534259241,-2.3926998577513636,-1.5945623556720179,-0.21473580995668584,-0.020711781457066536,-0.013694954104721546,-5.626483471132815e-05,-0.004175387788563967,0.0023036133497953415,0.0,1789113964.1886575
2881.1569999999997,-0.39954093847964356,-0.4154259817390891,0.2721838914982536,-1.133267506261422,-2.7601288451153505,0.24702134627949518,1,1,0.5785849690437317,-1.2866573196700593,1.889871899281637,-2.393074174920553,-1.594384495412008,-0.21472388902773076,0.00034814621903933585,-0.028819048777222633,-0.00011978176917182282,-0.01999005861580372,0.0021047270856797695,0.0,1789113964.2886627
2881.257,-0.39921994473887495,-0.4151032432511023,0.2756214103771762,-1.1317393973845546,-2.7552585955180624,0.2563887362362509,1,1,0.5783898234367371,-1.2923283737948914,1.8898704687701624,-2.3951922855772914,-1.5942180792437952,-0.2147133986102503,-0.0026259771548211575,-0.0990934744477272,-3.272714346550574e-39,-0.02497968077659607,0.0009011824149638414,0.0,1789113964.3886108
2881.357,-0.3983615775260485,-0.41385048347735504,0.2837988866892157,-1.1293203877220201,-2.7445677154430914,0.2750778878992361,1,1,0.5773651599884033,-1.3065484029105683,1.8898738066302698,-2.3969232044615687,-1.5942180792437952,-0.21473914781679326,-0.002604810055345297,-0.18502424657344818,1.5103351864112218e-20,-0.0018351507605984807,0.00010192466288572177,0.0,1789113964.4886606
2881.457,-0.3959404350472064,-0.41253100340523524,0.29567312892455144,-1.123763602707443,-2.7312541901046794,0.30009629252708075,1,1,0.5777653455734253,-1.3278080236962815,1.8898738066302698,-2.3969432316222132,-1.59418231645693,-0.21470433870424444,0.0024491227231919765,-0.22905822098255157,-0.0,-0.00020371904247440398,0.0002857716172002256,0.0,1789113964.588662
2881.557,-0.39310376392155405,-0.4109772408753733,0.3083485252975622,-1.117600042089568,-2.7168486454128855,0.3267125326306499,1,1,0.5782221555709839,-1.3506038051894684,1.8898423353778284,-2.396928449670309,-1.5941222349749964,-0.21473247209657842,0.0054400316439569,-0.2199668139219284,-0.0,-7.833625568309799e-05,0.00047373241977766156,0.0,1789113964.6886644
2881.6569999999997,-0.3898805189180097,-0.40995415725200124,0.31943925796236083,-1.1105661817762165,-2.7049379642225593,0.3503509052021886,1,1,0.5798337459564209,-1.3707165283015748,1.8898852507220667,-2.396939893762106,-1.5938485304461878,-0.21473247209657842,0.02048494480550289,-0.17759594321250916,-0.0,-9.9939779709552e-39,0.013141358271241188,0.0,1789113964.7885985
2881.757,-0.3867764319309521,-0.409849147327241,0.32765719478714395,-1.1043186518886177,-2.6999159236560115,0.37222564535700103,1,1,0.5819230675697327,-1.385641799574234,1.889838997517721,-2.3969742260374964,-1.5890863577472132,-0.21475106874574834,0.024929843842983246,-0.12290217727422714,-0.0,-5.3939226248136795e-28,0.0742851123213768,0.0,1789113964.8888626
2881.857,-0.3832070438360578,-0.4115348838044435,0.33270058731765334,-1.0972482339817262,-2.7052022124565958,0.3946522850859231,1,1,0.5858950614929199,-1.39486017942939,1.8898580710040491,-2.3971625767149867,-1.5770142714129847,-0.21473580995668584,0.0555378794670105,-0.07027675211429596,-0.0,-0.012122020125389099,0.18833871185779572,0.0,1789113964.9886916
2881.957,-0.3790352929998294,-0.41513232522279114,0.3375589625817516,-1.0882304908073606,-2.7197372311804915,0.43721278866705704,1,1,0.5904553532600403,-1.402206228380539,1.8898375670062464,-2.4036690197386683,-1.548769776021139,-0.21474773088564092,0.03953063488006592,-0.08333837985992432,-0.0,-0.13399937748908997,0.33703452348709106,0.0,1789113965.0886724
2882.057,-0.37500678792034997,-0.4197088662492262,0.34287097000769046,-1.0754939548023015,-2.7330530119575904,0.49466972053342656,1,1,0.5952693819999695,-1.4079735738090058,1.8898809591876429,-2.419854303399557,-1.5145190397845667,-0.21473580995668584,0.06815998256206512,-0.03314926102757454,-0.0,-0.17045548558235168,0.2751573622226715,0.0,1789113965.1886723
2882.1569999999997,-0.37120737996583375,-0.4240271354099031,0.3452982737114101,-1.0606144287965789,-2.7393629231569476,0.5242702647631077,1,1,0.6031273603439331,-1.4094266456416626,1.8898547331439417,-2.4318086109557093,-1.5003278891192835,-0.21473199525942022,0.08423931896686554,-0.0020250449888408184,-0.0,-0.08704516291618347,0.0012703287648037076,0.0,1789113965.288666
2882.257,-0.36869118081484253,-0.4269804461849731,0.3468147921320087,-1.047598154555376,-2.7362230455695253,0.5381462197848775,1,1,0.6101759672164917,-1.4095271688750763,1.889864746724264,-2.443092485467428,-1.5003002325641077,-0.21474773088564092,0.05591185763478279,-0.0033531361259520054,-3.6804992061614174e-39,-0.19185185432434082,0.0001292801316594705,0.0,1789113965.3886776
2882.357,-0.36807987091077776,-0.4294683589534085,0.3508190199301935,-1.0320566854331905,-2.718022830343965,0.5724592378985046,1,1,0.6145088076591492,-1.40965889514003,1.889834229146139,-2.472989698449606,-1.5003121534930628,-0.21475106874574834,0.02867087721824646,-0.0003369664482306689,-6.651636795140803e-05,-0.4036307632923126,6.724620805184996e-23,0.0,1789113965.488684
2882.457,-0.3684050007326787,-0.43199226267374735,0.3570070660788762,-1.0122292504580277,-2.6868425268552247,0.6245524533516664,1,1,0.6178663969039917,-1.409618304376938,1.8898409048663538,-2.5197369060912074,-1.5002968947040003,-0.21475106874574834,0.04533660039305687,5.3000188927398995e-05,-0.0,-0.48124557733535767,0.0,0.0,1789113965.5886781
2882.557,-0.3672892482446388,-0.4349163532384179,0.36207816728388487,-0.9927041837388353,-2.663034629965232,0.6663879439862812,1,1,0.623315155506134,-1.4096147579005738,1.8898137251483362,-2.5572806797423304,-1.5002697149859827,-0.21475106874574834,0.07137644290924072,7.358966104220599e-05,-0.0,-0.24765516817569733,7.987349193994822e-24,0.0,1789113965.6886425
2882.6569999999997,-0.364490212336007,-0.43781583088437215,0.3636423451042263,-0.9797483429500734,-2.6593694349538133,0.6803299324425126,1,1,0.6305176615715027,-1.4096183341792603,1.8898137251483362,-2.568786760369772,-1.5002129713641565,-0.21473580995668584,0.07262029498815536,1.639519203260036e-43,2.516297274206084e-24,-0.019537199288606644,6.166708772070706e-05,0.0,1789113965.788731
2882.757,-0.361121068934888,-0.4406075146718035,0.3636947721697539,-0.9699350657184392,-2.664328101298961,0.6823693728792146,1,1,0.6381808519363403,-1.4096457970193406,1.8898137251483362,-2.5690561733641566,-1.5001018683062952,-0.21473580995668584,0.07990578562021255,0.0,-0.0,-0.007008059415966272,0.0005609854706563056,0.0,1789113965.8886838
2882.857,-0.35734968929668687,-0.4439591549131694,0.36447349666476625,-0.9566881927354035,-2.6659035690594277,0.6906099917254399,1,1,0.6471142768859863,-1.4095907670310517,1.889801327382223,-2.5749570331969203,-1.5000727812396448,-0.2147286573993128,0.09317286312580109,2.7566872395912156e-11,-0.00018769079179037362,-0.09099416434764862,0.0002287319366587326,0.0,1789113965.9886398
2882.957,-0.3531376575453954,-0.4476860221303388,0.3656154789296962,-0.9413363215094244,-2.6662783569247575,0.7017068944366975,1,1,0.6570855975151062,-1.409598023896553,1.8897774855243128,-2.583219190637106,-1.5000694433795374,-0.21473199525942022,0.11199960857629776,0.00010167516302317381,-0.0001566622086102143,-0.047656625509262085,9.28521403693594e-05,0.0,1789113966.0886314
2883.057,-0.34759975842883967,-0.45212963335241413,0.3660589887736981,-0.9244440775624752,-2.6721498853446137,0.7077282237526278,1,1,0.6695734858512878,-1.4096291673234482,1.8897421995746058,-2.586215158502096,-1.500045124684469,-0.21476346651186162,0.13669079542160034,2.3475745093356625e-28,-0.00015650455316063017,-0.022316474467515945,1.0613570349012164e-35,0.0,1789113966.188632
2883.1569999999997,-0.34241542448402407,-0.456448334787143,0.36727694808050415,-0.9064968597498133,-2.673314672209024,0.7198698956651756,1,1,0.681508481502533,-1.4096219551614304,1.8896778265582483,-2.594922205010885,-1.5000126997577112,-0.21475154558290654,0.09827463328838348,-3.426174745274178e-42,-0.0010969509603455663,-0.17137448489665985,0.0001789164380170405,0.0,1789113966.2886314
2883.257,-0.3391904758661606,-0.4599607134718176,0.37111243940010874,-0.8871239630615428,-2.6582896157687625,0.7511829051045653,1,1,0.6900832653045654,-1.4096062940410157,1.8893569151507776,-2.6217838726439417,-1.5000608603106897,-0.21473580995668584,0.0797533243894577,0.0,-0.004540663678199053,-0.34728801250457764,7.857263699406758e-05,0.0,1789113966.3886368
2883.357,-0.3365946391656875,-0.4632198290875501,0.3769206676132746,-0.8646098356904285,-2.631020386403246,0.7976689018708015,1,1,0.6975532174110413,-1.4096255761436005,1.889294449483053,-2.6634799442686976,-1.5001052061664026,-0.21475154558290654,0.06480994820594788,0.0,-9.636897448217496e-05,-0.4374409317970276,0.0,0.0,1789113966.4886584
2883.457,-0.33443999319512896,-0.46552484237578823,0.3806890116328498,-0.848947013074924,-2.6131836536280897,0.8282035217112165,1,1,0.7031940817832947,-1.4095188838294526,1.889341179524557,-2.6911474666991175,-1.5001137892352503,-0.21474773088564092,0.060201454907655716,0.00017800528439693153,-4.1210761992260814e-05,-0.08711539208889008,0.0,0.0,1789113966.5886772
2883.557,-0.33181007355093245,-0.46743347097874527,0.3807805581895988,-0.8416889604324651,-2.6162318295151468,0.8304112423769588,1,1,0.7088761925697327,-1.4094866228154679,1.8893173376666468,-2.6918498478331507,-1.5001323858844202,-0.21475154558290654,0.04535563662648201,0.00017090296023525298,-0.0,0.00018823717255145311,0.0,0.0,1789113966.6886632
2883.6569999999997,-0.3310635423449101,-0.46794682629519596,0.3807599363483788,-0.8397605744858805,-2.6172672177617797,0.8307494061139075,1,1,0.7104535102844238,-1.4094985288432618,1.8893659750567835,-2.691825052300924,-1.500146214162008,-0.21474773088564092,9.620245691621676e-05,3.66189815395046e-05,9.622173820389435e-05,0.00013099171337671578,6.684008550253349e-33,0.0,1789113966.7887156
2883.757,-0.33112973542336577,-0.46788565311365005,0.3807353419862133,-0.8399979187125449,-2.6171567313148407,0.8304994753622913,1,1,0.71031653881073,-1.4095021349242707,1.889402214680807,-2.691765924493307,-1.5002802054034632,-0.2147439161883753,-0.001119289081543684,1.2070534133968105e-21,0.0003902483149431646,0.0004527161654550582,-0.000287931936327368,0.0,1789113966.888597
2883.857,-0.3311244039489431,-0.467883089873102,0.38069491775498143,-0.8400681369471428,-2.6173186192571443,0.8303275432825312,1,1,0.7103147506713867,-1.4094902288964768,1.8894293943988245,-2.691617628137106,-1.500253979359762,-0.21473199525942022,-1.1714558310688788e-36,0.0,0.0001515068142907694,0.0031636967323720455,-0.00014252742403186858,0.0,1789113966.9885988
2883.957,-0.33113799744804506,-0.4678957329441903,0.38055609391192446,-0.8401442304581712,-2.617625976076675,0.8298655772108973,1,1,0.7103216648101807,-1.4093356293490906,1.8894804159747522,-2.691418310204977,-1.5002849737750452,-0.21476680437196904,0.0,0.0006943449261598289,0.00012705917470157146,0.0010828959057107568,-8.192227687686682e-05,0.0,1789113967.0886862
2884.057,-0.3311679455570985,-0.46791674939825745,0.3804829320334255,-0.840266381170953,-2.617791536563784,0.8296544449011082,1,1,0.710313081741333,-1.4091993135264893,1.8894408384906214,-2.691298624078268,-1.5002730528460901,-0.21473199525942022,0.0,0.0005806728731840849,0.00011609081411734223,0.0005792603478766978,-3.184528922459546e-24,0.0,1789113967.188684
2884.1569999999997,-0.33116610648833095,-0.46791515060627686,0.3804330419798069,-0.8402653060798945,-2.617905663559839,0.8295015526840578,1,1,0.710313081741333,-1.409163312321045,1.8894861380206507,-2.691242834130758,-1.5002730528460901,-0.21476346651186162,0.0,0.00039688165998086333,4.1921363510776235e-30,0.00023112940834835172,-0.0,0.0,1789113967.288697
2884.257,-0.3311679072999826,-0.4679189298935994,0.38044503868646595,-0.8402972420169155,-2.617860817626213,0.8295138590099519,1,1,0.7103216648101807,-1.409163312321045,1.8894622961627405,-2.691246648828024,-1.5003040472613733,-0.21473199525942022,0.0,7.536102930316702e-05,6.2203299541532484e-24,0.00010702911822590977,-0.0,0.0,1789113967.388692
2884.357,-0.331158537390395,-0.46792367209373364,0.3804041428408916,-0.8402796292037382,-2.6179628985857346,0.8294159235037416,1,1,0.7103369832038879,-1.4091321390918274,1.8895018736468714,-2.6912156544127406,-1.5002921263324183,-0.21475154558290654,0.0,4.87241632072255e-05,-0.0,7.818207086529583e-05,-0.0,0.0,1789113967.4886966
2884.457,-0.3311609604314899,-0.46791747157296626,0.3804176616985606,-0.8402791950748354,-2.6179322480622575,0.8294813390002218,1,1,0.7103216648101807,-1.40915139139209,1.8895052115069788,-2.691246648828024,-1.5002697149859827,-0.21475106874574834,0.0,0.0,-0.0,4.9559939851477185e-25,-0.0,0.0,1789113967.5886493
2884.557,-0.3311809170440713,-0.46792084485707774,0.38043854530326465,-0.8402900917642817,-2.6178639579127383,0.8295216350049237,1,1,0.7103061676025391,-1.4091357302716752,1.8894489447223108,-2.6912628612914027,-1.5002883116351526,-0.21474773088564092,0.0,3.4509207580413204e-06,2.654799224899307e-08,1.3868322625205116e-26,-0.0,0.0,1789113967.6886556
2884.6569999999997,-0.3311737880526603,-0.4679196545213303,0.3803820890276824,-0.8403098059566639,-2.6179317607787187,0.8294514736356716,1,1,0.7103113532066345,-1.4090915781310578,1.8895280996905726,-2.691310545007223,-1.5002802054034632,-0.2147439161883753,0.0,0.001102707115933299,3.86460689838497e-11,0.0,-0.0,0.0,1789113967.788646
2884.757,-0.3308620106366889,-0.4681547799955087,0.38054437176446226,-0.8392452430528656,-2.618005265638468,0.8303098224375289,1,1,0.7109760046005249,-1.4091910284808655,1.8894055525409144,-2.6916448078551234,-1.5001619497882288,-0.21477157274355108,0.02810925804078579,0.0008967706235125661,-7.145627023419365e-05,-0.0003376640670467168,-0.0,0.0,1789113967.888648
2884.857,-0.3279762494378891,-0.4702518660013409,0.3812847555677878,-0.8300764974999199,-2.618327541223442,0.8368859860205966,1,1,0.7172108292579651,-1.4093703937581559,1.8893521467791956,-2.6960483990111292,-1.5001204649554651,-0.214759651814596,0.09652014821767807,-0.00028085726080462337,0.0001590191968716681,-0.14999638497829437,0.0007331729866564274,0.0,1789113967.9886456
2884.957,-0.32292381649781043,-0.47437653744098635,0.3863026874307148,-0.8049853297626601,-2.597729494733643,0.8769722887607694,1,1,0.7287399172782898,-1.4096026730588456,1.8893469015704554,-2.7309824428954066,-1.5001381079303187,-0.21477157274355108,0.1390330195426941,-0.0001402508933097124,-0.0,-0.5156821608543396,0.00012548352242447436,0.0,1789113968.0886717
2885.057,-0.3176165622213399,-0.47864426606538873,0.3939827838214818,-0.7735626722644654,-2.5610324815346392,0.9371265318127016,1,1,0.74075847864151,-1.4095704120448609,1.889332119618551,-2.785731931725973,-1.5001843611346644,-0.21475154558290654,0.08627723157405853,8.975726086646318e-05,-0.0,-0.5066126585006714,1.1196268315137217e-24,0.0,1789113968.188661
2885.1569999999997,-0.31630012527126744,-0.4797090229671815,0.399058545496343,-0.758824876784109,-2.5329684961829515,0.9750236722746799,1,1,0.7437249422073364,-1.4095033717206498,1.8893750349627894,-2.8221899471678675,-1.5002043882953089,-0.21474773088564092,-0.0003304941928945482,0.00012970178795512766,-0.0,-0.17646200954914093,0.0,0.0,1789113968.2886279
2885.257,-0.31634304194891083,-0.47969055956733814,0.3994377202628813,-0.7580178225524007,-2.5305378386703317,0.9779599035046772,1,1,0.7436375021934509,-1.409462646847107,1.8894122282611292,-2.825170179406637,-1.5001619497882288,-0.21474773088564092,0.0009613267029635608,0.003173055127263069,0.00024544098414480686,0.0011231247335672379,0.0,0.0,1789113968.3886554
2885.357,-0.3162580296441748,-0.4797615347991009,0.3993757172372612,-0.7577447168652484,-2.5307941310471134,0.9779679793550103,1,1,0.7438207864761353,-1.4093824636987229,1.889454189931051,-2.82519068340444,-1.5000861326800745,-0.2147911230670374,0.007512523327022791,0.00024764868430793285,0.00010102770465891808,0.00012527770013548434,0.0,0.0,1789113968.4886663
2885.457,-0.31473808771933326,-0.4808103794082562,0.3992721343787188,-0.7539524944321186,-2.5329340335109944,0.9788713875893977,1,1,0.7470480799674988,-1.4091946345618744,1.8894622961627405,-2.825226446191305,-1.50006610551943,-0.2147753874408167,0.06135200709104538,0.000564644462428987,-0.0,4.876770631767613e-08,0.0005850218003615737,0.0,1789113968.5886927
2885.557,-0.3104806243879701,-0.4835810622739045,0.39929094475912513,-0.7433214723617823,-2.5382973437871943,0.9818264460638438,1,1,0.7558895349502563,-1.4091802102378388,1.889432732258932,-2.8253141842284144,-1.5000575224505823,-0.21478778520692998,0.10867436230182648,0.00010039289190899581,-0.0,-0.0005645945784635842,0.00014060063404031098,0.0,1789113968.6886976
2885.6569999999997,-0.30503016936281985,-0.48704159854894047,0.39943285058264427,-0.7295997983513551,-2.544418455093947,0.9862953850380388,1,1,0.7671303153038025,-1.4091957074454804,1.889395538960592,-2.8261319599547328,-1.5000885168658655,-0.21477157274355108,0.08987811207771301,6.445972935894159e-44,-6.705585838062689e-05,-0.019568266347050667,5.6951623264467344e-05,0.0,1789113968.7886953
2885.757,-0.30307968588453565,-0.48825300086368095,0.4004784056240542,-0.7225655475467206,-2.540636049912115,0.9952557565876264,1,1,0.771106481552124,-1.4092065405896683,1.8894417921649378,-2.8336688480772914,-1.500037972127096,-0.2147753874408167,0.00023433724709320813,0.0,1.0281405319814481e-33,-0.1300738900899887,0.0,0.0,1789113968.8887005
2885.857,-0.3030787870220352,-0.4882467567502192,0.4021049017107229,-0.7191030595166746,-2.530742085059946,1.007202562324659,1,1,0.7710944414138794,-1.4091597211411973,1.8894928137408655,-2.845576902429098,-1.5000847021686,-0.214759651814596,0.0,0.00012896352563984692,0.0010417859302833676,-0.10513962805271149,0.0,0.0,1789113968.98871
2885.957,-0.30304580667713327,-0.48822020415169615,0.40350911751253865,-0.7160766655248177,-2.522252743019428,1.0174579712140164,1,1,0.7710859775543213,-1.4091753524592896,1.8895824591266077,-2.8557931385436,-1.5000622908221644,-0.214759651814596,-0.0004885061061941087,5.555431198445149e-05,0.000664575316477567,-0.10013473033905029,0.0,0.0,1789113969.0887065
2886.057,-0.3029955333597771,-0.48818916994303035,0.4051933638985435,-0.7124918933430802,-2.51215610955772,1.0295225904130705,1,1,0.7710944414138794,-1.4091910135797043,1.8896186987506312,-2.867815156976217,-1.5000575224505823,-0.2147439161883753,-3.179151099175215e-05,0.0,0.00026501642423681915,-0.1528814285993576,0.0,0.0,1789113969.1889133
2886.1569999999997,-0.30300135757714264,-0.48825103865858327,0.40644598562309475,-0.7091504998051831,-2.503038427311841,1.040415457084511,1,1,0.7711458206176758,-1.4086247247508545,1.8897321859942835,-2.879347940484518,-1.5000165144549769,-0.2147439161883753,0.00026379679911769927,0.004557076375931501,0.0003702373942360282,-0.10522917658090591,0.00048078331747092307,0.0,1789113969.288759
2886.257,-0.302690716553589,-0.4883141519344491,0.40854766220860206,-0.7040108751317465,-2.4905070557224955,1.0556910189776374,1,1,0.7715772986412048,-1.4086079460433503,1.8897970358477991,-2.8945728741087855,-1.4999001661883753,-0.214759651814596,0.011132457293570042,0.0001395975996274501,0.00016260382835753262,-0.21590961515903473,0.0005554360104724765,0.0,1789113969.388722
2886.357,-0.30218661051067436,-0.4883662821843326,0.41182365112480873,-0.6959695142943626,-2.470437026825064,1.0794610335525934,1,1,0.7722448110580444,-1.408492998485901,1.8899033705340784,-2.918708940545553,-1.4998849073993128,-0.21477157274355108,0.0006692150491289794,0.0021468813065439463,0.004494174849241972,-0.24065013229846954,8.759239426581189e-05,0.0,1789113969.4887166
2886.457,-0.3020650728864872,-0.48845816142381715,0.4124481805005056,-0.6925406150477502,-2.461724428491763,1.089655470399048,1,1,0.7724928855895996,-1.4072374564460297,1.8907650152789515,-2.9311396084227503,-1.4998462835894983,-0.21475583711733037,0.00484287366271019,0.02977374754846096,0.00916507188230753,-0.00014553673099726439,9.031746880450094e-18,0.0,1789113969.588696
2886.557,-0.3023070873614159,-0.4887316834677576,0.41065966430452905,-0.6934114639186656,-2.464502752394991,1.0865241220025772,1,1,0.7725459337234497,-1.4049617660096665,1.8918898741351526,-2.9313436947264613,-1.4998849073993128,-0.21478397050966436,0.0002666178916115314,0.019734887406229973,0.011023648083209991,-0.004033631179481745,0.0,0.0,1789113969.6887033
2886.6569999999997,-0.3025024962906946,-0.48894162397495816,0.409082060552754,-0.6941294224815662,-2.466656091344467,1.08413062398974,1,1,0.7725683450698853,-1.4029603761485596,1.8930304686175745,-2.932014604608053,-1.4998844305621546,-0.2147753874408167,9.419730486115441e-05,0.010197779163718224,0.011615387164056301,-0.03308989852666855,0.0,0.0,1789113969.7887018
2886.757,-0.30219472907731065,-0.4886399889974525,0.4085668963636756,-0.6935398127561188,-2.465029610517204,1.085971930859073,1,1,0.7725614905357361,-1.4029374581626435,1.8952577749835413,-2.9361540279784144,-1.4998844305621546,-0.21478778520692998,0.0,0.0010711696231737733,0.04125472158193588,-0.04161956161260605,0.0,0.0,1789113969.8886538
2886.857,-0.3010956161970416,-0.48761824967235623,0.4052813607453413,-0.6944286153268312,-2.4678498982104817,1.0829436239501562,1,1,0.7726128101348877,-1.4029147189906617,1.9034579435931605,-2.9411941967406214,-1.4998467604266565,-0.21476823488344365,0.0017217937856912613,0.00010346891212975606,0.13070666790008545,-0.06206842139363289,0.0,0.0,1789113969.9887269
2886.957,-0.2982086414357271,-0.48518495857571403,0.39748538918937704,-0.6959283604032511,-2.4741884206754188,1.0763576232439482,1,1,0.7730904817581177,-1.4028070730021973,1.9232409636126917,-2.954118867913717,-1.4998419920550745,-0.214759651814596,0.005538412369787693,0.00044021682697348297,0.25923582911491394,-0.21170267462730408,0.0,0.0,1789113970.0887427
2887.057,-0.29354716618739546,-0.4816835805100913,0.3911212027761253,-0.6885879319814985,-2.4588332159489226,1.0952231834940145,1,1,0.7744119763374329,-1.402863324885704,1.9499557654010218,-2.999570985833639,-1.4998658339129847,-0.21478730836977178,0.010654740035533905,-0.00018391422054264694,0.2610914409160614,-0.7256159782409668,0.0,0.0,1789113970.1886692
2887.1569999999997,-0.2893976568523207,-0.4777882280605643,0.39162655769585036,-0.6709636471818883,-2.408967353861063,1.1500600579473643,1,1,0.7745418548583984,-1.4027951520732422,1.9723427931415003,-3.0791551075377406,-1.49990159669985,-0.21476346651186162,0.00017664390907157212,0.0009908542269840837,0.1881416290998459,-0.713434100151062,0.0,0.0,1789113970.2887273
2887.257,-0.2872007976288531,-0.4756169804179624,0.39269822029037704,-0.660786945289426,-2.3793996520658243,1.1811369409879018,1,1,0.7744700908660889,-1.402791605596878,1.9830825964557093,-3.12310852626943,-1.499946419392721,-0.214759651814596,7.318110268973006e-25,8.367201371584088e-05,0.030190235003829002,-0.11782615631818771,0.0,0.0,1789113970.3887162
2887.357,-0.2871837158846909,-0.4755417635205638,0.39257670150247254,-0.6606455954831595,-2.378763416349078,1.1817204718638783,1,1,0.7743896245956421,-1.4026155036738892,1.9835189024554651,-3.124385496179098,-1.4999406973468226,-0.2147753874408167,-0.00014844060933683068,0.012307806871831417,0.00013122191012371331,-7.133743735357258e-21,0.0,0.0,1789113970.488713
2887.457,-0.28744178798008707,-0.4757714314675108,0.3916371231410211,-0.6612198130012437,-2.3802805806776437,1.1801293476589738,1,1,0.7743571996688843,-1.4009887439063569,1.9836791197406214,-3.124460836450094,-1.4999373594867151,-0.214759651814596,-6.723540718667209e-05,0.028488460928201675,0.002440860029309988,-5.679696550942026e-05,0.0,0.0,1789113970.5887203
2887.557,-0.28785711832348565,-0.4761632855487797,0.38997340525425633,-0.6621646095925888,-2.3829490704779346,1.1773242491773621,1,1,0.7743382453918457,-1.3981686246446152,1.9840453306781214,-3.124645849267477,-1.4999530951129358,-0.21475583711733037,0.0,0.029125675559043884,0.003143133595585823,-0.002252073958516121,0.0,0.0,1789113970.688639
2887.6569999999997,-0.28865713215334027,-0.4769640520087015,0.3871279345853139,-0.6636344732290207,-2.387384822046302,1.1727341940670215,1,1,0.7743571996688843,-1.3929291677526017,1.9842312971698206,-3.125129838983053,-1.4999530951129358,-0.214759651814596,0.0,0.06672333925962448,0.0007463727379217744,-0.010886915028095245,0.0,0.0,1789113970.7886984
2887.757,-0.28975978632115973,-0.4780695763294756,0.3835465137681459,-0.6649086984383814,-2.391332938427222,1.1686925583889118,1,1,0.774377703666687,-1.3855445843986054,1.9842494169818323,-3.128158231774801,-1.49992543855776,-0.21475583711733037,0.0,0.0816328227519989,0.00011242176697123796,-0.08063497394323349,0.0,0.0,1789113970.8886957
2887.857,-0.29104306894546783,-0.47935042013283463,0.3803361636932341,-0.66284184032902,-2.3857303415551585,1.1746554710417425,1,1,0.774377703666687,-1.3754017514041443,1.984234635029928,-3.1446339092650355,-1.4998930136310022,-0.2147753874408167,0.0,0.1215255856513977,6.515886553055616e-25,-0.22490593791007996,0.0,0.0,1789113970.988704
2887.957,-0.2925315357358119,-0.4808477598363648,0.3770685123488756,-0.6580154420693956,-2.372135586366731,1.1888618502936255,1,1,0.7743861675262451,-1.3621357691339036,1.9842131773578089,-3.17313875774526,-1.49988300005068,-0.2147753874408167,0.0,0.1278822124004364,-2.4530694645363837e-05,-0.38365545868873596,9.261056810316859e-09,0.0,1789113971.0887115
2888.057,-0.29355086301313643,-0.4819162262776812,0.3759076020221501,-0.6486698309977307,-2.345423514466575,1.2161697402186507,1,1,0.7744222283363342,-1.3492886287024994,1.9842293898211878,-3.215708395043844,-1.4998930136310022,-0.214759651814596,0.00011938463285332546,0.14114883542060852,-0.0,-0.4445478320121765,0.0,0.0,1789113971.1886683
2888.1569999999997,-0.2947948033874857,-0.48316442672772997,0.37337505917185826,-0.6407710370043357,-2.322749922293798,1.2387685300775184,1,1,0.7744101285934448,-1.3347890240005036,1.9842031637774866,-3.2551499805846156,-1.499913517628805,-0.21477157274355108,2.360334035958471e-27,0.13638082146644592,-0.0,-0.3364676237106323,0.0,0.0,1789113971.288728
2888.257,-0.2961243131170036,-0.48449657713103866,0.3692820949163712,-0.637855493883873,-2.3145559387339474,1.2469244878487662,1,1,0.7744101285934448,-1.3219526571086426,1.9842608610736292,-3.2770725689330042,-1.49988300005068,-0.214759651814596,0.0,0.12267088145017624,0.00012673217861447483,-0.1316072791814804,0.0,0.0,1789113971.3887272
2888.357,-0.29762604199793646,-0.4859826425501896,0.3638617789451177,-0.6386191364350139,-2.3169723545812024,1.244581747530715,1,1,0.774416983127594,-1.3098129791072388,1.9843266646014612,-3.286659379998678,-1.4999168554889124,-0.214759651814596,-1.0585158634057734e-05,0.12414348125457764,0.0015543295303359628,-0.10220319777727127,0.0,0.0,1789113971.4886825
2888.457,-0.29847770799725615,-0.4868680885613347,0.3607523888359872,-0.6359286211064877,-2.309614380194016,1.2519232279628922,1,1,0.7744461297988892,-1.2999441188624878,1.984647576008932,-3.3049751720824183,-1.4998624960528772,-0.21477157274355108,0.0006316644139587879,0.06674665957689285,0.005937360692769289,-0.2590472102165222,0.0,0.0,1789113971.5886805
2888.557,-0.2976189975135417,-0.48691456226234564,0.3614663770711514,-0.6275384034944678,-2.2894168315351453,1.272639875736575,1,1,0.7755467891693115,-1.2951904696277161,1.98588735262026,-3.333681722680563,-1.4998090902911585,-0.214759651814596,0.022517558187246323,0.044376760721206665,0.026996560394763947,-0.27342501282691956,0.00027837007655762136,0.0,1789113971.6887171
2888.6569999999997,-0.2955384420778887,-0.48596080834857036,0.35908316437475807,-0.6229933335125525,-2.281296677114243,1.2817814416007332,1,1,0.7769383192062378,-1.2921808821013947,1.9939597288714808,-3.354428907433981,-1.4998605887042444,-0.21476346651186162,0.0017376752803102136,0.016774127259850502,0.15350064635276794,-0.15602120757102966,6.800837581977248e-05,0.0,1789113971.7886667
2888.757,-0.29137902357832884,-0.4822535055629014,0.34953963909187735,-0.6274134427230533,-2.2963495639983686,1.2681012067919775,1,1,0.7774211168289185,-1.2916097205928345,2.0181248823748987,-3.36327662090444,-1.4998210112201136,-0.21476346651186162,0.012959178537130356,0.001926806871779263,0.31529921293258667,-0.03035700134932995,1.5126738276989366e-35,0.0,1789113971.8887267
2888.857,-0.284306973412985,-0.47782770870477587,0.33770718218312484,-0.6299782462896409,-2.3168056739231293,1.2519458335128995,1,1,0.780754029750824,-1.2916971010020752,2.0498068968402308,-3.3748890362181605,-1.4997614065753382,-0.21477157274355108,0.052986156195402145,-0.000645546184387058,0.27013349533081055,-0.34578564763069153,0.00037200882798060775,0.0,1789113971.988732
2888.957,-0.27796021074290356,-0.47429136520958565,0.33817486060140034,-0.6133458595496875,-2.2812619650868475,1.2899387291744175,1,1,0.7843743562698364,-1.2916779083064576,2.0677006880389612,-3.433666845361227,-1.499793831502096,-0.21475583711733037,0.012357816100120544,-5.156902261660434e-05,0.07428799569606781,-0.7254659533500671,7.245741289807484e-05,0.0,1789113972.0887303
2889.057,-0.2756071435282893,-0.4720514689541439,0.34620849033686474,-0.5935049241675762,-2.22231977942068,1.3443587967570307,1,1,0.7844579815864563,-1.291657642727234,2.0688779989825647,-3.497786661187643,-1.4998210112201136,-0.21474773088564092,-0.00029649960924871266,0.00013561913510784507,-0.0002122596779372543,-0.5549532175064087,1.643113902901431e-30,0.0,1789113972.1887224
2889.1569999999997,-0.27427657576904385,-0.47072454981521794,0.3507705028845544,-0.5820901219077366,-2.1879061514920393,1.3747409226457885,1,1,0.7844271659851074,-1.2913021606257935,2.0689480940448206,-3.5343758068480433,-1.4998486677752894,-0.21474057832826787,-2.6942885597236454e-05,0.002802781295031309,0.00014667017967440188,-0.13715773820877075,0.0,0.0,1789113972.28873
2889.257,-0.27443256126100585,-0.47094036807559303,0.3499691681857423,-0.5821221862029248,-2.1884434284057153,1.3743978030535189,1,1,0.7844974398612976,-1.2894443434527894,2.0689480940448206,-3.5357443294920863,-1.4998090902911585,-0.21475583711733037,0.0,0.04643062502145767,3.3464493753854185e-05,0.00014779480989091098,0.0,0.0,1789113972.3887124
2889.357,-0.2754923468657534,-0.4719908439877523,0.34571780843296107,-0.5846109867363646,-2.196058631885149,1.3677922207801736,1,1,0.7844750881195068,-1.2813545626452942,2.0689480940448206,-3.5358830891051234,-1.499781910573141,-0.214759651814596,4.8150595830520615e-05,0.11095146834850311,-1.1821800018475198e-37,-0.00018048928177449852,0.0,0.0,1789113972.4887393
2889.457,-0.2771732843906386,-0.47367599014338013,0.338719722299943,-0.5886928614135207,-2.2085397986122244,1.3568570371109554,1,1,0.7844716310501099,-1.268076704149582,2.0689175764666956,-3.5360576115050257,-1.499775234852926,-0.214759651814596,-1.7264752386836335e-05,0.15588781237602234,-0.0,-0.0002317681210115552,0.0,0.0,1789113972.5887249
2889.557,-0.2788821573767606,-0.47540425196645375,0.3312079486528538,-0.5930838723967657,-2.221869927275169,1.3450113844409448,1,1,0.7844974398612976,-1.253923164015152,2.0689051787005823,-3.536168237725729,-1.4998210112201136,-0.2147439161883753,0.0,0.1318672001361847,-1.8012656894813904e-17,-0.00022767351765651256,0.0,0.0,1789113972.6886823
2889.6569999999997,-0.27998250887306086,-0.47650708014474796,0.3262129557508189,-0.5959099538487991,-2.23051911951004,1.3372657396733012,1,1,0.7844940423965454,-1.2444801491549988,2.068881336842672,-3.536463876763815,-1.4998176733600062,-0.21475249925722295,-3.290711538284086e-05,0.05572589859366417,-0.00013948147534392774,-0.013326652348041534,0.0,0.0,1789113972.7887297
2889.757,-0.2801816348170624,-0.4767031994032912,0.325211370055924,-0.596112852080145,-2.231180059797159,1.3366796150380962,1,1,0.784485399723053,-1.2422442001155396,2.0689151922809046,-3.5380407772459925,-1.4998090902911585,-0.214759651814596,-1.2148400275352708e-31,-0.0002713764552026987,-2.0346156010512876e-33,-0.05841071903705597,0.0,0.0,1789113972.8887248
2889.857,-0.279579866839283,-0.47610945258000925,0.3274096981230499,-0.5907792932045892,-2.2152717271138664,1.350981251414424,1,1,0.7844750881195068,-1.2422117453864594,2.0689242521869105,-3.5549074612059535,-1.499793831502096,-0.2147753874408167,0.0,9.7269905381836e-05,-0.0,-0.2407187670469284,0.0,0.0,1789113972.9887826
2889.957,-0.27875570630152285,-0.4753193263288245,0.33021013063631866,-0.5839209698698241,-2.1947080911584655,1.3691855693910724,1,1,0.7844992280006409,-1.2421518725207825,2.068925682698385,-3.5766025982298792,-1.499805752431051,-0.214759651814596,0.0,0.000584713532589376,1.8279344137752245e-20,-0.11213289201259613,0.0,0.0,1789113973.088743
2890.057,-0.27877576326269543,-0.47533227485588153,0.3300580582378263,-0.5836570042280058,-2.193844235187526,1.3699193472172109,1,1,0.7844905853271484,-1.2414950889400025,2.0689380804644983,-3.5781647167601527,-1.4998210112201136,-0.21475583711733037,4.4104759631835375e-31,0.014650032855570316,9.545600914862007e-05,7.520623330492526e-05,0.0,0.0,1789113973.1887434
2890.1569999999997,-0.2790406785972152,-0.47563668289477723,0.3287198956057508,-0.5843759624035045,-2.1962587985708915,1.36788522979884,1,1,0.7845385074615479,-1.2389934223941346,2.068960491810934,-3.578203340569967,-1.499805752431051,-0.21475583711733037,0.0002664879139047116,0.038364995270967484,7.664223167361315e-35,2.0954101273673587e-05,0.0,0.0,1789113973.2887404
2890.257,-0.2797782621259812,-0.476380203958176,0.3253145120854042,-0.5863255690271107,-2.2023269622161115,1.3626003109783715,1,1,0.7845385074615479,-1.232603208427765,2.0689571539508265,-3.578252454797262,-1.4997852484332483,-0.21477157274355108,0.00015061176964081824,0.08693291991949081,-0.0,0.0,0.0,0.0,1789113973.3888776
2890.357,-0.28083365057071824,-0.47743322658868875,0.32021703396613177,-0.5886305620172472,-2.209398042435996,1.3564042206652165,1,1,0.7845231890678406,-1.2223912638476868,2.068944756184713,-3.5810467205443324,-1.4997699896441858,-0.21477157274355108,8.338195766555145e-05,0.11419360339641571,-0.0,-0.0700240209698677,0.0,0.0,1789113973.4886758
2890.457,-0.28164444740203637,-0.4782745731177903,0.3154598870207763,-0.5879204427392749,-2.2076230828092545,1.3580725970293857,1,1,0.7845385074615479,-1.2100425523570557,2.0689290205584925,-3.595304628411764,-1.4997580687152308,-0.21478778520692998,0.0,0.12509123980998993,-0.0,-0.2196856141090393,0.0,0.0,1789113973.5887327
2890.557,-0.281666226804684,-0.47834370749626653,0.3134165668533373,-0.5819076101118554,-2.1897960520760402,1.3738510660643009,1,1,0.7845624685287476,-1.199024037723877,2.0689323584186,-3.625090261498922,-1.4997547308551233,-0.21477157274355108,0.0002082517312373966,0.10932041704654694,-7.270585355293546e-29,-0.34810328483581543,0.0,0.0,1789113973.6887517
2890.6569999999997,-0.28148978070897956,-0.47817348592922454,0.31182535584129006,-0.5747170349852545,-2.168162501550351,1.3925731005514217,1,1,0.7845316529273987,-1.1879901450923462,2.068944756184713,-3.658724924127096,-1.4997666517840784,-0.214759651814596,2.8076092348783277e-05,0.11496247351169586,-0.0,-0.31049588322639465,0.0,0.0,1789113973.788738
2890.757,-0.2812116829918054,-0.4779108636300611,0.31042623374054634,-0.5678030352904742,-2.1473327198320655,1.4102297167199842,1,1,0.7845231890678406,-1.177833543424942,2.068965260182516,-3.6905099354186,-1.4998176733600062,-0.21476346651186162,0.0,0.08457554131746292,0.00010150107846129686,-0.33208540081977844,0.0,0.0,1789113973.8886886
2890.857,-0.28070783234573105,-0.47745725637652814,0.3099459695028239,-0.560849098730227,-2.1265569237952526,1.4276567912879752,1,1,0.7845505475997925,-1.1700385969928284,2.06898004213442,-3.719811578790182,-1.4997904936419886,-0.21474773088564092,0.0,0.07004059106111526,8.576058462494984e-05,-0.2311849296092987,0.0,0.0,1789113973.988727
2890.957,-0.2808049895541657,-0.47753763888442424,0.3077748901336341,-0.5590098951116231,-2.120933134185643,1.4322470022831268,1,1,0.7845179438591003,-1.1631382268718262,2.06923753419985,-3.732732435266012,-1.4998262564288538,-0.214759651814596,-4.449618427315727e-05,0.0753745287656784,0.006374536547809839,-0.05871269479393959,0.0,0.0,1789113974.0887253
2891.057,-0.2808995458277615,-0.4776631302908306,0.3044450138302357,-0.5587226063592982,-2.120252954497943,1.432878400664161,1,1,0.784545361995697,-1.1555503767779847,2.070505444203512,-3.742324491540426,-1.4998329321490687,-0.21475583711733037,-1.0635855344225362e-42,0.06920377165079117,0.014525111764669418,-0.14946597814559937,0.0,0.0,1789113974.188734
2891.1569999999997,-0.280464733705336,-0.4772048537197948,0.3028794986027377,-0.554994800810395,-2.1089116615954087,1.4421481036269816,1,1,0.78448885679245,-1.1489204329303284,2.0717442671405237,-3.761822362939352,-1.4998210112201136,-0.214759651814596,0.0,0.05774183198809624,0.005021176766604185,-0.23886854946613312,0.0,0.0,1789113974.2887273
2891.257,-0.2794541302699563,-0.47624104805626943,0.3044036738032314,-0.5473875591187359,-2.085988201903517,1.4606645145756094,1,1,0.7845231890678406,-1.1456707578948517,2.0719268957721155,-3.7886935673155726,-1.4998210112201136,-0.21475583711733037,0.0,0.010422749444842339,0.003385083517059684,-0.254864901304245,0.0,0.0,1789113974.3887463
2891.357,-0.27822233973464816,-0.4750130174165136,0.30523862731004425,-0.5434196255891232,-2.0737598386052043,1.4703318045104248,1,1,0.7845214009284973,-1.1456059378436585,2.0747368971454065,-3.80397953609609,-1.4998658339129847,-0.21474057832826787,-6.685654079774395e-05,8.264465577667579e-05,0.06436602771282196,-0.05546126142144203,0.0,0.0,1789113974.488775
2891.457,-0.2760566307862875,-0.4728139443058014,0.30093045232224597,-0.547243499521958,-2.085225818444264,1.4612363509843338,1,1,0.7844750881195068,-1.145590530042984,2.087076012288229,-3.8046652279295863,-1.4998810927020472,-0.2147439161883753,-0.0001111920500989072,8.794912719167769e-05,0.1890939176082611,-4.7030451241880655e-05,0.0,0.0,1789113974.588747
2891.557,-0.271803122361016,-0.46860924564013945,0.29268911001168035,-0.5546895477281469,-2.1082695660186785,1.4429012813302444,1,1,0.7845231890678406,-1.1456024211696167,2.1106279532061976,-3.8047763309874476,-1.499836270009176,-0.21477157274355108,0.0,1.3466478242161492e-40,0.2391892820596695,-0.00543368561193347,0.0,0.0,1789113974.6887534
2891.6569999999997,-0.2681123472963013,-0.46493655006302265,0.2875844482470305,-0.5577197448216648,-2.117624509987033,1.4353737668675741,1,1,0.7845300436019897,-1.1456848841956635,2.1285374800311487,-3.813058992425436,-1.4998224417315882,-0.2147911230670374,2.5302097128587775e-05,-0.0001366209762636572,0.10356049239635468,-0.1942375898361206,0.0,0.0,1789113974.7887454
2891.757,-0.26584912349299017,-0.46265650216964344,0.29182215456403343,-0.5456515265470753,-2.0805958307863315,1.4651486066950368,1,1,0.7844785451889038,-1.1457172197154541,2.130646053944723,-3.8529068432249964,-1.499869171773092,-0.21476298967470342,0.0,-0.0001458156475564465,-4.710636494564824e-05,-0.5787881016731262,0.0,0.0,1789113974.8887374
2891.857,-0.2632336972764596,-0.4601065317027525,0.2978941498182357,-0.5292064427344261,-2.030706963439583,1.5039520682172016,1,1,0.7845214009284973,-1.1456503433040162,2.130650822316305,-3.903428455392355,-1.4998591581927698,-0.21477872530092412,-1.1631804227363318e-05,0.0,-0.0,-0.3721144199371338,0.0,0.0,1789113974.9887571
2891.957,-0.26252568421634015,-0.4594013720796139,0.29943442745278703,-0.5250137814822834,-2.0177349728170006,1.5137746757004664,1,1,0.7845145463943481,-1.1456609231284638,2.130678955708639,-3.916454692880148,-1.4998624960528772,-0.21474057832826787,1.0820867828442715e-05,6.499069422716275e-05,-6.663298700004816e-05,0.0004275786050129682,1.033250045900629e-36,0.0,1789113975.0886846
2892.057,-0.26254353325429997,-0.45941912144319946,0.29942471800785525,-0.5250004933830197,-2.017849733779215,1.513659456105776,1,1,0.7845145463943481,-1.145645336513855,2.130632225667135,-3.916307350198263,-1.4998624960528772,-0.21478778520692998,0.0,-2.4289091015816666e-05,-0.0,0.0064059472642838955,0.0,0.0,1789113975.1887412
2892.1569999999997,-0.26258175681813645,-0.4594259646651206,0.29935590459760153,-0.5252174558304049,-2.018216447994546,1.5133064076930667,1,1,0.7844802737236023,-1.1456059676459809,2.1306541601764124,-3.915957351724142,-1.4999082724200647,-0.21477157274355108,0.0,0.0,-4.319760773796588e-05,0.00016571230662520975,0.0,0.0,1789113975.2887702
2892.257,-0.262540621159549,-0.45944401257675416,0.29939648565830457,-0.525104652743716,-2.0181770429344956,1.513470375316805,1,1,0.7845540046691895,-1.145667926674225,2.1306360403644007,-3.915981432000631,-1.4998658339129847,-0.21475249925722295,0.00023827872064430267,0.0,-5.913903078180738e-05,4.579142478178255e-05,0.0,0.0,1789113975.3887868
2892.357,-0.2624688205293385,-0.4592950428087881,0.29960253103928913,-0.5245977744481427,-2.016167132659801,1.5148247775494739,1,1,0.7844545841217041,-1.1456503433040162,2.13070518175234,-3.917999883691305,-1.499913517628805,-0.21475583711733037,-0.00019776393310166895,-6.584429502254352e-05,-0.0,-0.03786494955420494,0.0,0.0,1789113975.4887698
2892.457,-0.2620902357669692,-0.4589319406491459,0.3003832249277693,-0.5223883198174405,-2.0094611589745,1.5198632527949125,1,1,0.7844700813293457,-1.1456299287131806,2.130714241658346,-3.9247480831541957,-1.499913517628805,-0.21475583711733037,3.040578024193205e-16,-7.450517824184082e-31,0.0008620404405519366,-0.11500881612300873,0.0,0.0,1789113975.5887275
2892.557,-0.2612800311607506,-0.4581341334303407,0.30204367695698575,-0.517732940517342,-1.9951169654202154,1.5304621718251206,1,1,0.7844854593276978,-1.1456213754466553,2.1307461897479456,-3.9390858612456263,-1.4999683539019983,-0.214759651814596,-7.40265822969377e-05,0.00014805642422288656,0.00014117502723820508,-0.14099913835525513,-0.0001313475804636255,0.0,1789113975.6887767
2892.6569999999997,-0.2607934949562885,-0.45762275415118536,0.3028911149174857,-0.5152448178708747,-1.9872875995926025,1.5361522279731106,1,1,0.7844495177268982,-1.1456369322589417,2.1310179869281214,-3.9471036396422328,-1.4999974409686487,-0.214759651814596,-0.00010527843551244587,6.05532550252974e-05,0.006658753380179405,-0.030806168913841248,-0.00015313527546823025,0.0,1789113975.7888038
2892.757,-0.2606784742631656,-0.45732603141107914,0.3024565264655118,-0.5158547464659359,-1.9882799453356501,1.5351655391628078,1,1,0.784197986125946,-1.1455700558475037,2.1323021093951624,-3.9473263225951136,-1.5000093618976038,-0.214759651814596,-0.0007618328672833741,0.00021181715419515967,0.017642909660935402,-0.00010737989941844717,-0.00010897753963945433,0.0,1789113975.888798
2892.857,-0.2599978051724587,-0.45666174075590443,0.30125388404193126,-0.5169842203623939,-1.9918140665035993,1.5326078947203414,1,1,0.7842185497283936,-1.1455926460078736,2.136040512715475,-3.947540422479147,-1.5000093618976038,-0.214759651814596,-4.867447569267824e-05,7.198920502560213e-05,0.05966534838080406,-0.009475301951169968,-6.463185127358884e-05,0.0,1789113975.9887564
2892.957,-0.2589288069409639,-0.45558083823557993,0.2993796802229326,-0.5187202597367996,-1.9970361352622716,1.5287832621211765,1,1,0.7841961979866028,-1.1455665689757843,2.1419275442706507,-3.948251625100607,-1.5000007788287562,-0.2147439161883753,1.2602876267919783e-05,0.0,0.05135137215256691,-0.031086072325706482,-2.123580942179472e-39,0.0,1789113976.088772
2893.057,-0.25760272675583595,-0.4542907218319577,0.2990731660258887,-0.5169498384678429,-1.9918811736485118,1.5326319841894094,1,1,0.7842338681221008,-1.1455975335887452,2.146259609852926,-3.9577211342253626,-1.4999921957599085,-0.21477872530092412,0.0,0.0,0.03007359616458416,-0.20191432535648346,-0.0,0.0,1789113976.188886
2893.1569999999997,-0.2558610330514312,-0.45256286175627414,0.3009220414871314,-0.5102174410881292,-1.9711757539773356,1.547783759310613,1,1,0.7842270135879517,-1.1455425781062623,2.1486380735980433,-3.980743785897726,-1.4999702612506312,-0.21474773088564092,0.0,0.00018169029499404132,0.01571284607052803,-0.21590657532215118,-0.0,0.0,1789113976.2888155
2893.257,-0.2543427268455785,-0.45104868756896876,0.3017413538896911,-0.5059163917089737,-1.9579002173413764,1.557303431665543,1,1,0.7842219471931458,-1.145525650387146,2.151820961629049,-3.997075220147604,-1.4999974409686487,-0.21475583711733037,0.0,0.0003758730017580092,0.06168548762798309,-0.12898719310760498,-0.0,0.0,1789113976.388795
2893.357,-0.25185315245048134,-0.44856794051659354,0.2990290237471016,-0.5068902692947062,-1.9608986959741708,1.5552213530930012,1,1,0.7842185497283936,-1.1454453331283112,2.1631200949298304,-4.0055090389647425,-1.499988857899801,-0.21475154558290654,0.0,0.0006458821007981896,0.15499204397201538,-0.004674775991588831,-0.0,0.0,1789113976.4887311
2893.457,-0.24883346184512978,-0.4455643206425292,0.2936337610873566,-0.5124421773100027,-1.9779984574743774,1.5429956526578565,1,1,0.7842270135879517,-1.1453221601298829,2.1799524466144007,-4.005556961099142,-1.4999702612506312,-0.21474057832826787,0.0,0.00025502024800516665,0.17020010948181152,-0.0006643101223744452,-0.0,0.0,1789113976.5887187
2893.557,-0.24621640970755088,-0.4429327487531215,0.28964922281774086,-0.5161278043171564,-1.9892530641155315,1.5347850471079398,1,1,0.7841961979866028,-1.1453256768039246,2.1935723463641565,-4.0079833469786585,-1.4999783674823206,-0.21476346651186162,0.0,1.4228754480427597e-05,0.09341717511415482,-0.05763055011630058,-0.0,0.0,1789113976.688644
2893.6569999999997,-0.24483120574555634,-0.4415744900922525,0.289749401345419,-0.5136594358942618,-1.9817667068453693,1.54031431360289,1,1,0.7842219471931458,-1.1453256768039246,2.1974852720843714,-4.019363304177755,-1.4999750296222132,-0.214759651814596,0.0,0.0,0.00033027565223164856,-0.20012813806533813,-0.0,0.0,1789113976.788744
2893.757,-0.24357882884461673,-0.44033884822045494,0.2921199873502005,-0.5066570090335046,-1.9601670243356875,1.555915176944137,1,1,0.7842339277267456,-1.1451255542090912,2.197501007710592,-4.040983577767843,-1.5000060240374964,-0.2147439161883753,0.0,0.002282632514834404,4.71864223072771e-05,-0.18110381066799164,-0.0,0.0,1789113976.8887508
2893.857,-0.24335696666099554,-0.4400872187672077,0.29235605298705486,-0.5051672706133165,-1.9554972217796103,1.5592035433966955,1,1,0.7841842770576477,-1.1443453294089814,2.1974785963641565,-4.046335836450094,-1.5000007788287562,-0.214759651814596,0.0,0.019534975290298462,5.0644298652155156e-36,0.00018661815556697547,-0.0,0.0,1789113976.9888053
2893.957,-0.24373794426524575,-0.4405255027002195,0.2902034828209488,-0.5065274076391801,-1.96009602952233,1.5560546391611783,1,1,0.7842578291893005,-1.139876977806427,2.1974342505084437,-4.046284099618429,-1.499963108693258,-0.21476346651186162,0.0,0.072958804666996,-0.00043282893602736294,0.00013844486966263503,-0.0,0.0,1789113977.0886834
2894.057,-0.24477017419738872,-0.44154867648130425,0.2845023842889832,-0.5103649837050169,-1.9719802221483997,1.5475338354149266,1,1,0.7842390537261963,-1.1281250578216095,2.1974719206439417,-4.0463203392424525,-1.4999702612506312,-0.2147753874408167,0.0,0.15762363374233246,-8.507755410391837e-05,7.119116344256327e-05,-0.0,0.0,1789113977.1887782
2894.1569999999997,-0.2461586415793049,-0.4429312828542725,0.276420917175247,-0.515701846834892,-1.988528084802491,1.5355722746697837,1,1,0.7842167019844055,-1.1114110511592408,2.197426144276754,-4.046591421166891,-1.4999530951129358,-0.2147753874408167,0.0,0.15804526209831238,-4.456188253243454e-05,-0.006659810896962881,-0.0,0.0,1789113977.2887614
2894.257,-0.24705435784591614,-0.4438453350007606,0.270567195030507,-0.5192945757241939,-1.9998138577366646,1.5273810173303861,1,1,0.7842270135879517,-1.099142925148346,2.19739801088442,-4.047645708123678,-1.4999149481402796,-0.21477157274355108,0.0,0.0887499451637268,-8.181335579138249e-05,-0.05197720602154732,-0.0,0.0,1789113977.3887174
2894.357,-0.24677411427655802,-0.44358202152878373,0.2694453184712142,-0.5170849698216633,-1.9931095190537804,1.532353207611026,1,1,0.7842425107955933,-1.0940216940692444,2.197378460560934,-4.059441228906149,-1.4999340216266077,-0.2147753874408167,0.0,0.012160282582044601,-0.0002809537691064179,-0.17610028386116028,-0.0,0.0,1789113977.488689
2894.457,-0.24569441566231665,-0.44251735937572395,0.2716174716186308,-0.5109261355438928,-1.9740863657022314,1.5462263034450145,1,1,0.7842578291893005,-1.0939842623523255,2.1973422209369105,-4.078336378137106,-1.499976936970846,-0.214759651814596,0.0,0.00017913729243446141,-0.00015066791092976928,-0.17526285350322723,-0.0,0.0,1789113977.5887449
2894.557,-0.24469267401703304,-0.4415262323375113,0.2735541921187813,-0.5053202073575089,-1.9569548404733166,1.558591474361079,1,1,0.7842509746551514,-1.0939926666072388,2.197345558797018,-4.095312973062033,-1.4999340216266077,-0.214759651814596,0.0,7.990479934960604e-05,-9.014927491080016e-05,-0.16206489503383636,-0.0,0.0,1789113977.6887703
2894.6569999999997,-0.24392824454400058,-0.4407483157765588,0.2750074603283935,-0.5010813223865158,-1.9437835378910087,1.5679047020957748,1,1,0.7842235565185547,-1.0939651888659974,2.197336498891012,-4.108309646646017,-1.499946419392721,-0.214759651814596,0.0,3.4180473448941484e-05,-0.00019807825447060168,-0.0659685879945755,-0.0,0.0,1789113977.7887523
2894.757,-0.24385576941695908,-0.44069080576972625,0.27519326156824275,-0.5005282397427026,-1.942257481224668,1.568992316277896,1,1,0.7842425107955933,-1.093953327541687,2.1972220579730433,-4.109724660912985,-1.4999373594867151,-0.21478730836977178,5.263277032004013e-42,1.0128118910142484e-27,-0.001108639407902956,-5.007041909266263e-05,-0.0,0.0,1789113977.8887014
2894.857,-0.24388090684984268,-0.44072443679437023,0.2752401096553325,-0.5004877920505614,-1.942131714253331,1.5691059266996081,1,1,0.7842543721199036,-1.0939652186683197,2.1970656553851526,-4.10968865970754,-1.4999340216266077,-0.21477157274355108,0.0,0.0,-0.0016741189174354076,-1.1026561878679786e-05,-0.0,0.0,1789113977.9887316
2894.957,-0.24398974401716547,-0.4408488757326128,0.2753969475981894,-0.5003315801886593,-1.9416706471502538,1.5694587230112835,1,1,0.7842783331871033,-1.0939652186683197,2.196472469960348,-4.109560390511984,-1.4999373594867151,-0.21475583711733037,0.0,0.0,-0.015961410477757454,0.00046967988600954413,-0.0,0.0,1789113978.0887668
2895.057,-0.24462129621912074,-0.44146940075388197,0.2763309873511856,-0.4992866071374571,-1.938490485469188,1.5716839264630624,1,1,0.7842596173286438,-1.093968705540039,2.193186108266012,-4.109400650063986,-1.499913517628805,-0.21476442018617803,1.7244394795576032e-14,0.0,-0.057576440274715424,0.00030202767811715603,-0.0,0.0,1789113978.1887631
2895.1569999999997,-0.24637484103774723,-0.4432423574889762,0.27906925722692133,-0.4961463835693122,-1.9289474130570805,1.5783538329770956,1,1,0.7842938303947449,-1.0939463836005707,2.183708969746725,-4.109337469140524,-1.499913517628805,-0.21476775804628545,1.865059891465251e-13,0.0,-0.12727124989032745,0.00028323018341325223,-0.0,0.0,1789113978.2887547
2895.257,-0.24906938389706929,-0.4459118620387128,0.28337023499048464,-0.4913320482444565,-1.9139931466538391,1.5886161632869586,1,1,0.7842680811882019,-1.0939498406699677,2.1690877119647425,-4.109347959558004,-1.4999221006976526,-0.21476442018617803,2.7302929083816707e-05,0.0,-0.14371713995933533,0.00010728367487899959,-0.0,0.0,1789113978.3887463
2895.357,-0.25123258392322906,-0.44806010160040277,0.286937076838403,-0.48732626668749185,-1.901677492766647,1.5969803107606735,1,1,0.7842509746551514,-1.093956784611084,2.1571295897113245,-4.109414716760153,-1.4999101797686976,-0.21478397050966436,0.0,0.0,-0.0715799331665039,-0.00023074157070368528,-0.0,0.0,1789113978.4887717
2895.457,-0.2517116853828238,-0.448563566381572,0.287759833205816,-0.4863955825887141,-1.8989070099803678,1.598941617989063,1,1,0.7842801213264465,-1.093956784611084,2.1543739477740687,-4.109397312203878,-1.4998744169818323,-0.21475249925722295,0.0,0.0,-0.0001452579745091498,-3.605964593589306e-05,-1.656547046797077e-32,0.0,1789113978.588718
2895.557,-0.2515615169033211,-0.4483908945777176,0.2879760015012758,-0.48571421873795356,-1.8966844420631395,1.6003872325968356,1,1,0.7842509746551514,-1.093972162609436,2.1544860045062464,-4.1116365394988,-1.4998982588397425,-0.21476775804628545,0.0,0.0,0.0005154965328983963,-0.08409921079874039,-0.0,0.0,1789113978.6887572
2895.6569999999997,-0.2502049200493545,-0.44705612814995366,0.2901761578560349,-0.4788421803202657,-1.8753929241841407,1.6147182750837823,1,1,0.7842698693275452,-1.0939207834056397,2.154494110737936,-4.132442136804098,-1.4999168554889124,-0.21475249925722295,0.0,0.0008864296833053231,0.00035733007825911045,-0.2945783734321594,-0.0,0.0,1789113978.7887578
2895.757,-0.24852534848287627,-0.4453911538466489,0.29273476958222455,-0.47046625746662074,-1.849489456818706,1.6317799335488627,1,1,0.7842733263969421,-1.0937326115420838,2.15452224413027,-4.157781263391012,-1.49992543855776,-0.21477157274355108,0.0,0.0031386963091790676,0.00018371749320067465,-0.14238688349723816,-0.0,0.0,1789113978.8887138
2895.857,-0.2484427917774828,-0.4453270008885598,0.2925522298547961,-0.4699687150265411,-1.8480407185960963,1.632776793147136,1,1,0.7842938899993896,-1.0928712648204346,2.154506508504049,-4.16005076984548,-1.4999068419085901,-0.214759651814596,0.0,0.01668458804488182,5.473525743582286e-05,0.0007582885446026921,-0.0,0.0,1789113978.9888
2895.957,-0.24865550357526878,-0.4455053824086087,0.29147402478585127,-0.4707286344711094,-1.850255496017619,1.6312659722943694,1,1,0.7842475175857544,-1.0906832081130524,2.154539410267965,-4.160098930398458,-1.4999287764178675,-0.2147753874408167,0.0,0.034457977861166,-0.0,-1.063805380591143e-11,-0.0,0.0,1789113979.088753
2896.057,-0.24927323614086772,-0.4461070260892563,0.28789336698709056,-0.47318386360088316,-1.8578139470436847,1.626317945646875,1,1,0.7842235565185547,-1.0834962588599701,2.154731098805563,-4.160153766671652,-1.499946419392721,-0.2147753874408167,0.0,0.11623705178499222,0.0010113063035532832,-0.0,0.0,0.0,1789113979.1887555
2896.1569999999997,-0.2504035203015983,-0.44723664483496595,0.281290094045748,-0.4774977316874319,-1.8713077808534,1.6174868976157941,1,1,0.7842116951942444,-1.0700006645968934,2.1547492186175745,-4.1606062851347865,-1.4999340216266077,-0.21477157274355108,-4.330364026827738e-05,0.14832369983196259,0.00014661854947917163,-0.008579029701650143,0.0,0.0,1789113979.2887108
2896.257,-0.2510039189998319,-0.4478540256265651,0.27524086578837925,-0.4794350967831614,-1.8774585589891584,1.6134730561775525,1,1,0.7842235565185547,-1.0560284417918702,2.1547654310809534,-4.168649574319357,-1.49994403520693,-0.21477157274355108,0.0,0.12301646918058395,-4.634400113851338e-31,-0.15644341707229614,0.0,0.0,1789113979.3887818
2896.357,-0.25022365774036515,-0.4470879858630743,0.27346019978556624,-0.47489058836191883,-1.8634497711704427,1.622819880422505,1,1,0.7842235565185547,-1.047694281940796,2.154698673878805,-4.190543314019674,-1.499946419392721,-0.21476823488344365,0.0,0.05171893909573555,-5.187081478652544e-05,-0.24371787905693054,0.0,0.0,1789113979.4887557
2896.457,-0.24880774021004076,-0.4456826653392814,0.2749141743611919,-0.4678769709379324,-1.8416896847562105,1.6370226364378642,1,1,0.7842270135879517,-1.045826033954956,2.154768768941061,-4.213539739648336,-1.4999735991107386,-0.21478397050966436,-8.587718184571713e-05,0.00016038879402913153,5.2387407777132466e-05,-0.20117421448230743,0.0,0.0,1789113979.588763
2896.557,-0.2477623150515256,-0.44463779786030894,0.2764934530641347,-0.46279541056791645,-1.825732594919277,1.6472477048070355,1,1,0.7842270135879517,-1.045829491024353,2.1547377745257776,-4.228876968423361,-1.5000212828265589,-0.2147753874408167,-6.949195121748445e-27,1.7260401364183053e-05,2.133742964360863e-05,-0.08419724553823471,0.0,0.0,1789113979.6888158
2896.6569999999997,-0.24760343992480732,-0.44446913693965484,0.27672204258646554,-0.46205724459461583,-1.8232492800571602,1.6488239999809136,1,1,0.7842150926589966,-1.0457986158183594,2.1547415892230433,-4.2312897644438685,-1.500040356312887,-0.2147443930255335,0.0,7.290409121196717e-05,-3.9131571231529026e-29,-0.00019993234309367836,0.0,0.0,1789113979.788718
2896.757,-0.24757026118502756,-0.4444534785511941,0.2767648397193224,-0.4618705662639877,-1.8228685615351339,1.649105978704779,1,1,0.7842338681221008,-1.0457986158183594,2.1547229925738733,-4.231661697427267,-1.5000093618976038,-0.214759651814596,0.0,7.927952314770812e-19,-0.0,-0.0007957957568578422,0.0,0.0,1789113979.888804
2896.857,-0.2476226074879408,-0.4444857293041078,0.27667209363196216,-0.4620788887656382,-1.823484562006701,1.6486506233738287,1,1,0.7842082381248474,-1.0457267326167603,2.1547377745257776,-4.231133600274557,-1.5000246206866663,-0.2147911230670374,0.0,0.0002994674723595381,-0.0,0.006093987729400396,0.0,0.0,1789113979.9888046
2896.957,-0.24764200995013141,-0.44452502310246206,0.276656756906014,-0.4621796119707657,-1.8238645099191577,1.648488862212294,1,1,0.7842304110527039,-1.0457592767528077,2.1547024885760706,-4.230729242364401,-1.4999907652484339,-0.21475583711733037,0.0,-2.7701940780389123e-05,-0.0,0.010113857686519623,0.0,0.0,1789113980.0887706
2897.057,-0.24769192329274237,-0.44457628279593975,0.27659072761547804,-0.4623960614950028,-1.8245739282679023,1.6480480180602721,1,1,0.7842304110527039,-1.0457592767528077,2.154687229787008,-4.230036636392111,-1.4999788443194788,-0.21475583711733037,0.0,-5.901211261516437e-05,-0.0,0.0011545083252713084,0.0,0.0,1789113980.1887646
2897.1569999999997,-0.24769002015704958,-0.44457155894379974,0.2765617955978695,-0.46244367162683325,-1.8247011328655232,1.6479603771596483,1,1,0.7842270135879517,-1.045740322475769,2.1547377745257776,-4.229980369607443,-1.4999821821795862,-0.21475583711733037,0.0,2.4318967916769907e-05,-0.0,0.0012713788310065866,0.0,0.0,1789113980.288773
2897.257,-0.24804523429388353,-0.44493516632717545,0.27604014565965024,-0.46415489768548174,-1.8301041771260353,1.6445094872544832,1,1,0.7842426896095276,-1.045754150753357,2.154727284108297,-4.224756380120748,-1.4999821821795862,-0.21476775804628545,0.0,0.00014588456542696804,-0.0,0.10540895909070969,0.0,0.0,1789113980.3887744
2897.357,-0.24825490169011571,-0.4451261251027112,0.27574583228842514,-0.4651628339220903,-1.833121097411825,1.6425485407455058,1,1,0.7842186689376831,-1.0457696479609986,2.1547377745257776,-4.221827884713644,-1.4999869505511683,-0.214759651814596,0.0,-5.407345452113077e-05,-0.0,-0.002757417503744364,0.0,0.0,1789113980.4887302
2897.457,-0.24815071376023135,-0.44493834331449766,0.27596701969360876,-0.46459697329491945,-1.8307488626294237,1.6439077283639278,1,1,0.7841108441352844,-1.0457711976817627,2.154761616383688,-4.224050422708029,-1.5000575224505823,-0.21473962465395147,-0.006698027718812227,-6.23293817625381e-05,-2.0897122775839157e-31,-0.07647154480218887,-0.0005004460108466446,0.0,1789113980.5887866
2897.557,-0.24771889860250518,-0.44358192071940294,0.2774672869522116,-0.4609577985857001,-1.8145311963677866,1.6526502962675436,1,1,0.7828251123428345,-1.0457558196834107,2.1547415892230433,-4.238878150979513,-1.500364128743307,-0.21475154558290654,-0.014972040429711342,-1.9885447455347816e-10,-0.0,-0.22801809012889862,-0.0009259332437068224,0.0,1789113980.688777
2897.6569999999997,-0.24634386946593054,-0.441013652567362,0.28048462632746535,-0.45231979161460417,-1.7819750669380223,1.671113219318576,1,1,0.7810888290405273,-1.0457781118205567,2.1547158400165003,-4.269153257409567,-1.500505272542135,-0.21476346651186162,-0.0236445851624012,0.0,-0.0,-0.3250749707221985,-0.0005042970296926796,0.0,1789113980.7887912
2897.757,-0.2452051013895389,-0.4389117261725636,0.2827736496832479,-0.4453764318232116,-1.7560680151229162,1.6854685244040157,1,1,0.7796497344970703,-1.0457267326167603,2.154761616383688,-4.293306966821188,-1.5005090872394007,-0.21476346651186162,-0.004136156290769577,0.00017895254131872207,0.00019590409647207707,-0.1007203608751297,-0.0001304460020037368,0.0,1789113980.8887742
2897.857,-0.24517929598605392,-0.4387470435019803,0.2827192895177364,-0.4452691634404833,-1.7549899278894505,1.6858768413700962,1,1,0.7794545888900757,-1.0454544585994263,2.154964272175924,-4.294692894021505,-1.5005605856524866,-0.21476346651186162,-0.004890384152531624,0.006398675497621298,0.002651988761499524,-9.711572056403384e-05,-0.00016773251991253346,0.0,1789113980.988795
2897.957,-0.2458459336138561,-0.4382494271979045,0.28252320015583443,-0.4468818922470597,-1.7543145524683628,1.6844168193206353,1,1,0.7777974009513855,-1.045187310581543,2.1553581396686,-4.295100828210348,-1.5007880369769495,-0.21476680437196904,-0.03901996091008186,0.0007266454049386084,0.010205775499343872,-0.012097757309675217,-0.007016087416559458,0.0,1789113981.0887847
2898.057,-0.2481354431466291,-0.4369567310631824,0.2822748133873944,-0.4515873480251684,-1.7529324727133222,1.679999175912625,1,1,0.7725815176963806,-1.045003966694214,2.1557186285602015,-4.294438739816183,-1.5008686224566858,-0.2147443930255335,-0.02443978749215603,0.008768829517066479,-0.0009121807524934411,0.024477405473589897,-0.00016648072050884366,0.0,1789113981.1887794
2898.1569999999997,-0.24835881508409,-0.43685747906922295,0.2813684788908693,-0.4521432497240763,-1.7530928171231654,1.6794233463729886,1,1,0.7721177935600281,-1.0428224366954346,2.1558545271502894,-4.296365400353903,-1.5009129683123987,-0.2147277037249964,-0.020594174042344093,0.017392566427588463,0.0031120534986257553,-0.09427529573440552,-0.000788997916970402,0.0,1789113981.288769
2898.257,-0.24768447292487908,-0.4339658503504972,0.28335887292985645,-0.44634633493685333,-1.7258010586480448,1.6923585956076157,1,1,0.7687580585479736,-1.042538122539856,2.1569908300982874,-4.322250505486959,-1.5008447805987757,-0.21476346651186162,0.0016075930325314403,0.0004119046498090029,-0.0025430333334952593,-0.11399074643850327,-5.63967005291488e-05,0.0,1789113981.38878
2898.357,-0.24738721130293923,-0.43394306861838267,0.2833860648311697,-0.4457503598402273,-1.7249697779703852,1.6932365695276568,1,1,0.7691618204116821,-1.0424678486636658,2.157193962727682,-4.323490043679708,-1.500880543385641,-0.21473580995668584,-0.01918165758252144,0.0003217190969735384,0.010616377927362919,-0.08381518721580505,2.1450383428600617e-05,0.0,1789113981.4888077
2898.457,-0.24654316320376002,-0.4313476243793359,0.28481488302251207,-0.4407965206945271,-1.7023573935317287,1.7037796217011514,1,1,0.7664574384689331,-1.042151228790619,2.15894586244692,-4.345827957192892,-1.5007951895343226,-0.21475249925722295,0.01521184854209423,0.01207874994724989,-0.003828915534541011,-0.01096673309803009,0.0008455917704850435,0.0,1789113981.5887349
2898.557,-0.24768470992725544,-0.4334016549488917,0.2818672022484558,-0.44748513680533647,-1.7269022718310274,1.690928324081189,1,1,0.7678989768028259,-1.0399025243571778,2.1589697043048304,-4.32544006923818,-1.5007999579059046,-0.21475488344301397,-0.00862002745270729,0.043930746614933014,0.0018362131668254733,0.18975518643856049,0.00016416553989984095,0.0,1789113981.688779
2898.6569999999997,-0.24851806554110317,-0.433853185856495,0.2791031550267165,-0.45040996851867193,-1.7344018218657706,1.6860379280749083,1,1,0.7673561573028564,-1.0345358413508912,2.1589859167682093,-4.323451658288473,-1.5007537047015589,-0.21475154558290654,-0.0001469210401410237,0.04891406372189522,1.9624871129053645e-05,-0.00019960972713306546,9.7832231205075e-09,0.0,1789113981.7887788
2898.757,-0.24880633521237935,-0.4341367425178013,0.27743548255945516,-0.45166477764630747,-1.738139617932445,1.6838084086644411,1,1,0.767371654510498,-1.0310954612544556,2.1590006987201136,-4.323331495324606,-1.500803295766012,-0.21475154558290654,5.958418478257954e-05,0.006289131473749876,-0.0,-2.9027051384930925e-34,0.0,0.0,1789113981.8887813
2898.857,-0.24883475933140226,-0.43419890673111783,0.2773892587904089,-0.45174947039820545,-1.7387774229018966,1.6835313761972763,1,1,0.7674077153205872,-1.0310973089984437,2.1589697043048304,-4.322744270364279,-1.5007250944720667,-0.21476346651186162,0.0003940153692383319,-3.027831371582579e-05,-0.0,0.014423485845327377,0.0,0.0,1789113981.9887745
2898.957,-0.24888438452582295,-0.4342378283121072,0.27734049572811703,-0.45198028812631397,-1.7393263131846963,1.6831569986677815,1,1,0.7674040794372559,-1.0310989183238526,2.158957306538717,-4.322182317773336,-1.5007713476764124,-0.21476346651186162,-1.622786840016488e-05,-3.386693060747348e-05,-2.4182265406125225e-05,0.00020893594773951918,0.0,0.0,1789113982.0887852
2899.057,-0.24888181741802468,-0.43423558436730486,0.2773449998446734,-0.4519553633386851,-1.7393415452762582,1.6831515173418596,1,1,0.7674005031585693,-1.0311178726008912,2.1589697043048304,-4.32216801265859,-1.5007522741900843,-0.21477872530092412,0.0,0.0,-0.0,8.806195546640083e-05,0.0,0.0,1789113982.1887968
2899.1569999999997,-0.24889702671602776,-0.4342434221001652,0.27732197172502704,-0.45196621254292446,-1.739388620851281,1.6831380905151543,1,1,0.7673848867416382,-1.0310561817935486,2.158942524586813,-4.322163005868429,-1.5007265249835413,-0.21477157274355108,0.0,0.0,-0.0,3.248492099683145e-22,0.0,0.0,1789113982.2887995
2899.257,-0.24888311577929562,-0.43423832489487985,0.27730762028870165,-0.4519766136740165,-1.73943899683559,1.6831040819292369,1,1,0.7674005031585693,-1.031051055794098,2.1589892546283167,-4.322166582147116,-1.5007417837726038,-0.21477872530092412,0.0,0.0,-0.0,0.0,0.0,0.0,1789113982.3887813
2899.357,-0.24887959287605857,-0.434232466176252,0.27732406419074407,-0.4519786639110307,-1.739424762806087,1.6831111550953337,1,1,0.767396867275238,-1.0310973089984437,2.159004513417379,-4.3221475086607875,-1.5007417837726038,-0.2147753874408167,0.0,0.0,-0.0,0.0,0.0,0.0,1789113982.4887838
2899.457,-0.24887228333776334,-0.4342455854935807,0.27733402992684153,-0.45201389050902874,-1.7394021428830952,1.6831319092455639,1,1,0.7674388289451599,-1.0311057728580018,2.158973519002096,-4.322123428384298,-1.50079852739443,-0.21474773088564092,0.0,0.0,-0.0,0.0,0.0,0.0,1789113982.588741
2899.557,-0.24889243280533424,-0.43423508727636073,0.2773285451660675,-0.45199476357782115,-1.7393985633671256,1.6831271027867278,1,1,0.7673812508583069,-1.0310904544642945,2.158973519002096,-4.322143932382101,-1.5007370154010218,-0.214759651814596,0.0,0.0,-0.0,0.0,0.0,0.0,1789113982.6887681
2899.6569999999997,-0.248886662321392,-0.4342393397054262,0.27733742483409884,-0.4519624619478525,-1.739342327769951,1.683168726300051,1,1,0.7673969268798828,-1.0310904544642945,2.1589534918414515,-4.322182556191915,-1.5007417837726038,-0.21476346651186162,0.0,0.0,-0.0,0.0,0.0,0.0,1789113982.7887764
2899.757,-0.24888010081576678,-0.4342471238550144,0.2773459105097333,-0.45197008739505606,-1.7393653659320787,1.6831819998946669,1,1,0.7674195766448975,-1.0311126869967957,2.1589463392840784,-4.322139164010519,-1.5007489363299769,-0.21474773088564092,0.0,0.0,-0.0,0.0,0.0,0.0,1789113982.888791
2899.857,-0.24888574981254097,-0.43424657829066826,0.27731567538009005,-0.4519761429567914,-1.7394166164539833,1.683123069707631,1,1,0.7674112319946289,-1.0310527247241517,2.158957306538717,-4.3221546612181605,-1.5007522741900843,-0.21477157274355108,0.0,0.0,-0.0,0.0,0.0,0.0,1789113982.98878
2899.957,-0.24888461408795315,-0.4342354038741517,0.27732577487657123,-0.45198971482810985,-1.7394051464677416,1.6831122944347348,1,1,0.767396867275238,-1.0310904544642945,2.158985439931051,-4.3221475086607875,-1.5007556120501917,-0.21477157274355108,0.0,0.0,-0.0,0.0,0.0,0.0,1789113983.088952
2900.057,-0.24889376086812354,-0.4342369542465985,0.2773316170590808,-0.45200593289901536,-1.7394038287150482,1.6830903810286377,1,1,0.7673884630203247,-1.0311008256724854,2.1589697043048304,-4.322112699548239,-1.5007675329791468,-0.2147753874408167,0.0,0.0,-0.0,0.0,0.0,0.0,1789113983.1886995
2900.1569999999997,-0.24888174127668589,-0.43424185616244193,0.2773326221641542,-0.4520184521179483,-1.7393932378011197,1.683109383294379,1,1,0.7674195766448975,-1.0311007660678406,2.1589697043048304,-4.322123428384298,-1.50079852739443,-0.214759651814596,0.0,0.0,-0.0,0.0,0.0,0.0,1789113983.2887754
2900.257,-0.2488840780647763,-0.43423682486887144,0.2773325438132008,-0.4519768948831569,-1.7394088208658214,1.6831233235555216,1,1,0.7673969268798828,-1.0311057728580018,2.1589821020709437,-4.322132011453146,-1.5007417837726038,-0.21477157274355108,0.0,0.0,-0.0,3.168838685918031e-14,0.0,0.0,1789113983.388812
2900.357,-0.24886134761547254,-0.43424770338251195,0.2773325519024382,-0.4519859032798667,-1.7394320076493193,1.6831323031488719,1,1,0.7674556374549866,-1.0311126869967957,2.1589892546283167,-4.322116275826925,-1.5007880369769495,-0.214759651814596,0.0,0.0,-0.0,0.0,0.0,0.0,1789113983.4887848
2900.457,-0.24888621676951797,-0.43425047789580956,0.2773257088515755,-0.45197919082717636,-1.7394032090930205,1.6831245614854564,1,1,0.7674195766448975,-1.0310699504664917,2.158942524586813,-4.322132011453146,-1.5007675329791468,-0.21477157274355108,0.0,0.0,-0.0,0.0,0.0,0.0,1789113983.5887587
