controller_time_s,tcp_x,tcp_y,tcp_z,tcp_rx,tcp_ry,tcp_rz,gripper_state,gripper_event_counter,actual_q_0,actual_q_1,actual_q_2,actual_q_3,actual_q_4,actual_q_5,actual_qd_0,actual_qd_1,actual_qd_2,actual_qd_3,actual_qd_4,actual_qd_5,host_receive_time_s
2800.383,-0.44794731882476035,-0.4779607871599949,0.33978448975176456,1.1351025894469584,2.893874898512823,-0.026784983591693744,0,0,0.6091198921203613,-1.1708261531642457,1.4655068556415003,-1.8609158001341761,-1.52873403230776,-0.21471149126161748,0.0,0.0,-0.0,0.0,-0.0,-0.0,1789113883.5265586
2800.4829999999997,-0.4479252569996492,-0.47793702501514407,0.339712568899584,1.1350516603189131,2.893767082787096,-0.02659327766595864,0,0,0.6091042757034302,-1.1708261531642457,1.4656537214862269,-1.8608929119505824,-1.5287020842181605,-0.21473580995668584,3.066890144620693e-11,0.0,-3.1994823457281996e-11,0.0,0.00018673198064789176,-0.0,1789113883.6141958
2800.583,-0.44792712520384564,-0.4779326912163856,0.3397060762159445,1.1350871513398584,2.8937789984493265,-0.026582469058883385,0,0,0.6091007590293884,-1.1708261531642457,1.465672794972555,-1.8609196148314417,-1.5287259260760706,-0.21472055116762334,0.0,0.0,-0.0,0.0,5.3361160098575056e-05,-0.0,1789113883.7142713
2800.683,-0.4479307685980279,-0.477932438609629,0.33971548250633615,1.135079867124187,2.8937910674409286,-0.026602964232703807,0,0,0.6090971827507019,-1.1708297592452546,1.4656570593463343,-1.8609158001341761,-1.5287259260760706,-0.2147310415851038,0.0,0.0,-0.0,0.0,0.0,-0.0,1789113883.814192
2800.783,-0.4479265314370326,-0.4779327253858188,0.339737052265285,1.1350574737826384,2.893819208818233,-0.026656927355877272,0,0,0.6091007590293884,-1.1708571475795289,1.465649429951803,-1.8609196148314417,-1.528722111378805,-0.2147467772113245,0.0,0.0,-0.0,0.0,0.0,-0.0,1789113883.9141917
2800.883,-0.44791534228565943,-0.47794365713489756,0.33971776981606977,1.1350375349917232,2.893799302265023,-0.026618323888133302,0,0,0.6091234683990479,-1.1708380442908783,1.4656642119037073,-1.8609191379942835,-1.5287140051471155,-0.21473199525942022,0.0,0.0,-0.0,0.0,0.0,-0.0,1789113884.0143728
2800.9829999999997,-0.44792444240140855,-0.4779397655702455,0.33971161720629833,1.135076950596536,2.8937881398135206,-0.02658284294083739,0,0,0.6091127991676331,-1.1708226066878815,1.4656537214862269,-1.8609072170653285,-1.5287297407733362,-0.21471673647035772,0.0,0.0,-0.0,0.0,0.0,-0.0,1789113884.1142018
2801.083,-0.4479216587456098,-0.47794190839388784,0.3397310267958188,1.1350438086517052,2.8938320715428762,-0.026617533316892646,0,0,0.6091198921203613,-1.1708416503718873,1.4656384626971644,-1.8609072170653285,-1.5287416617022913,-0.21473914781679326,0.0,0.0,-0.0,0.0,0.0,-0.0,1789113884.2141619
2801.183,-0.44790775543421035,-0.4779453413576172,0.33970909083289863,1.1350200426069268,2.8937903917427557,-0.026594224778643993,0,0,0.6091318130493164,-1.1708380740932007,1.4656818548785608,-1.8609158001341761,-1.52871019044985,-0.21473247209657842,0.0,0.0,-0.0,0.0,0.0,-0.0,1789113884.3140752
2801.283,-0.44792942252836765,-0.4779370526872541,0.33971501937592785,1.1350823490320203,2.8937987379483103,-0.02662203120878138,0,0,0.6091042757034302,-1.1708261531642457,1.4656570593463343,-1.860934396783346,-1.5287259260760706,-0.21472388902773076,0.0,0.0,-0.0,0.0,0.0,-0.0,1789113884.4140766
2801.383,-0.44791295474074627,-0.477947061360886,0.3397080837986504,1.1350168944075307,2.893794851966278,-0.02655639284218748,0,0,0.6091318130493164,-1.1708225768855591,1.4656570593463343,-1.8608876667418421,-1.5287259260760706,-0.21473580995668584,0.0,0.0,-0.0,0.0,0.0,-0.0,1789113884.5140898
2801.4829999999997,-0.4479173032721437,-0.4779441537820826,0.339707266316725,1.135052848524827,2.8937737690772516,-0.02661986710952649,0,0,0.6091198921203613,-1.1708261531642457,1.465672794972555,-1.8609305820860804,-1.5286982695208948,-0.21472055116762334,0.0,0.0,-0.0,0.0,0.0,-0.0,1789113884.614103
2801.583,-0.44791754610287376,-0.4779572956026021,0.3396812314398109,1.1349932355438856,2.893777141774411,-0.02653038435721616,0,0,0.6091389060020447,-1.1707756978324433,1.4656537214862269,-1.8609034023680628,-1.5287140051471155,-0.21473914781679326,0.0,0.0,-0.0,0.0,0.0,-0.0,1789113884.7140672
2801.683,-0.44791089815006174,-0.47793676428672044,0.33973702840456654,1.1350411322804272,2.893841086306468,-0.026625801775348925,0,0,0.6091234683990479,-1.1708726745894928,1.4656694571124476,-1.8609158001341761,-1.5287449995623987,-0.21473914781679326,0.0,0.0,-0.0,0.0,0.0,-0.0,1789113884.8140707
2801.783,-0.44793131632199706,-0.47792588446186834,0.3396899346071015,1.135094660042391,2.8937589229735265,-0.02653367702899224,0,0,0.6090888977050781,-1.170814113026001,1.4656890074359339,-1.8609124622740687,-1.5287297407733362,-0.21472388902773076,0.0,0.0,-0.0,0.0,0.0,-2.650530271083823e-28,1789113884.914092
2801.883,-0.4478955806492015,-0.4779563012598744,0.339720216234194,1.134983060113701,2.893837888073046,-0.02657739603250358,0,0,0.6091616153717041,-1.170846388941147,1.4656661192523401,-1.8609000645079554,-1.5287416617022913,-0.21473580995668584,2.938952832209907e-07,0.0,-0.0,0.0,0.0,-0.0,1789113885.0140994
2801.9829999999997,-0.44781410559167517,-0.47800534949466916,0.33963807744134045,1.1347744134835362,2.893807909547633,-0.02637360765755706,0,0,0.6092947125434875,-1.1708104771426697,1.4657896200763147,-1.8608948192992152,-1.5287259260760706,-0.21472388902773076,0.007144514471292496,-3.001533554332094e-37,0.0022071527782827616,0.0,0.0,-0.0,1789113885.1140835
2802.083,-0.4477165707622334,-0.4779886074423426,0.33948932041262725,1.1346269433939955,2.893684243205576,-0.025903395410003218,0,0,0.6093642711639404,-1.1708344680121918,1.4661286512957972,-1.8608643017210902,-1.5287497679339808,-0.21472055116762334,-0.008669854141771793,0.0,0.014743072912096977,0.0,0.0,-0.0,1789113885.2141635
2802.183,-0.4473363838547452,-0.4773420373218297,0.33783753770864966,1.1347095021605045,2.8916545083501712,-0.02137461225336346,0,0,0.608883798122406,-1.1708261531642457,1.469598118458883,-1.8608643017210902,-1.5287931601153772,-0.2147429625140589,0.0005821430822834373,0.0,0.04586813598871231,0.0,0.0,-0.0,1789113885.314434
2802.283,-0.44618567030498324,-0.47689676440627404,0.33538289148752354,1.133206380938007,2.8892106295748516,-0.014647028106588066,0,0,0.6093474626541138,-1.1708428126624604,1.474807087575094,-1.860880514184469,-1.5288146177874964,-0.21470767656435186,0.004201787989586592,0.0,0.05090256407856941,0.0,-0.00018540630117058754,-0.0,1789113885.4141407
2802.383,-0.4455250424385665,-0.47635023900717505,0.3335606221936489,1.132682203447427,2.8871974366137283,-0.009665797901529277,0,0,0.6092467904090881,-1.1708930891803284,1.4787429014789026,-1.8609396419920863,-1.5288646856891077,-0.21472388902773076,-0.0008663410553708673,0.0,0.024676650762557983,0.0,-0.00012193783186376095,-0.0,1789113885.5140657
2802.4829999999997,-0.445639987388979,-0.4759719694899644,0.3331019141333902,1.1333492481992553,2.88639133991002,-0.008392153188409251,0,0,0.6086633801460266,-1.1708619159511109,1.4796679655658167,-1.8609191379942835,-1.5289018789874476,-0.21473580995668584,-0.000628974346909672,-5.4336014727596194e-05,0.006440747529268265,0.0,-0.0007865263032726943,-0.0,1789113885.6141453
2802.583,-0.4449990210274667,-0.475493493259631,0.33138719816279905,1.1328218135693517,2.884736154143943,-0.0034057774028892255,0,0,0.6086766719818115,-1.1708392065814515,1.4832671324359339,-1.8609000645079554,-1.52924091020693,-0.21471673647035772,-7.872979040257633e-05,1.1902698133781087e-05,0.08146971464157104,0.0,-0.002470575273036957,-0.0,1789113885.7140799
2802.683,-0.4426982707149361,-0.4738893926547499,0.32561040332218616,1.1306467112798158,2.8783607281228436,0.01232056691504628,0,0,0.6086922287940979,-1.1709135931781312,1.495702091847555,-1.8610817394652308,-1.5293200651751917,-0.21473914781679326,6.63444006931968e-05,-0.000985942780971527,0.1642589420080185,-0.00340281892567873,-0.0003078244626522064,-0.0,1789113885.8141673
2802.783,-0.43917860183651325,-0.4710116463479852,0.316606156727566,1.1280071512859347,2.867675018481152,0.03692345827135067,0,0,0.6081447005271912,-1.171145723467209,1.5153701941119593,-1.8612576923766078,-1.5293200651751917,-0.21472055116762334,-0.010359163396060467,-3.079506372127838e-10,0.2273586392402649,-0.00020945564028806984,-9.602012141840532e-05,-0.0,1789113885.9140427
2802.883,-0.4345509328387255,-0.467276476189236,0.3053933290833796,1.1246250851651285,2.854411563305732,0.0666230035107511,0,0,0.6074703335762024,-1.1715039175799866,1.5404370466815394,-1.8625108204283656,-1.5292928854571741,-0.21473580995668584,-0.002180305775254965,-0.007966550067067146,0.26917240023612976,-0.02699965611100197,-1.6361335083279682e-34,-0.0,1789113886.0140572
2802.9829999999997,-0.43070193267667073,-0.4631295976874797,0.2974099350214173,1.124408880425601,2.8444176640254737,0.08652016218660623,0,0,0.6055240631103516,-1.1747115117362519,1.5630224386798304,-1.8660060367979945,-1.5293129126178187,-0.21472055116762334,-0.04901465028524399,-0.06799118220806122,0.19396725296974182,-0.025519752874970436,-6.739950177830911e-12,-0.0,1789113886.1140876
2803.083,-0.4297013685223648,-0.4571297722339858,0.29478746518502474,1.1328238912483108,2.8365400611566036,0.09741131111974066,0,0,0.5986016988754272,-1.1822705131820221,1.5791528860675257,-1.8663116894164027,-1.5304582754718226,-0.21473962465395147,-0.08273865282535553,-0.07250702381134033,0.1215110570192337,-0.00016229928587563336,-0.030965687707066536,-0.0,1789113886.214093
2803.183,-0.4320993286933237,-0.450660050194669,0.29484704265473427,1.147838160779582,2.8351455863392294,0.10576649060973516,0,0,0.5888317823410034,-1.1884226959994812,1.58730394044985,-1.8662897549071253,-1.5377796331988733,-0.21472388902773076,-0.11702068895101547,-0.05188039317727089,0.056363143026828766,-7.093214662745595e-05,-0.11202223598957062,-0.0,1789113886.3140833
2803.283,-0.4373752711019201,-0.44272757763223947,0.29478407065971457,1.1694488554833165,2.835622220596626,0.11782179751824502,0,0,0.5752356648445129,-1.1920232337764283,1.5922539869891565,-1.8663064442076625,-1.5502994696246546,-0.2147429625140589,-0.14226335287094116,-0.007903783582150936,0.039662230759859085,-0.0005411461461335421,-0.11125791072845459,-0.0,1789113886.4141502
2803.383,-0.4417020117266533,-0.43659949076433674,0.29273088411783876,1.185723455835323,2.829432598835832,0.12714759995287658,0,0,0.5636870265007019,-1.1920196574977417,1.5968063513385218,-1.8663341007628382,-1.5551217238055628,-0.21472007433046514,-0.09370029717683792,9.124277858063579e-05,0.06311189383268356,-8.902640547603369e-05,-0.0002759511990007013,-0.0,1789113886.5141459
2803.4829999999997,-0.4420914530121782,-0.4335003007653103,0.2894584775480784,1.1905834020920822,2.822327387255497,0.13559286225033873,0,0,0.5590105056762695,-1.1920399528792878,1.6041858831988733,-1.8665925465025843,-1.5551016966449183,-0.21472388902773076,-0.013861482962965965,-6.019125066814013e-05,0.083363838493824,-0.004501245450228453,-1.8660718020991806e-21,-0.0,1789113886.6140397
2803.583,-0.4404227434525281,-0.4322638591060981,0.2858724102260946,1.1892374001646049,2.8179874281095034,0.14441676226390457,0,0,0.5587470531463623,-1.1920314592174073,1.6124189535724085,-1.867653032342428,-1.5551450888263147,-0.21473580995668584,-0.0002046764420811087,-1.022307238862652e-09,0.07890543341636658,-0.038059134036302567,-0.0,-0.0,1789113886.7143683
2803.683,-0.43913138121860373,-0.4316628430519808,0.28285938306296876,1.1887628761976696,2.8180993372434964,0.14456600045396323,0,0,0.5590317845344543,-1.1920314592174073,1.6208141485797327,-1.875925680200094,-1.5551307837115687,-0.21473580995668584,0.0021533279214054346,0.0,0.10091568529605865,-0.16793687641620636,-0.00013821772881783545,-1.0369608636003646e-43,1789113886.8140686
2803.783,-0.4386397284819034,-0.43147042427211824,0.27932333912556984,1.1923705034763021,2.828219675904847,0.12407901302878772,0,0,0.5592078566551208,-1.192055420284607,1.6349318663226526,-1.9068309269347132,-1.5553138891803187,-0.21472007433046514,0.004957254976034164,0.0,0.1735670119524002,-0.4255615174770355,-0.0014525784645229578,-0.0,1789113886.9141366
2803.883,-0.4384643467860502,-0.43284589215244373,0.2761269429817803,1.1978916868725018,2.851425546760666,0.0769170614170321,0,0,0.5612744688987732,-1.1920828980258484,1.6538093725787562,-1.9637490711607875,-1.555356804524557,-0.21473199525942022,0.03270984813570976,0.0,0.20919369161128998,-0.673008918762207,-0.00011638041905825958,-0.0,1789113887.0141072
2803.9829999999997,-0.43824602549084335,-0.4340134973424471,0.27265871663112135,1.2048315933803826,2.8773304954576915,0.020523695502266567,0,0,0.5630647540092468,-1.1921236974051972,1.6759608427630823,-2.030555864373678,-1.5553496519671839,-0.21473580995668584,0.0029609696939587593,-0.0001411388802807778,0.2142011672258377,-0.5670168995857239,-8.053017518250272e-05,-0.0,1789113887.114066
2804.083,-0.4361505508451845,-0.43283148346292444,0.26685553002924645,1.2079037874426095,2.8864379503410142,-0.0003428445461503877,0,0,0.5632598400115967,-1.1921799939921875,1.6975143591510218,-2.0684739551939906,-1.5554850737201136,-0.21473199525942022,0.0006129934918135405,-0.0020387291442602873,0.2040889859199524,-0.18397937715053558,-0.00024056840629782528,-0.0,1789113887.2141392
2804.183,-0.4325278160459657,-0.430491624641659,0.26042375415355984,1.2054150571085238,2.879947003128362,0.015295655959008793,0,0,0.5632034540176392,-1.1924553674510499,1.7132232824908655,-2.0717374287047328,-1.555600945149557,-0.21472007433046514,-0.0023851864971220493,-0.009100111201405525,0.12971879541873932,0.00020913967455271631,-0.00089422264136374,-0.0,1789113887.314027
2804.283,-0.4296710423264772,-0.4283105573271714,0.25755025277320354,1.2044921840648377,2.875407173902613,0.025143139499387346,0,0,0.562666118144989,-1.195809082393982,1.724358860646383,-2.0717603168883265,-1.5555928389178675,-0.21473580995668584,-0.004987554159015417,-0.05691758170723915,0.09910007566213608,1.1427409845055081e-05,-9.782118286238983e-05,-0.0,1789113887.41405
2804.383,-0.42704660106462433,-0.42635110362794093,0.2580804283316467,1.2048242206299042,2.874361962670095,0.026955857637121095,0,0,0.5622386336326599,-1.2031374436667939,1.7330578009234827,-2.0717016659178675,-1.5556133429156702,-0.21473199525942022,-9.13708281586878e-05,-0.08696464449167252,0.06203925237059593,0.0,-3.542863123584539e-05,-0.0,1789113887.5140746
2804.4829999999997,-0.42500914021840774,-0.42484892818995895,0.2604287628335378,1.2058677060358576,2.87589960709682,0.02419955285211445,0,0,0.5620096921920776,-1.2114571791938324,1.73887807527651,-2.0716892681517542,-1.5560792128192347,-0.21472007433046514,-0.0015407054452225566,-0.06527193635702133,0.056168727576732635,8.176223507186386e-34,-0.02194775640964508,-0.0,1789113887.6140523
2804.583,-0.42393597701784647,-0.42304238366821545,0.25957481886886125,1.2080231314992724,2.881232115820607,0.0359135066003575,0,0,0.5619272589683533,-1.214048371916153,1.7443321386920374,-2.071804185906881,-1.5651815573321741,-0.21473580995668584,-0.002583037596195936,-2.3006722915663858e-10,0.06520819664001465,-0.0008881714893504977,-0.13900603353977203,-0.0,1789113887.714081
2804.683,-0.42188624412075143,-0.41937815689000313,0.2540899800155894,1.2105744820167001,2.883962946725255,0.06440978022241976,0,0,0.5608256459236145,-1.2140005689910431,1.7569549719439905,-2.071864267388815,-1.5789216200457972,-0.21473580995668584,-0.0017570407362654805,6.659357313765213e-05,0.18693719804286957,-0.0010121753439307213,-0.09718269109725952,-0.0,1789113887.8140502
2804.783,-0.41785194113137364,-0.4167266008711786,0.24709931018023834,1.2084516269993217,2.8798470750351077,0.07837986566646953,0,0,0.5609369277954102,-1.2140926879695435,1.7752192656146448,-2.080198904077047,-1.5806086699115198,-0.21473199525942022,0.0005128170596435666,-0.0006931170355528593,0.15822535753250122,-0.2306835800409317,0.000380885845515877,-0.0,1789113887.9141052
2804.883,-0.41753374018480804,-0.41652729415601397,0.2449142838626095,1.213894107338814,2.892659945578529,0.04895216269167928,0,0,0.5609094500541687,-1.214017317896225,1.7884257475482386,-2.116664548913473,-1.5806086699115198,-0.21473199525942022,0.0,0.00016060029156506062,0.10787885636091232,-0.5110071301460266,0.00010901034693233669,-0.0,1789113888.014173
2804.9829999999997,-0.41939020635449026,-0.4176383551386109,0.24594479448608295,-1.208718497077709,-2.8796041838239064,0.001707190521003155,0,0,0.5608002543449402,-1.2138891977122803,1.7970073858844202,-2.1648904285826625,-1.5806639830218714,-0.21473199525942022,-0.0002843635738827288,0.000929465692024678,0.07150745391845703,-0.34031352400779724,8.575725252774264e-16,-0.0,1789113888.114082
2805.083,-0.41844220218307643,-0.417096736614842,0.24405722151204468,-1.2079785832977004,-2.878201375932507,0.005197468898804324,0,0,0.5608733892440796,-1.213706062441208,1.8033621946917933,-2.174163957635397,-1.580677334462301,-0.21473199525942022,0.0003547401283867657,0.0059966398403048515,0.06998548656702042,0.0005797533667646348,-0.00014731870032846928,-0.0,1789113888.2141442
2805.183,-0.4161176116490032,-0.4156072279373773,0.2403296072297777,-1.2098471417366028,-2.8828017446795786,-0.005934154474446867,0,0,0.5608375072479248,-1.2136582893184205,1.8120649496661585,-2.1742288074889125,-1.5807274023639124,-0.21475154558290654,0.0,9.38281425742611e-41,0.10356295853853226,2.9239276045700535e-05,-0.0001258380652870983,-0.0,1789113888.314091
2805.283,-0.4129128580633948,-0.4136248137805446,0.23540160869627608,-1.212294501867054,-2.8890171681817582,-0.02085326208944459,0,0,0.5608769655227661,-1.213646189575531,1.8237059752093714,-2.1742197475829066,-1.5807045141803187,-0.21473580995668584,-2.658945899435997e-37,0.0,0.1193239688873291,0.0,-2.215779726286008e-24,-0.0,1789113888.4141827
2805.383,-0.40974592169659324,-0.4116459855960238,0.23057410016310564,-1.214692754333017,-2.895003121722901,-0.035568353464078196,0,0,0.5608925223350525,-1.2135541302016755,1.8351247946368616,-2.174300333062643,-1.5807164351092737,-0.21471673647035772,0.00013421913899946958,0.00032689821091480553,0.1063048392534256,-0.001841081539168954,-5.483978549047919e-11,-0.0,1789113888.5140908
2805.4829999999997,-0.40755966977961705,-0.4102955186563612,0.22736638986395374,1.214401037971156,2.8945151572953316,0.04491763835771697,0,0,0.5609248876571655,-1.2135851246169587,1.843015495930807,-2.1748649082579554,-1.5807164351092737,-0.21468907991518194,-7.763956091366708e-05,4.1898656490957364e-05,0.03912702575325966,-0.0015688312705606222,-8.2300954090897e-05,-0.0,1789113888.6141753
2805.583,-0.4073029435107564,-0.41012417396134826,0.2269486698853727,1.214147256784997,2.89400008014685,0.04619512679662753,0,0,0.5609129667282104,-1.2135337752154847,1.8439543882953089,-2.17486633876943,-1.58073598543276,-0.21471673647035772,-1.4718791463419478e-10,0.00025755856768228114,1.171804429285252e-36,-0.003147388342767954,-6.437756270166807e-22,-0.0,1789113888.7140548
2805.683,-0.4073229023397534,-0.410117063020518,0.22684985405151226,1.2141422022128665,2.8938810169195532,0.04641374686425705,0,0,0.5608819127082825,-1.213362531071045,1.8439601103412073,-2.17486633876943,-1.5807283560382288,-0.21472007433046514,-5.971124119241722e-05,0.005529523361474276,-0.0,-0.0001040061833919026,-0.0,-0.0,1789113888.814088
2805.783,-0.4073001949748258,-0.41029209735517047,0.22601537068246785,1.213384098227007,2.893298679099172,0.04829745031103936,0,0,0.5611713528633118,-1.2118482750705262,1.8439214865313929,-2.17489018062734,-1.5807631651507776,-0.21472007433046514,0.0015197403263300657,0.030145833268761635,-0.0,-2.7374797539891915e-08,-0.0,-0.0,1789113888.9140463
2805.883,-0.4075508253870095,-0.41046628701126764,0.22305450494204843,1.2120496749382939,2.8904379232434403,0.05498752300746909,0,0,0.5611883401870728,-1.2066262823394318,1.8439667860614222,-2.17489018062734,-1.5807440916644495,-0.21473962465395147,0.00025144615210592747,0.07232338935136795,-0.0,-0.0,-0.0,-0.0,1789113889.0141912
2805.9829999999997,-0.4080061975288206,-0.4108257145275844,0.21741022344788452,1.2095024167093842,2.885010710404518,0.06763394406274764,0,0,0.561286449432373,-1.1965898436358948,1.8439396063434046,-2.174929758111471,-1.5807283560382288,-0.21472007433046514,0.00022611672466155142,0.12091674655675888,-7.40047253202647e-05,-4.013630316990202e-08,-0.0,-0.0,1789113889.1141012
2806.083,-0.40879022363328726,-0.4115382194495951,0.20995181233157945,1.206542663629891,2.879549251233933,0.08051303410678219,0,0,0.5615954399108887,-1.1827685695937653,1.8439315001117151,-2.1785465679564417,-1.5807011763202112,-0.21470433870424444,0.0030839077662676573,0.14818741381168365,-0.00015825132140889764,-0.09495791047811508,-0.0,-0.0,1789113889.2140698
2806.183,-0.41067526188868203,-0.41323977866650896,0.20439645202563286,1.2068261035708303,2.883548029187473,0.0726419147862046,0,0,0.5623378753662109,-1.1697293680957337,1.8439105192767542,-2.1978002987303675,-1.5807045141803187,-0.2147277037249964,0.004633724689483643,0.11389418691396713,-1.2213736511057505e-07,-0.29527145624160767,-0.0,-0.0,1789113889.3141725
2806.283,-0.41383533758881924,-0.41529623739518695,0.20130293054314652,1.2116816664089065,2.895403696529824,0.04534995179671834,0,0,0.5623928308486938,-1.1588366788676758,1.8439000288592737,-2.230129381219381,-1.5806735197650355,-0.21473199525942022,2.7680982384481467e-05,0.10610540956258774,-0.0,-0.3169950842857361,-0.0,-0.0,1789113889.414192
2806.383,-0.4154190509819161,-0.4162574606013747,0.1973254118220989,-1.2125524768787204,-2.897315763623802,-0.03850864156263114,0,0,0.5623209476470947,-1.1493908625892182,1.843942944203512,-2.244974752465719,-1.5806925932513636,-0.21472388902773076,-0.00026760424952954054,0.06606189906597137,0.00016242943820543587,0.0012401877902448177,-0.0,-0.0,1789113889.5141008
2806.4829999999997,-0.41553368736268903,-0.41627197393598614,0.195313262418368,1.2122266939250446,2.896253276092899,0.04315168870057468,0,0,0.5622265338897705,-1.1459242862514039,1.8439634482013147,-2.24481262783193,-1.5806563536273401,-0.21472007433046514,-0.0008631898672319949,0.0015789978206157684,0.00011841100786114112,0.0014770744601264596,-0.0,-0.0,1789113889.614077
2806.583,-0.4155661838331354,-0.41624850251015205,0.19533009358917974,1.2123066022544013,2.8962283952149512,0.04307902335107975,0,0,0.5621582269668579,-1.1459410649589081,1.843947712575094,-2.2448226414122523,-1.5806363264666956,-0.21473580995668584,6.06388202868402e-05,6.0031714383512735e-05,-2.4677825422259048e-05,0.00016199277888517827,7.100376387825236e-05,-0.0,1789113889.7141612
2806.683,-0.4155616316541551,-0.4162610793099544,0.1953688657435505,1.2123155269426829,2.8962965298727794,0.04300829952050001,0,0,0.5621857047080994,-1.145992712383606,1.8439248243915003,-2.2448226414122523,-1.580663029347555,-0.21472007433046514,5.647196667268872e-05,0.0,-3.1225630664266646e-05,6.942599429748952e-05,8.589834033045918e-05,-0.0,1789113889.8140697
2806.783,-0.4155542055229007,-0.41625855760510416,0.1953550967208142,1.2122737490437638,2.896245432270301,0.0430416812724115,0,0,0.5621821880340576,-1.145984248524048,1.8439396063434046,-2.2447921238341273,-1.5806244055377405,-0.21473580995668584,0.0,0.0,-0.0,0.0,2.73775527522032e-16,-0.0,1789113889.9141843
2806.883,-0.41556449256998335,-0.41625912663953535,0.1953662150374519,1.2122763442524502,2.8962494759155955,0.04298024956062362,0,0,0.562170147895813,-1.1459891659072419,1.8439214865313929,-2.244803567925924,-1.5806053320514124,-0.21474773088564092,0.0,0.0,-0.0,0.0,0.0,-0.0,1789113890.0140955
2806.9829999999997,-0.4155569697897925,-0.41626506197205165,0.1953954628152964,1.2122707333676241,2.89631905620189,0.04286577896211575,0,0,0.562187135219574,-1.1460405153087159,1.8439362684832972,-2.244861742059225,-1.5806124846087855,-0.21475154558290654,0.00011859138612635434,-0.0006284411065280437,-0.0,0.0,0.0,-0.0,1789113890.1141222
2807.083,-0.415527626006005,-0.416292278292511,0.19549513139018107,1.2122404897251073,2.8964336857855018,0.04260210066708213,0,0,0.562250554561615,-1.1462081235698243,1.8439315001117151,-2.2448789081969203,-1.5805886427508753,-0.21473580995668584,0.0006373118958435953,-0.0023527287412434816,-0.0,-0.0001521467638667673,0.00011346991959726438,-0.0,1789113890.2141812
2807.183,-0.4155246886984648,-0.4162870063669643,0.1955022855553817,1.2122496490556203,2.8964046488443844,0.042600244712982425,0,0,0.5622421503067017,-1.1462308925441285,1.8439396063434046,-2.2448517284789027,-1.580569092427389,-0.21473199525942022,9.862699516816065e-05,-6.574534783243946e-38,-0.0,-2.6939884264720604e-05,2.213168848186342e-08,-0.0,1789113890.3141007
2807.283,-0.4155451512662466,-0.4162598172480582,0.19546861943603527,1.212315416375725,2.8963504913232914,0.04269303713688821,1,1,0.5621857047080994,-1.1461841625026246,1.8439577261554163,-2.24485506633901,-1.5805848280536097,-0.21473580995668584,-0.00016822011093609035,8.392295421799645e-05,-0.0,-6.591856513821158e-39,3.860506110518555e-28,-0.0,1789113890.4141943
2807.383,-0.4155497196047585,-0.4162553418486266,0.19546123900756013,1.2123210692543183,2.89629996896236,0.04271635092582737,1,1,0.562170147895813,-1.1461722415736695,1.8439510504352015,-2.2448226414122523,-1.580557648335592,-0.21473580995668584,-6.57748241792433e-05,0.0,-0.0,-0.0,0.0,-0.0,1789113890.5141766
2807.4829999999997,-0.4155698307522034,-0.41624963024894573,0.1954570307879419,1.2123839388931341,2.896296638481085,0.04274262198641273,1,1,0.5621477365493774,-1.1461448830417176,1.8439214865313929,-2.244819303552145,-1.5805848280536097,-0.21472007433046514,0.0,7.315205584745854e-05,-0.0,-0.0,0.0,-0.0,1789113890.6141875
2807.583,-0.41556161981886897,-0.41625193464461624,0.19546622794441193,1.2123544017442673,2.8963030500390357,0.04274566942122365,1,1,0.5621582269668579,-1.1461672943881531,1.8439248243915003,-2.2447954616942347,-1.5805814901935022,-0.2147286573993128,-3.1516048174314325e-35,8.097605314105749e-05,-2.3132399412519906e-25,2.54568573693052e-15,0.0,-0.0,1789113890.7143462
2807.683,-0.41555494754978306,-0.4162425979451889,0.19541080007376016,1.2123235089182829,2.8962332764395335,0.04291849555805861,1,1,0.5621511936187744,-1.1460967522910614,1.8439543882953089,-2.2447625599303187,-1.5805848280536097,-0.21473580995668584,0.0,7.954728789627552e-05,-0.0,8.102104038698599e-05,0.0,-0.0,1789113890.8140984
2807.783,-0.4155350840975951,-0.4162501865990552,0.19541600949450774,1.2122828230444593,2.8962621269515907,0.042969446175944205,1,1,0.5621857047080994,-1.146119551067688,1.8439667860614222,-2.2447320423521937,-1.5806124846087855,-0.21473199525942022,0.0,5.9936195611953735e-05,-0.0,8.398136560572311e-05,0.0,-0.0,1789113890.914092
2807.883,-0.4155117462728825,-0.4162874357435136,0.19542687464480607,1.2122043741309065,2.896302529616126,0.04288382515435692,1,1,0.5622575283050537,-1.1461207133582612,1.843947712575094,-2.2447592220702113,-1.5805848280536097,-0.21471673647035772,0.0008237932925112545,0.0,-0.0,1.660375659184865e-08,0.0,-0.0,1789113891.01413
2807.9829999999997,-0.4155492272679499,-0.41623030164161423,0.19536390640737383,1.2122974443901162,2.8961198789877294,0.04315651524816232,1,1,0.5621378421783447,-1.1460405153087159,1.8439601103412073,-2.2446357212462367,-1.5805814901935022,-0.21473580995668584,-0.001685524359345436,0.00104841822758317,-0.0,0.0015446372563019395,0.0,-0.0,1789113891.1141446
2808.083,-0.4155213479303398,-0.4162428902485902,0.19534185832986006,1.212189409440065,2.896107518846889,0.04332271851009341,1,1,0.5621857047080994,-1.1460212928107758,1.8439653555499476,-2.2445436916747035,-1.5806005636798304,-0.21474773088564092,0.00040050747338682413,0.00012023025192320347,9.160493209492415e-05,0.0010368834482505918,0.0,-0.0,1789113891.2141314
2808.183,-0.4155460070728958,-0.41623110021110343,0.19537773834564556,1.212313945216952,2.8961010486245313,0.04318992291408054,1,1,0.5621426701545715,-1.1460644763759156,1.8439443747149866,-2.2445723019041957,-1.5805848280536097,-0.21471673647035772,-0.0003330496547278017,-0.00011038462980650365,1.8347880541114137e-05,0.00012442436127457768,0.0,-0.0,1789113891.3140826
2808.283,-0.4155128033026832,-0.4162484368892489,0.19536285986844404,1.2121958496590104,2.896129709529339,0.04324238343836452,1,1,0.5621997714042664,-1.1460609298995514,1.843975845967428,-2.2445689640440882,-1.5805886427508753,-0.21473580995668584,-0.00010447714157635346,1.0790194357086097e-39,-1.2208727639517747e-05,9.788363031051938e-17,0.0,-0.0,1789113891.4141307
2808.383,-0.4155487047636076,-0.4162323480234067,0.1954165439930008,1.2123147862750743,2.896178276421496,0.043045104193251346,1,1,0.5621426701545715,-1.14612431943927,1.843947712575094,-2.244631906548971,-1.5805886427508753,-0.21473580995668584,0.00013687270984519273,-0.0004370718961581588,-0.0,0.0,0.0,-0.0,1789113891.5140924
2808.4829999999997,-0.41546582042755525,-0.41633746123000365,0.19570642380312572,1.2121149908519653,2.8966713189499473,0.0421635016216081,1,1,0.562370240688324,-1.1465757948211213,1.8439157644854944,-2.244819303552145,-1.5805609861956995,-0.21475154558290654,0.004636779893189669,-0.008961961604654789,-0.0001698076812317595,-0.0004618062812369317,1.4014841509535358e-09,-0.0,1789113891.6141171
2808.583,-0.41543998266817855,-0.4163426400944753,0.19618216753154222,1.212285164478827,2.8971751966881114,0.040995837795211765,1,1,0.5624010562896729,-1.1473850172809144,1.8439090887652796,-2.244911333123678,-1.5805524031268519,-0.21475154558290654,0.0,-0.010539690963923931,-5.501205305336043e-05,-0.00047143796109594405,0.00010229391045868397,-0.0,1789113891.714164
2808.683,-0.4153713356705846,-0.41631397506986473,0.19751142109616748,-1.2123981975899165,-2.897425160738538,-0.03783100221509355,1,1,0.5624010562896729,-1.1496946972659607,1.843912426625387,-2.244974752465719,-1.5804169813739222,-0.21476680437196904,-2.7261540485823235e-21,-0.04314882308244705,-0.0,-0.0006950391689315438,0.0014447756111621857,-0.0,1789113891.8141317
2808.783,-0.4151778414025841,-0.4161973279858835,0.20106837500225583,-1.211131825752031,-2.894161631579758,-0.02967495012094277,1,1,0.5624080896377563,-1.1558994513801117,1.843942944203512,-2.245094438592428,-1.580381218587057,-0.21475154558290654,0.0,-0.09238684922456741,-0.0,-0.0008320090710185468,0.0002395279734628275,-0.0,1789113891.9142003
2808.883,-0.41480619023555865,-0.4159454058084849,0.20769671238308648,-1.208792797187544,-2.8880278688345533,-0.01458955402310245,1,1,0.5623823404312134,-1.16741697609935,1.8439033667193812,-2.245223184625143,-1.580324951802389,-0.21473580995668584,0.0,-0.14076492190361023,-0.0,-0.0029237570706754923,0.0009288914734497666,-0.0,1789113892.0141134
2808.9829999999997,-0.4141252167232696,-0.415532578123041,0.21678531184761937,-1.2055019262547626,-2.879686487642633,0.005941723518168375,1,1,0.5623893141746521,-1.1833166939071198,1.8439462820636194,-2.245277544061178,-1.5801451841937464,-0.21473580995668584,0.0,-0.17620941996574402,-0.0,-0.000280084612313658,0.0008428703295066953,-0.0,1789113892.114209
2809.083,-0.413199061862491,-0.41495515129025523,0.2278634558458521,-1.2013867710445876,-2.8692124985649223,0.031222868105719486,1,1,0.562370240688324,-1.2025982302478333,1.8438885847674769,-2.2456304035582484,-1.5798857847796839,-0.2147439161883753,0.0,-0.20745013654232025,-0.0,-0.0139016630128026,0.0048382156528532505,-0.0,1789113892.2141986
2809.183,-0.4119475978993327,-0.4141755453588865,0.24004229660254167,-1.1966717647702017,-2.857384607784387,0.058818732331842954,1,1,0.562370240688324,-1.2238829296878357,1.8438985983477991,-2.2460843525328578,-1.5797022024737757,-0.21476346651186162,-1.572731528343141e-10,-0.21422958374023438,-8.02774666226469e-05,-0.0024824526626616716,0.0007222890853881836,-0.0,1789113892.314125
2809.283,-0.41064204829470846,-0.4134066500286662,0.2526354230933012,-1.191059624806391,-2.8436179840281217,0.0897051796044257,1,1,0.5624609589576721,-1.2454239887050171,1.8438590208636683,-2.249150415460104,-1.5796664396869105,-0.21475154558290654,0.00035044466494582593,-0.22193413972854614,-0.00010925262904493138,-0.07942869514226913,0.00023027702991385013,-0.0,1789113892.4141657
2809.383,-0.4099124887402474,-0.4129777580958065,0.26567036766183477,-1.1832829897821817,-2.8244872990825574,0.13088420619468427,1,1,0.5625260472297668,-1.265949473982193,1.84387714067568,-2.261942049066061,-1.5797303358661097,-0.21473199525942022,0.0041807652451097965,-0.18177689611911774,-2.9011749575147405e-05,-0.1720084249973297,6.207296974025667e-05,-0.0,1789113892.514099
2809.4829999999997,-0.4084272944622711,-0.4139862973169577,0.27562350185608275,-1.1722781200561154,-2.809138260626764,0.1667428619482619,1,1,0.5654444098472595,-1.2806438964656373,1.8438661734210413,-2.276419302026266,-1.5798051992999476,-0.21473580995668584,0.04951632022857666,-0.11345523595809937,-0.00021497622947208583,-0.09677928686141968,8.002819702979292e-23,-0.0,1789113892.6141405
2809.583,-0.4057551771275504,-0.41619769789685523,0.2801105725634219,-1.1612589840991019,-2.805450678248706,0.1822974950751726,1,1,0.5712709426879883,-1.2874150735190888,1.8438318411456507,-2.2820164165892542,-1.5797861258136194,-0.21473580995668584,0.06392481178045273,-0.027769150212407112,4.400228742421827e-37,-0.05930257588624954,0.0,-0.0,1789113892.714094
2809.683,-0.40373139062608837,-0.41949896413688154,0.28209064094461067,-1.1484816538481555,-2.8013495489399998,0.19998936000376108,1,1,0.5780807733535767,-1.2882458728602906,1.8438590208636683,-2.2952915630736292,-1.579737965260641,-0.21472007433046514,0.059434447437524796,-0.0004598860687110573,-0.0,-0.22216351330280304,-7.202837042888759e-34,-0.0,1789113892.8141727
2809.783,-0.4042602692363047,-0.4226648690654769,0.2867736304043644,-1.1339685694995296,-2.781931561717166,0.2438712102327968,1,1,0.5822071433067322,-1.2891627711108704,1.8437026182757776,-2.3303705654540003,-1.5797942320453089,-0.21472007433046514,0.02769317291676998,-0.012347021140158176,-0.00027122756000608206,-0.5141146183013916,-0.0,-0.0,1789113892.9141037
2809.883,-0.40661109289614505,-0.42614369282122366,0.2940796197070031,-1.1153757922643674,-2.7466383943556045,0.31390991829852916,1,1,0.5849826335906982,-1.2896585029414673,1.8437240759478968,-2.3888470135130824,-1.579897705708639,-0.21472007433046514,0.031777724623680115,-0.00023650618095416576,6.233635940589011e-05,-0.5932565331459045,-0.00032137881498783827,-0.0,1789113893.0141084
2809.9829999999997,-0.40679733515703337,-0.4306213785758539,0.3005010945700874,-1.0935784189919528,-2.716923249496605,0.37458256241615645,1,1,0.5912704467773438,-1.2896620494178315,1.8437274138080042,-2.440563818017477,-1.5801761786090296,-0.21475154558290654,0.09809904545545578,0.0,-0.0,-0.43856221437454224,-0.0016768989153206348,-0.0,1789113893.114177
2810.083,-0.40357385859941297,-0.435891026207126,0.30417632241726184,-1.0721390696509052,-2.7048280934286337,0.4081835229054023,1,1,0.6019830703735352,-1.289901391868927,1.8437321821795862,-2.468483110467428,-1.580611530934469,-0.21475154558290654,0.10897994041442871,-0.008550594560801983,4.031237040180713e-05,-0.10144305229187012,-0.009300677105784416,-0.0,1789113893.2141304
2810.183,-0.39919207409616075,-0.43980891077104123,0.30472037705818245,-1.0583183615635963,-2.708846966188314,0.4103382706787643,1,1,0.6121512055397034,-1.2905993622592469,1.843738857899801,-2.469579359094137,-1.5823634306537073,-0.21475154558290654,0.0840715765953064,-0.01190955936908722,-0.0,-4.607281516655348e-05,-0.04044155031442642,-0.0,1789113893.3140774
2810.283,-0.39656619295357626,-0.44127402218019884,0.30641877177277693,-1.0483303827216353,-2.7015634475986934,0.4032381806812242,1,1,0.619060754776001,-1.2934399408153077,1.8436959425555628,-2.469611784020895,-1.595288101826803,-0.21473199525942022,0.05835939571261406,-0.04485265910625458,-0.0,-3.06537258438766e-05,-0.23238328099250793,-0.0,1789113893.4141088
2810.383,-0.39560301418168453,-0.4395988840448525,0.3107792107112526,-1.0390438799755626,-2.6705684294962806,0.3783028072168809,1,1,0.6243519186973572,-1.3006007832339783,1.8436811606036585,-2.4698506794371546,-1.6340315977679651,-0.21473580995668584,0.05746304243803024,-0.09751344472169876,-5.7979224948212504e-05,-0.007419371511787176,-0.5454947352409363,-0.0,1789113893.5142152
2810.4829999999997,-0.394594663628474,-0.43605181588081887,0.3185022554792647,-1.0268353203148717,-2.618641369508345,0.34002963549434717,1,1,0.6310962438583374,-1.3129484814456482,1.8436921278582972,-2.4700428448119105,-1.6961639563189905,-0.21473199525942022,0.08420770615339279,-0.1443086415529251,-2.6595769668347202e-05,-0.003867524676024914,-0.6016157269477844,-0.0,1789113893.6140876
2810.583,-0.3907230809248494,-0.4351578509467075,0.3283019620158585,-1.011231782932378,-2.5808000458918205,0.3291008009941176,1,1,0.6407718658447266,-1.3283131581595917,1.8436921278582972,-2.47318758587026,-1.7364752928363245,-0.21474773088564092,0.09787463396787643,-0.1592951864004135,-7.038052085572843e-11,-0.07214047759771347,-0.157115638256073,-0.0,1789113893.7140782
2810.683,-0.3843542502494042,-0.4378867184411696,0.33980033826717804,-0.9937571891472768,-2.5654180144571352,0.3653202163753871,1,1,0.6515492796897888,-1.3452203136733552,1.8437312285052698,-2.4871136150755824,-1.7380331198321741,-0.21473580995668584,0.1180034652352333,-0.16801320016384125,-0.0,-0.1649000346660614,0.00016144027176778764,-0.0,1789113893.814214
2810.783,-0.37687197109832876,-0.4417921567544674,0.3491735417927606,-0.973825622165512,-2.556521181223963,0.3968991975325703,1,1,0.6649986505508423,-1.359074906711914,1.8436811606036585,-2.49810852626943,-1.7380412260638636,-0.21473199525942022,0.1519024819135666,-0.10891848057508469,-0.0,-0.05620282143354416,-7.920729331090115e-06,-0.0,1789113893.914032
2810.883,-0.3689496235385535,-0.4465313018603148,0.3538747618991027,-0.9538255215873043,-2.5592412272456624,0.41120440334804526,1,1,0.6802158355712891,-1.3671585631421586,1.8437278906451624,-2.4990703068175257,-1.7380769888507288,-0.21473580995668584,0.1507444679737091,-0.044392235577106476,-0.0,-0.00042519313865341246,-0.00012483875616453588,-0.0,1789113894.0141358
2810.9829999999997,-0.36240513108228145,-0.4515760328371964,0.3556017771707032,-0.9354230607584653,-2.563245103086027,0.422003543839722,1,1,0.6944088339805603,-1.3692588222077866,1.8437183539019983,-2.503054758111471,-1.738128964100973,-0.21475488344301397,0.11699572950601578,-0.006250959821045399,-0.0,-0.12678417563438416,-0.000529902579728514,-0.0,1789113894.1141253
2811.083,-0.3590493657496911,-0.4556696703015393,0.3597819256106097,-0.9203218327211867,-2.5483441592001976,0.4578944050927304,1,1,0.7037043571472168,-1.3697409641793747,1.8436992804156702,-2.5322123966612757,-1.7381647268878382,-0.21473199525942022,0.07543248683214188,-0.0008139383280649781,-3.066651409544633e-25,-0.42480188608169556,-0.0003890221705660224,-0.0,1789113894.2141583
2811.183,-0.3571317446280253,-0.45958795185816925,0.3669147625350835,-0.9046713247992098,-2.5158160342907125,0.5186386859613673,1,1,0.7110809683799744,-1.3696982276490708,1.8436992804156702,-2.5851241550841273,-1.7382448355304163,-0.21473580995668584,0.07948710024356842,3.3444230211898685e-05,-1.4871372513880488e-05,-0.5675212740898132,-0.0016994364559650421,-0.0,1789113894.314437
2811.283,-0.354426385742431,-0.4634611668449214,0.37355253490391904,-0.888501286535504,-2.485917171804698,0.5742729713210626,1,1,0.7192664742469788,-1.3696706903031846,1.8437183539019983,-2.633778234521383,-1.7383130232440394,-0.21473580995668584,0.08289573341608047,6.1721202276930715e-30,-0.0,-0.38107654452323914,-0.0003278593358118087,-0.0,1789113894.4140887
2811.383,-0.35113892878051955,-0.46655228488635775,0.376251141079531,-0.8766035091099708,-2.4763804231338438,0.5979182401177706,1,1,0.7271040678024292,-1.3696896594813843,1.8436959425555628,-2.653191705743307,-1.7383487860309046,-0.21473580995668584,0.07521294057369232,1.8595230621590323e-42,-0.0,-0.019753234460949898,-0.00014304480282589793,-0.0,1789113894.5141566
2811.4829999999997,-0.3474354218815209,-0.4693227316416264,0.37627660595803586,-0.8671612768812264,-2.4808290924546474,0.6007395881736262,1,1,0.735032856464386,-1.3696896594813843,1.8436811606036585,-2.6533199749388636,-1.738387409840719,-0.21473580995668584,0.08444385975599289,-1.1991614883299917e-05,-0.0,-0.0017345966771245003,-7.179208478191867e-05,-0.0,1789113894.6140804
2811.583,-0.34342392579415704,-0.4722842022349149,0.37634166128608976,-0.8569307467070911,-2.485478760180069,0.6040773619610164,1,1,0.7435711026191711,-1.3696931314519425,1.8436482588397425,-2.653663774529928,-1.7383559385882776,-0.21473580995668584,0.0844617635011673,0.0,-0.0003780582337640226,-0.009167535230517387,-0.0,-0.0,1789113894.714211
2811.683,-0.3389907106313833,-0.47551910042758555,0.3765327569077875,-0.8455268425841282,-2.489861996580195,0.6087376926759587,1,1,0.7529794573783875,-1.3696896594813843,1.8436315695392054,-2.6550027332701625,-1.7383564154254358,-0.21473580995668584,0.09960153698921204,0.0,-0.00030508890631608665,-0.047250691801309586,-0.0,-0.0,1789113894.8140666
2811.783,-0.33367112567239904,-0.4795022855791496,0.3776063750102464,-0.8309490603374884,-2.4908367594075154,0.620896720613999,1,1,0.7644110918045044,-1.3696656984141846,1.8435338179217737,-2.6625243626036585,-1.7383559385882776,-0.21473962465395147,0.12740783393383026,0.0,-0.0011731472332030535,-0.11829070001840591,-0.0,-0.0,1789113894.9141653
2811.883,-0.326688356252219,-0.48472420794783777,0.37980060600618987,-0.811187341323757,-2.4878834757144377,0.6431642175278173,1,1,0.7794265747070312,-1.369610921745636,1.8434069792376917,-2.6781498394408167,-1.7383487860309046,-0.21475154558290654,0.16274094581604004,0.00011696039291564375,-0.003060105023905635,-0.18775108456611633,-6.877185487752513e-09,-0.0,1789113895.0141737
2811.9829999999997,-0.31862582021804486,-0.4905406577111802,0.3827522205245646,-0.7885191765071219,-2.482189422175534,0.6717182719582927,1,1,0.796542227268219,-1.3696368050626297,1.8432496229754847,-2.6987415752806605,-1.7384160200702112,-0.21473962465395147,0.1738334745168686,0.00032654934329912066,-0.00028343498706817627,-0.21380022168159485,-0.0011116745881736279,-0.0,1789113895.114215
2812.083,-0.3107464293374868,-0.49587398939994914,0.38466141091115924,-0.7677043817182502,-2.4811735595782065,0.6919539435936932,1,1,0.8129141926765442,-1.3695699882558365,1.8430565039264124,-2.71203674892568,-1.7386558691607874,-0.21471673647035772,0.15184272825717926,0.0002587841881904751,-0.005504491738975048,-0.02042447403073311,-0.001973292324692011,-0.0,1789113895.2141705
2812.183,-0.30471517346394683,-0.49988091650697797,0.3849236029633152,-0.7528165286223487,-2.487429685395633,0.6969019363647809,1,1,0.8253849148750305,-1.3692539048245926,1.84214955965151,-2.7120257816710414,-1.738802735005514,-0.21472007433046514,0.10351188480854034,0.01026920322328806,-0.0191283468157053,-6.914944163969004e-22,-0.0007150063174776733,-0.0,1789113895.314177
2812.283,-0.30145763597678127,-0.5040388624796385,0.3868478605339716,-0.7415764750024755,-2.4891608965018004,0.7047883512279468,1,1,0.8344470858573914,-1.3667080116323014,1.8351848761187952,-2.7118941746153773,-1.738819424306051,-0.21473580995668584,0.06157645583152771,0.030750643461942673,-0.12985941767692566,0.001984528498724103,-0.0002981973229907453,-0.0,1789113895.4141698
2812.383,-0.3031202318493593,-0.5086798018146214,0.393913995100323,-0.7363601733062153,-2.479354449283513,0.7219999143791447,1,1,0.8377898931503296,-1.3617517960122605,1.8149059454547327,-2.71167053798818,-1.7394221464740198,-0.21473962465395147,0.011620085686445236,0.08185730129480362,-0.28645405173301697,0.0014214556431397796,-0.01931907795369625,-0.0,1789113895.5140953
2812.4829999999997,-0.3095742948444909,-0.5155768117596139,0.4035594977998088,-0.7348602461533279,-2.461331294310303,0.7438027632859052,1,1,0.8378667831420898,-1.3484085661223908,1.7796114126788538,-2.7115236721434535,-1.741828743611471,-0.21475154558290654,-0.0018761554965749383,0.18479609489440918,-0.39650455117225647,0.00037665426498278975,-0.01101910974830389,-0.0,1789113895.6141555
2812.583,-0.31696729949062064,-0.5237580438396691,0.4099345007509981,-0.7333198831214505,-2.448749811009433,0.7616887633289247,1,1,0.8378153443336487,-1.3286367070725937,1.7431138197528284,-2.7114554844298304,-1.7418764273272913,-0.21474773088564092,0.001725879032164812,0.20678381621837616,-0.30249372124671936,0.0005652150721289217,-0.00014228324289433658,-0.0,1789113895.714153
2812.683,-0.3224948549617947,-0.5298701927080278,0.4089815640944594,-0.7331229310210257,-2.4470254698817233,0.7640543922049355,1,1,0.8377641439437866,-1.3094966274550934,1.7218392531024378,-2.711555143395895,-1.741885010396139,-0.21473199525942022,-0.0013065864332020283,0.16368041932582855,-0.12067947536706924,4.169150958829442e-16,-2.5020496785543855e-09,-0.0,1789113895.8141968
2812.783,-0.3250100676547173,-0.53289145796436,0.4023187998916507,-0.7337576024775113,-2.454906286054788,0.7531030983888871,1,1,0.8379949927330017,-1.2956854564002533,1.7182453314410608,-2.7115031681456507,-1.7418573538409632,-0.21473199525942022,0.004535910673439503,0.13466200232505798,0.00012112495460314676,0.0,-0.0,-0.0,1789113895.914159
2812.883,-0.3269823426635562,-0.5351057977337993,0.39445061853508523,-0.7348799627391868,-2.4646076651795736,0.7391455396435312,1,1,0.8380054831504822,-1.2830120784095307,1.7183502356158655,-2.711355825463766,-1.7418368498431605,-0.21473580995668584,-0.00106789730489254,0.09586566686630249,9.607739494468436e-35,0.00036477879621088505,-9.450795169566207e-38,-0.0,1789113896.014222
2812.9829999999997,-0.32781126806403965,-0.5359188420863976,0.3913652973096708,-0.7354703215132514,-2.468252651634916,0.73366875697314,1,1,0.8378872275352478,-1.2780227226069947,1.718365494404928,-2.711363454858297,-1.741856877003805,-0.2147286573993128,-0.0007716272957623005,0.007202991284430027,0.000276884384220466,0.0004204965371172875,-0.0,-0.0,1789113896.1141381
2813.083,-0.3276473687996717,-0.5359433227781356,0.39157009754798255,-0.7351250675861671,-2.4680535694867625,0.7343945985722815,1,1,0.8380944728851318,-1.2783170205405732,1.7183893362628382,-2.7116228542723597,-1.7417529265033167,-0.21474773088564092,0.0047012921422719955,-0.00027150590904057026,5.334184970706701e-05,-0.0010382506297901273,0.0002196636633016169,-0.0,1789113896.214209
2813.183,-0.32716420376725897,-0.536180553691389,0.39122975188230813,-0.7342173954415893,-2.468916802793774,0.7339976723320144,1,1,0.8389432430267334,-1.2781472665122529,1.7188804785357874,-2.711670061151022,-1.741816822682516,-0.2147286573993128,0.030494604259729385,0.00021652455325238407,0.004072214476764202,-0.00014807847037445754,-3.0346776838996448e-05,-0.0,1789113896.3141987
2813.283,-0.32382794209454047,-0.5379184956678307,0.39077944082732136,-0.7271624713404273,-2.4719410645198017,0.73628759050108,1,1,0.8448579907417297,-1.2781953674605866,1.7202819029437464,-2.713189264337057,-1.7418811956988733,-0.21476680437196904,0.08351539075374603,-0.0003307101724203676,0.020997773855924606,-0.046168308705091476,-0.0005673851701430976,-0.0,1789113896.4140673
2813.383,-0.31757361887329244,-0.5411864987357476,0.39132336262102474,-0.7130714125806763,-2.4692854779044193,0.7522397842223368,1,1,0.8560271263122559,-1.2782058876803895,1.723182503377096,-2.7272545299925746,-1.7423351446734827,-0.21475154558290654,0.14368529617786407,-3.146077317584177e-23,0.03553076833486557,-0.2341872900724411,-0.011793958954513073,-0.0,1789113896.5142167
2813.4829999999997,-0.3082209512668901,-0.5456479539039408,0.39365918222633267,-0.6926593826227384,-2.4518422759519214,0.7813690574729866,1,1,0.8736386895179749,-1.2782128912261506,1.7275717894183558,-2.758571764031881,-1.7511699835406702,-0.21473580995668584,0.1909315586090088,4.100951991858892e-05,0.05137937515974045,-0.3271139860153198,-0.22068941593170166,-0.0,1789113896.6141384
2813.583,-0.30146727247358185,-0.5472183683562998,0.396800293386943,-0.6850985014012114,-2.4063949333957457,0.7803449092963265,1,1,0.8911159038543701,-1.2782177788070221,1.7308147589312952,-2.787375589410299,-1.7979758421527308,-0.21475488344301397,0.1471879929304123,0.0,0.011794461868703365,-0.24567914009094238,-0.7280990481376648,-0.0,1789113896.7142203
2813.683,-0.30175797283084677,-0.5436845416679538,0.40191835239143453,-0.7002781869934274,-2.3284311200534487,0.7497081667739358,1,1,0.9001225829124451,-1.2782228750041504,1.7310178915606897,-2.8133584461607875,-1.881181542073385,-0.21474773088564092,0.04241051524877548,-3.153467332595028e-05,0.0005382829695008695,-0.257628858089447,-0.8317845463752747,-0.0,1789113896.814144
2813.783,-0.3043654104804199,-0.5393524229917142,0.40654438147419747,-0.7179602708158802,-2.265362713500187,0.7300969303359011,1,1,0.9017215967178345,-1.2782298487475892,1.7310264746295374,-2.836565156976217,-1.9422553221331995,-0.21474773088564092,0.01830902509391308,2.8749273042194545e-05,0.00010740919242380187,-0.1558479517698288,-0.31724897027015686,-0.0,1789113896.9142141
2813.883,-0.30258536203119296,-0.5401812824643252,0.407032131157215,-0.7151673107816389,-2.2624507839572012,0.7334549012755124,1,1,0.9052673578262329,-1.2781734031489869,1.7311328093158167,-2.8402611217894496,-1.945066277180807,-0.2147286573993128,0.06573054194450378,0.001035960391163826,0.003255745628848672,0.00022682132839690894,0.0010677039390429854,-0.0,1789113897.0141377
2813.9829999999997,-0.29744256741135067,-0.5426611531702913,0.40612944289652897,-0.7052464807322937,-2.2680696738560866,0.7353922413507823,1,1,0.9144852757453918,-1.2781663698009034,1.7329986731158655,-2.8402492008604945,-1.9456599394427698,-0.2147439161883753,0.12101005017757416,2.1296633349265903e-05,0.0387260839343071,6.0968239267822355e-05,-0.010870959609746933,-0.0,1789113897.1142247
2814.083,-0.28992912398300363,-0.5452579733200964,0.40279098614013464,-0.6918375372250358,-2.2770729872564166,0.731676082421887,1,1,0.9273507595062256,-1.2781698864749451,1.7400310675250452,-2.8402959309019984,-1.9489401022540491,-0.21476680437196904,0.13310088217258453,6.252543971640989e-05,0.1112414002418518,1.961817850054744e-44,-0.02757435105741024,-0.0,1789113897.2142456
2814.183,-0.2817413233056369,-0.5462261732360142,0.39499550130628214,-0.6784728186142045,-2.2915667656775245,0.7172962032992475,1,1,0.9397372007369995,-1.2782058876803895,1.7563884894000452,-2.8404599628844203,-1.9530513922320765,-0.21474773088564092,0.1145256981253624,0.0,0.217251718044281,-0.006467349361628294,-0.07873426377773285,-0.0,1789113897.3141446
2814.283,-0.2754591183745889,-0.5444548033711312,0.3846184939780902,-0.6708632682184024,-2.3020398288510515,0.689968138216504,1,1,0.9481456279754639,-1.278195397262909,1.778741184865133,-2.8412143192686976,-1.964297119771139,-0.21473580995668584,0.05669296532869339,0.0,0.21172374486923218,-0.02270716428756714,-0.135246142745018,-0.0,1789113897.4141684
2814.383,-0.272480016826763,-0.5418928448592125,0.3789316223213507,-0.6702771294837496,-2.296307719174178,0.6817521670846151,1,1,0.9513487815856934,-1.2782346171191712,1.7955525557147425,-2.856124063531393,-1.9752104918109339,-0.21474773088564092,0.007927266880869865,-0.00015494655235670507,0.1092492863535881,-0.31816768646240234,-0.07290970534086227,-0.0,1789113897.5142012
2814.4829999999997,-0.2722828060632341,-0.5404355783225687,0.3819886083856824,-0.6756358642332913,-2.2671751506544697,0.7104563608728429,1,1,0.9514806270599365,-1.2781663698009034,1.8000291029559534,-2.8929559193053187,-1.9838317076312464,-0.2147439161883753,0.00021811772603541613,0.0003808745532296598,0.0008886312134563923,-0.32527926564216614,-0.12538491189479828,-0.0,1789113897.6141727
2814.583,-0.27301179598777214,-0.5392091768035026,0.38416417517346907,-0.6814291435318494,-2.246273684453234,0.7137366140005694,1,1,0.9515762329101562,-1.278150812988617,1.8000572363482874,-2.9060565433897914,-1.9989240805255335,-0.21475154558290654,0.0003080599708482623,0.0,0.0016045455122366548,0.0002543004520703107,-0.18618732690811157,-0.0,1789113897.7141309
2814.683,-0.2743459666636328,-0.5373047733941314,0.38489918135272516,-0.6889852023692697,-2.2269992806419823,0.6964422571695437,1,1,0.9516088366508484,-1.278174952869751,1.8000972906695765,-2.90612854580068,-2.023492161427633,-0.21474773088564092,0.0006806619348935783,0.0,0.00013222494453657418,-0.00040332204662263393,-0.28483259677886963,-0.0,1789113897.8142023
2814.783,-0.2754854495327466,-0.535355215789163,0.3857421202303962,-0.6965207844513503,-2.2060372192714794,0.6777243570674152,1,1,0.9521786570549011,-1.2781663698009034,1.8000901381122034,-2.90612854580068,-2.05048638979067,-0.21476346651186162,0.01528912503272295,0.0,2.366778426221572e-05,-8.519439870724455e-05,-0.22662009298801422,-0.0,1789113897.9142103
2814.883,-0.2744265350021403,-0.5355101925961339,0.38596584859383587,-0.6959422339783218,-2.201192992369288,0.6735127672500422,1,1,0.9549465775489807,-1.2781046491912385,1.800072971974508,-2.9061042271056117,-2.058387581502096,-0.21476298967470342,0.03667176142334938,7.546620327048004e-05,-0.0,-8.674051572839165e-32,-0.0003137453750241548,-0.0,1789113898.014109
2814.9829999999997,-0.2723082764516276,-0.5365953865464584,0.3859390172867101,-0.6917728405012645,-2.2031171815087522,0.6753586317475866,1,1,0.9589155912399292,-1.278070644741394,1.800072971974508,-2.9060336552061976,-2.0584729353534144,-0.21474773088564092,0.04395801201462746,0.0006726579740643501,-0.0,-0.0,-7.615913636982441e-05,-0.0,1789113898.1141603
2815.083,-0.27003052982959547,-0.5377428846559542,0.38590133779783664,-0.6872915804387185,-2.2050478144233967,0.6772756986791534,1,1,0.9631878137588501,-1.2780108016780396,1.8000972906695765,-2.9060479603209437,-2.0587051550494593,-0.21476298967470342,0.0453084260225296,0.0006109459791332483,-0.0,-0.0,-0.004650012589991093,-0.0,1789113898.2141666
2815.183,-0.2677721478297742,-0.5387057430053054,0.3858612149441418,-0.6836154994295552,-2.2040782002547656,0.6762430766991495,1,1,0.9678694605827332,-1.2777403456023713,1.8001320997821253,-2.9060050449767054,-2.0630748907672327,-0.21474773088564092,0.05082889273762703,0.003718626918271184,-0.0,-0.0,-0.12284816801548004,-0.0,1789113898.3141909
2815.283,-0.26602620218993134,-0.5384466185915313,0.386188787036261,-0.6849229257624956,-2.186916043267151,0.6603314167110759,1,1,0.9738469123840332,-1.2767981451800843,1.800112549458639,-2.9060288868346156,-2.0890830198871058,-0.21476680437196904,0.07045163959264755,0.01203973963856697,7.040732452878729e-05,-0.0,-0.33991819620132446,-0.0,1789113898.4141893
2815.383,-0.2634430997946522,-0.5377391490983487,0.3870371473124303,-0.6876674984566646,-2.158525712766835,0.6353144564616524,1,1,0.9827786684036255,-1.2757053536227723,1.8001130262957972,-2.9060875378050746,-2.13080341020693,-0.21473580995668584,0.10766643285751343,0.008676305413246155,6.343834962549422e-14,-0.0,-0.4586663544178009,-0.0,1789113898.5141895
2815.4829999999997,-0.2586191387685244,-0.5377607805484254,0.38848916769371494,-0.6866815661533968,-2.13010403575555,0.6126684548908815,1,1,0.9956379532814026,-1.2753787201694031,1.8001092115985315,-2.906069894830221,-2.173893753682272,-0.21473199525942022,0.1455039530992508,0.00044138910016044974,-0.0,2.097966193499362e-18,-0.3730056583881378,-0.0,1789113898.614353
2815.583,-0.2517254648439462,-0.5395994228816434,0.38946616344852736,-0.6784650619241911,-2.1168958719873916,0.6040902864166221,1,1,1.0105502605438232,-1.2753805679133912,1.8001483122455042,-2.9060408077635707,-2.1987603346454065,-0.21473199525942022,0.13954171538352966,0.0004586085269693285,1.8102253821840852e-39,-2.9874388928874396e-05,-0.13907675445079803,-0.0,1789113898.7141602
2815.683,-0.24613235265997566,-0.5421047134486789,0.38915667860238234,-0.6684181754591121,-2.118491254358545,0.6058429186891324,1,1,1.021494746208191,-1.274532215004303,1.8001444975482386,-2.905957361260885,-2.2036574522601526,-0.21476680437196904,0.07076673954725266,0.022326771169900894,-2.007083680267989e-21,0.00023067033907864243,-0.00042552943341434,-0.0,1789113898.8141706
2815.783,-0.24535754125694814,-0.5434225032092644,0.3868445529924678,-0.6651317284360263,-2.121986787097905,0.6029955247021298,1,1,1.0237699747085571,-1.2706107658198853,1.8001254240619105,-2.9059444866576136,-2.2036498228656214,-0.21475154558290654,4.980318455939945e-22,0.05785629525780678,-0.0,9.80763288680464e-05,-8.153236558428034e-05,-0.0,1789113898.9141588
2815.883,-0.24639133635436095,-0.545111955115505,0.381574343855909,-0.6629387552500033,-2.127531289109636,0.5937481358690803,1,1,1.023751139640808,-1.26168845713649,1.8001058737384241,-2.906032224694723,-2.2036216894732874,-0.21475154558290654,-0.00010368389484938234,0.12177121639251709,-0.0,5.4175641921863584e-24,-6.570087407453684e-07,-0.0,1789113899.014151
2815.9829999999997,-0.24797017084075978,-0.5477250757108713,0.37311434348360856,-0.6594098854666158,-2.1363163950540165,0.5789938265676088,1,1,1.023751139640808,-1.2474461656859894,1.8001163641559046,-2.9062324963011683,-2.2035821119891565,-0.21473199525942022,-2.8178284705582257e-10,0.14822551608085632,-0.0,-0.004549467004835606,-0.0,-0.0,1789113899.1141498
2816.083,-0.2491489930332564,-0.5496969950179744,0.36667953000228953,-0.6570501142044147,-2.1419414101253706,0.5694007933439936,1,1,1.0237733125686646,-1.236221657400467,1.8001049200641077,-2.908361097375387,-2.203602139149801,-0.21475488344301397,0.0,0.07064434885978699,-0.0,-0.04389584809541702,-0.0,-0.0,1789113899.2142122
2816.183,-0.249642806232957,-0.5504674753911615,0.3641354703709908,-0.6563189382899143,-2.1437746280347407,0.5661731137337319,1,1,1.0237358808517456,-1.231637642984726,1.8000901381122034,-2.909903188745016,-2.2036259810077112,-0.21475154558290654,0.0,0.02887031063437462,-0.0,-0.0003110049001406878,-0.0,-0.0,1789113899.3142052
2816.283,-0.24990593900970287,-0.550870328670995,0.3626587544599831,-0.6557553486587256,-2.145207970531968,0.5635144433612692,1,1,1.023720145225525,-1.229194388990738,1.8001235167132776,-2.909915109673971,-2.2037137190448206,-0.2147286573993128,0.0,0.01757068932056427,-0.0,-9.84233120107092e-05,-0.00028319889679551125,-0.0,1789113899.4141634
2816.383,-0.2499862871206529,-0.5510019842175284,0.36220470389686354,-0.6555742387385414,-2.1455807249861887,0.5626371887892203,1,1,1.023735761642456,-1.228412852888443,1.8001015822040003,-2.909915109673971,-2.2038376967059534,-0.21473199525942022,0.0,0.0017020537052303553,3.272292815381661e-05,-1.2191296639625909e-43,-0.00334423896856606,-0.0,1789113899.5141897
2816.4829999999997,-0.24995529771829356,-0.5509993396498091,0.3622153388136584,-0.6555228275122124,-2.1455523254351485,0.5626237825782336,1,1,1.0237855911254883,-1.228446976547577,1.8001287619220179,-2.909915109673971,-2.203897778187887,-0.21474773088564092,0.0,-2.8537619489732435e-10,1.1612488378887065e-05,-5.913479519450728e-43,-0.00015090103261172771,-0.0,1789113899.6141973
2816.583,-0.24997754467384406,-0.5510035541325816,0.3621838885446985,-0.6555296357461463,-2.1455926053421073,0.5625116748051056,1,1,1.023758053779602,-1.228395776157715,1.8001163641559046,-2.9098640880980433,-2.2039011160479944,-0.21474773088564092,0.0,0.0002011331671383232,-0.0,-1.122804587794235e-05,-8.326399984071031e-05,-0.0,1789113899.7141902
2816.683,-0.24998587796027838,-0.5510355258807171,0.362073409762777,-0.6554530108245924,-2.1457723190512565,0.5623738247012309,1,1,1.0237630605697632,-1.2282317739776154,1.800135914479391,-2.9098674259581507,-2.2038210074054163,-0.21475154558290654,0.0,0.0002992095542140305,-0.0,-0.0,-4.977877606703221e-21,-0.0,1789113899.8142
2816.783,-0.24999533841684812,-0.5510248010856721,0.3623297944539021,-0.655812696073412,-2.1450544044591022,0.563859528886396,1,1,1.023720145225525,-1.2283495527556916,1.8000219503985804,-2.9109612903990687,-2.203677479420797,-0.21473199525942022,0.0,-0.0007165043498389423,-0.00013851207040715963,-0.0395205058157444,0.0006637368351221085,-0.0,1789113899.9141583
2816.883,-0.24976442055030973,-0.5506473416771406,0.36558180200817564,-0.6613893093198772,-2.1312878854187063,0.5879991793977514,1,1,1.0236587524414062,-1.2291687291911622,1.800061051045553,-2.932852407495016,-2.2033665815936487,-0.2147439161883753,-0.00044520682422444224,-0.00944960955530405,-0.00017518048116471618,-0.4113057851791382,0.0019759393762797117,-0.0,1789113900.0141184
2816.9829999999997,-0.24937168891133946,-0.5496189631986218,0.37314499006453855,-0.6758589995704714,-2.09409178242396,0.6491471872860564,1,1,1.023268222808838,-1.2294300955585022,1.800020996724264,-2.9910904369749964,-2.203374687825338,-0.21476346651186162,-0.006657935678958893,-0.0001240946730831638,-6.572018173756078e-05,-0.6590548753738403,0.0001420999615220353,-0.0,1789113900.114115
2817.083,-0.24932867442991696,-0.5481053107439399,0.38005302867621804,-0.6898962079533082,-2.0575258405846695,0.7054106107831685,1,1,1.0219550132751465,-1.229440526371338,1.8000572363482874,-3.046168466607565,-2.2033665815936487,-0.21476680437196904,-0.014611398801207542,0.00011200927838217467,0.00012648668780457228,-0.4600309133529663,5.668028169159538e-17,-0.0,1789113900.2141578
2817.183,-0.24922858884500587,-0.5470166125802157,0.38415829887736663,-0.6982358312679399,-2.0346607501739817,0.7392974877211506,1,1,1.0211145877838135,-1.2293568414500733,1.8001411596881312,-3.0798799000182093,-2.2033823172198694,-0.21476298967470342,-0.0046379705891013145,0.00016592863539699465,0.0002838055370375514,-0.18378418684005737,0.0,-0.0,1789113900.3142428
2817.283,-0.2491756452104169,-0.5468733873478798,0.3846966776717468,-0.6993077400940125,-2.031572267496892,0.7442596910430734,1,1,1.0210305452346802,-1.229317383175232,1.8002126852618616,-3.0847445927061976,-2.203163448964254,-0.2147439161883753,-0.00013770726218353957,0.0011789489071816206,0.0014118209946900606,-0.0002674918796401471,0.004288594238460064,-0.0,1789113900.4142237
2817.383,-0.2491937198794734,-0.546842380789677,0.38466017786556295,-0.6993394574636238,-2.031591304038237,0.7451953420350976,1,1,1.0208936929702759,-1.2292782229236145,1.8004205862628382,-3.085576196710104,-2.202545944844381,-0.21475106874574834,-0.004343725740909576,-0.0002751926949713379,0.00029777229065075517,-0.03263770416378975,0.004697887692600489,-0.0,1789113900.5141764
2817.4829999999997,-0.24979876239400256,-0.5464719237118992,0.38517647361862434,-0.7011990937961051,-2.0287828196318936,0.7499183769504627,1,1,1.019532561302185,-1.2292747658542176,1.8004363218890589,-3.090175767938131,-2.2013052145587366,-0.21476298967470342,-0.0291731059551239,-1.5028320376586635e-05,9.70616820268333e-05,-0.021615048870444298,0.03697744756937027,-0.0,1789113900.6142259
2817.583,-0.25251580130083895,-0.5462859856972077,0.3846169478893785,-0.7012561940452764,-2.0386852791054246,0.7581056872176375,1,1,1.013198971748352,-1.229262725715973,1.8004134337054651,-3.0903364620604457,-2.184333626423971,-0.2147439161883753,-0.09975797683000565,2.679700446606148e-05,5.171693828742718e-07,-0.00016633159248158336,0.34742698073387146,-0.0,1789113900.7142167
2817.683,-0.2574148839798381,-0.5476565868088022,0.38263181282482456,-0.6928120034041237,-2.0781530729110993,0.7919227329934153,1,1,0.9991380572319031,-1.2292421919158478,1.800448242818014,-3.090367456475729,-2.123970333729879,-0.21476346651186162,-0.1782573163509369,0.0,0.0007078300695866346,-0.00018032541265711188,0.8414103984832764,-0.0,1789113900.814205
2817.783,-0.2641802272495061,-0.549754444020094,0.3798602392671116,-0.6778569744082021,-2.13949595088018,0.8470184843352768,1,1,0.9779558181762695,-1.2292575401118775,1.80058461824526,-3.090348859826559,-2.0291722456561487,-0.214759651814596,-0.2409478724002838,3.941300019505434e-05,0.004716802388429642,-8.006377902347594e-05,0.9791463017463684,-0.0,1789113900.9142046
2817.883,-0.2722854172344322,-0.5501867133258321,0.3774543129570263,-0.6669789958797845,-2.1940049038585316,0.8985138231811621,1,1,0.9538707137107849,-1.229312316780426,1.801363770161764,-3.0907799206175746,-1.9397452513324183,-0.21476680437196904,-0.23769235610961914,-0.00021281422232277691,0.0011750617995858192,-0.01695123314857483,0.799419641494751,-0.0,1789113901.0141106
2817.9829999999997,-0.27994230211396787,-0.5493336138264346,0.3765857685503077,-0.6616378394922361,-2.229239003156043,0.9417442496976631,1,1,0.9323254227638245,-1.2292695802501221,1.8015793005572718,-3.0951434574522914,-1.8718937079059046,-0.21473199525942022,-0.1964271515607834,-5.59118087265602e-42,0.005411537364125252,-0.028712306171655655,0.5737488269805908,-0.0,1789113901.1141264
2818.083,-0.2862681840397358,-0.5477650455307584,0.3750242273607484,-0.6593975803803269,-2.2564590797379567,0.9688397118051699,1,1,0.9146912097930908,-1.2293208104423066,1.80347186723818,-3.095848699609274,-1.822474781666891,-0.21474773088564092,-0.1628849059343338,-0.00010164738341700286,0.04420939460396767,-0.002279050648212433,0.4117266833782196,-0.0,1789113901.2142246
2818.183,-0.29158751556941276,-0.5436445890083937,0.37120250519082487,-0.6651159310794666,-2.267687685318967,0.9776339483019361,1,1,0.8997595310211182,-1.2294199925712128,1.8132155577289026,-3.1031466923155726,-1.7982400099383753,-0.2147286573993128,-0.1319388449192047,-0.0011883210390806198,0.15875867009162903,-0.19322393834590912,0.019295580685138702,-0.0,1789113901.314222
2818.283,-0.29403385704130997,-0.5367120142118538,0.36565150193690066,-0.6753780455364787,-2.2534053946788815,0.983564306814085,1,1,0.889400839805603,-1.2293856900981446,1.8347609678851526,-3.1354485950865687,-1.7982543150531214,-0.21476346651186162,-0.07291270792484283,0.0,0.25982844829559326,-0.424673855304718,-9.28816880332306e-05,-0.0,1789113901.414211
2818.383,-0.29126893997319575,-0.5312529191309685,0.3590859575557241,-0.6767703662578985,-2.2420865028743293,0.9951017219325715,1,1,0.8872008919715881,-1.2293653053096314,1.8605964819537562,-3.1737781963744105,-1.7982590834247034,-0.214759651814596,0.0014372275909408927,8.007410360733047e-05,0.2354777455329895,-0.27591121196746826,-5.970076863426321e-13,-0.0,1789113901.5142126
2818.4829999999997,-0.2888724085686576,-0.5283550013141292,0.35249344032172886,-0.677369484688121,-2.2495589630736834,0.9859997525539421,1,1,0.8872522711753845,-1.2293876570514222,1.8776214758502405,-3.1816731892027796,-1.7983139196978968,-0.21474773088564092,-0.001608481165021658,0.00032761518377810717,0.09854304790496826,0.00040884219924919307,-7.227953028632328e-05,-0.0,1789113901.614198
2818.583,-0.2886402159456092,-0.5279587049039808,0.3514441931095766,-0.6776513388496009,-2.251454685590388,0.9834859020206026,1,1,0.8871394395828247,-1.2293533843806763,1.8798711935626429,-3.1815368137755335,-1.7983463446246546,-0.21476346651186162,-0.0010656554950401187,9.774187219591113e-07,-0.00026113222702406347,0.00027982264873571694,-0.0002416590286884457,-0.0,1789113901.7141557
2818.683,-0.28861337314496244,-0.5279635535130425,0.35147089296477974,-0.6776618135197863,-2.251430451012584,0.983524106969105,1,1,0.8871855735778809,-1.2294012171081086,1.8798673788653772,-3.1815091572203578,-1.7983811537372034,-0.21472484270204717,0.0014319006586447358,-0.0002159102587029338,-0.00010916218161582947,2.9470291337929666e-05,-0.00010302966984454542,-0.0,1789113901.8142123
2818.783,-0.28866873812473237,-0.527939686826074,0.35143060718798436,-0.6777466342073827,-2.2514462757826963,0.9833959323947152,1,1,0.8870863318443298,-1.2293499571136017,1.87988788286318,-3.1815043888487757,-1.7983740011798304,-0.2147439161883753,-0.0003938921436201781,-0.00018737182836048305,-0.0,0.00014732530689798295,-1.7850567453620931e-29,-0.0,1789113901.9142308
2818.883,-0.28854618763118445,-0.5277133664444378,0.3525367236433925,-0.6773556924227122,-2.2460571691956166,0.9900859714925067,1,1,0.8869819641113281,-1.2298286718181153,1.8799389044391077,-3.1877018413939417,-1.7982695738421839,-0.21473247209657842,-0.0010602336842566729,-0.009157384745776653,0.001394215621985495,-0.20347893238067627,0.00019570461881812662,-0.0,1789113902.014227
2818.9829999999997,-0.2884307506566619,-0.5261247246515899,0.3581005103672793,-0.6758388334688867,-2.2101074850267213,1.0316830728744886,1,1,0.8853856921195984,-1.2298885446837922,1.8807523886310022,-3.2310334644713343,-1.7982624212848108,-0.2147286573993128,-0.033907242119312286,4.6040462621022016e-05,0.014960920438170433,-0.6765470504760742,7.397604349534959e-05,-0.0,1789113902.1142347
2819.083,-0.2883443841710954,-0.5226382546517427,0.36838772482654725,-0.6730428943124321,-2.141829345709032,1.1059313890622189,1,1,0.8816627264022827,-1.2298885446837922,1.881453816090719,-3.3101846180357875,-1.7982986609088343,-0.21474773088564092,-0.04005976766347885,0.0,0.0002788369602058083,-0.8175486922264099,1.5134023414708024e-43,-0.0,1789113902.2142017
2819.183,-0.2882397365713957,-0.5193811430954628,0.37641233881083225,-0.6705850375475119,-2.0861401385718272,1.162583691812827,1,1,0.8781912326812744,-1.2297652524760743,1.8815973440753382,-3.3725139103331507,-1.7983058134662073,-0.214759651814596,-0.029278364032506943,0.0005910343024879694,0.002701713005080819,-0.38400885462760925,0.0,-0.0,1789113902.3142412
2819.283,-0.288233192970625,-0.5179520756100632,0.37664642672219056,-0.6711173297296675,-2.076934163076526,1.1706149166816773,1,1,0.8766123056411743,-1.229796127682068,1.8848431746112269,-3.385265966454977,-1.798250977193014,-0.21476346651186162,-0.011677385307848454,-8.079498365987092e-05,0.07196749746799469,-0.00014932523481547832,1.046097963808279e-06,-0.0,1789113902.414219
2819.383,-0.2868354542478652,-0.5156918968306865,0.3704278878171521,-0.67311071374308,-2.0889971457292007,1.1572347529839837,1,1,0.8759669065475464,-1.229796127682068,1.8990452925311487,-3.385365148583883,-1.7982032934771937,-0.21476298967470342,-0.002070264657959342,-4.9749269237509e-05,0.2147470861673355,-0.002351311966776848,0.0004817304143216461,-0.0,1789113902.5142252
2819.4829999999997,-0.28316749092273774,-0.5112274503368368,0.3595164985004594,-0.6751199205529597,-2.106715491315884,1.1383332406902744,1,1,0.8758883476257324,-1.2298919719508667,1.9263623396502894,-3.3923074207701625,-1.7981632391559046,-0.21476298967470342,-0.00013431521074380726,-2.246030885393333e-22,0.3015817403793335,-0.13600309193134308,0.00013759630382992327,-0.0,1789113902.6142242
2819.583,-0.2784948218345961,-0.5056536486130565,0.34962717613760697,-0.6758421516818808,-2.1136315891763573,1.1309589199251973,1,1,0.8759157657623291,-1.2298885446837922,1.9561541716205042,-3.414191862145895,-1.7982137838946741,-0.214759651814596,-6.970528193050995e-05,0.0002514846564736217,0.2718481123447418,-0.2686717212200165,6.729022425133735e-05,-0.0,1789113902.7142231
2819.683,-0.2743369946787936,-0.5006639973017372,0.34471013095387937,-0.6746816891434259,-2.10308630690413,1.142463170673003,1,1,0.8758850693702698,-1.2298611265471955,1.9785345236407679,-3.448787351647848,-1.7982304731952112,-0.21474773088564092,-0.00015825869922991842,0.00023487277212552726,0.1719965934753418,-0.3737674355506897,4.6277459825333506e-36,-0.0,1789113902.8142385
2819.783,-0.2717389858180342,-0.49754966330048694,0.34644913357445994,-0.6714350949038751,-2.074434618966247,1.173024101497572,1,1,0.87584388256073,-1.2299228471568604,1.987396542225973,-3.4903704128661097,-1.7982099691974085,-0.2147443930255335,-0.0004845897201448679,2.8180013032397255e-05,0.026555972173810005,-0.49613961577415466,0.0,-0.0,1789113902.9141996
2819.883,-0.2700611824869906,-0.4954297912347478,0.3523967105923219,-0.6666625180868333,-2.032266507361568,1.2163651795212393,1,1,0.875681459903717,-1.229856089954712,1.9876459280597132,-3.5381251774229945,-1.798258129750387,-0.21473247209657842,-0.0002268378739245236,-1.4310455625403742e-14,0.00017773914441931993,-0.3932568430900574,1.5758730569359614e-06,-0.0,1789113903.0141602
2819.9829999999997,-0.26931883722496375,-0.4945741993579438,0.35470586685329497,-0.6645870346719059,-2.015665015737496,1.2331158166481622,1,1,0.8757036328315735,-1.2298441690257569,1.987696949635641,-3.5567361317076625,-1.798258129750387,-0.21476680437196904,-7.30983738321811e-05,4.145118873566389e-05,0.0008809093851596117,-0.013967275619506836,0.0,-0.0,1789113903.1142366
2820.083,-0.26927258726788794,-0.4945380731378494,0.3546035447692399,-0.6645553447634612,-2.015828003990655,1.2330232779940136,1,1,0.875718891620636,-1.2298166316798707,1.9879515806781214,-3.5568767986693324,-1.798218075429098,-0.2147753874408167,-2.802596928649634e-44,0.000132099274196662,0.0036058002151548862,-0.0007125807460397482,0.0,-0.0,1789113903.214169
2820.183,-0.2690069542123281,-0.4942063743014952,0.35372931036417876,-0.6648283437060534,-2.017713993253511,1.2311023604975082,1,1,0.8757087588310242,-1.2297721666148682,1.9900253454791468,-3.556873460809225,-1.7982457319842737,-0.214759651814596,0.0,-3.352613202878274e-05,0.047747064381837845,-0.00018568315135780722,0.0,-0.0,1789113903.3141637
2820.283,-0.2676662808913392,-0.49262694249534006,0.34976898575806853,-0.665852650892246,-2.026356588914797,1.2225049295197106,1,1,0.8757428526878357,-1.2297638219645997,1.9997566382037562,-3.5570198498167933,-1.7982457319842737,-0.21474057832826787,0.0,0.0,0.15421104431152344,-0.0007949948194436729,0.0,-0.0,1789113903.4141893
2820.383,-0.26475122217904845,-0.4891196668073845,0.3420195691573313,-0.6676791306450165,-2.041631810074857,1.207055117140217,1,1,0.8757309317588806,-1.2297995549491425,2.019873921071188,-3.560031076470846,-1.7982576529132288,-0.2147439161883753,0.0,0.0,0.22776193916797638,-0.08046973496675491,0.0,-0.0,1789113903.5142584
2820.4829999999997,-0.2606184138779326,-0.484171933072568,0.33444343577076435,-0.6684093117187224,-2.0482420494072575,1.2004105742990785,1,1,0.875724196434021,-1.2297721666148682,2.0441930929767054,-3.577019353906149,-1.7982457319842737,-0.21476680437196904,0.0,0.00014424591790884733,0.24489346146583557,-0.21749454736709595,0.0,-0.0,1789113903.6142724
2820.583,-0.25623550034449716,-0.4789341971308912,0.32862819646765024,-0.6681560441573413,-2.0460632664186384,1.202781900664684,1,1,0.875724196434021,-1.229806439285614,2.0673168341266077,-3.602616926232809,-1.7982543150531214,-0.2147439161883753,0.0,5.547841647057794e-05,0.21682928502559662,-0.2825218737125397,0.0,-0.0,1789113903.7142992
2820.683,-0.252772097004415,-0.47478797811455026,0.3251651557094447,-0.6673568197094376,-2.03947571841968,1.2095884142951003,1,1,0.8757121562957764,-1.2297876936248322,2.0842302481280726,-3.626983781854147,-1.7982662359820765,-0.214759651814596,0.0,0.0001615833753021434,0.11403040587902069,-0.18938295543193817,0.0,-0.0,1789113903.814311
2820.783,-0.25131809304823316,-0.4730651672295354,0.3246802230723832,-0.6664706813989489,-2.032084159862346,1.2171697387867744,1,1,0.875724196434021,-1.2297687095454712,2.0901783148394983,-3.641256948510641,-1.7982662359820765,-0.2147439161883753,0.0,2.575872241200594e-12,0.008001068606972694,-0.10674101114273071,0.0,-0.0,1789113903.9142892
2820.883,-0.25089532903616507,-0.4725673365315835,0.3260449685042559,-0.6653055759748236,-2.02236898231335,1.2269796970793994,1,1,0.8757275938987732,-1.2297755640796204,2.090186897908346,-3.6521059475340785,-1.7982781569110315,-0.21474057832826787,0.0,4.0900562453316525e-05,-3.817036122200079e-05,-0.10248205065727234,-3.145676955540579e-32,-0.0,1789113904.014251
2820.9829999999997,-0.250629537322274,-0.47224704879077173,0.32688402866962274,-0.6645704400398115,-2.016225962117675,1.2331301095081237,1,1,0.8757208585739136,-1.2297414702228089,2.0901992956744593,-3.6589862308897914,-1.798286263142721,-0.21474057832826787,0.0,5.364934986573644e-05,-9.097062250689412e-20,-0.04517671465873718,-7.505588291678578e-05,-0.0,1789113904.114255
2821.083,-0.2503109721734874,-0.47186644106322995,0.3278308788184234,-0.6637572019921955,-2.0092780316380456,1.2400130646663277,1,1,0.875724196434021,-1.229748324756958,2.0902612845050257,-3.666731973687643,-1.798332993184225,-0.21473247209657842,0.0,0.00023905903799459338,8.718989556655288e-05,-0.1185246929526329,-3.2454072433762763e-42,-0.0,1789113904.21427
2821.183,-0.2496428556966399,-0.4710858210824359,0.3298472672748936,-0.6619021243857487,-1.9946184854598419,1.254574066713799,1,1,0.8757275938987732,-1.2297432881644745,2.090254608784811,-3.682993074456686,-1.7982948462115687,-0.21474773088564092,0.0,0.0002202608884545043,0.00010271959035890177,-0.19635149836540222,-3.2310325193413575e-25,-0.0,1789113904.3142512
2821.283,-0.24888655798606732,-0.4701956540955847,0.33202457339832103,-0.6598455108716001,-1.9781164379975424,1.2706795721117947,1,1,0.8757361173629761,-1.2295891803554078,2.090231243764059,-3.701286932031149,-1.7983186880694788,-0.21474773088564092,0.0,0.0016114242607727647,0.0001217148601426743,-0.12149491906166077,-0.00019600139057729393,-0.0,1789113904.4142113
2821.383,-0.24860282491802685,-0.46985290394809276,0.33276496441043896,-0.659093822592405,-1.9722576967479877,1.276355546816234,1,1,0.875724196434021,-1.2295243006995697,2.090306107197897,-3.7078596554198207,-1.798302952443258,-0.214759651814596,0.0,0.0008160611614584923,0.0007509996648877859,-0.0319446325302124,-7.402284245472401e-05,-0.0,1789113904.5142334
2821.4829999999997,-0.2484364854024679,-0.4696341059921771,0.33307233334667286,-0.6587862607847605,-1.9693497541409604,1.2790890764561573,1,1,0.8757054209709167,-1.2294799846461792,2.0905335585223597,-3.7112752399840296,-1.7983463446246546,-0.21474773088564092,0.0,0.001954640494659543,0.0047531938180327415,-0.050553660839796066,-1.821688003622262e-43,-0.0,1789113904.614253
2821.583,-0.2479482171430068,-0.469074078820458,0.33324473684349354,-0.6581848027249082,-1.9648423183321946,1.2834243980511126,1,1,0.8757361173629761,-1.2293089193156739,2.0919421354876917,-3.71779265026235,-1.7983740011798304,-0.21476298967470342,0.0,0.0031949891708791256,0.02540110982954502,-0.0683833509683609,-0.0,-0.0,1789113904.7141876
2821.683,-0.24725307072525066,-0.4682537323730016,0.3317601291737789,-0.6584775962607191,-1.966957424114237,1.2813943569709827,1,1,0.8757583498954773,-1.2289840143970032,2.0961645285235804,-3.720020910302633,-1.7984169165240687,-0.2147439161883753,0.0,0.0013586165150627494,0.05430521443486214,-0.00025412312243133783,-0.0003548277891241014,-0.0,1789113904.8142638
2821.783,-0.2465317354739912,-0.46737177131526875,0.3299201270824051,-0.6590572957137919,-1.971415615411458,1.2770602908026347,1,1,0.8757428526878357,-1.2289754015258332,2.101069752370016,-3.7200380764403285,-1.798446003590719,-0.214759651814596,0.0,0.00010952328739222139,0.029655272141098976,-6.085877612349577e-05,-0.000177827212610282,-0.0,1789113904.914235
2821.883,-0.24633032135859922,-0.467113445792607,0.3293799982536761,-0.6592343696667124,-1.9726769321393665,1.2758089317397163,1,1,0.875724196434021,-1.2289429765990754,2.1024864355670374,-3.7200895748534144,-1.7984579245196741,-0.21476680437196904,0.0,0.0002851303725037724,0.002200402319431305,-0.0005544729647226632,-7.170789467636496e-05,-0.0,1789113905.0142684
2821.9829999999997,-0.24631785115721583,-0.467090304243116,0.32935133017179435,-0.659270080609078,-1.9726861786906926,1.2757892968978002,1,1,0.8757154941558838,-1.22893779099498,2.10258132616152,-3.7201668224730433,-1.7984660307513636,-0.21474773088564092,0.0,0.0003004134923685342,0.0004930449067614973,-0.0017686648061499,-0.0001695971586741507,-0.0,1789113905.1142561
2822.083,-0.24635513994864755,-0.46709625915633307,0.3293283956249515,-0.6593819310094697,-1.9727222220157026,1.275563074522615,1,1,0.8756901025772095,-1.2288900178721924,2.1025341192828577,-3.720029493371481,-1.7985861937152308,-0.21474773088564092,0.0,0.0018842220306396484,2.5411063380872023e-19,0.0019518786575645208,-0.0006194862071424723,-0.0,1789113905.214192
2822.183,-0.2464216635984927,-0.4671945900608533,0.3291839954510995,-0.6595082128010811,-1.9736154242463368,1.2746308536252116,1,1,0.8757293820381165,-1.2287464004806061,2.1023948828326624,-3.719022413293356,-1.7986686865436,-0.21475154558290654,0.0001563879632158205,0.00045200667227618396,-0.0007163741393014789,0.012869050726294518,-0.0006280096713453531,-0.0,1789113905.3142407
2822.283,-0.24646994210851536,-0.46731471602231117,0.3291531451137898,-0.6595290683446291,-1.9743821156444856,1.273986713678356,1,1,0.8758060932159424,-1.2287463706782837,2.1021345297442835,-3.7179724178709925,-1.7986615339862269,-0.21474773088564092,6.310534081421793e-05,1.531908674223814e-05,-0.004784807562828064,0.006244350224733353,-0.00016937880718614906,-0.0,1789113905.4141424
2822.383,-0.2467658436324517,-0.46764357370054094,0.3293256925323398,-0.6597086377606707,-1.9754383885381084,1.2728972350687393,1,1,0.8757805228233337,-1.2287822228721161,2.1009281317340296,-3.7155353031554164,-1.798685375844137,-0.2147439161883753,0.000105723571323324,0.0,-0.021578814834356308,0.038869068026542664,-8.793141023488715e-05,-0.0,1789113905.5142603
2822.4829999999997,-0.24814714848442448,-0.4693072138277577,0.3298586494168216,-0.6604800296007145,-1.981977230874987,1.2666033882421504,1,1,0.875789225101471,-1.2287548345378418,2.095320526753561,-3.702804227868551,-1.7986252943622034,-0.21474773088564092,0.00012207946565467864,-1.3446202501654625e-05,-0.07844094187021255,0.15171606838703156,-0.0,-0.0,1789113905.6142428
2822.583,-0.2486528683065827,-0.46991332394300994,0.3306145386223932,-0.6604171609467153,-1.9815858339530343,1.2670397532185322,1,1,0.8757805228233337,-1.2287668746760865,2.0925849119769495,-3.7005111179747523,-1.79857045808901,-0.21473580995668584,-3.5421864595264196e-05,-0.00011668913793982938,0.0007155888597480953,-0.01706984080374241,-0.0,-0.0,1789113905.7142336
2822.683,-0.24853056378105365,-0.4697536399018759,0.3308735857590742,-0.660170316523996,-1.9793395493237411,1.2691655565690299,1,1,0.8757686018943787,-1.2287548345378418,2.09272271791567,-3.703099390069479,-1.7986047903644007,-0.21473580995668584,-0.0001670170167926699,5.643131225951947e-05,0.0008724000072106719,-0.04040032997727394,-0.0,-0.0,1789113905.8142521
2822.783,-0.2484328138734226,-0.4696561499404658,0.33104420438892934,-0.6599298193984253,-1.9777816540812807,1.2706996330638474,1,1,0.8757905960083008,-1.2287054818919678,2.092806641255514,-3.7049623928465785,-1.7986014525042933,-0.21475488344301397,-1.6566950034047068e-09,0.0005667805089615285,0.001211361144669354,-0.0002794813772197813,-0.0,-0.0,1789113905.9141953
2822.883,-0.24842998902245234,-0.4696166606621084,0.3309249916047283,-0.6600190315908445,-1.9779361898469061,1.270496327744039,1,1,0.8757481575012207,-1.2285992962173005,2.093010727559225,-3.705067297021383,-1.7986133734332483,-0.21473580995668584,-7.794795237714425e-05,0.0006203879602253437,0.005665210075676441,-0.0010145452106371522,-0.0,-0.0,1789113906.014247
2822.9829999999997,-0.24840339141174628,-0.46958539576396363,0.33003463959740015,-0.6602666587092232,-1.979708314772964,1.2687739001538791,1,1,0.8757515549659729,-1.2275511187366028,2.093933884297506,-3.7050844631590785,-1.7986324469195765,-0.21471673647035772,-3.190146526321769e-05,0.024016842246055603,0.009072069078683853,-0.000856485974509269,-0.0,-0.0,1789113906.1142275
2823.083,-0.24873442535865928,-0.4699471678597508,0.32711323107464496,-0.6608324936938047,-1.9843110287275898,1.2642988092338283,1,1,0.8756968975067139,-1.222509281044342,2.0951107184039515,-3.706250330010885,-1.7986014525042933,-0.21473580995668584,-1.5746969343389396e-30,0.07381895929574966,0.016877666115760803,-0.06108540669083595,-0.0,-0.0,1789113906.2142372
2823.183,-0.24866299297215322,-0.4699114867664266,0.3230343926629144,-0.660330335790978,-1.9809039207661499,1.26768797824034,1,1,0.8757428526878357,-1.2126717430404206,2.09763747850527,-3.7224041424193324,-1.7986410299884241,-0.21474773088564092,-0.00015236537728924304,0.12122029811143875,0.027956409379839897,-0.25815412402153015,-0.0,-0.0,1789113906.3142478
2823.283,-0.24840865812168578,-0.4695968756903631,0.32017922940154164,-0.6581630413256209,-1.9637036934668024,1.28434401826497,1,1,0.8756915330886841,-1.2002763015082856,2.098530117665426,-3.7545606098570765,-1.7986372152911585,-0.21473914781679326,-0.00028070659027434886,0.12741199135780334,0.00023747890372760594,-0.4233953654766083,5.10911033087393e-34,-0.0,1789113906.414241
2823.383,-0.2477872420204043,-0.46883714098716645,0.31841793090977144,-0.6545481713203332,-1.9349122194363138,1.31156406930677,1,1,0.8756421804428101,-1.1864072245410462,2.098459545766012,-3.7996274433531703,-1.798736874257223,-0.21471673647035772,-0.000128452418721281,0.14934109151363373,9.869899076875299e-05,-0.39731913805007935,-0.0007002535276114941,-0.0,1789113906.514246
2823.4829999999997,-0.24815575515533572,-0.46930230914973065,0.313505136714755,-0.6535692931403602,-1.927880671357892,1.3181602415066764,1,1,0.8756489753723145,-1.1719047588161011,2.098513905202047,-3.821813245812887,-1.798784081135885,-0.21474773088564092,-0.00014497633674181998,0.12417583912611008,8.806442310408877e-15,-0.06263131648302078,-0.00021897893748246133,-0.0,1789113906.6141605
2823.583,-0.24907514983256973,-0.4704185920069362,0.30804092720122767,-0.6545426475881474,-1.9359295897921878,1.3107612765769796,1,1,0.8756455779075623,-1.160874680881836,2.09855825105776,-3.8242460689940394,-1.798736874257223,-0.21474773088564092,-2.033361124631483e-05,0.10438594222068787,0.00031468176166526973,-0.04706181585788727,-1.1170718607900199e-05,-0.0,1789113906.7141516
2823.683,-0.24926430597495508,-0.470687025793341,0.3050116637952221,-0.6539616019583485,-1.9320901149781868,1.3144869063707547,1,1,0.8756729364395142,-1.1520776015571137,2.0985339323626917,-3.837241312066549,-1.7987058798419397,-0.21474773088564092,0.0,0.0837070569396019,-5.2803810831392184e-05,-0.18818125128746033,-0.0,-0.0,1789113906.814202
2823.783,-0.24865846480625758,-0.4699639247839091,0.30499475221146505,-0.651832317167036,-1.9156753158115831,1.329743007256861,1,1,0.8756574988365173,-1.1468354922584076,2.0985305945025843,-3.860188146630758,-1.7987211386310022,-0.21473580995668584,0.0,0.01516592875123024,-1.4198396456777118e-05,-0.250772088766098,-0.0,-0.0,1789113906.9141238
2823.883,-0.24763202035785442,-0.46877676452234684,0.3072657088437823,-0.649199585783572,-1.8959729464533905,1.3478145317058823,1,1,0.8756983280181885,-1.1463289719871064,2.0985034147845667,-3.8818191490569056,-1.798741642628805,-0.21473199525942022,0.0,0.00018778203229885548,-0.0,-0.1820870190858841,-0.0,-0.0,1789113907.0142007
2823.9829999999997,-0.24689024691782796,-0.4679091697848885,0.30888885261760146,-0.6474000857817224,-1.8825698881809667,1.3599259473208265,1,1,0.875718891620636,-1.1463038486293335,2.0985782782184046,-3.8962251148619593,-1.7987640539752405,-0.21473199525942022,0.0,0.0009662291267886758,0.00020853285968769342,-0.12370508909225464,-0.0,-0.0,1789113907.114204
2824.083,-0.24635128683210453,-0.4672717786242879,0.30997684257658875,-0.6460221048544645,-1.8725310288802275,1.3689073901259021,1,1,0.8757222890853882,-1.1459842783263703,2.0985997358905237,-3.9072474441924037,-1.7987678686725062,-0.21475154558290654,0.0,0.006564567796885967,0.00046892979298718274,-0.06382465362548828,-0.0,-0.0,1789113907.2142494
2824.183,-0.24623049263510616,-0.4671212125893376,0.30914246678455387,-0.6461128515584685,-1.8733551254764405,1.3682304301262116,1,1,0.8757036328315735,-1.1447605055621644,2.099678341542379,-3.908701559106344,-1.7987173239337366,-0.21474773088564092,0.0,0.015935519710183144,0.025864770635962486,-0.005731960292905569,-0.0,-0.0,1789113907.3142416
2824.283,-0.24562443726119168,-0.46637621976490856,0.30674705286608317,-0.6466238629341398,-1.8767409222739562,1.3651739494944515,1,1,0.8756847977638245,-1.1422903400710602,2.1040685812579554,-3.9119414291777552,-1.798760239277975,-0.21473580995668584,0.0,0.04007413238286972,0.05683451518416405,-0.05201011896133423,-0.0,-0.0,1789113907.4142168
2824.383,-0.24515323594559854,-0.4658033547007991,0.30384336544764257,-0.646856808570218,-1.8784814514838546,1.363657718014345,1,1,0.875664234161377,-1.1376083952239533,2.107734505330221,-3.9184559784331263,-1.798748795186178,-0.21473199525942022,0.0,0.04893701523542404,0.006878635846078396,-0.12260618060827255,-0.0,-0.0,1789113907.514243
2824.4829999999997,-0.24459695624388295,-0.4651486838381098,0.3035680799234515,-0.6450321199518287,-1.8652327376540327,1.3754747772460922,1,1,0.875664234161377,-1.1329412919333954,2.107776943837301,-3.9372440777220667,-1.798760239277975,-0.21475154558290654,0.0,0.04283050820231438,0.00013237411621958017,-0.2297983467578888,-0.0,-0.0,1789113907.6142058
2824.583,-0.24413858090884383,-0.46463288793390656,0.30280117063100487,-0.6434634380362682,-1.8538047315228174,1.3856575268539815,1,1,0.8756881952285767,-1.1276308757117768,2.1078055540667933,-3.9547068081297816,-1.7987530867206019,-0.2147129217730921,2.060927181446459e-05,0.06711369752883911,1.497586543876717e-15,-0.09347883611917496,-0.0,-0.0,1789113907.7142653
2824.683,-0.24449556202100348,-0.46505304177092505,0.2992609384809133,-0.6435447303730032,-1.8543637243254611,1.385171056917688,1,1,0.875669538974762,-1.1189458829215546,2.107758347188131,-3.9627558193602503,-1.7987764517413538,-0.2147133986102503,0.0,0.10685233026742935,0.0001720424770610407,-0.08603861182928085,-0.0,-0.0,1789113907.8141818
2824.783,-0.24484489212508748,-0.46550661618082256,0.29457857624841344,-0.6433871698477774,-1.8540585259805706,1.385556405363328,1,1,0.8756881952285767,-1.107187495832779,2.107769791279928,-3.9749192200102748,-1.7987449804889124,-0.21474773088564092,0.0,0.13391073048114777,4.496299152378924e-05,-0.14104972779750824,-0.0,-0.0,1789113907.914253
2824.883,-0.24494554334434748,-0.46566668075062656,0.2898721912293845,-0.642690320676685,-1.849259558943749,1.3898590361874001,1,1,0.875718891620636,-1.09406931818042,2.1077736059771937,-3.993147989312643,-1.7987731138812464,-0.21473580995668584,0.0,0.11444378644227982,1.3394663422264553e-35,-0.23548227548599243,-0.0,-0.0,1789113908.014162
2824.9829999999997,-0.24414532425055535,-0.4647127441725246,0.28897205858577046,-0.6402102991307077,-1.8315845631079688,1.4052893195125422,1,1,0.8756968975067139,-1.086695746784546,2.1077736059771937,-4.019149204293722,-1.798741642628805,-0.2147443930255335,0.0,0.020127665251493454,-0.0,-0.2472984343767166,-0.0,-0.0,1789113908.114196
2825.083,-0.2428751887392814,-0.4631990413785736,0.29143205754737866,-0.6371465964763124,-1.809598301708559,1.4240806653088445,1,1,0.8757002353668213,-1.086559222345688,2.107769791279928,-4.042269607583517,-1.7987731138812464,-0.21475154558290654,0.0,-3.2705594548320824e-21,-0.0,-0.21562962234020233,-0.0,-0.0,1789113908.2142663
2825.183,-0.2420301915084012,-0.46217431365039047,0.2930564509666069,-0.635112320171624,-1.7950534665191304,1.4363642859456818,1,1,0.8756729364395142,-1.0865388673594971,2.107758347188131,-4.057415147820944,-1.7987530867206019,-0.21473580995668584,0.0,0.00011731121776392683,-0.0,-0.10553000122308731,-0.0,-0.0,1789113908.3141737
2825.283,-0.24158024679826354,-0.4616644669883135,0.293821624779222,-0.6340521492532434,-1.7879502988108928,1.4423534174504737,1,1,0.8757036328315735,-1.0865028661540528,2.1078060309039515,-4.064897438088888,-1.798741642628805,-0.21474773088564092,0.0,0.0002588040952105075,0.00020676363783422858,-0.054918136447668076,-0.0,-0.0,1789113908.4141996
2825.383,-0.24129238885754042,-0.46133561769875764,0.2940626605023767,-0.63341721784545,-1.7835200754732181,1.4460534422909965,1,1,0.875724196434021,-1.0859552782825013,2.1079333464251917,-4.070166011849874,-1.798760239277975,-0.2147443930255335,0.0,0.013321942649781704,0.0019832595717161894,-0.07864231616258621,-0.0,-0.0,1789113908.5141828
2825.4829999999997,-0.2409802141092347,-0.46097834077616756,0.29342314056747915,-0.6325883487965055,-1.7777849572723685,1.450847463541254,1,1,0.8757394552230835,-1.0828933280757447,2.108101193104879,-4.07934369663381,-1.7987692991839808,-0.21473580995668584,7.529502181569114e-05,0.048984866589307785,0.0007258894038386643,-0.0810537114739418,-0.0,-0.0,1789113908.614259
2825.583,-0.24141361791621382,-0.4614971063783089,0.28999882142986083,-0.63318421459395,-1.781920996954143,1.447441950286392,1,1,0.8757327198982239,-1.0755091470531006,2.1080825964557093,-4.082438846627706,-1.798784081135885,-0.2147286573993128,7.078328781062737e-05,0.09295222163200378,0.00013274617958813906,-0.0002765344688668847,-0.0,-0.0,1789113908.7141955
2825.683,-0.24229708856927235,-0.4625475629108716,0.28438136907224054,-0.6346515753756374,-1.792516817040806,1.4386479921481634,1,1,0.8757087588310242,-1.064468042259552,2.1080711523639124,-4.082513948480123,-1.7987692991839808,-0.21475106874574834,0.0,0.11934292316436768,1.06199222500436e-05,-0.0013618172379210591,-0.0,-0.0,1789113908.8141994
2825.783,-0.24306041192417066,-0.4634795473524283,0.279096100640374,-0.636007940417053,-1.8022126802209417,1.4305812828179971,1,1,0.8757208585739136,-1.0540482562831421,2.1080711523639124,-4.082889457742208,-1.7987731138812464,-0.21473199525942022,0.0,0.0724337249994278,-0.0,-0.005030163563787937,-0.0,-0.0,1789113908.9142492
2825.883,-0.2431349707835738,-0.46356301811041245,0.27723928815482196,-0.6359982681868321,-1.8021005203237046,1.4306791998890949,1,1,0.8757087588310242,-1.049427108173706,2.1080825964557093,-4.087639471093649,-1.798784081135885,-0.21473199525942022,4.1928626160370186e-05,0.015206254087388515,-0.0,-0.13348741829395294,-3.9197120644093783e-41,-0.0,1789113909.0141747
2825.9829999999997,-0.2418781489126164,-0.46207594494863413,0.2794860777619147,-0.6330131360571908,-1.7811541857491222,1.4482225429074256,1,1,0.875724196434021,-1.04925091684375,2.108094040547506,-4.109570404092306,-1.7987964789019983,-0.21473199525942022,0.0,0.0006710980087518692,-0.0,-0.2524450719356537,-5.661320756189525e-05,-0.0,1789113909.1141949
2826.083,-0.24063638198701431,-0.4605945141317372,0.2816419595737292,-0.630072436437368,-1.760748639027557,1.465024751976377,1,1,0.875724196434021,-1.0491311115077515,2.108105007802145,-4.130761047402853,-1.7988045851336878,-0.21474057832826787,3.465104236965999e-05,0.0013667404418811202,-0.0,-0.14979979395866394,-0.00020508799934759736,-0.0,1789113909.2142596
2826.183,-0.24020523320676507,-0.4600656541594563,0.28240571586713015,-0.629015024275217,-1.7535038366245774,1.4708966732686903,1,1,0.8757054209709167,-1.0491035741618653,2.108079258595602,-4.13820542911672,-1.7988045851336878,-0.21476346651186162,-1.3827932889398653e-05,0.00041234976379200816,-0.0,-0.017434826120734215,-8.91946692718193e-05,-0.0,1789113909.314157
2826.283,-0.24017306288122658,-0.46004583937274335,0.2824128333126377,-0.6289921566400183,-1.7532564221869134,1.4711317871198917,1,1,0.8757309317588806,-1.049067572956421,2.1081064383136194,-4.13852920154714,-1.7988150755511683,-0.21473580995668584,0.0,0.0002198611036874354,1.6815581571897805e-44,-0.0004366949142422527,-0.0,-0.0,1789113909.4141667
2826.383,-0.2401919502318009,-0.46006466059944284,0.2822754852540184,-0.629012141389612,-1.7535132625554761,1.470893297830441,1,1,0.8757275938987732,-1.048803762798645,2.1081226507769983,-4.138541122476095,-1.7988241354571741,-0.21476346651186162,0.0,0.0054109543561935425,5.082047573523596e-05,-0.00013789912918582559,-0.0,-0.0,1789113909.5141733
2826.4829999999997,-0.24019928783629574,-0.460049721279114,0.2820412048541708,-0.6290131657081115,-1.7534181525340076,1.4709799127458856,1,1,0.8756901621818542,-1.0482235711864014,2.108173672352926,-4.139269729653829,-1.7987898031817835,-0.21475154558290654,0.0,0.005726054310798645,0.0005924375145696104,-0.02678995579481125,-0.0,-0.0,1789113909.61426
2826.583,-0.23975353824064025,-0.45954995966587214,0.2825536365711952,-0.6279721875538817,-1.7463861230614053,1.4767334537666923,1,1,0.8757309317588806,-1.04764939964328,2.1081703344928187,-4.14707936863088,-1.7987964789019983,-0.21473580995668584,0.0,0.010822429321706295,0.00012268047430552542,-0.12657015025615692,-0.0,-0.0,1789113909.7141593
2826.683,-0.23879906795480915,-0.45839536807648684,0.28334189164435786,-0.6256458417212272,-1.7303374839807037,1.4896159960004995,1,1,0.8757087588310242,-1.045460657482483,2.1081469694720667,-4.1656605205931605,-1.7988045851336878,-0.2147286573993128,0.0,0.03813400864601135,1.6558368010066715e-09,-0.21055179834365845,-0.0,-0.0,1789113909.8142912
2826.783,-0.23806635795016592,-0.4575337828298776,0.28206449089550695,-0.6237023858830144,-1.7174597165827241,1.4998888058424074,1,1,0.8757154941558838,-1.0390485686114808,2.108166519795553,-4.185249706307882,-1.7988045851336878,-0.21474773088564092,-8.828398012639127e-10,0.0947842001914978,-0.0,-0.16482308506965637,-0.0,-0.0,1789113909.914175
2826.883,-0.2378048139354606,-0.4572404904701214,0.27698806233254974,-0.6226750051849806,-1.7109941704796807,1.505094447896164,1,1,0.8757154941558838,-1.0248908561519166,2.1082099119769495,-4.206082960168356,-1.798784081135885,-0.21476346651186162,0.0,0.1836736500263214,0.00019587829592637718,-0.27113595604896545,-4.811785379730182e-15,-0.0,1789113910.0141816
2826.9829999999997,-0.23688109240740035,-0.4561636021292238,0.27035724467097705,-0.620150309151482,-1.6944134225078464,1.5181795986824362,1,1,0.875724196434021,-1.004412369137146,2.1081975142108362,-4.243425270120138,-1.798800293599264,-0.21477061906923467,0.0,0.23467537760734558,2.9203634767327458e-05,-0.45474883913993835,-0.0,-0.0,1789113910.1141832
2827.083,-0.23593673676631183,-0.4550557648129497,0.26301029770379847,-0.6177967863782806,-1.6789943774306475,1.5302482757993578,1,1,0.8757208585739136,-0.982494131927826,2.108086887990133,-4.280877252618307,-1.798793141041891,-0.21475154558290654,0.0,0.17236609756946564,-9.064612095244229e-05,-0.24971985816955566,-0.0,-0.0,1789113910.2142065
2827.183,-0.23580505067027646,-0.45490374934126,0.2601312655131201,-0.6175217645004804,-1.6772925755739798,1.5316423607494443,1,1,0.8757121562957764,-0.9749798339656373,2.1081064383136194,-4.2901605568327845,-1.798760239277975,-0.21473199525942022,0.0,-0.000866339192725718,-3.447369817877188e-05,-0.038197971880435944,-0.0,-0.0,1789113910.3141968
2827.283,-0.2351299829795775,-0.45417503598840536,0.2610397885144894,-0.6159657914852518,-1.6679028191694425,1.5389663427345672,1,1,0.8758026957511902,-0.9750002187541504,2.1081417242633265,-4.299710413018698,-1.7987092177020472,-0.21474773088564092,0.00023507345758844167,0.00020582396246027201,-0.0,-0.1448906809091568,0.00013813230907544494,-0.0,1789113910.4141736
2827.383,-0.23397718316813648,-0.4527561605903583,0.2627361011682526,-0.6132838167145354,-1.6499663087293672,1.5524595009426754,1,1,0.8757533431053162,-0.9750121396831055,2.108086887990133,-4.317613502542013,-1.7987244764911097,-0.21474773088564092,3.895561894751154e-05,0.0,-0.0,-0.17872491478919983,6.0610444052144885e-05,-0.0,1789113910.514259
2827.4829999999997,-0.2333803158731477,-0.45205063647478344,0.26351373314269305,-0.6119647084079244,-1.641294912471688,1.5589456690961763,1,1,0.8757686614990234,-0.9749762576869507,2.108134094868795,-4.326369663278097,-1.798748795186178,-0.2147439161883753,0.0,3.1177511118585244e-05,-0.0,-0.0010694831144064665,0.0,-0.0,1789113910.61428
2827.583,-0.23337037817401457,-0.4520410788889724,0.2635342204558612,-0.6119400993566073,-1.6411546475754164,1.5590748845376001,1,1,0.8757686018943787,-0.9749917548945923,2.1081302801715296,-4.326498170892233,-1.7987330595599573,-0.21473247209657842,0.0,-3.739828753168695e-05,-0.0,-0.001084489282220602,0.0,-0.0,1789113910.7142622
2827.683,-0.23331485391212423,-0.45204203790103525,0.2635394952915232,-0.6118090696145957,-1.641026805081427,1.5592842997704681,1,1,0.875849187374115,-0.9749691647342225,2.1081488768206995,-4.3267299137511195,-1.7987001577960413,-0.21475106874574834,0.0007020283956080675,0.0,-0.0,-0.008480909280478954,0.0,-0.0,1789113910.8142765
2827.783,-0.23250283041046893,-0.4510970790094356,0.26461700509500624,-0.6099369703352403,-1.6292074436865305,1.5681331379738193,1,1,0.8758765459060669,-0.9749641579440613,2.1081417242633265,-4.338560243646139,-1.7986658255206507,-0.21474773088564092,0.00013661787670571357,0.00018711724260356277,-0.0,-0.2766645848751068,1.7188988700548765e-30,-0.0,1789113910.9142118
2827.883,-0.23021438601528504,-0.44839347884588304,0.26753509925178365,-0.6047577269077627,-1.5959759574829975,1.5924334210589992,1,1,0.8759278059005737,-0.9749248784831543,2.1081188360797327,-4.3715955219664515,-1.7986968199359339,-0.21473247209657842,0.00019865746435243636,0.0007492712466046214,1.1241795618843753e-05,-0.32605910301208496,0.0,-0.0,1789113911.0141704
2827.9829999999997,-0.2287592974372084,-0.4466591161920034,0.26931356796368033,-0.6014551955838122,-1.5750450851277233,1.607384782621791,1,1,0.875943124294281,-0.9749320310405274,2.1081064383136194,-4.392238756219381,-1.7987244764911097,-0.21474773088564092,3.437260238570161e-05,0.00011012863978976384,-0.0,-0.04623215273022652,0.0,-0.0,1789113911.1141682
2828.083,-0.22871858662298278,-0.44664771377014933,0.26933249160402023,-0.6013782477050295,-1.5748536574026102,1.6075901331856932,1,1,0.8759890198707581,-0.9749392432025452,2.1081226507769983,-4.392468114892477,-1.7987092177020472,-0.2147443930255335,0.0,1.9842244000756182e-05,2.8891960027976893e-05,2.1042902517365292e-05,0.0,-0.0,1789113911.2142594
2828.183,-0.22872102892844004,-0.4466240229636314,0.26930952408300923,-0.6013628509258088,-1.5747491309674255,1.6076228191400281,1,1,0.8759516477584839,-0.9748757046512146,2.108152691517965,-4.392652889291281,-1.7986968199359339,-0.21476346651186162,0.0,0.0010766515042632818,2.2181153326528147e-05,-0.0020476439967751503,0.0,-0.0,1789113911.3142765
2828.283,-0.22880440549612435,-0.4467440512021855,0.2686493062763238,-0.6015559090609653,-1.576108562257501,1.6067143773937345,1,1,0.875973641872406,-0.9735117119601746,2.1081302801715296,-4.39267696956777,-1.7986820379840296,-0.21475154558290654,0.0,0.02407151460647583,-0.0,-0.00021448489860631526,0.0,-0.0,1789113911.414264
2828.383,-0.22910976422403162,-0.44710835833673274,0.26644484777564803,-0.6022680228840721,-1.5807115977813355,1.6034494502557806,1,1,0.8759669661521912,-0.96901889265094,2.1081302801715296,-4.3926409683623255,-1.7986820379840296,-0.21476680437196904,-6.510110366606305e-38,0.07172539085149765,-0.0,-7.937041664263234e-05,0.0,-0.0,1789113911.5142334
2828.4829999999997,-0.22969054943971845,-0.4478003910810315,0.26211336655570866,-0.6037118646642248,-1.5896437220463644,1.597116059987487,1,1,0.8759550452232361,-0.9601779741099854,2.1081064383136194,-4.392648120919699,-1.7986930052386683,-0.21473199525942022,-1.140528201939338e-27,0.09536521881818771,-0.0,-1.5027208644102785e-11,0.0,-0.0,1789113911.6142242
2828.583,-0.23018426380780382,-0.4483929370325,0.2583056725379526,-0.6049261174656736,-1.5975268613592524,1.591448692988665,1,1,0.8759516477584839,-0.9524254959872742,2.1080716292010706,-4.392580886880392,-1.7987092177020472,-0.21476346651186162,0.0,0.04365365207195282,-0.0,-0.0,0.0,-0.0,1789113911.714229
2828.683,-0.230218965283554,-0.4484378196815434,0.2580111513928637,-0.605044756916844,-1.598169315994931,1.5909880852602318,1,1,0.8759583830833435,-0.9518399399570008,2.1080825964557093,-4.392537733117575,-1.7987244764911097,-0.21475154558290654,0.0,-0.000447325874119997,-0.0,0.00010381034371675923,0.0,-0.0,1789113911.8142145
2828.783,-0.2302498559513484,-0.44846105723467167,0.25796140698163417,-0.6050886775594132,-1.5984620555266278,1.5907492439884434,1,1,0.8759397268295288,-0.9517765206149598,2.1080711523639124,-4.392292877236837,-1.7987211386310022,-0.21476680437196904,0.0,0.00015083313337527215,-0.0,0.0037013532128185034,0.0,-0.0,1789113911.9142642
2828.883,-0.23026338362407917,-0.4484809315451188,0.2579443939372418,-0.6051156911283335,-1.5987033471295697,1.5906087332534704,1,1,0.8759397268295288,-0.9517848056605835,2.108074967061178,-4.39206137279653,-1.7986968199359339,-0.21475488344301397,0.0,-3.127698172372992e-42,-0.0,0.001956260995939374,0.0,-0.0,1789113912.014207
2828.9829999999997,-0.23029557609864787,-0.4485018111892362,0.2578965964996256,-0.6051874789839585,-1.599014593395546,1.5903446929004714,1,1,0.8759191036224365,-0.9517368835261841,2.108074967061178,-4.3917840919890345,-1.7987092177020472,-0.214759651814596,-4.259925117366947e-05,0.00026262045139446855,-0.0,0.003692236263304949,0.0,-0.0,1789113912.1142106
2829.083,-0.23031243142778907,-0.4485137711854382,0.2578907383263404,-0.6052088241654026,-1.5991029979504252,1.5902633199489877,1,1,0.8759090304374695,-0.9517333072474976,2.1080506483661097,-4.3916689358153285,-1.7987125555621546,-0.21476346651186162,-3.0821748708831365e-08,7.652820204384625e-05,-0.0,0.0004142663674429059,0.0,-0.0,1789113912.2142825
2829.183,-0.23030833104826479,-0.44852318787108686,0.25790015373992653,-0.6052006195527879,-1.599121273901035,1.5902730251746529,1,1,0.8759278059005737,-0.9517524999431153,2.108035389577047,-4.391625782052511,-1.7987130323993128,-0.214759651814596,0.0,0.0,-0.0,0.00019930129928980023,0.0,-0.0,1789113912.3142836
2829.283,-0.23031042407235763,-0.4485231445615352,0.2578961006087285,-0.6052131621207518,-1.5991161644762435,1.590281166126591,1,1,0.8759244680404663,-0.9517404598048707,2.1080315748797815,-4.391636510888571,-1.7987130323993128,-0.21474773088564092,0.0,0.0,-0.0,0.0002260315086459741,0.0,-0.0,1789113912.4141943
2829.383,-0.2303070245679416,-0.4485196423297607,0.25788687962272894,-0.6051998053203492,-1.5991616665321198,1.5902394538725875,1,1,0.8759244680404663,-0.9517368835261841,2.1080578009234827,-4.391624589959616,-1.7987092177020472,-0.21476680437196904,0.0,0.0,-0.0,0.00015565640933346003,0.0,-0.0,1789113912.5141966
2829.4829999999997,-0.23030742431585244,-0.4485221155844981,0.2578815258688445,-0.6051948859587687,-1.599175058057078,1.5902236838343056,1,1,0.8759278059005737,-0.951724962597229,2.108053986226217,-4.3916198215880335,-1.7987130323993128,-0.2147753874408167,0.0,0.0,-0.0,9.714121551951393e-05,0.0,-0.0,1789113912.6142921
2829.583,-0.23031443487853837,-0.4485111543143449,0.2578828982746272,-0.6052490652039881,-1.599175478748403,1.5902362212896657,1,1,0.8759004473686218,-0.9517404598048707,2.1080783049212855,-4.391616245309347,-1.7987020651446741,-0.2147286573993128,0.0,0.0,-0.0,7.617048686370254e-05,0.0,-0.0,1789113912.7143285
2829.683,-0.23030491663569658,-0.4485247474571844,0.25788304486795166,-0.6052096693134074,-1.5991999840238527,1.5902543406567726,1,1,0.8759312033653259,-0.9517333072474976,2.1080578009234827,-4.391600509683126,-1.7986930052386683,-0.21474057832826787,0.0,0.0,-0.0,6.168714025989175e-05,0.0,-0.0,1789113912.8142943
2829.783,-0.2302956841530415,-0.4485314598795435,0.25789245931857085,-0.605197711224218,-1.5991891040246702,1.590266334775538,1,1,0.8759583234786987,-0.9517489236644288,2.108046356831686,-4.391588588754171,-1.7987130323993128,-0.21474773088564092,0.0,0.0,-0.0,1.807675018979014e-43,0.0,-0.0,1789113912.914186
2829.883,-0.2302967481206752,-0.4485214951894816,0.25786415175599897,-0.6052209992441637,-1.5992878678401912,1.5902038632709679,1,1,0.8759397268295288,-0.9517213863185425,2.108101193104879,-4.39157309154653,-1.7986930052386683,-0.21473580995668584,0.0,0.0,-0.0,9.848624014970887e-21,0.0,-0.0,1789113913.0142326
2829.9829999999997,-0.23029597792516487,-0.44852933384790517,0.25786769466801446,-0.6051801309780157,-1.5992721604122337,1.5902149649993453,1,1,0.8759498000144958,-0.9517142337611695,2.108074967061178,-4.391580244103903,-1.7986863295184534,-0.21476298967470342,0.0,0.0,-0.0,0.0,0.0,-0.0,1789113913.1142714
2830.083,-0.230312266946523,-0.44853216065514834,0.25790237056277704,-0.6051820770956995,-1.5991914746637363,1.590224564776285,1,1,0.8759312033653259,-0.9517680567554017,2.108027760182516,-4.391541858712667,-1.7987020651446741,-0.21477872530092412,0.0,0.0,-0.0,2.802596928649634e-45,0.0,-0.0,1789113913.2142386
2830.183,-0.23031418686519772,-0.44851635219009595,0.25788713756990406,-0.6052349811999286,-1.5991980949825069,1.5902088064857962,1,1,0.8759090304374695,-0.9517525595477601,2.1080711523639124,-4.391576667825216,-1.7987092177020472,-0.21474773088564092,0.0,0.0,-0.0,2.03947947738925e-05,0.0,-0.0,1789113913.3142424
2830.283,-0.2303117525073336,-0.44851540275275625,0.25789480298512407,-0.6052346533281749,-1.5991911451535505,1.590213423916668,1,1,0.8759123682975769,-0.9517715734294434,2.108074967061178,-4.3915680847563685,-1.7987130323993128,-0.21474773088564092,0.0,0.0,-0.0,0.0,0.0,-0.0,1789113913.4142382
2830.383,-0.2303028023403456,-0.4485239640633207,0.257886955850359,-0.6052127487693242,-1.5992160688419428,1.5902032752734638,1,1,0.8759397268295288,-0.9517524999431153,2.108067337666647,-4.391564508477682,-1.7987244764911097,-0.21476346651186162,0.0,0.0,-0.0,0.0,0.0,-0.0,1789113913.5142798
2830.4829999999997,-0.23030644054998034,-0.44853255322512736,0.257879989884569,-0.6051884341323615,-1.5992177784550852,1.5902313791216973,1,1,0.8759397268295288,-0.9517214459231873,2.108039204274313,-4.391580244103903,-1.7986968199359339,-0.21476346651186162,0.0,0.0,-0.0,3.288977458969655e-24,0.0,-0.0,1789113913.6142743
2830.583,-0.23030501837990147,-0.4485192096935168,0.257872038926789,-0.6052326157056812,-1.5992567326788398,1.5901835934008242,1,1,0.8759278059005737,-0.9517333072474976,2.1080897490130823,-4.391564508477682,-1.7987130323993128,-0.21474773088564092,0.0,0.0,-0.0,0.0,0.0,-0.0,1789113913.7143102
2830.683,-0.23029996156415497,-0.4485320378424818,0.2578952498827654,-0.6051990102322194,-1.5991851083762068,1.5902657370918862,1,1,0.8759516477584839,-0.9517524999431153,2.108039204274313,-4.391580244103903,-1.7987092177020472,-0.21474773088564092,0.0,0.0,-0.0,0.0,0.0,-0.0,1789113913.8142774
2830.783,-0.23030704347707126,-0.4485215209321325,0.2578832738639286,-0.6052219837480518,-1.5992443089164787,1.5902080981157982,1,1,0.8759244680404663,-0.9517524999431153,2.1080783049212855,-4.391552587548727,-1.7986968199359339,-0.2147443930255335,0.0,0.0,-0.0,0.0,0.0,-0.0,1789113913.914237
2830.883,-0.23030082514314998,-0.44852910109630084,0.2578824953892987,-0.6052104745117586,-1.599212865882692,1.590242331353765,1,1,0.8759464621543884,-0.9517333072474976,2.108053986226217,-4.391583820382589,-1.7987092177020472,-0.2147443930255335,0.0,0.0,-0.0,1.1155117718431029e-08,0.0,-0.0,1789113914.0142925
2830.9829999999997,-0.23032189466084338,-0.4485143762568065,0.2578840766291479,-0.6052446174381129,-1.5992201308583422,1.59017708178565,1,1,0.875893771648407,-0.9517524999431153,2.108074967061178,-4.391552587548727,-1.7987058798419397,-0.21475106874574834,0.0,0.0,-0.0,0.0,0.0,-0.0,1789113914.1143203
2831.083,-0.23031110864756157,-0.44852956576489234,0.25787392983021723,-0.6052315177009933,-1.5992539458279023,1.5902197172597794,1,1,0.8759278059005737,-0.9517213863185425,2.108053986226217,-4.391552587548727,-1.7986930052386683,-0.2147286573993128,0.0,0.0,-0.0,0.0,0.0,-0.0,1789113914.2142718
